# Blender 5.0.1
# www.blender.org
mtllib RARL.mtl
o shell_logo
v 0.727944 0.161839 -0.456418
v 0.743071 0.161839 -0.417004
v 0.756076 0.161839 -0.377084
v 0.766996 0.161839 -0.336712
v 0.775868 0.161839 -0.295940
v 0.782729 0.161839 -0.254822
v 0.787615 0.161839 -0.213412
v 0.790563 0.161839 -0.171763
v 0.791609 0.161839 -0.129929
v 0.790791 0.161839 -0.087963
v 0.788144 0.161839 -0.045918
v 0.783707 0.161839 -0.003849
v 0.756621 0.161839 0.018276
v 0.528357 0.161839 0.188256
v 0.495927 0.161839 0.484446
v 0.488003 0.161839 0.484505
v 0.466096 0.161839 0.484667
v 0.433002 0.161839 0.484911
v 0.391518 0.161839 0.485218
v 0.344440 0.161839 0.485567
v 0.294566 0.161839 0.485936
v 0.244692 0.161839 0.486305
v 0.197614 0.161839 0.486653
v 0.156130 0.161839 0.486960
v 0.123036 0.161839 0.487205
v 0.101129 0.161839 0.487367
v 0.093205 0.161839 0.487425
v 0.082564 0.161839 0.496673
v 0.071438 0.161839 0.504951
v 0.059891 0.161839 0.512153
v 0.047984 0.161839 0.518177
v 0.035782 0.161839 0.522918
v 0.023348 0.161839 0.526272
v 0.010746 0.161839 0.528133
v -0.001962 0.161839 0.528400
v -0.014712 0.161839 0.526966
v -0.027440 0.161839 0.523728
v -0.040084 0.161839 0.518582
v -0.052581 0.161839 0.511423
v -0.081961 0.161839 0.488693
v -0.394897 0.161839 0.488556
v -0.489091 0.161839 0.487117
v -0.522126 0.161839 0.193611
v -0.554271 0.161839 0.167079
v -0.558562 0.161839 0.164010
v -0.570427 0.161839 0.155524
v -0.588351 0.161839 0.142706
v -0.610818 0.161839 0.126639
v -0.636315 0.161839 0.108404
v -0.663327 0.161839 0.089087
v -0.690339 0.161839 0.069770
v -0.715836 0.161839 0.051535
v -0.738303 0.161839 0.035468
v -0.756227 0.161839 0.022650
v -0.768092 0.161839 0.014164
v -0.772383 0.161839 0.011095
v -0.773543 0.161839 0.010230
v -0.774635 0.161839 0.009339
v -0.775655 0.161839 0.008416
v -0.776602 0.161839 0.007458
v -0.777472 0.161839 0.006459
v -0.778263 0.161839 0.005415
v -0.778971 0.161839 0.004323
v -0.779595 0.161839 0.003175
v -0.780131 0.161839 0.001970
v -0.780577 0.161839 0.000701
v -0.780930 0.161839 -0.000636
v -0.781187 0.161839 -0.002045
v -0.783222 0.161839 -0.016858
v -0.785051 0.161839 -0.031637
v -0.786669 0.161839 -0.046393
v -0.788070 0.161839 -0.061136
v -0.789248 0.161839 -0.075877
v -0.790197 0.161839 -0.090627
v -0.790911 0.161839 -0.105397
v -0.791383 0.161839 -0.120196
v -0.791609 0.161839 -0.135035
v -0.791582 0.161839 -0.149926
v -0.791296 0.161839 -0.164878
v -0.790745 0.161839 -0.179903
v -0.788927 0.161839 -0.208708
v -0.786093 0.161839 -0.237333
v -0.782245 0.161839 -0.265759
v -0.777381 0.161839 -0.293969
v -0.771504 0.161839 -0.321946
v -0.764613 0.161839 -0.349670
v -0.756708 0.161839 -0.377126
v -0.747790 0.161839 -0.404294
v -0.737860 0.161839 -0.431157
v -0.726917 0.161839 -0.457697
v -0.714963 0.161839 -0.483896
v -0.701997 0.161839 -0.509737
v -0.692426 0.161839 -0.527564
v -0.682514 0.161839 -0.545230
v -0.672256 0.161839 -0.562717
v -0.661645 0.161839 -0.580005
v -0.650675 0.161839 -0.597074
v -0.639340 0.161839 -0.613905
v -0.627634 0.161839 -0.630479
v -0.615550 0.161839 -0.646777
v -0.603082 0.161839 -0.662779
v -0.590225 0.161839 -0.678466
v -0.576971 0.161839 -0.693818
v -0.563314 0.161839 -0.708817
v -0.541837 0.161839 -0.730771
v -0.519459 0.161839 -0.751701
v -0.496229 0.161839 -0.771604
v -0.472197 0.161839 -0.790472
v -0.447411 0.161839 -0.808299
v -0.421921 0.161839 -0.825080
v -0.395776 0.161839 -0.840808
v -0.369024 0.161839 -0.855478
v -0.341715 0.161839 -0.869082
v -0.313897 0.161839 -0.881616
v -0.285620 0.161839 -0.893073
v -0.256934 0.161839 -0.903446
v -0.194959 0.161839 -0.921774
v -0.132241 0.161839 -0.934923
v -0.069082 0.161839 -0.942942
v -0.005782 0.161839 -0.945878
v 0.057357 0.161839 -0.943777
v 0.120033 0.161839 -0.936687
v 0.181946 0.161839 -0.924654
v 0.242792 0.161839 -0.907727
v 0.302271 0.161839 -0.885951
v 0.360082 0.161839 -0.859375
v 0.415923 0.161839 -0.828046
v 0.469492 0.161839 -0.792009
v 0.481665 0.161839 -0.782921
v 0.493676 0.161839 -0.773621
v 0.505519 0.161839 -0.764103
v 0.517184 0.161839 -0.754359
v 0.528662 0.161839 -0.744385
v 0.539944 0.161839 -0.734172
v 0.551023 0.161839 -0.723715
v 0.561888 0.161839 -0.713006
v 0.572532 0.161839 -0.702039
v 0.582946 0.161839 -0.690807
v 0.593121 0.161839 -0.679304
v 0.603048 0.161839 -0.667524
v 0.613698 0.161839 -0.654253
v 0.624011 0.161839 -0.640764
v 0.633995 0.161839 -0.627063
v 0.643660 0.161839 -0.613157
v 0.653016 0.161839 -0.599052
v 0.662072 0.161839 -0.584754
v 0.670838 0.161839 -0.570270
v 0.679324 0.161839 -0.555606
v 0.687538 0.161839 -0.540768
v 0.695490 0.161839 -0.525762
v 0.703191 0.161839 -0.510594
v 0.710648 0.161839 -0.495272
v 0.658887 0.161839 -0.145678
v 0.658882 0.161839 -0.157408
v 0.658442 0.161839 -0.169080
v 0.657560 0.161839 -0.180686
v 0.656228 0.161839 -0.192220
v 0.654437 0.161839 -0.203675
v 0.652182 0.161839 -0.215045
v 0.649452 0.161839 -0.226323
v 0.646242 0.161839 -0.237503
v 0.642544 0.161839 -0.248579
v 0.638349 0.161839 -0.259543
v 0.633651 0.161839 -0.270390
v 0.633602 0.161839 -0.270467
v 0.633466 0.161839 -0.270679
v 0.633262 0.161839 -0.270998
v 0.633005 0.161839 -0.271399
v 0.632714 0.161839 -0.271855
v 0.632406 0.161839 -0.272337
v 0.632098 0.161839 -0.272819
v 0.631807 0.161839 -0.273274
v 0.631550 0.161839 -0.273675
v 0.631346 0.161839 -0.273995
v 0.631210 0.161839 -0.274206
v 0.631161 0.161839 -0.274283
v 0.631010 0.161839 -0.274424
v 0.630794 0.161839 -0.274496
v 0.630523 0.161839 -0.274507
v 0.630208 0.161839 -0.274464
v 0.629862 0.161839 -0.274373
v 0.629496 0.161839 -0.274242
v 0.629120 0.161839 -0.274077
v 0.628746 0.161839 -0.273885
v 0.628385 0.161839 -0.273674
v 0.628049 0.161839 -0.273451
v 0.627749 0.161839 -0.273221
v 0.627496 0.161839 -0.272993
v 0.486061 0.161839 -0.131394
v 0.387870 0.161839 -0.032310
v 0.257580 0.161839 0.099425
v 0.229809 0.161839 0.125842
v 0.229753 0.161839 0.125880
v 0.229598 0.161839 0.125983
v 0.229363 0.161839 0.126139
v 0.229069 0.161839 0.126334
v 0.228736 0.161839 0.126555
v 0.228382 0.161839 0.126790
v 0.228029 0.161839 0.127025
v 0.227695 0.161839 0.127246
v 0.227401 0.161839 0.127441
v 0.227166 0.161839 0.127597
v 0.227011 0.161839 0.127700
v 0.226955 0.161839 0.127738
v 0.226824 0.161839 0.127732
v 0.226686 0.161839 0.127565
v 0.226545 0.161839 0.127263
v 0.226408 0.161839 0.126856
v 0.226280 0.161839 0.126373
v 0.226165 0.161839 0.125842
v 0.226069 0.161839 0.125292
v 0.225997 0.161839 0.124752
v 0.225954 0.161839 0.124250
v 0.225945 0.161839 0.123816
v 0.225976 0.161839 0.123477
v 0.226052 0.161839 0.123262
v 0.243238 0.161839 0.098922
v 0.453403 0.161839 -0.165678
v 0.456609 0.161839 -0.169736
v 0.465471 0.161839 -0.180955
v 0.478858 0.161839 -0.197903
v 0.495640 0.161839 -0.219147
v 0.514684 0.161839 -0.243256
v 0.534860 0.161839 -0.268797
v 0.555036 0.161839 -0.294338
v 0.574080 0.161839 -0.318447
v 0.590861 0.161839 -0.339692
v 0.604249 0.161839 -0.356640
v 0.613111 0.161839 -0.367859
v 0.616317 0.161839 -0.371917
v 0.613642 0.161839 -0.385822
v 0.610009 0.161839 -0.399411
v 0.605486 0.161839 -0.412685
v 0.600142 0.161839 -0.425642
v 0.594045 0.161839 -0.438280
v 0.587264 0.161839 -0.450601
v 0.579868 0.161839 -0.462602
v 0.571926 0.161839 -0.474282
v 0.563506 0.161839 -0.485642
v 0.554676 0.161839 -0.496679
v 0.545506 0.161839 -0.507394
v 0.536065 0.161839 -0.517785
v 0.534492 0.161839 -0.519479
v 0.532947 0.161839 -0.521159
v 0.531414 0.161839 -0.522824
v 0.529879 0.161839 -0.524476
v 0.528330 0.161839 -0.526113
v 0.526751 0.161839 -0.527736
v 0.525129 0.161839 -0.529345
v 0.523450 0.161839 -0.530940
v 0.521701 0.161839 -0.532522
v 0.519866 0.161839 -0.534089
v 0.517933 0.161839 -0.535642
v 0.515887 0.161839 -0.537182
v 0.189774 0.161839 0.036702
v 0.189289 0.161839 0.037534
v 0.187948 0.161839 0.039834
v 0.185922 0.161839 0.043308
v 0.183383 0.161839 0.047663
v 0.180501 0.161839 0.052605
v 0.177448 0.161839 0.057840
v 0.174395 0.161839 0.063075
v 0.171513 0.161839 0.068017
v 0.168973 0.161839 0.072372
v 0.166947 0.161839 0.075846
v 0.165606 0.161839 0.078146
v 0.165121 0.161839 0.078978
v 0.164711 0.161839 0.079546
v 0.164173 0.161839 0.080079
v 0.163532 0.161839 0.080571
v 0.162808 0.161839 0.081016
v 0.162024 0.161839 0.081409
v 0.161202 0.161839 0.081746
v 0.160364 0.161839 0.082021
v 0.159533 0.161839 0.082229
v 0.158730 0.161839 0.082365
v 0.157978 0.161839 0.082424
v 0.157300 0.161839 0.082400
v 0.156717 0.161839 0.082288
v 0.156191 0.161839 0.082024
v 0.155683 0.161839 0.081575
v 0.155200 0.161839 0.080972
v 0.154754 0.161839 0.080245
v 0.154352 0.161839 0.079424
v 0.154005 0.161839 0.078539
v 0.153721 0.161839 0.077621
v 0.153511 0.161839 0.076698
v 0.153383 0.161839 0.075801
v 0.153347 0.161839 0.074960
v 0.153412 0.161839 0.074205
v 0.153588 0.161839 0.073566
v 0.169186 0.161839 0.035412
v 0.420756 0.161839 -0.504200
v 0.421632 0.161839 -0.506127
v 0.424054 0.161839 -0.511457
v 0.427713 0.161839 -0.519508
v 0.432299 0.161839 -0.529601
v 0.437504 0.161839 -0.541054
v 0.443017 0.161839 -0.553188
v 0.448531 0.161839 -0.565321
v 0.453736 0.161839 -0.576775
v 0.458322 0.161839 -0.586867
v 0.461981 0.161839 -0.594918
v 0.464403 0.161839 -0.600248
v 0.465279 0.161839 -0.602176
v 0.462990 0.161839 -0.606306
v 0.460608 0.161839 -0.610271
v 0.458134 0.161839 -0.614088
v 0.455571 0.161839 -0.617774
v 0.452921 0.161839 -0.621348
v 0.450187 0.161839 -0.624826
v 0.447371 0.161839 -0.628227
v 0.444475 0.161839 -0.631566
v 0.441502 0.161839 -0.634863
v 0.438453 0.161839 -0.638134
v 0.435332 0.161839 -0.641396
v 0.432141 0.161839 -0.644668
v 0.427753 0.161839 -0.648615
v 0.423366 0.161839 -0.652545
v 0.418964 0.161839 -0.656442
v 0.414532 0.161839 -0.660288
v 0.410056 0.161839 -0.664068
v 0.405521 0.161839 -0.667765
v 0.400910 0.161839 -0.671362
v 0.396210 0.161839 -0.674843
v 0.391405 0.161839 -0.678191
v 0.386481 0.161839 -0.681390
v 0.381421 0.161839 -0.684424
v 0.376211 0.161839 -0.687274
v 0.305574 0.161839 -0.724047
v 0.301314 0.161839 -0.708995
v 0.289536 0.161839 -0.667382
v 0.271744 0.161839 -0.604518
v 0.249441 0.161839 -0.525718
v 0.224131 0.161839 -0.436292
v 0.197317 0.161839 -0.341555
v 0.170503 0.161839 -0.246817
v 0.145193 0.161839 -0.157392
v 0.122890 0.161839 -0.078591
v 0.105098 0.161839 -0.015728
v 0.093320 0.161839 0.025886
v 0.089060 0.161839 0.040938
v 0.088455 0.161839 0.041753
v 0.087828 0.161839 0.042547
v 0.087183 0.161839 0.043306
v 0.086527 0.161839 0.044016
v 0.085866 0.161839 0.044664
v 0.085206 0.161839 0.045238
v 0.084552 0.161839 0.045723
v 0.083911 0.161839 0.046107
v 0.083289 0.161839 0.046376
v 0.082690 0.161839 0.046516
v 0.082123 0.161839 0.046516
v 0.081592 0.161839 0.046361
v 0.081149 0.161839 0.046070
v 0.080695 0.161839 0.045619
v 0.080243 0.161839 0.045033
v 0.079803 0.161839 0.044334
v 0.079387 0.161839 0.043548
v 0.079007 0.161839 0.042697
v 0.078673 0.161839 0.041808
v 0.078398 0.161839 0.040902
v 0.078192 0.161839 0.040005
v 0.078068 0.161839 0.039140
v 0.078036 0.161839 0.038332
v 0.078109 0.161839 0.037604
v 0.081062 0.161839 0.021933
v 0.089224 0.161839 -0.021391
v 0.101555 0.161839 -0.086839
v 0.117013 0.161839 -0.168880
v 0.134554 0.161839 -0.261982
v 0.153137 0.161839 -0.360615
v 0.171720 0.161839 -0.459247
v 0.189262 0.161839 -0.552349
v 0.204719 0.161839 -0.634390
v 0.217050 0.161839 -0.699838
v 0.225212 0.161839 -0.743162
v 0.228165 0.161839 -0.758833
v 0.215058 0.161839 -0.768304
v 0.201004 0.161839 -0.776361
v 0.186134 0.161839 -0.783100
v 0.170578 0.161839 -0.788616
v 0.154467 0.161839 -0.793004
v 0.137933 0.161839 -0.796359
v 0.121105 0.161839 -0.798775
v 0.104115 0.161839 -0.800349
v 0.087093 0.161839 -0.801175
v 0.070171 0.161839 -0.801348
v 0.053480 0.161839 -0.800963
v 0.037149 0.161839 -0.800115
v 0.010189 0.161839 -0.022013
v 0.010115 0.161839 -0.020522
v 0.009909 0.161839 -0.016400
v 0.009599 0.161839 -0.010173
v 0.009209 0.161839 -0.002368
v 0.008767 0.161839 0.006489
v 0.008299 0.161839 0.015873
v 0.007831 0.161839 0.025257
v 0.007390 0.161839 0.034114
v 0.007000 0.161839 0.041919
v 0.006690 0.161839 0.048146
v 0.006484 0.161839 0.052268
v 0.006410 0.161839 0.053759
v 0.005898 0.161839 0.054419
v 0.005382 0.161839 0.055064
v 0.004862 0.161839 0.055687
v 0.004341 0.161839 0.056280
v 0.003819 0.161839 0.056834
v 0.003298 0.161839 0.057343
v 0.002780 0.161839 0.057799
v 0.002267 0.161839 0.058194
v 0.001759 0.161839 0.058520
v 0.001259 0.161839 0.058770
v 0.000769 0.161839 0.058936
v 0.000289 0.161839 0.059010
v -0.000116 0.161839 0.058938
v -0.000536 0.161839 0.058693
v -0.000962 0.161839 0.058299
v -0.001386 0.161839 0.057783
v -0.001797 0.161839 0.057169
v -0.002186 0.161839 0.056482
v -0.002544 0.161839 0.055747
v -0.002863 0.161839 0.054990
v -0.003131 0.161839 0.054236
v -0.003341 0.161839 0.053509
v -0.003483 0.161839 0.052836
v -0.003548 0.161839 0.052240
v -0.004276 0.161839 0.035419
v -0.006291 0.161839 -0.011088
v -0.009334 0.161839 -0.081342
v -0.013148 0.161839 -0.169407
v -0.017477 0.161839 -0.269346
v -0.022063 0.161839 -0.375222
v -0.026650 0.161839 -0.481098
v -0.030979 0.161839 -0.581037
v -0.034793 0.161839 -0.669102
v -0.037836 0.161839 -0.739356
v -0.039851 0.161839 -0.785862
v -0.040579 0.161839 -0.802684
v -0.057738 0.161839 -0.804236
v -0.074768 0.161839 -0.804960
v -0.091639 0.161839 -0.804818
v -0.108321 0.161839 -0.803769
v -0.124785 0.161839 -0.801775
v -0.141001 0.161839 -0.798795
v -0.156941 0.161839 -0.794791
v -0.172573 0.161839 -0.789721
v -0.187870 0.161839 -0.783549
v -0.202801 0.161839 -0.776232
v -0.217336 0.161839 -0.767733
v -0.231447 0.161839 -0.758011
v -0.114414 0.161839 -0.174046
v -0.113552 0.161839 -0.169670
v -0.111170 0.161839 -0.157572
v -0.107571 0.161839 -0.139297
v -0.103061 0.161839 -0.116388
v -0.097942 0.161839 -0.090391
v -0.092518 0.161839 -0.062849
v -0.087095 0.161839 -0.035308
v -0.081976 0.161839 -0.009310
v -0.077465 0.161839 0.013598
v -0.073866 0.161839 0.031874
v -0.071484 0.161839 0.043971
v -0.070622 0.161839 0.048347
v -0.070779 0.161839 0.048939
v -0.070986 0.161839 0.049625
v -0.071239 0.161839 0.050377
v -0.071530 0.161839 0.051164
v -0.071853 0.161839 0.051955
v -0.072202 0.161839 0.052721
v -0.072572 0.161839 0.053431
v -0.072954 0.161839 0.054055
v -0.073344 0.161839 0.054562
v -0.073735 0.161839 0.054923
v -0.074120 0.161839 0.055106
v -0.074493 0.161839 0.055083
v -0.080957 0.161839 0.052697
v -0.097023 0.161839 0.002030
v -0.179787 0.161839 -0.286259
v -0.182238 0.161839 -0.294817
v -0.189015 0.161839 -0.318479
v -0.199253 0.161839 -0.354224
v -0.212086 0.161839 -0.399031
v -0.226649 0.161839 -0.449880
v -0.242077 0.161839 -0.503749
v -0.257506 0.161839 -0.557618
v -0.272069 0.161839 -0.608466
v -0.284902 0.161839 -0.653273
v -0.295139 0.161839 -0.689018
v -0.301916 0.161839 -0.712680
v -0.304368 0.161839 -0.721239
v -0.308363 0.161839 -0.720295
v -0.312206 0.161839 -0.719257
v -0.315916 0.161839 -0.718130
v -0.319517 0.161839 -0.716922
v -0.323028 0.161839 -0.715640
v -0.326472 0.161839 -0.714290
v -0.329869 0.161839 -0.712881
v -0.333242 0.161839 -0.711418
v -0.336612 0.161839 -0.709909
v -0.339999 0.161839 -0.708361
v -0.343427 0.161839 -0.706781
v -0.346915 0.161839 -0.705176
v -0.359197 0.161839 -0.699184
v -0.371148 0.161839 -0.692618
v -0.382749 0.161839 -0.685494
v -0.393985 0.161839 -0.677827
v -0.404840 0.161839 -0.669632
v -0.415297 0.161839 -0.660925
v -0.425340 0.161839 -0.651722
v -0.434953 0.161839 -0.642037
v -0.444119 0.161839 -0.631887
v -0.452823 0.161839 -0.621287
v -0.461048 0.161839 -0.610251
v -0.468777 0.161839 -0.598797
v -0.161026 0.161839 0.042936
v -0.160747 0.161839 0.043577
v -0.159974 0.161839 0.045350
v -0.158807 0.161839 0.048028
v -0.157343 0.161839 0.051386
v -0.155683 0.161839 0.055196
v -0.153924 0.161839 0.059233
v -0.152164 0.161839 0.063269
v -0.150504 0.161839 0.067079
v -0.149040 0.161839 0.070437
v -0.147873 0.161839 0.073115
v -0.147100 0.161839 0.074888
v -0.146821 0.161839 0.075530
v -0.146633 0.161839 0.076161
v -0.146541 0.161839 0.076930
v -0.146538 0.161839 0.077808
v -0.146614 0.161839 0.078762
v -0.146761 0.161839 0.079763
v -0.146971 0.161839 0.080779
v -0.147234 0.161839 0.081779
v -0.147542 0.161839 0.082732
v -0.147886 0.161839 0.083608
v -0.148257 0.161839 0.084376
v -0.148647 0.161839 0.085004
v -0.149048 0.161839 0.085462
v -0.150116 0.161839 0.084965
v -0.151190 0.161839 0.084406
v -0.152261 0.161839 0.083790
v -0.153320 0.161839 0.083119
v -0.154358 0.161839 0.082399
v -0.155365 0.161839 0.081631
v -0.156333 0.161839 0.080820
v -0.157252 0.161839 0.079970
v -0.158114 0.161839 0.079084
v -0.158908 0.161839 0.078166
v -0.159627 0.161839 0.077220
v -0.160261 0.161839 0.076249
v -0.200033 0.161839 0.009931
v -0.206290 0.161839 -0.000761
v -0.223587 0.161839 -0.030321
v -0.249718 0.161839 -0.074976
v -0.282473 0.161839 -0.130951
v -0.319645 0.161839 -0.194474
v -0.359024 0.161839 -0.261770
v -0.398404 0.161839 -0.329067
v -0.435576 0.161839 -0.392589
v -0.468331 0.161839 -0.448565
v -0.494461 0.161839 -0.493219
v -0.511759 0.161839 -0.522780
v -0.518016 0.161839 -0.533471
v -0.529754 0.161839 -0.521531
v -0.541198 0.161839 -0.508987
v -0.552222 0.161839 -0.495883
v -0.562703 0.161839 -0.482262
v -0.572517 0.161839 -0.468167
v -0.581538 0.161839 -0.453640
v -0.589642 0.161839 -0.438725
v -0.596705 0.161839 -0.423465
v -0.602603 0.161839 -0.407902
v -0.607212 0.161839 -0.392079
v -0.610406 0.161839 -0.376040
v -0.612062 0.161839 -0.359827
v -0.261455 0.161839 0.069582
v -0.260553 0.161839 0.070736
v -0.258058 0.161839 0.073925
v -0.254290 0.161839 0.078742
v -0.249566 0.161839 0.084781
v -0.244205 0.161839 0.091634
v -0.238526 0.161839 0.098894
v -0.232847 0.161839 0.106154
v -0.227486 0.161839 0.113007
v -0.222762 0.161839 0.119046
v -0.218994 0.161839 0.123863
v -0.216499 0.161839 0.127052
v -0.215597 0.161839 0.128206
v -0.215889 0.161839 0.128749
v -0.216183 0.161839 0.129278
v -0.216478 0.161839 0.129786
v -0.216775 0.161839 0.130267
v -0.217072 0.161839 0.130714
v -0.217370 0.161839 0.131121
v -0.217668 0.161839 0.131481
v -0.217967 0.161839 0.131788
v -0.218266 0.161839 0.132035
v -0.218564 0.161839 0.132215
v -0.218862 0.161839 0.132322
v -0.219160 0.161839 0.132350
v -0.224801 0.161839 0.132064
v -0.263785 0.161839 0.095052
v -0.368576 0.161839 -0.011133
v -0.461949 0.161839 -0.106244
v -0.606958 0.161839 -0.252957
v -0.607484 0.161839 -0.253455
v -0.608939 0.161839 -0.254831
v -0.611138 0.161839 -0.256910
v -0.613894 0.161839 -0.259516
v -0.617021 0.161839 -0.262474
v -0.620335 0.161839 -0.265607
v -0.623648 0.161839 -0.268740
v -0.626776 0.161839 -0.271697
v -0.629532 0.161839 -0.274303
v -0.631730 0.161839 -0.276382
v -0.633186 0.161839 -0.277758
v -0.633712 0.161839 -0.278256
v -0.639588 0.161839 -0.261561
v -0.644701 0.161839 -0.245150
v -0.649054 0.161839 -0.228955
v -0.652650 0.161839 -0.212908
v -0.655490 0.161839 -0.196940
v -0.657578 0.161839 -0.180983
v -0.658914 0.161839 -0.164969
v -0.659502 0.161839 -0.148831
v -0.659344 0.161839 -0.132499
v -0.658441 0.161839 -0.115906
v -0.656798 0.161839 -0.098984
v -0.654415 0.161839 -0.081664
v -0.653758 0.161839 -0.078777
v -0.653036 0.161839 -0.076018
v -0.652230 0.161839 -0.073382
v -0.651322 0.161839 -0.070866
v -0.650291 0.161839 -0.068466
v -0.649119 0.161839 -0.066179
v -0.647787 0.161839 -0.064000
v -0.646275 0.161839 -0.061926
v -0.644565 0.161839 -0.059953
v -0.642637 0.161839 -0.058079
v -0.640472 0.161839 -0.056298
v -0.638051 0.161839 -0.054607
v -0.633320 0.161839 -0.051005
v -0.620238 0.161839 -0.041046
v -0.600476 0.161839 -0.026001
v -0.575704 0.161839 -0.007143
v -0.547592 0.161839 0.014258
v -0.517810 0.161839 0.036931
v -0.488028 0.161839 0.059603
v -0.459916 0.161839 0.081004
v -0.435144 0.161839 0.099863
v -0.415382 0.161839 0.114907
v -0.402301 0.161839 0.124866
v -0.397569 0.161839 0.128468
v -0.397056 0.161839 0.132927
v -0.395638 0.161839 0.145256
v -0.393496 0.161839 0.163879
v -0.390810 0.161839 0.187224
v -0.387763 0.161839 0.213716
v -0.384534 0.161839 0.241783
v -0.381306 0.161839 0.269849
v -0.378258 0.161839 0.296341
v -0.375573 0.161839 0.319686
v -0.373431 0.161839 0.338310
v -0.372012 0.161839 0.350638
v -0.371499 0.161839 0.355097
v -0.365501 0.161839 0.355097
v -0.348915 0.161839 0.355097
v -0.323861 0.161839 0.355097
v -0.292455 0.161839 0.355097
v -0.256815 0.161839 0.355097
v -0.219057 0.161839 0.355097
v -0.181299 0.161839 0.355097
v -0.145659 0.161839 0.355097
v -0.114253 0.161839 0.355097
v -0.089198 0.161839 0.355097
v -0.072613 0.161839 0.355097
v -0.066615 0.161839 0.355097
v -0.064366 0.161839 0.357678
v -0.062149 0.161839 0.360201
v -0.059954 0.161839 0.362667
v -0.057767 0.161839 0.365078
v -0.055575 0.161839 0.367435
v -0.053367 0.161839 0.369740
v -0.051130 0.161839 0.371995
v -0.048852 0.161839 0.374201
v -0.046521 0.161839 0.376361
v -0.044124 0.161839 0.378476
v -0.041649 0.161839 0.380547
v -0.039083 0.161839 0.382576
v -0.032022 0.161839 0.387387
v -0.024628 0.161839 0.391259
v -0.016977 0.161839 0.394196
v -0.009144 0.161839 0.396200
v -0.001201 0.161839 0.397273
v 0.006776 0.161839 0.397418
v 0.014714 0.161839 0.396637
v 0.022537 0.161839 0.394933
v 0.030172 0.161839 0.392309
v 0.037545 0.161839 0.388766
v 0.044581 0.161839 0.384307
v 0.051206 0.161839 0.378935
v 0.076944 0.161839 0.355474
v 0.293755 0.161839 0.353556
v 0.378346 0.161839 0.351295
v 0.402189 0.161839 0.119061
v 0.407039 0.161839 0.115504
v 0.420449 0.161839 0.105669
v 0.440706 0.161839 0.090812
v 0.466099 0.161839 0.072189
v 0.494916 0.161839 0.051055
v 0.525445 0.161839 0.028665
v 0.555974 0.161839 0.006276
v 0.584790 0.161839 -0.014859
v 0.610183 0.161839 -0.033482
v 0.630441 0.161839 -0.048339
v 0.643850 0.161839 -0.058173
v 0.648701 0.161839 -0.061731
v 0.650299 0.161839 -0.067814
v 0.651711 0.161839 -0.073855
v 0.652950 0.161839 -0.079861
v 0.654028 0.161839 -0.085843
v 0.654959 0.161839 -0.091809
v 0.655756 0.161839 -0.097768
v 0.656432 0.161839 -0.103729
v 0.657000 0.161839 -0.109702
v 0.657473 0.161839 -0.115694
v 0.657864 0.161839 -0.121716
v 0.658186 0.161839 -0.127776
v 0.658453 0.161839 -0.133883
v 0.727944 -0.161839 -0.456418
v 0.743071 -0.161839 -0.417004
v 0.756076 -0.161839 -0.377084
v 0.766996 -0.161839 -0.336712
v 0.775868 -0.161839 -0.295940
v 0.782729 -0.161839 -0.254822
v 0.787615 -0.161839 -0.213412
v 0.790563 -0.161839 -0.171763
v 0.791609 -0.161839 -0.129929
v 0.790791 -0.161839 -0.087963
v 0.788144 -0.161839 -0.045918
v 0.783707 -0.161839 -0.003849
v 0.756621 -0.161839 0.018276
v 0.528357 -0.161839 0.188256
v 0.495927 -0.161839 0.484446
v 0.488003 -0.161839 0.484505
v 0.466096 -0.161839 0.484667
v 0.433002 -0.161839 0.484911
v 0.391518 -0.161839 0.485218
v 0.344440 -0.161839 0.485567
v 0.294566 -0.161839 0.485936
v 0.244692 -0.161839 0.486305
v 0.197614 -0.161839 0.486653
v 0.156130 -0.161839 0.486960
v 0.123036 -0.161839 0.487205
v 0.101129 -0.161839 0.487367
v 0.093205 -0.161839 0.487425
v 0.082564 -0.161839 0.496673
v 0.071438 -0.161839 0.504951
v 0.059891 -0.161839 0.512153
v 0.047984 -0.161839 0.518177
v 0.035782 -0.161839 0.522918
v 0.023348 -0.161839 0.526272
v 0.010746 -0.161839 0.528133
v -0.001962 -0.161839 0.528400
v -0.014712 -0.161839 0.526966
v -0.027440 -0.161839 0.523728
v -0.040084 -0.161839 0.518582
v -0.052581 -0.161839 0.511423
v -0.081961 -0.161839 0.488693
v -0.394897 -0.161839 0.488556
v -0.489091 -0.161839 0.487117
v -0.522126 -0.161839 0.193611
v -0.554271 -0.161839 0.167079
v -0.558562 -0.161839 0.164010
v -0.570427 -0.161839 0.155524
v -0.588351 -0.161839 0.142706
v -0.610818 -0.161839 0.126639
v -0.636315 -0.161839 0.108404
v -0.663327 -0.161839 0.089087
v -0.690339 -0.161839 0.069770
v -0.715836 -0.161839 0.051535
v -0.738303 -0.161839 0.035468
v -0.756227 -0.161839 0.022650
v -0.768092 -0.161839 0.014164
v -0.772383 -0.161839 0.011095
v -0.773543 -0.161839 0.010230
v -0.774635 -0.161839 0.009339
v -0.775655 -0.161839 0.008416
v -0.776602 -0.161839 0.007458
v -0.777472 -0.161839 0.006459
v -0.778263 -0.161839 0.005415
v -0.778971 -0.161839 0.004323
v -0.779595 -0.161839 0.003175
v -0.780131 -0.161839 0.001970
v -0.780577 -0.161839 0.000701
v -0.780930 -0.161839 -0.000636
v -0.781187 -0.161839 -0.002045
v -0.783222 -0.161839 -0.016858
v -0.785051 -0.161839 -0.031637
v -0.786669 -0.161839 -0.046393
v -0.788070 -0.161839 -0.061136
v -0.789248 -0.161839 -0.075877
v -0.790197 -0.161839 -0.090627
v -0.790911 -0.161839 -0.105397
v -0.791383 -0.161839 -0.120196
v -0.791609 -0.161839 -0.135035
v -0.791582 -0.161839 -0.149926
v -0.791296 -0.161839 -0.164878
v -0.790745 -0.161839 -0.179903
v -0.788927 -0.161839 -0.208708
v -0.786093 -0.161839 -0.237333
v -0.782245 -0.161839 -0.265759
v -0.777381 -0.161839 -0.293969
v -0.771504 -0.161839 -0.321946
v -0.764613 -0.161839 -0.349670
v -0.756708 -0.161839 -0.377126
v -0.747790 -0.161839 -0.404294
v -0.737860 -0.161839 -0.431157
v -0.726917 -0.161839 -0.457697
v -0.714963 -0.161839 -0.483896
v -0.701997 -0.161839 -0.509737
v -0.692426 -0.161839 -0.527564
v -0.682514 -0.161839 -0.545230
v -0.672256 -0.161839 -0.562717
v -0.661645 -0.161839 -0.580005
v -0.650675 -0.161839 -0.597074
v -0.639340 -0.161839 -0.613905
v -0.627634 -0.161839 -0.630479
v -0.615550 -0.161839 -0.646777
v -0.603082 -0.161839 -0.662779
v -0.590225 -0.161839 -0.678466
v -0.576971 -0.161839 -0.693818
v -0.563314 -0.161839 -0.708817
v -0.541837 -0.161839 -0.730771
v -0.519459 -0.161839 -0.751701
v -0.496229 -0.161839 -0.771604
v -0.472197 -0.161839 -0.790472
v -0.447411 -0.161839 -0.808299
v -0.421921 -0.161839 -0.825080
v -0.395776 -0.161839 -0.840808
v -0.369024 -0.161839 -0.855478
v -0.341715 -0.161839 -0.869082
v -0.313897 -0.161839 -0.881616
v -0.285620 -0.161839 -0.893073
v -0.256934 -0.161839 -0.903446
v -0.194959 -0.161839 -0.921774
v -0.132241 -0.161839 -0.934923
v -0.069082 -0.161839 -0.942942
v -0.005782 -0.161839 -0.945878
v 0.057357 -0.161839 -0.943777
v 0.120033 -0.161839 -0.936687
v 0.181946 -0.161839 -0.924654
v 0.242792 -0.161839 -0.907727
v 0.302271 -0.161839 -0.885951
v 0.360082 -0.161839 -0.859375
v 0.415923 -0.161839 -0.828046
v 0.469492 -0.161839 -0.792009
v 0.481665 -0.161839 -0.782921
v 0.493676 -0.161839 -0.773621
v 0.505519 -0.161839 -0.764103
v 0.517184 -0.161839 -0.754359
v 0.528662 -0.161839 -0.744385
v 0.539944 -0.161839 -0.734172
v 0.551023 -0.161839 -0.723715
v 0.561888 -0.161839 -0.713006
v 0.572532 -0.161839 -0.702039
v 0.582946 -0.161839 -0.690807
v 0.593121 -0.161839 -0.679304
v 0.603048 -0.161839 -0.667524
v 0.613698 -0.161839 -0.654253
v 0.624011 -0.161839 -0.640764
v 0.633995 -0.161839 -0.627063
v 0.643660 -0.161839 -0.613157
v 0.653016 -0.161839 -0.599052
v 0.662072 -0.161839 -0.584754
v 0.670838 -0.161839 -0.570270
v 0.679324 -0.161839 -0.555606
v 0.687538 -0.161839 -0.540768
v 0.695490 -0.161839 -0.525762
v 0.703191 -0.161839 -0.510594
v 0.710648 -0.161839 -0.495272
v 0.658887 -0.161839 -0.145678
v 0.658882 -0.161839 -0.157408
v 0.658442 -0.161839 -0.169080
v 0.657560 -0.161839 -0.180686
v 0.656228 -0.161839 -0.192220
v 0.654437 -0.161839 -0.203675
v 0.652182 -0.161839 -0.215045
v 0.649452 -0.161839 -0.226323
v 0.646242 -0.161839 -0.237503
v 0.642544 -0.161839 -0.248579
v 0.638349 -0.161839 -0.259543
v 0.633651 -0.161839 -0.270390
v 0.633602 -0.161839 -0.270467
v 0.633466 -0.161839 -0.270679
v 0.633262 -0.161839 -0.270998
v 0.633005 -0.161839 -0.271399
v 0.632714 -0.161839 -0.271855
v 0.632406 -0.161839 -0.272337
v 0.632098 -0.161839 -0.272819
v 0.631807 -0.161839 -0.273274
v 0.631550 -0.161839 -0.273675
v 0.631346 -0.161839 -0.273995
v 0.631210 -0.161839 -0.274206
v 0.631161 -0.161839 -0.274283
v 0.631010 -0.161839 -0.274424
v 0.630794 -0.161839 -0.274496
v 0.630523 -0.161839 -0.274507
v 0.630208 -0.161839 -0.274464
v 0.629862 -0.161839 -0.274373
v 0.629496 -0.161839 -0.274242
v 0.629120 -0.161839 -0.274077
v 0.628746 -0.161839 -0.273885
v 0.628385 -0.161839 -0.273674
v 0.628049 -0.161839 -0.273451
v 0.627749 -0.161839 -0.273221
v 0.627496 -0.161839 -0.272993
v 0.486061 -0.161839 -0.131394
v 0.387870 -0.161839 -0.032310
v 0.257580 -0.161839 0.099425
v 0.229809 -0.161839 0.125842
v 0.229753 -0.161839 0.125880
v 0.229598 -0.161839 0.125983
v 0.229363 -0.161839 0.126139
v 0.229069 -0.161839 0.126334
v 0.228736 -0.161839 0.126555
v 0.228382 -0.161839 0.126790
v 0.228029 -0.161839 0.127025
v 0.227695 -0.161839 0.127246
v 0.227401 -0.161839 0.127441
v 0.227166 -0.161839 0.127597
v 0.227011 -0.161839 0.127700
v 0.226955 -0.161839 0.127738
v 0.226824 -0.161839 0.127732
v 0.226686 -0.161839 0.127565
v 0.226545 -0.161839 0.127263
v 0.226408 -0.161839 0.126856
v 0.226280 -0.161839 0.126373
v 0.226165 -0.161839 0.125842
v 0.226069 -0.161839 0.125292
v 0.225997 -0.161839 0.124752
v 0.225954 -0.161839 0.124250
v 0.225945 -0.161839 0.123816
v 0.225976 -0.161839 0.123477
v 0.226052 -0.161839 0.123262
v 0.243238 -0.161839 0.098922
v 0.453403 -0.161839 -0.165678
v 0.456609 -0.161839 -0.169736
v 0.465471 -0.161839 -0.180955
v 0.478858 -0.161839 -0.197903
v 0.495640 -0.161839 -0.219147
v 0.514684 -0.161839 -0.243256
v 0.534860 -0.161839 -0.268797
v 0.555036 -0.161839 -0.294338
v 0.574080 -0.161839 -0.318447
v 0.590861 -0.161839 -0.339692
v 0.604249 -0.161839 -0.356640
v 0.613111 -0.161839 -0.367859
v 0.616317 -0.161839 -0.371917
v 0.613642 -0.161839 -0.385822
v 0.610009 -0.161839 -0.399411
v 0.605486 -0.161839 -0.412685
v 0.600142 -0.161839 -0.425642
v 0.594045 -0.161839 -0.438280
v 0.587264 -0.161839 -0.450601
v 0.579868 -0.161839 -0.462602
v 0.571926 -0.161839 -0.474282
v 0.563506 -0.161839 -0.485642
v 0.554676 -0.161839 -0.496679
v 0.545506 -0.161839 -0.507394
v 0.536065 -0.161839 -0.517785
v 0.534492 -0.161839 -0.519479
v 0.532947 -0.161839 -0.521159
v 0.531414 -0.161839 -0.522824
v 0.529879 -0.161839 -0.524476
v 0.528330 -0.161839 -0.526113
v 0.526751 -0.161839 -0.527736
v 0.525129 -0.161839 -0.529345
v 0.523450 -0.161839 -0.530940
v 0.521701 -0.161839 -0.532522
v 0.519866 -0.161839 -0.534089
v 0.517933 -0.161839 -0.535642
v 0.515887 -0.161839 -0.537182
v 0.189774 -0.161839 0.036702
v 0.189289 -0.161839 0.037534
v 0.187948 -0.161839 0.039834
v 0.185922 -0.161839 0.043308
v 0.183383 -0.161839 0.047663
v 0.180501 -0.161839 0.052605
v 0.177448 -0.161839 0.057840
v 0.174395 -0.161839 0.063075
v 0.171513 -0.161839 0.068017
v 0.168973 -0.161839 0.072372
v 0.166947 -0.161839 0.075846
v 0.165606 -0.161839 0.078146
v 0.165121 -0.161839 0.078978
v 0.164711 -0.161839 0.079546
v 0.164173 -0.161839 0.080079
v 0.163532 -0.161839 0.080571
v 0.162808 -0.161839 0.081016
v 0.162024 -0.161839 0.081409
v 0.161202 -0.161839 0.081746
v 0.160364 -0.161839 0.082021
v 0.159533 -0.161839 0.082229
v 0.158730 -0.161839 0.082365
v 0.157978 -0.161839 0.082424
v 0.157300 -0.161839 0.082400
v 0.156717 -0.161839 0.082288
v 0.156191 -0.161839 0.082024
v 0.155683 -0.161839 0.081575
v 0.155200 -0.161839 0.080972
v 0.154754 -0.161839 0.080245
v 0.154352 -0.161839 0.079424
v 0.154005 -0.161839 0.078539
v 0.153721 -0.161839 0.077621
v 0.153511 -0.161839 0.076698
v 0.153383 -0.161839 0.075801
v 0.153347 -0.161839 0.074960
v 0.153412 -0.161839 0.074205
v 0.153588 -0.161839 0.073566
v 0.169186 -0.161839 0.035412
v 0.420756 -0.161839 -0.504200
v 0.421632 -0.161839 -0.506127
v 0.424054 -0.161839 -0.511457
v 0.427713 -0.161839 -0.519508
v 0.432299 -0.161839 -0.529601
v 0.437504 -0.161839 -0.541054
v 0.443017 -0.161839 -0.553188
v 0.448531 -0.161839 -0.565321
v 0.453736 -0.161839 -0.576775
v 0.458322 -0.161839 -0.586867
v 0.461981 -0.161839 -0.594918
v 0.464403 -0.161839 -0.600248
v 0.465279 -0.161839 -0.602176
v 0.462990 -0.161839 -0.606306
v 0.460608 -0.161839 -0.610271
v 0.458134 -0.161839 -0.614088
v 0.455571 -0.161839 -0.617774
v 0.452921 -0.161839 -0.621348
v 0.450187 -0.161839 -0.624826
v 0.447371 -0.161839 -0.628227
v 0.444475 -0.161839 -0.631566
v 0.441502 -0.161839 -0.634863
v 0.438453 -0.161839 -0.638134
v 0.435332 -0.161839 -0.641396
v 0.432141 -0.161839 -0.644668
v 0.427753 -0.161839 -0.648615
v 0.423366 -0.161839 -0.652545
v 0.418964 -0.161839 -0.656442
v 0.414532 -0.161839 -0.660288
v 0.410056 -0.161839 -0.664068
v 0.405521 -0.161839 -0.667765
v 0.400910 -0.161839 -0.671362
v 0.396210 -0.161839 -0.674843
v 0.391405 -0.161839 -0.678191
v 0.386481 -0.161839 -0.681390
v 0.381421 -0.161839 -0.684424
v 0.376211 -0.161839 -0.687274
v 0.305574 -0.161839 -0.724047
v 0.301314 -0.161839 -0.708995
v 0.289536 -0.161839 -0.667382
v 0.271744 -0.161839 -0.604518
v 0.249441 -0.161839 -0.525718
v 0.224131 -0.161839 -0.436292
v 0.197317 -0.161839 -0.341555
v 0.170503 -0.161839 -0.246817
v 0.145193 -0.161839 -0.157392
v 0.122890 -0.161839 -0.078591
v 0.105098 -0.161839 -0.015728
v 0.093320 -0.161839 0.025886
v 0.089060 -0.161839 0.040938
v 0.088455 -0.161839 0.041753
v 0.087828 -0.161839 0.042547
v 0.087183 -0.161839 0.043306
v 0.086527 -0.161839 0.044016
v 0.085866 -0.161839 0.044664
v 0.085206 -0.161839 0.045238
v 0.084552 -0.161839 0.045723
v 0.083911 -0.161839 0.046107
v 0.083289 -0.161839 0.046376
v 0.082690 -0.161839 0.046516
v 0.082123 -0.161839 0.046516
v 0.081592 -0.161839 0.046361
v 0.081149 -0.161839 0.046070
v 0.080695 -0.161839 0.045619
v 0.080243 -0.161839 0.045033
v 0.079803 -0.161839 0.044334
v 0.079387 -0.161839 0.043548
v 0.079007 -0.161839 0.042697
v 0.078673 -0.161839 0.041808
v 0.078398 -0.161839 0.040902
v 0.078192 -0.161839 0.040005
v 0.078068 -0.161839 0.039140
v 0.078036 -0.161839 0.038332
v 0.078109 -0.161839 0.037604
v 0.081062 -0.161839 0.021933
v 0.089224 -0.161839 -0.021391
v 0.101555 -0.161839 -0.086839
v 0.117013 -0.161839 -0.168880
v 0.134554 -0.161839 -0.261982
v 0.153137 -0.161839 -0.360615
v 0.171720 -0.161839 -0.459247
v 0.189262 -0.161839 -0.552349
v 0.204719 -0.161839 -0.634390
v 0.217050 -0.161839 -0.699838
v 0.225212 -0.161839 -0.743162
v 0.228165 -0.161839 -0.758833
v 0.215058 -0.161839 -0.768304
v 0.201004 -0.161839 -0.776361
v 0.186134 -0.161839 -0.783100
v 0.170578 -0.161839 -0.788616
v 0.154467 -0.161839 -0.793004
v 0.137933 -0.161839 -0.796359
v 0.121105 -0.161839 -0.798775
v 0.104115 -0.161839 -0.800349
v 0.087093 -0.161839 -0.801175
v 0.070171 -0.161839 -0.801348
v 0.053480 -0.161839 -0.800963
v 0.037149 -0.161839 -0.800115
v 0.010189 -0.161839 -0.022013
v 0.010115 -0.161839 -0.020522
v 0.009909 -0.161839 -0.016400
v 0.009599 -0.161839 -0.010173
v 0.009209 -0.161839 -0.002368
v 0.008767 -0.161839 0.006489
v 0.008299 -0.161839 0.015873
v 0.007831 -0.161839 0.025257
v 0.007390 -0.161839 0.034114
v 0.007000 -0.161839 0.041919
v 0.006690 -0.161839 0.048146
v 0.006484 -0.161839 0.052268
v 0.006410 -0.161839 0.053759
v 0.005898 -0.161839 0.054419
v 0.005382 -0.161839 0.055064
v 0.004862 -0.161839 0.055687
v 0.004341 -0.161839 0.056280
v 0.003819 -0.161839 0.056834
v 0.003298 -0.161839 0.057343
v 0.002780 -0.161839 0.057799
v 0.002267 -0.161839 0.058194
v 0.001759 -0.161839 0.058520
v 0.001259 -0.161839 0.058770
v 0.000769 -0.161839 0.058936
v 0.000289 -0.161839 0.059010
v -0.000116 -0.161839 0.058938
v -0.000536 -0.161839 0.058693
v -0.000962 -0.161839 0.058299
v -0.001386 -0.161839 0.057783
v -0.001797 -0.161839 0.057169
v -0.002186 -0.161839 0.056482
v -0.002544 -0.161839 0.055747
v -0.002863 -0.161839 0.054990
v -0.003131 -0.161839 0.054236
v -0.003341 -0.161839 0.053509
v -0.003483 -0.161839 0.052836
v -0.003548 -0.161839 0.052240
v -0.004276 -0.161839 0.035419
v -0.006291 -0.161839 -0.011088
v -0.009334 -0.161839 -0.081342
v -0.013148 -0.161839 -0.169407
v -0.017477 -0.161839 -0.269346
v -0.022063 -0.161839 -0.375222
v -0.026650 -0.161839 -0.481098
v -0.030979 -0.161839 -0.581037
v -0.034793 -0.161839 -0.669102
v -0.037836 -0.161839 -0.739356
v -0.039851 -0.161839 -0.785862
v -0.040579 -0.161839 -0.802684
v -0.057738 -0.161839 -0.804236
v -0.074768 -0.161839 -0.804960
v -0.091639 -0.161839 -0.804818
v -0.108321 -0.161839 -0.803769
v -0.124785 -0.161839 -0.801775
v -0.141001 -0.161839 -0.798795
v -0.156941 -0.161839 -0.794791
v -0.172573 -0.161839 -0.789721
v -0.187870 -0.161839 -0.783549
v -0.202801 -0.161839 -0.776232
v -0.217336 -0.161839 -0.767733
v -0.231447 -0.161839 -0.758011
v -0.114414 -0.161839 -0.174046
v -0.113552 -0.161839 -0.169670
v -0.111170 -0.161839 -0.157572
v -0.107571 -0.161839 -0.139297
v -0.103061 -0.161839 -0.116388
v -0.097942 -0.161839 -0.090391
v -0.092518 -0.161839 -0.062849
v -0.087095 -0.161839 -0.035308
v -0.081976 -0.161839 -0.009310
v -0.077465 -0.161839 0.013598
v -0.073866 -0.161839 0.031874
v -0.071484 -0.161839 0.043971
v -0.070622 -0.161839 0.048347
v -0.070779 -0.161839 0.048939
v -0.070986 -0.161839 0.049625
v -0.071239 -0.161839 0.050377
v -0.071530 -0.161839 0.051164
v -0.071853 -0.161839 0.051955
v -0.072202 -0.161839 0.052721
v -0.072572 -0.161839 0.053431
v -0.072954 -0.161839 0.054055
v -0.073344 -0.161839 0.054562
v -0.073735 -0.161839 0.054923
v -0.074120 -0.161839 0.055106
v -0.074493 -0.161839 0.055083
v -0.080957 -0.161839 0.052697
v -0.097023 -0.161839 0.002030
v -0.179787 -0.161839 -0.286259
v -0.182238 -0.161839 -0.294817
v -0.189015 -0.161839 -0.318479
v -0.199253 -0.161839 -0.354224
v -0.212086 -0.161839 -0.399031
v -0.226649 -0.161839 -0.449880
v -0.242077 -0.161839 -0.503749
v -0.257506 -0.161839 -0.557618
v -0.272069 -0.161839 -0.608466
v -0.284902 -0.161839 -0.653273
v -0.295139 -0.161839 -0.689018
v -0.301916 -0.161839 -0.712680
v -0.304368 -0.161839 -0.721239
v -0.308363 -0.161839 -0.720295
v -0.312206 -0.161839 -0.719257
v -0.315916 -0.161839 -0.718130
v -0.319517 -0.161839 -0.716922
v -0.323028 -0.161839 -0.715640
v -0.326472 -0.161839 -0.714290
v -0.329869 -0.161839 -0.712881
v -0.333242 -0.161839 -0.711418
v -0.336612 -0.161839 -0.709909
v -0.339999 -0.161839 -0.708361
v -0.343427 -0.161839 -0.706781
v -0.346915 -0.161839 -0.705176
v -0.359197 -0.161839 -0.699184
v -0.371148 -0.161839 -0.692618
v -0.382749 -0.161839 -0.685494
v -0.393985 -0.161839 -0.677827
v -0.404840 -0.161839 -0.669632
v -0.415297 -0.161839 -0.660925
v -0.425340 -0.161839 -0.651722
v -0.434953 -0.161839 -0.642037
v -0.444119 -0.161839 -0.631887
v -0.452823 -0.161839 -0.621287
v -0.461048 -0.161839 -0.610251
v -0.468777 -0.161839 -0.598797
v -0.161026 -0.161839 0.042936
v -0.160747 -0.161839 0.043577
v -0.159974 -0.161839 0.045350
v -0.158807 -0.161839 0.048028
v -0.157343 -0.161839 0.051386
v -0.155683 -0.161839 0.055196
v -0.153924 -0.161839 0.059233
v -0.152164 -0.161839 0.063269
v -0.150504 -0.161839 0.067079
v -0.149040 -0.161839 0.070437
v -0.147873 -0.161839 0.073115
v -0.147100 -0.161839 0.074888
v -0.146821 -0.161839 0.075530
v -0.146633 -0.161839 0.076161
v -0.146541 -0.161839 0.076930
v -0.146538 -0.161839 0.077808
v -0.146614 -0.161839 0.078762
v -0.146761 -0.161839 0.079763
v -0.146971 -0.161839 0.080779
v -0.147234 -0.161839 0.081779
v -0.147542 -0.161839 0.082732
v -0.147886 -0.161839 0.083608
v -0.148257 -0.161839 0.084376
v -0.148647 -0.161839 0.085004
v -0.149048 -0.161839 0.085462
v -0.150116 -0.161839 0.084965
v -0.151190 -0.161839 0.084406
v -0.152261 -0.161839 0.083790
v -0.153320 -0.161839 0.083119
v -0.154358 -0.161839 0.082399
v -0.155365 -0.161839 0.081631
v -0.156333 -0.161839 0.080820
v -0.157252 -0.161839 0.079970
v -0.158114 -0.161839 0.079084
v -0.158908 -0.161839 0.078166
v -0.159627 -0.161839 0.077220
v -0.160261 -0.161839 0.076249
v -0.200033 -0.161839 0.009931
v -0.206290 -0.161839 -0.000761
v -0.223587 -0.161839 -0.030321
v -0.249718 -0.161839 -0.074976
v -0.282473 -0.161839 -0.130951
v -0.319645 -0.161839 -0.194474
v -0.359024 -0.161839 -0.261770
v -0.398404 -0.161839 -0.329067
v -0.435576 -0.161839 -0.392589
v -0.468331 -0.161839 -0.448565
v -0.494461 -0.161839 -0.493219
v -0.511759 -0.161839 -0.522780
v -0.518016 -0.161839 -0.533471
v -0.529754 -0.161839 -0.521531
v -0.541198 -0.161839 -0.508987
v -0.552222 -0.161839 -0.495883
v -0.562703 -0.161839 -0.482262
v -0.572517 -0.161839 -0.468167
v -0.581538 -0.161839 -0.453640
v -0.589642 -0.161839 -0.438725
v -0.596705 -0.161839 -0.423465
v -0.602603 -0.161839 -0.407902
v -0.607212 -0.161839 -0.392079
v -0.610406 -0.161839 -0.376040
v -0.612062 -0.161839 -0.359827
v -0.261455 -0.161839 0.069582
v -0.260553 -0.161839 0.070736
v -0.258058 -0.161839 0.073925
v -0.254290 -0.161839 0.078742
v -0.249566 -0.161839 0.084781
v -0.244205 -0.161839 0.091634
v -0.238526 -0.161839 0.098894
v -0.232847 -0.161839 0.106154
v -0.227486 -0.161839 0.113007
v -0.222762 -0.161839 0.119046
v -0.218994 -0.161839 0.123863
v -0.216499 -0.161839 0.127052
v -0.215597 -0.161839 0.128206
v -0.215889 -0.161839 0.128749
v -0.216183 -0.161839 0.129278
v -0.216478 -0.161839 0.129786
v -0.216775 -0.161839 0.130267
v -0.217072 -0.161839 0.130714
v -0.217370 -0.161839 0.131121
v -0.217668 -0.161839 0.131481
v -0.217967 -0.161839 0.131788
v -0.218266 -0.161839 0.132035
v -0.218564 -0.161839 0.132215
v -0.218862 -0.161839 0.132322
v -0.219160 -0.161839 0.132350
v -0.224801 -0.161839 0.132064
v -0.263785 -0.161839 0.095052
v -0.368576 -0.161839 -0.011133
v -0.461949 -0.161839 -0.106244
v -0.606958 -0.161839 -0.252957
v -0.607484 -0.161839 -0.253455
v -0.608939 -0.161839 -0.254831
v -0.611138 -0.161839 -0.256910
v -0.613894 -0.161839 -0.259516
v -0.617021 -0.161839 -0.262474
v -0.620335 -0.161839 -0.265607
v -0.623648 -0.161839 -0.268740
v -0.626776 -0.161839 -0.271697
v -0.629532 -0.161839 -0.274303
v -0.631730 -0.161839 -0.276382
v -0.633186 -0.161839 -0.277758
v -0.633712 -0.161839 -0.278256
v -0.639588 -0.161839 -0.261561
v -0.644701 -0.161839 -0.245150
v -0.649054 -0.161839 -0.228955
v -0.652650 -0.161839 -0.212908
v -0.655490 -0.161839 -0.196940
v -0.657578 -0.161839 -0.180983
v -0.658914 -0.161839 -0.164969
v -0.659502 -0.161839 -0.148831
v -0.659344 -0.161839 -0.132499
v -0.658441 -0.161839 -0.115906
v -0.656798 -0.161839 -0.098984
v -0.654415 -0.161839 -0.081664
v -0.653758 -0.161839 -0.078777
v -0.653036 -0.161839 -0.076018
v -0.652230 -0.161839 -0.073382
v -0.651322 -0.161839 -0.070866
v -0.650291 -0.161839 -0.068466
v -0.649119 -0.161839 -0.066179
v -0.647787 -0.161839 -0.064000
v -0.646275 -0.161839 -0.061926
v -0.644565 -0.161839 -0.059953
v -0.642637 -0.161839 -0.058079
v -0.640472 -0.161839 -0.056298
v -0.638051 -0.161839 -0.054607
v -0.633320 -0.161839 -0.051005
v -0.620238 -0.161839 -0.041046
v -0.600476 -0.161839 -0.026001
v -0.575704 -0.161839 -0.007143
v -0.547592 -0.161839 0.014258
v -0.517810 -0.161839 0.036931
v -0.488028 -0.161839 0.059603
v -0.459916 -0.161839 0.081004
v -0.435144 -0.161839 0.099863
v -0.415382 -0.161839 0.114907
v -0.402301 -0.161839 0.124866
v -0.397569 -0.161839 0.128468
v -0.397056 -0.161839 0.132927
v -0.395638 -0.161839 0.145256
v -0.393496 -0.161839 0.163879
v -0.390810 -0.161839 0.187224
v -0.387763 -0.161839 0.213716
v -0.384534 -0.161839 0.241783
v -0.381306 -0.161839 0.269849
v -0.378258 -0.161839 0.296341
v -0.375573 -0.161839 0.319686
v -0.373431 -0.161839 0.338310
v -0.372012 -0.161839 0.350638
v -0.371499 -0.161839 0.355097
v -0.365501 -0.161839 0.355097
v -0.348915 -0.161839 0.355097
v -0.323861 -0.161839 0.355097
v -0.292455 -0.161839 0.355097
v -0.256815 -0.161839 0.355097
v -0.219057 -0.161839 0.355097
v -0.181299 -0.161839 0.355097
v -0.145659 -0.161839 0.355097
v -0.114253 -0.161839 0.355097
v -0.089198 -0.161839 0.355097
v -0.072613 -0.161839 0.355097
v -0.066615 -0.161839 0.355097
v -0.064366 -0.161839 0.357678
v -0.062149 -0.161839 0.360201
v -0.059954 -0.161839 0.362667
v -0.057767 -0.161839 0.365078
v -0.055575 -0.161839 0.367435
v -0.053367 -0.161839 0.369740
v -0.051130 -0.161839 0.371995
v -0.048852 -0.161839 0.374201
v -0.046521 -0.161839 0.376361
v -0.044124 -0.161839 0.378476
v -0.041649 -0.161839 0.380547
v -0.039083 -0.161839 0.382576
v -0.032022 -0.161839 0.387387
v -0.024628 -0.161839 0.391259
v -0.016977 -0.161839 0.394196
v -0.009144 -0.161839 0.396200
v -0.001201 -0.161839 0.397273
v 0.006776 -0.161839 0.397418
v 0.014714 -0.161839 0.396637
v 0.022537 -0.161839 0.394933
v 0.030172 -0.161839 0.392309
v 0.037545 -0.161839 0.388766
v 0.044581 -0.161839 0.384307
v 0.051206 -0.161839 0.378935
v 0.076944 -0.161839 0.355474
v 0.293755 -0.161839 0.353556
v 0.378346 -0.161839 0.351295
v 0.402189 -0.161839 0.119061
v 0.407039 -0.161839 0.115504
v 0.420449 -0.161839 0.105669
v 0.440706 -0.161839 0.090812
v 0.466099 -0.161839 0.072189
v 0.494916 -0.161839 0.051055
v 0.525445 -0.161839 0.028665
v 0.555974 -0.161839 0.006276
v 0.584790 -0.161839 -0.014859
v 0.610183 -0.161839 -0.033482
v 0.630441 -0.161839 -0.048339
v 0.643850 -0.161839 -0.058173
v 0.648701 -0.161839 -0.061731
v 0.650299 -0.161839 -0.067814
v 0.651711 -0.161839 -0.073855
v 0.652950 -0.161839 -0.079861
v 0.654028 -0.161839 -0.085843
v 0.654959 -0.161839 -0.091809
v 0.655756 -0.161839 -0.097768
v 0.656432 -0.161839 -0.103729
v 0.657000 -0.161839 -0.109702
v 0.657473 -0.161839 -0.115694
v 0.657864 -0.161839 -0.121716
v 0.658186 -0.161839 -0.127776
v 0.658453 -0.161839 -0.133883
v 0.727944 -0.161839 -0.456418
v 0.727944 0.161839 -0.456418
v 0.743071 -0.161839 -0.417004
v 0.743071 0.161839 -0.417004
v 0.756076 -0.161839 -0.377084
v 0.756076 0.161839 -0.377084
v 0.766996 -0.161839 -0.336712
v 0.766996 0.161839 -0.336712
v 0.775868 -0.161839 -0.295940
v 0.775868 0.161839 -0.295940
v 0.782729 -0.161839 -0.254822
v 0.782729 0.161839 -0.254822
v 0.787615 -0.161839 -0.213412
v 0.787615 0.161839 -0.213412
v 0.790563 -0.161839 -0.171763
v 0.790563 0.161839 -0.171763
v 0.791609 -0.161839 -0.129929
v 0.791609 0.161839 -0.129929
v 0.790791 -0.161839 -0.087963
v 0.790791 0.161839 -0.087963
v 0.788144 -0.161839 -0.045918
v 0.788144 0.161839 -0.045918
v 0.783707 -0.161839 -0.003849
v 0.783707 0.161839 -0.003849
v 0.756621 -0.161839 0.018276
v 0.756621 0.161839 0.018276
v 0.528357 -0.161839 0.188256
v 0.528357 0.161839 0.188256
v 0.495927 -0.161839 0.484446
v 0.495927 0.161839 0.484446
v 0.488003 -0.161839 0.484505
v 0.488003 0.161839 0.484505
v 0.466096 -0.161839 0.484667
v 0.466096 0.161839 0.484667
v 0.433002 -0.161839 0.484911
v 0.433002 0.161839 0.484911
v 0.391518 -0.161839 0.485218
v 0.391518 0.161839 0.485218
v 0.344440 -0.161839 0.485567
v 0.344440 0.161839 0.485567
v 0.294566 -0.161839 0.485936
v 0.294566 0.161839 0.485936
v 0.244692 -0.161839 0.486305
v 0.244692 0.161839 0.486305
v 0.197614 -0.161839 0.486653
v 0.197614 0.161839 0.486653
v 0.156130 -0.161839 0.486960
v 0.156130 0.161839 0.486960
v 0.123036 -0.161839 0.487205
v 0.123036 0.161839 0.487205
v 0.101129 -0.161839 0.487367
v 0.101129 0.161839 0.487367
v 0.093205 -0.161839 0.487425
v 0.093205 0.161839 0.487425
v 0.082564 -0.161839 0.496673
v 0.082564 0.161839 0.496673
v 0.071438 -0.161839 0.504951
v 0.071438 0.161839 0.504951
v 0.059891 -0.161839 0.512153
v 0.059891 0.161839 0.512153
v 0.047984 -0.161839 0.518177
v 0.047984 0.161839 0.518177
v 0.035782 -0.161839 0.522918
v 0.035782 0.161839 0.522918
v 0.023348 -0.161839 0.526272
v 0.023348 0.161839 0.526272
v 0.010746 -0.161839 0.528133
v 0.010746 0.161839 0.528133
v -0.001962 -0.161839 0.528400
v -0.001962 0.161839 0.528400
v -0.014712 -0.161839 0.526966
v -0.014712 0.161839 0.526966
v -0.027440 -0.161839 0.523728
v -0.027440 0.161839 0.523728
v -0.040084 -0.161839 0.518582
v -0.040084 0.161839 0.518582
v -0.052581 -0.161839 0.511423
v -0.052581 0.161839 0.511423
v -0.081961 -0.161839 0.488693
v -0.081961 0.161839 0.488693
v -0.394897 -0.161839 0.488556
v -0.394897 0.161839 0.488556
v -0.489091 -0.161839 0.487117
v -0.489091 0.161839 0.487117
v -0.522126 -0.161839 0.193611
v -0.522126 0.161839 0.193611
v -0.554271 -0.161839 0.167079
v -0.554271 0.161839 0.167079
v -0.558562 -0.161839 0.164010
v -0.558562 0.161839 0.164010
v -0.570427 -0.161839 0.155524
v -0.570427 0.161839 0.155524
v -0.588351 -0.161839 0.142706
v -0.588351 0.161839 0.142706
v -0.610818 -0.161839 0.126639
v -0.610818 0.161839 0.126639
v -0.636315 -0.161839 0.108404
v -0.636315 0.161839 0.108404
v -0.663327 -0.161839 0.089087
v -0.663327 0.161839 0.089087
v -0.690339 -0.161839 0.069770
v -0.690339 0.161839 0.069770
v -0.715836 -0.161839 0.051535
v -0.715836 0.161839 0.051535
v -0.738303 -0.161839 0.035468
v -0.738303 0.161839 0.035468
v -0.756227 -0.161839 0.022650
v -0.756227 0.161839 0.022650
v -0.768092 -0.161839 0.014164
v -0.768092 0.161839 0.014164
v -0.772383 -0.161839 0.011095
v -0.772383 0.161839 0.011095
v -0.773543 -0.161839 0.010230
v -0.773543 0.161839 0.010230
v -0.774635 -0.161839 0.009339
v -0.774635 0.161839 0.009339
v -0.775655 -0.161839 0.008416
v -0.775655 0.161839 0.008416
v -0.776602 -0.161839 0.007458
v -0.776602 0.161839 0.007458
v -0.777472 -0.161839 0.006459
v -0.777472 0.161839 0.006459
v -0.778263 -0.161839 0.005415
v -0.778263 0.161839 0.005415
v -0.778971 -0.161839 0.004323
v -0.778971 0.161839 0.004323
v -0.779595 -0.161839 0.003175
v -0.779595 0.161839 0.003175
v -0.780131 -0.161839 0.001970
v -0.780131 0.161839 0.001970
v -0.780577 -0.161839 0.000701
v -0.780577 0.161839 0.000701
v -0.780930 -0.161839 -0.000636
v -0.780930 0.161839 -0.000636
v -0.781187 -0.161839 -0.002045
v -0.781187 0.161839 -0.002045
v -0.783222 -0.161839 -0.016858
v -0.783222 0.161839 -0.016858
v -0.785051 -0.161839 -0.031637
v -0.785051 0.161839 -0.031637
v -0.786669 -0.161839 -0.046393
v -0.786669 0.161839 -0.046393
v -0.788070 -0.161839 -0.061136
v -0.788070 0.161839 -0.061136
v -0.789248 -0.161839 -0.075877
v -0.789248 0.161839 -0.075877
v -0.790197 -0.161839 -0.090627
v -0.790197 0.161839 -0.090627
v -0.790911 -0.161839 -0.105397
v -0.790911 0.161839 -0.105397
v -0.791383 -0.161839 -0.120196
v -0.791383 0.161839 -0.120196
v -0.791609 -0.161839 -0.135035
v -0.791609 0.161839 -0.135035
v -0.791582 -0.161839 -0.149926
v -0.791582 0.161839 -0.149926
v -0.791296 -0.161839 -0.164878
v -0.791296 0.161839 -0.164878
v -0.790745 -0.161839 -0.179903
v -0.790745 0.161839 -0.179903
v -0.788927 -0.161839 -0.208708
v -0.788927 0.161839 -0.208708
v -0.786093 -0.161839 -0.237333
v -0.786093 0.161839 -0.237333
v -0.782245 -0.161839 -0.265759
v -0.782245 0.161839 -0.265759
v -0.777381 -0.161839 -0.293969
v -0.777381 0.161839 -0.293969
v -0.771504 -0.161839 -0.321946
v -0.771504 0.161839 -0.321946
v -0.764613 -0.161839 -0.349670
v -0.764613 0.161839 -0.349670
v -0.756708 -0.161839 -0.377126
v -0.756708 0.161839 -0.377126
v -0.747790 -0.161839 -0.404294
v -0.747790 0.161839 -0.404294
v -0.737860 -0.161839 -0.431157
v -0.737860 0.161839 -0.431157
v -0.726917 -0.161839 -0.457697
v -0.726917 0.161839 -0.457697
v -0.714963 -0.161839 -0.483896
v -0.714963 0.161839 -0.483896
v -0.701997 -0.161839 -0.509737
v -0.701997 0.161839 -0.509737
v -0.692426 -0.161839 -0.527564
v -0.692426 0.161839 -0.527564
v -0.682514 -0.161839 -0.545230
v -0.682514 0.161839 -0.545230
v -0.672256 -0.161839 -0.562717
v -0.672256 0.161839 -0.562717
v -0.661645 -0.161839 -0.580005
v -0.661645 0.161839 -0.580005
v -0.650675 -0.161839 -0.597074
v -0.650675 0.161839 -0.597074
v -0.639340 -0.161839 -0.613905
v -0.639340 0.161839 -0.613905
v -0.627634 -0.161839 -0.630479
v -0.627634 0.161839 -0.630479
v -0.615550 -0.161839 -0.646777
v -0.615550 0.161839 -0.646777
v -0.603082 -0.161839 -0.662779
v -0.603082 0.161839 -0.662779
v -0.590225 -0.161839 -0.678466
v -0.590225 0.161839 -0.678466
v -0.576971 -0.161839 -0.693818
v -0.576971 0.161839 -0.693818
v -0.563314 -0.161839 -0.708817
v -0.563314 0.161839 -0.708817
v -0.541837 -0.161839 -0.730771
v -0.541837 0.161839 -0.730771
v -0.519459 -0.161839 -0.751701
v -0.519459 0.161839 -0.751701
v -0.496229 -0.161839 -0.771604
v -0.496229 0.161839 -0.771604
v -0.472197 -0.161839 -0.790472
v -0.472197 0.161839 -0.790472
v -0.447411 -0.161839 -0.808299
v -0.447411 0.161839 -0.808299
v -0.421921 -0.161839 -0.825080
v -0.421921 0.161839 -0.825080
v -0.395776 -0.161839 -0.840808
v -0.395776 0.161839 -0.840808
v -0.369024 -0.161839 -0.855478
v -0.369024 0.161839 -0.855478
v -0.341715 -0.161839 -0.869082
v -0.341715 0.161839 -0.869082
v -0.313897 -0.161839 -0.881616
v -0.313897 0.161839 -0.881616
v -0.285620 -0.161839 -0.893073
v -0.285620 0.161839 -0.893073
v -0.256934 -0.161839 -0.903446
v -0.256934 0.161839 -0.903446
v -0.194959 -0.161839 -0.921774
v -0.194959 0.161839 -0.921774
v -0.132241 -0.161839 -0.934923
v -0.132241 0.161839 -0.934923
v -0.069082 -0.161839 -0.942942
v -0.069082 0.161839 -0.942942
v -0.005782 -0.161839 -0.945878
v -0.005782 0.161839 -0.945878
v 0.057357 -0.161839 -0.943777
v 0.057357 0.161839 -0.943777
v 0.120033 -0.161839 -0.936687
v 0.120033 0.161839 -0.936687
v 0.181946 -0.161839 -0.924654
v 0.181946 0.161839 -0.924654
v 0.242792 -0.161839 -0.907727
v 0.242792 0.161839 -0.907727
v 0.302271 -0.161839 -0.885951
v 0.302271 0.161839 -0.885951
v 0.360082 -0.161839 -0.859375
v 0.360082 0.161839 -0.859375
v 0.415923 -0.161839 -0.828046
v 0.415923 0.161839 -0.828046
v 0.469492 -0.161839 -0.792009
v 0.469492 0.161839 -0.792009
v 0.481665 -0.161839 -0.782921
v 0.481665 0.161839 -0.782921
v 0.493676 -0.161839 -0.773621
v 0.493676 0.161839 -0.773621
v 0.505519 -0.161839 -0.764103
v 0.505519 0.161839 -0.764103
v 0.517184 -0.161839 -0.754359
v 0.517184 0.161839 -0.754359
v 0.528662 -0.161839 -0.744385
v 0.528662 0.161839 -0.744385
v 0.539944 -0.161839 -0.734172
v 0.539944 0.161839 -0.734172
v 0.551023 -0.161839 -0.723715
v 0.551023 0.161839 -0.723715
v 0.561888 -0.161839 -0.713006
v 0.561888 0.161839 -0.713006
v 0.572532 -0.161839 -0.702039
v 0.572532 0.161839 -0.702039
v 0.582946 -0.161839 -0.690807
v 0.582946 0.161839 -0.690807
v 0.593121 -0.161839 -0.679304
v 0.593121 0.161839 -0.679304
v 0.603048 -0.161839 -0.667524
v 0.603048 0.161839 -0.667524
v 0.613698 -0.161839 -0.654253
v 0.613698 0.161839 -0.654253
v 0.624011 -0.161839 -0.640764
v 0.624011 0.161839 -0.640764
v 0.633995 -0.161839 -0.627063
v 0.633995 0.161839 -0.627063
v 0.643660 -0.161839 -0.613157
v 0.643660 0.161839 -0.613157
v 0.653016 -0.161839 -0.599052
v 0.653016 0.161839 -0.599052
v 0.662072 -0.161839 -0.584754
v 0.662072 0.161839 -0.584754
v 0.670838 -0.161839 -0.570270
v 0.670838 0.161839 -0.570270
v 0.679324 -0.161839 -0.555606
v 0.679324 0.161839 -0.555606
v 0.687538 -0.161839 -0.540768
v 0.687538 0.161839 -0.540768
v 0.695490 -0.161839 -0.525762
v 0.695490 0.161839 -0.525762
v 0.703191 -0.161839 -0.510594
v 0.703191 0.161839 -0.510594
v 0.710648 -0.161839 -0.495272
v 0.710648 0.161839 -0.495272
v 0.658887 -0.161839 -0.145678
v 0.658887 0.161839 -0.145678
v 0.658882 -0.161839 -0.157408
v 0.658882 0.161839 -0.157408
v 0.658442 -0.161839 -0.169080
v 0.658442 0.161839 -0.169080
v 0.657560 -0.161839 -0.180686
v 0.657560 0.161839 -0.180686
v 0.656228 -0.161839 -0.192220
v 0.656228 0.161839 -0.192220
v 0.654437 -0.161839 -0.203675
v 0.654437 0.161839 -0.203675
v 0.652182 -0.161839 -0.215045
v 0.652182 0.161839 -0.215045
v 0.649452 -0.161839 -0.226323
v 0.649452 0.161839 -0.226323
v 0.646242 -0.161839 -0.237503
v 0.646242 0.161839 -0.237503
v 0.642544 -0.161839 -0.248579
v 0.642544 0.161839 -0.248579
v 0.638349 -0.161839 -0.259543
v 0.638349 0.161839 -0.259543
v 0.633651 -0.161839 -0.270390
v 0.633651 0.161839 -0.270390
v 0.633602 -0.161839 -0.270467
v 0.633602 0.161839 -0.270467
v 0.633466 -0.161839 -0.270679
v 0.633466 0.161839 -0.270679
v 0.633262 -0.161839 -0.270998
v 0.633262 0.161839 -0.270998
v 0.633005 -0.161839 -0.271399
v 0.633005 0.161839 -0.271399
v 0.632714 -0.161839 -0.271855
v 0.632714 0.161839 -0.271855
v 0.632406 -0.161839 -0.272337
v 0.632406 0.161839 -0.272337
v 0.632098 -0.161839 -0.272819
v 0.632098 0.161839 -0.272819
v 0.631807 -0.161839 -0.273274
v 0.631807 0.161839 -0.273274
v 0.631550 -0.161839 -0.273675
v 0.631550 0.161839 -0.273675
v 0.631346 -0.161839 -0.273995
v 0.631346 0.161839 -0.273995
v 0.631210 -0.161839 -0.274206
v 0.631210 0.161839 -0.274206
v 0.631161 -0.161839 -0.274283
v 0.631161 0.161839 -0.274283
v 0.631010 -0.161839 -0.274424
v 0.631010 0.161839 -0.274424
v 0.630794 -0.161839 -0.274496
v 0.630794 0.161839 -0.274496
v 0.630523 -0.161839 -0.274507
v 0.630523 0.161839 -0.274507
v 0.630208 -0.161839 -0.274464
v 0.630208 0.161839 -0.274464
v 0.629862 -0.161839 -0.274373
v 0.629862 0.161839 -0.274373
v 0.629496 -0.161839 -0.274242
v 0.629496 0.161839 -0.274242
v 0.629120 -0.161839 -0.274077
v 0.629120 0.161839 -0.274077
v 0.628746 -0.161839 -0.273885
v 0.628746 0.161839 -0.273885
v 0.628385 -0.161839 -0.273674
v 0.628385 0.161839 -0.273674
v 0.628049 -0.161839 -0.273451
v 0.628049 0.161839 -0.273451
v 0.627749 -0.161839 -0.273221
v 0.627749 0.161839 -0.273221
v 0.627496 -0.161839 -0.272993
v 0.627496 0.161839 -0.272993
v 0.486061 -0.161839 -0.131394
v 0.486061 0.161839 -0.131394
v 0.387870 -0.161839 -0.032310
v 0.387870 0.161839 -0.032310
v 0.257580 -0.161839 0.099425
v 0.257580 0.161839 0.099425
v 0.229809 -0.161839 0.125842
v 0.229809 0.161839 0.125842
v 0.229753 -0.161839 0.125880
v 0.229753 0.161839 0.125880
v 0.229598 -0.161839 0.125983
v 0.229598 0.161839 0.125983
v 0.229363 -0.161839 0.126139
v 0.229363 0.161839 0.126139
v 0.229069 -0.161839 0.126334
v 0.229069 0.161839 0.126334
v 0.228736 -0.161839 0.126555
v 0.228736 0.161839 0.126555
v 0.228382 -0.161839 0.126790
v 0.228382 0.161839 0.126790
v 0.228029 -0.161839 0.127025
v 0.228029 0.161839 0.127025
v 0.227695 -0.161839 0.127246
v 0.227695 0.161839 0.127246
v 0.227401 -0.161839 0.127441
v 0.227401 0.161839 0.127441
v 0.227166 -0.161839 0.127597
v 0.227166 0.161839 0.127597
v 0.227011 -0.161839 0.127700
v 0.227011 0.161839 0.127700
v 0.226955 -0.161839 0.127738
v 0.226955 0.161839 0.127738
v 0.226824 -0.161839 0.127732
v 0.226824 0.161839 0.127732
v 0.226686 -0.161839 0.127565
v 0.226686 0.161839 0.127565
v 0.226545 -0.161839 0.127263
v 0.226545 0.161839 0.127263
v 0.226408 -0.161839 0.126856
v 0.226408 0.161839 0.126856
v 0.226280 -0.161839 0.126373
v 0.226280 0.161839 0.126373
v 0.226165 -0.161839 0.125842
v 0.226165 0.161839 0.125842
v 0.226069 -0.161839 0.125292
v 0.226069 0.161839 0.125292
v 0.225997 -0.161839 0.124752
v 0.225997 0.161839 0.124752
v 0.225954 -0.161839 0.124250
v 0.225954 0.161839 0.124250
v 0.225945 -0.161839 0.123816
v 0.225945 0.161839 0.123816
v 0.225976 -0.161839 0.123477
v 0.225976 0.161839 0.123477
v 0.226052 -0.161839 0.123262
v 0.226052 0.161839 0.123262
v 0.243238 -0.161839 0.098922
v 0.243238 0.161839 0.098922
v 0.453403 -0.161839 -0.165678
v 0.453403 0.161839 -0.165678
v 0.456609 -0.161839 -0.169736
v 0.456609 0.161839 -0.169736
v 0.465471 -0.161839 -0.180955
v 0.465471 0.161839 -0.180955
v 0.478858 -0.161839 -0.197903
v 0.478858 0.161839 -0.197903
v 0.495640 -0.161839 -0.219147
v 0.495640 0.161839 -0.219147
v 0.514684 -0.161839 -0.243256
v 0.514684 0.161839 -0.243256
v 0.534860 -0.161839 -0.268797
v 0.534860 0.161839 -0.268797
v 0.555036 -0.161839 -0.294338
v 0.555036 0.161839 -0.294338
v 0.574080 -0.161839 -0.318447
v 0.574080 0.161839 -0.318447
v 0.590861 -0.161839 -0.339692
v 0.590861 0.161839 -0.339692
v 0.604249 -0.161839 -0.356640
v 0.604249 0.161839 -0.356640
v 0.613111 -0.161839 -0.367859
v 0.613111 0.161839 -0.367859
v 0.616317 -0.161839 -0.371917
v 0.616317 0.161839 -0.371917
v 0.613642 -0.161839 -0.385822
v 0.613642 0.161839 -0.385822
v 0.610009 -0.161839 -0.399411
v 0.610009 0.161839 -0.399411
v 0.605486 -0.161839 -0.412685
v 0.605486 0.161839 -0.412685
v 0.600142 -0.161839 -0.425642
v 0.600142 0.161839 -0.425642
v 0.594045 -0.161839 -0.438280
v 0.594045 0.161839 -0.438280
v 0.587264 -0.161839 -0.450601
v 0.587264 0.161839 -0.450601
v 0.579868 -0.161839 -0.462602
v 0.579868 0.161839 -0.462602
v 0.571926 -0.161839 -0.474282
v 0.571926 0.161839 -0.474282
v 0.563506 -0.161839 -0.485642
v 0.563506 0.161839 -0.485642
v 0.554676 -0.161839 -0.496679
v 0.554676 0.161839 -0.496679
v 0.545506 -0.161839 -0.507394
v 0.545506 0.161839 -0.507394
v 0.536065 -0.161839 -0.517785
v 0.536065 0.161839 -0.517785
v 0.534492 -0.161839 -0.519479
v 0.534492 0.161839 -0.519479
v 0.532947 -0.161839 -0.521159
v 0.532947 0.161839 -0.521159
v 0.531414 -0.161839 -0.522824
v 0.531414 0.161839 -0.522824
v 0.529879 -0.161839 -0.524476
v 0.529879 0.161839 -0.524476
v 0.528330 -0.161839 -0.526113
v 0.528330 0.161839 -0.526113
v 0.526751 -0.161839 -0.527736
v 0.526751 0.161839 -0.527736
v 0.525129 -0.161839 -0.529345
v 0.525129 0.161839 -0.529345
v 0.523450 -0.161839 -0.530940
v 0.523450 0.161839 -0.530940
v 0.521701 -0.161839 -0.532522
v 0.521701 0.161839 -0.532522
v 0.519866 -0.161839 -0.534089
v 0.519866 0.161839 -0.534089
v 0.517933 -0.161839 -0.535642
v 0.517933 0.161839 -0.535642
v 0.515887 -0.161839 -0.537182
v 0.515887 0.161839 -0.537182
v 0.189774 -0.161839 0.036702
v 0.189774 0.161839 0.036702
v 0.189289 -0.161839 0.037534
v 0.189289 0.161839 0.037534
v 0.187948 -0.161839 0.039834
v 0.187948 0.161839 0.039834
v 0.185922 -0.161839 0.043308
v 0.185922 0.161839 0.043308
v 0.183383 -0.161839 0.047663
v 0.183383 0.161839 0.047663
v 0.180501 -0.161839 0.052605
v 0.180501 0.161839 0.052605
v 0.177448 -0.161839 0.057840
v 0.177448 0.161839 0.057840
v 0.174395 -0.161839 0.063075
v 0.174395 0.161839 0.063075
v 0.171513 -0.161839 0.068017
v 0.171513 0.161839 0.068017
v 0.168973 -0.161839 0.072372
v 0.168973 0.161839 0.072372
v 0.166947 -0.161839 0.075846
v 0.166947 0.161839 0.075846
v 0.165606 -0.161839 0.078146
v 0.165606 0.161839 0.078146
v 0.165121 -0.161839 0.078978
v 0.165121 0.161839 0.078978
v 0.164711 -0.161839 0.079546
v 0.164711 0.161839 0.079546
v 0.164173 -0.161839 0.080079
v 0.164173 0.161839 0.080079
v 0.163532 -0.161839 0.080571
v 0.163532 0.161839 0.080571
v 0.162808 -0.161839 0.081016
v 0.162808 0.161839 0.081016
v 0.162024 -0.161839 0.081409
v 0.162024 0.161839 0.081409
v 0.161202 -0.161839 0.081746
v 0.161202 0.161839 0.081746
v 0.160364 -0.161839 0.082021
v 0.160364 0.161839 0.082021
v 0.159533 -0.161839 0.082229
v 0.159533 0.161839 0.082229
v 0.158730 -0.161839 0.082365
v 0.158730 0.161839 0.082365
v 0.157978 -0.161839 0.082424
v 0.157978 0.161839 0.082424
v 0.157300 -0.161839 0.082400
v 0.157300 0.161839 0.082400
v 0.156717 -0.161839 0.082288
v 0.156717 0.161839 0.082288
v 0.156191 -0.161839 0.082024
v 0.156191 0.161839 0.082024
v 0.155683 -0.161839 0.081575
v 0.155683 0.161839 0.081575
v 0.155200 -0.161839 0.080972
v 0.155200 0.161839 0.080972
v 0.154754 -0.161839 0.080245
v 0.154754 0.161839 0.080245
v 0.154352 -0.161839 0.079424
v 0.154352 0.161839 0.079424
v 0.154005 -0.161839 0.078539
v 0.154005 0.161839 0.078539
v 0.153721 -0.161839 0.077621
v 0.153721 0.161839 0.077621
v 0.153511 -0.161839 0.076698
v 0.153511 0.161839 0.076698
v 0.153383 -0.161839 0.075801
v 0.153383 0.161839 0.075801
v 0.153347 -0.161839 0.074960
v 0.153347 0.161839 0.074960
v 0.153412 -0.161839 0.074205
v 0.153412 0.161839 0.074205
v 0.153588 -0.161839 0.073566
v 0.153588 0.161839 0.073566
v 0.169186 -0.161839 0.035412
v 0.169186 0.161839 0.035412
v 0.420756 -0.161839 -0.504200
v 0.420756 0.161839 -0.504200
v 0.421632 -0.161839 -0.506127
v 0.421632 0.161839 -0.506127
v 0.424054 -0.161839 -0.511457
v 0.424054 0.161839 -0.511457
v 0.427713 -0.161839 -0.519508
v 0.427713 0.161839 -0.519508
v 0.432299 -0.161839 -0.529601
v 0.432299 0.161839 -0.529601
v 0.437504 -0.161839 -0.541054
v 0.437504 0.161839 -0.541054
v 0.443017 -0.161839 -0.553188
v 0.443017 0.161839 -0.553188
v 0.448531 -0.161839 -0.565321
v 0.448531 0.161839 -0.565321
v 0.453736 -0.161839 -0.576775
v 0.453736 0.161839 -0.576775
v 0.458322 -0.161839 -0.586867
v 0.458322 0.161839 -0.586867
v 0.461981 -0.161839 -0.594918
v 0.461981 0.161839 -0.594918
v 0.464403 -0.161839 -0.600248
v 0.464403 0.161839 -0.600248
v 0.465279 -0.161839 -0.602176
v 0.465279 0.161839 -0.602176
v 0.462990 -0.161839 -0.606306
v 0.462990 0.161839 -0.606306
v 0.460608 -0.161839 -0.610271
v 0.460608 0.161839 -0.610271
v 0.458134 -0.161839 -0.614088
v 0.458134 0.161839 -0.614088
v 0.455571 -0.161839 -0.617774
v 0.455571 0.161839 -0.617774
v 0.452921 -0.161839 -0.621348
v 0.452921 0.161839 -0.621348
v 0.450187 -0.161839 -0.624826
v 0.450187 0.161839 -0.624826
v 0.447371 -0.161839 -0.628227
v 0.447371 0.161839 -0.628227
v 0.444475 -0.161839 -0.631566
v 0.444475 0.161839 -0.631566
v 0.441502 -0.161839 -0.634863
v 0.441502 0.161839 -0.634863
v 0.438453 -0.161839 -0.638134
v 0.438453 0.161839 -0.638134
v 0.435332 -0.161839 -0.641396
v 0.435332 0.161839 -0.641396
v 0.432141 -0.161839 -0.644668
v 0.432141 0.161839 -0.644668
v 0.427753 -0.161839 -0.648615
v 0.427753 0.161839 -0.648615
v 0.423366 -0.161839 -0.652545
v 0.423366 0.161839 -0.652545
v 0.418964 -0.161839 -0.656442
v 0.418964 0.161839 -0.656442
v 0.414532 -0.161839 -0.660288
v 0.414532 0.161839 -0.660288
v 0.410056 -0.161839 -0.664068
v 0.410056 0.161839 -0.664068
v 0.405521 -0.161839 -0.667765
v 0.405521 0.161839 -0.667765
v 0.400910 -0.161839 -0.671362
v 0.400910 0.161839 -0.671362
v 0.396210 -0.161839 -0.674843
v 0.396210 0.161839 -0.674843
v 0.391405 -0.161839 -0.678191
v 0.391405 0.161839 -0.678191
v 0.386481 -0.161839 -0.681390
v 0.386481 0.161839 -0.681390
v 0.381421 -0.161839 -0.684424
v 0.381421 0.161839 -0.684424
v 0.376211 -0.161839 -0.687274
v 0.376211 0.161839 -0.687274
v 0.305574 -0.161839 -0.724047
v 0.305574 0.161839 -0.724047
v 0.301314 -0.161839 -0.708995
v 0.301314 0.161839 -0.708995
v 0.289536 -0.161839 -0.667382
v 0.289536 0.161839 -0.667382
v 0.271744 -0.161839 -0.604518
v 0.271744 0.161839 -0.604518
v 0.249441 -0.161839 -0.525718
v 0.249441 0.161839 -0.525718
v 0.224131 -0.161839 -0.436292
v 0.224131 0.161839 -0.436292
v 0.197317 -0.161839 -0.341555
v 0.197317 0.161839 -0.341555
v 0.170503 -0.161839 -0.246817
v 0.170503 0.161839 -0.246817
v 0.145193 -0.161839 -0.157392
v 0.145193 0.161839 -0.157392
v 0.122890 -0.161839 -0.078591
v 0.122890 0.161839 -0.078591
v 0.105098 -0.161839 -0.015728
v 0.105098 0.161839 -0.015728
v 0.093320 -0.161839 0.025886
v 0.093320 0.161839 0.025886
v 0.089060 -0.161839 0.040938
v 0.089060 0.161839 0.040938
v 0.088455 -0.161839 0.041753
v 0.088455 0.161839 0.041753
v 0.087828 -0.161839 0.042547
v 0.087828 0.161839 0.042547
v 0.087183 -0.161839 0.043306
v 0.087183 0.161839 0.043306
v 0.086527 -0.161839 0.044016
v 0.086527 0.161839 0.044016
v 0.085866 -0.161839 0.044664
v 0.085866 0.161839 0.044664
v 0.085206 -0.161839 0.045238
v 0.085206 0.161839 0.045238
v 0.084552 -0.161839 0.045723
v 0.084552 0.161839 0.045723
v 0.083911 -0.161839 0.046107
v 0.083911 0.161839 0.046107
v 0.083289 -0.161839 0.046376
v 0.083289 0.161839 0.046376
v 0.082690 -0.161839 0.046516
v 0.082690 0.161839 0.046516
v 0.082123 -0.161839 0.046516
v 0.082123 0.161839 0.046516
v 0.081592 -0.161839 0.046361
v 0.081592 0.161839 0.046361
v 0.081149 -0.161839 0.046070
v 0.081149 0.161839 0.046070
v 0.080695 -0.161839 0.045619
v 0.080695 0.161839 0.045619
v 0.080243 -0.161839 0.045033
v 0.080243 0.161839 0.045033
v 0.079803 -0.161839 0.044334
v 0.079803 0.161839 0.044334
v 0.079387 -0.161839 0.043548
v 0.079387 0.161839 0.043548
v 0.079007 -0.161839 0.042697
v 0.079007 0.161839 0.042697
v 0.078673 -0.161839 0.041808
v 0.078673 0.161839 0.041808
v 0.078398 -0.161839 0.040902
v 0.078398 0.161839 0.040902
v 0.078192 -0.161839 0.040005
v 0.078192 0.161839 0.040005
v 0.078068 -0.161839 0.039140
v 0.078068 0.161839 0.039140
v 0.078036 -0.161839 0.038332
v 0.078036 0.161839 0.038332
v 0.078109 -0.161839 0.037604
v 0.078109 0.161839 0.037604
v 0.081062 -0.161839 0.021933
v 0.081062 0.161839 0.021933
v 0.089224 -0.161839 -0.021391
v 0.089224 0.161839 -0.021391
v 0.101555 -0.161839 -0.086839
v 0.101555 0.161839 -0.086839
v 0.117013 -0.161839 -0.168880
v 0.117013 0.161839 -0.168880
v 0.134554 -0.161839 -0.261982
v 0.134554 0.161839 -0.261982
v 0.153137 -0.161839 -0.360615
v 0.153137 0.161839 -0.360615
v 0.171720 -0.161839 -0.459247
v 0.171720 0.161839 -0.459247
v 0.189262 -0.161839 -0.552349
v 0.189262 0.161839 -0.552349
v 0.204719 -0.161839 -0.634390
v 0.204719 0.161839 -0.634390
v 0.217050 -0.161839 -0.699838
v 0.217050 0.161839 -0.699838
v 0.225212 -0.161839 -0.743162
v 0.225212 0.161839 -0.743162
v 0.228165 -0.161839 -0.758833
v 0.228165 0.161839 -0.758833
v 0.215058 -0.161839 -0.768304
v 0.215058 0.161839 -0.768304
v 0.201004 -0.161839 -0.776361
v 0.201004 0.161839 -0.776361
v 0.186134 -0.161839 -0.783100
v 0.186134 0.161839 -0.783100
v 0.170578 -0.161839 -0.788616
v 0.170578 0.161839 -0.788616
v 0.154467 -0.161839 -0.793004
v 0.154467 0.161839 -0.793004
v 0.137933 -0.161839 -0.796359
v 0.137933 0.161839 -0.796359
v 0.121105 -0.161839 -0.798775
v 0.121105 0.161839 -0.798775
v 0.104115 -0.161839 -0.800349
v 0.104115 0.161839 -0.800349
v 0.087093 -0.161839 -0.801175
v 0.087093 0.161839 -0.801175
v 0.070171 -0.161839 -0.801348
v 0.070171 0.161839 -0.801348
v 0.053480 -0.161839 -0.800963
v 0.053480 0.161839 -0.800963
v 0.037149 -0.161839 -0.800115
v 0.037149 0.161839 -0.800115
v 0.010189 -0.161839 -0.022013
v 0.010189 0.161839 -0.022013
v 0.010115 -0.161839 -0.020522
v 0.010115 0.161839 -0.020522
v 0.009909 -0.161839 -0.016400
v 0.009909 0.161839 -0.016400
v 0.009599 -0.161839 -0.010173
v 0.009599 0.161839 -0.010173
v 0.009209 -0.161839 -0.002368
v 0.009209 0.161839 -0.002368
v 0.008767 -0.161839 0.006489
v 0.008767 0.161839 0.006489
v 0.008299 -0.161839 0.015873
v 0.008299 0.161839 0.015873
v 0.007831 -0.161839 0.025257
v 0.007831 0.161839 0.025257
v 0.007390 -0.161839 0.034114
v 0.007390 0.161839 0.034114
v 0.007000 -0.161839 0.041919
v 0.007000 0.161839 0.041919
v 0.006690 -0.161839 0.048146
v 0.006690 0.161839 0.048146
v 0.006484 -0.161839 0.052268
v 0.006484 0.161839 0.052268
v 0.006410 -0.161839 0.053759
v 0.006410 0.161839 0.053759
v 0.005898 -0.161839 0.054419
v 0.005898 0.161839 0.054419
v 0.005382 -0.161839 0.055064
v 0.005382 0.161839 0.055064
v 0.004862 -0.161839 0.055687
v 0.004862 0.161839 0.055687
v 0.004341 -0.161839 0.056280
v 0.004341 0.161839 0.056280
v 0.003819 -0.161839 0.056834
v 0.003819 0.161839 0.056834
v 0.003298 -0.161839 0.057343
v 0.003298 0.161839 0.057343
v 0.002780 -0.161839 0.057799
v 0.002780 0.161839 0.057799
v 0.002267 -0.161839 0.058194
v 0.002267 0.161839 0.058194
v 0.001759 -0.161839 0.058520
v 0.001759 0.161839 0.058520
v 0.001259 -0.161839 0.058770
v 0.001259 0.161839 0.058770
v 0.000769 -0.161839 0.058936
v 0.000769 0.161839 0.058936
v 0.000289 -0.161839 0.059010
v 0.000289 0.161839 0.059010
v -0.000116 -0.161839 0.058938
v -0.000116 0.161839 0.058938
v -0.000536 -0.161839 0.058693
v -0.000536 0.161839 0.058693
v -0.000962 -0.161839 0.058299
v -0.000962 0.161839 0.058299
v -0.001386 -0.161839 0.057783
v -0.001386 0.161839 0.057783
v -0.001797 -0.161839 0.057169
v -0.001797 0.161839 0.057169
v -0.002186 -0.161839 0.056482
v -0.002186 0.161839 0.056482
v -0.002544 -0.161839 0.055747
v -0.002544 0.161839 0.055747
v -0.002863 -0.161839 0.054990
v -0.002863 0.161839 0.054990
v -0.003131 -0.161839 0.054236
v -0.003131 0.161839 0.054236
v -0.003341 -0.161839 0.053509
v -0.003341 0.161839 0.053509
v -0.003483 -0.161839 0.052836
v -0.003483 0.161839 0.052836
v -0.003548 -0.161839 0.052240
v -0.003548 0.161839 0.052240
v -0.004276 -0.161839 0.035419
v -0.004276 0.161839 0.035419
v -0.006291 -0.161839 -0.011088
v -0.006291 0.161839 -0.011088
v -0.009334 -0.161839 -0.081342
v -0.009334 0.161839 -0.081342
v -0.013148 -0.161839 -0.169407
v -0.013148 0.161839 -0.169407
v -0.017477 -0.161839 -0.269346
v -0.017477 0.161839 -0.269346
v -0.022063 -0.161839 -0.375222
v -0.022063 0.161839 -0.375222
v -0.026650 -0.161839 -0.481098
v -0.026650 0.161839 -0.481098
v -0.030979 -0.161839 -0.581037
v -0.030979 0.161839 -0.581037
v -0.034793 -0.161839 -0.669102
v -0.034793 0.161839 -0.669102
v -0.037836 -0.161839 -0.739356
v -0.037836 0.161839 -0.739356
v -0.039851 -0.161839 -0.785862
v -0.039851 0.161839 -0.785862
v -0.040579 -0.161839 -0.802684
v -0.040579 0.161839 -0.802684
v -0.057738 -0.161839 -0.804236
v -0.057738 0.161839 -0.804236
v -0.074768 -0.161839 -0.804960
v -0.074768 0.161839 -0.804960
v -0.091639 -0.161839 -0.804818
v -0.091639 0.161839 -0.804818
v -0.108321 -0.161839 -0.803769
v -0.108321 0.161839 -0.803769
v -0.124785 -0.161839 -0.801775
v -0.124785 0.161839 -0.801775
v -0.141001 -0.161839 -0.798795
v -0.141001 0.161839 -0.798795
v -0.156941 -0.161839 -0.794791
v -0.156941 0.161839 -0.794791
v -0.172573 -0.161839 -0.789721
v -0.172573 0.161839 -0.789721
v -0.187870 -0.161839 -0.783549
v -0.187870 0.161839 -0.783549
v -0.202801 -0.161839 -0.776232
v -0.202801 0.161839 -0.776232
v -0.217336 -0.161839 -0.767733
v -0.217336 0.161839 -0.767733
v -0.231447 -0.161839 -0.758011
v -0.231447 0.161839 -0.758011
v -0.114414 -0.161839 -0.174046
v -0.114414 0.161839 -0.174046
v -0.113552 -0.161839 -0.169670
v -0.113552 0.161839 -0.169670
v -0.111170 -0.161839 -0.157572
v -0.111170 0.161839 -0.157572
v -0.107571 -0.161839 -0.139297
v -0.107571 0.161839 -0.139297
v -0.103061 -0.161839 -0.116388
v -0.103061 0.161839 -0.116388
v -0.097942 -0.161839 -0.090391
v -0.097942 0.161839 -0.090391
v -0.092518 -0.161839 -0.062849
v -0.092518 0.161839 -0.062849
v -0.087095 -0.161839 -0.035308
v -0.087095 0.161839 -0.035308
v -0.081976 -0.161839 -0.009310
v -0.081976 0.161839 -0.009310
v -0.077465 -0.161839 0.013598
v -0.077465 0.161839 0.013598
v -0.073866 -0.161839 0.031874
v -0.073866 0.161839 0.031874
v -0.071484 -0.161839 0.043971
v -0.071484 0.161839 0.043971
v -0.070622 -0.161839 0.048347
v -0.070622 0.161839 0.048347
v -0.070779 -0.161839 0.048939
v -0.070779 0.161839 0.048939
v -0.070986 -0.161839 0.049625
v -0.070986 0.161839 0.049625
v -0.071239 -0.161839 0.050377
v -0.071239 0.161839 0.050377
v -0.071530 -0.161839 0.051164
v -0.071530 0.161839 0.051164
v -0.071853 -0.161839 0.051955
v -0.071853 0.161839 0.051955
v -0.072202 -0.161839 0.052721
v -0.072202 0.161839 0.052721
v -0.072572 -0.161839 0.053431
v -0.072572 0.161839 0.053431
v -0.072954 -0.161839 0.054055
v -0.072954 0.161839 0.054055
v -0.073344 -0.161839 0.054562
v -0.073344 0.161839 0.054562
v -0.073735 -0.161839 0.054923
v -0.073735 0.161839 0.054923
v -0.074120 -0.161839 0.055106
v -0.074120 0.161839 0.055106
v -0.074493 -0.161839 0.055083
v -0.074493 0.161839 0.055083
v -0.080957 -0.161839 0.052697
v -0.080957 0.161839 0.052697
v -0.097023 -0.161839 0.002030
v -0.097023 0.161839 0.002030
v -0.179787 -0.161839 -0.286259
v -0.179787 0.161839 -0.286259
v -0.182238 -0.161839 -0.294817
v -0.182238 0.161839 -0.294817
v -0.189015 -0.161839 -0.318479
v -0.189015 0.161839 -0.318479
v -0.199253 -0.161839 -0.354224
v -0.199253 0.161839 -0.354224
v -0.212086 -0.161839 -0.399031
v -0.212086 0.161839 -0.399031
v -0.226649 -0.161839 -0.449880
v -0.226649 0.161839 -0.449880
v -0.242077 -0.161839 -0.503749
v -0.242077 0.161839 -0.503749
v -0.257506 -0.161839 -0.557618
v -0.257506 0.161839 -0.557618
v -0.272069 -0.161839 -0.608466
v -0.272069 0.161839 -0.608466
v -0.284902 -0.161839 -0.653273
v -0.284902 0.161839 -0.653273
v -0.295139 -0.161839 -0.689018
v -0.295139 0.161839 -0.689018
v -0.301916 -0.161839 -0.712680
v -0.301916 0.161839 -0.712680
v -0.304368 -0.161839 -0.721239
v -0.304368 0.161839 -0.721239
v -0.308363 -0.161839 -0.720295
v -0.308363 0.161839 -0.720295
v -0.312206 -0.161839 -0.719257
v -0.312206 0.161839 -0.719257
v -0.315916 -0.161839 -0.718130
v -0.315916 0.161839 -0.718130
v -0.319517 -0.161839 -0.716922
v -0.319517 0.161839 -0.716922
v -0.323028 -0.161839 -0.715640
v -0.323028 0.161839 -0.715640
v -0.326472 -0.161839 -0.714290
v -0.326472 0.161839 -0.714290
v -0.329869 -0.161839 -0.712881
v -0.329869 0.161839 -0.712881
v -0.333242 -0.161839 -0.711418
v -0.333242 0.161839 -0.711418
v -0.336612 -0.161839 -0.709909
v -0.336612 0.161839 -0.709909
v -0.339999 -0.161839 -0.708361
v -0.339999 0.161839 -0.708361
v -0.343427 -0.161839 -0.706781
v -0.343427 0.161839 -0.706781
v -0.346915 -0.161839 -0.705176
v -0.346915 0.161839 -0.705176
v -0.359197 -0.161839 -0.699184
v -0.359197 0.161839 -0.699184
v -0.371148 -0.161839 -0.692618
v -0.371148 0.161839 -0.692618
v -0.382749 -0.161839 -0.685494
v -0.382749 0.161839 -0.685494
v -0.393985 -0.161839 -0.677827
v -0.393985 0.161839 -0.677827
v -0.404840 -0.161839 -0.669632
v -0.404840 0.161839 -0.669632
v -0.415297 -0.161839 -0.660925
v -0.415297 0.161839 -0.660925
v -0.425340 -0.161839 -0.651722
v -0.425340 0.161839 -0.651722
v -0.434953 -0.161839 -0.642037
v -0.434953 0.161839 -0.642037
v -0.444119 -0.161839 -0.631887
v -0.444119 0.161839 -0.631887
v -0.452823 -0.161839 -0.621287
v -0.452823 0.161839 -0.621287
v -0.461048 -0.161839 -0.610251
v -0.461048 0.161839 -0.610251
v -0.468777 -0.161839 -0.598797
v -0.468777 0.161839 -0.598797
v -0.161026 -0.161839 0.042936
v -0.161026 0.161839 0.042936
v -0.160747 -0.161839 0.043577
v -0.160747 0.161839 0.043577
v -0.159974 -0.161839 0.045350
v -0.159974 0.161839 0.045350
v -0.158807 -0.161839 0.048028
v -0.158807 0.161839 0.048028
v -0.157343 -0.161839 0.051386
v -0.157343 0.161839 0.051386
v -0.155683 -0.161839 0.055196
v -0.155683 0.161839 0.055196
v -0.153924 -0.161839 0.059233
v -0.153924 0.161839 0.059233
v -0.152164 -0.161839 0.063269
v -0.152164 0.161839 0.063269
v -0.150504 -0.161839 0.067079
v -0.150504 0.161839 0.067079
v -0.149040 -0.161839 0.070437
v -0.149040 0.161839 0.070437
v -0.147873 -0.161839 0.073115
v -0.147873 0.161839 0.073115
v -0.147100 -0.161839 0.074888
v -0.147100 0.161839 0.074888
v -0.146821 -0.161839 0.075530
v -0.146821 0.161839 0.075530
v -0.146633 -0.161839 0.076161
v -0.146633 0.161839 0.076161
v -0.146541 -0.161839 0.076930
v -0.146541 0.161839 0.076930
v -0.146538 -0.161839 0.077808
v -0.146538 0.161839 0.077808
v -0.146614 -0.161839 0.078762
v -0.146614 0.161839 0.078762
v -0.146761 -0.161839 0.079763
v -0.146761 0.161839 0.079763
v -0.146971 -0.161839 0.080779
v -0.146971 0.161839 0.080779
v -0.147234 -0.161839 0.081779
v -0.147234 0.161839 0.081779
v -0.147542 -0.161839 0.082732
v -0.147542 0.161839 0.082732
v -0.147886 -0.161839 0.083608
v -0.147886 0.161839 0.083608
v -0.148257 -0.161839 0.084376
v -0.148257 0.161839 0.084376
v -0.148647 -0.161839 0.085004
v -0.148647 0.161839 0.085004
v -0.149048 -0.161839 0.085462
v -0.149048 0.161839 0.085462
v -0.150116 -0.161839 0.084965
v -0.150116 0.161839 0.084965
v -0.151190 -0.161839 0.084406
v -0.151190 0.161839 0.084406
v -0.152261 -0.161839 0.083790
v -0.152261 0.161839 0.083790
v -0.153320 -0.161839 0.083119
v -0.153320 0.161839 0.083119
v -0.154358 -0.161839 0.082399
v -0.154358 0.161839 0.082399
v -0.155365 -0.161839 0.081631
v -0.155365 0.161839 0.081631
v -0.156333 -0.161839 0.080820
v -0.156333 0.161839 0.080820
v -0.157252 -0.161839 0.079970
v -0.157252 0.161839 0.079970
v -0.158114 -0.161839 0.079084
v -0.158114 0.161839 0.079084
v -0.158908 -0.161839 0.078166
v -0.158908 0.161839 0.078166
v -0.159627 -0.161839 0.077220
v -0.159627 0.161839 0.077220
v -0.160261 -0.161839 0.076249
v -0.160261 0.161839 0.076249
v -0.200033 -0.161839 0.009931
v -0.200033 0.161839 0.009931
v -0.206290 -0.161839 -0.000761
v -0.206290 0.161839 -0.000761
v -0.223587 -0.161839 -0.030321
v -0.223587 0.161839 -0.030321
v -0.249718 -0.161839 -0.074976
v -0.249718 0.161839 -0.074976
v -0.282473 -0.161839 -0.130951
v -0.282473 0.161839 -0.130951
v -0.319645 -0.161839 -0.194474
v -0.319645 0.161839 -0.194474
v -0.359024 -0.161839 -0.261770
v -0.359024 0.161839 -0.261770
v -0.398404 -0.161839 -0.329067
v -0.398404 0.161839 -0.329067
v -0.435576 -0.161839 -0.392589
v -0.435576 0.161839 -0.392589
v -0.468331 -0.161839 -0.448565
v -0.468331 0.161839 -0.448565
v -0.494461 -0.161839 -0.493219
v -0.494461 0.161839 -0.493219
v -0.511759 -0.161839 -0.522780
v -0.511759 0.161839 -0.522780
v -0.518016 -0.161839 -0.533471
v -0.518016 0.161839 -0.533471
v -0.529754 -0.161839 -0.521531
v -0.529754 0.161839 -0.521531
v -0.541198 -0.161839 -0.508987
v -0.541198 0.161839 -0.508987
v -0.552222 -0.161839 -0.495883
v -0.552222 0.161839 -0.495883
v -0.562703 -0.161839 -0.482262
v -0.562703 0.161839 -0.482262
v -0.572517 -0.161839 -0.468167
v -0.572517 0.161839 -0.468167
v -0.581538 -0.161839 -0.453640
v -0.581538 0.161839 -0.453640
v -0.589642 -0.161839 -0.438725
v -0.589642 0.161839 -0.438725
v -0.596705 -0.161839 -0.423465
v -0.596705 0.161839 -0.423465
v -0.602603 -0.161839 -0.407902
v -0.602603 0.161839 -0.407902
v -0.607212 -0.161839 -0.392079
v -0.607212 0.161839 -0.392079
v -0.610406 -0.161839 -0.376040
v -0.610406 0.161839 -0.376040
v -0.612062 -0.161839 -0.359827
v -0.612062 0.161839 -0.359827
v -0.261455 -0.161839 0.069582
v -0.261455 0.161839 0.069582
v -0.260553 -0.161839 0.070736
v -0.260553 0.161839 0.070736
v -0.258058 -0.161839 0.073925
v -0.258058 0.161839 0.073925
v -0.254290 -0.161839 0.078742
v -0.254290 0.161839 0.078742
v -0.249566 -0.161839 0.084781
v -0.249566 0.161839 0.084781
v -0.244205 -0.161839 0.091634
v -0.244205 0.161839 0.091634
v -0.238526 -0.161839 0.098894
v -0.238526 0.161839 0.098894
v -0.232847 -0.161839 0.106154
v -0.232847 0.161839 0.106154
v -0.227486 -0.161839 0.113007
v -0.227486 0.161839 0.113007
v -0.222762 -0.161839 0.119046
v -0.222762 0.161839 0.119046
v -0.218994 -0.161839 0.123863
v -0.218994 0.161839 0.123863
v -0.216499 -0.161839 0.127052
v -0.216499 0.161839 0.127052
v -0.215597 -0.161839 0.128206
v -0.215597 0.161839 0.128206
v -0.215889 -0.161839 0.128749
v -0.215889 0.161839 0.128749
v -0.216183 -0.161839 0.129278
v -0.216183 0.161839 0.129278
v -0.216478 -0.161839 0.129786
v -0.216478 0.161839 0.129786
v -0.216775 -0.161839 0.130267
v -0.216775 0.161839 0.130267
v -0.217072 -0.161839 0.130714
v -0.217072 0.161839 0.130714
v -0.217370 -0.161839 0.131121
v -0.217370 0.161839 0.131121
v -0.217668 -0.161839 0.131481
v -0.217668 0.161839 0.131481
v -0.217967 -0.161839 0.131788
v -0.217967 0.161839 0.131788
v -0.218266 -0.161839 0.132035
v -0.218266 0.161839 0.132035
v -0.218564 -0.161839 0.132215
v -0.218564 0.161839 0.132215
v -0.218862 -0.161839 0.132322
v -0.218862 0.161839 0.132322
v -0.219160 -0.161839 0.132350
v -0.219160 0.161839 0.132350
v -0.224801 -0.161839 0.132064
v -0.224801 0.161839 0.132064
v -0.263785 -0.161839 0.095052
v -0.263785 0.161839 0.095052
v -0.368576 -0.161839 -0.011133
v -0.368576 0.161839 -0.011133
v -0.461949 -0.161839 -0.106244
v -0.461949 0.161839 -0.106244
v -0.606958 -0.161839 -0.252957
v -0.606958 0.161839 -0.252957
v -0.607484 -0.161839 -0.253455
v -0.607484 0.161839 -0.253455
v -0.608939 -0.161839 -0.254831
v -0.608939 0.161839 -0.254831
v -0.611138 -0.161839 -0.256910
v -0.611138 0.161839 -0.256910
v -0.613894 -0.161839 -0.259516
v -0.613894 0.161839 -0.259516
v -0.617021 -0.161839 -0.262474
v -0.617021 0.161839 -0.262474
v -0.620335 -0.161839 -0.265607
v -0.620335 0.161839 -0.265607
v -0.623648 -0.161839 -0.268740
v -0.623648 0.161839 -0.268740
v -0.626776 -0.161839 -0.271697
v -0.626776 0.161839 -0.271697
v -0.629532 -0.161839 -0.274303
v -0.629532 0.161839 -0.274303
v -0.631730 -0.161839 -0.276382
v -0.631730 0.161839 -0.276382
v -0.633186 -0.161839 -0.277758
v -0.633186 0.161839 -0.277758
v -0.633712 -0.161839 -0.278256
v -0.633712 0.161839 -0.278256
v -0.639588 -0.161839 -0.261561
v -0.639588 0.161839 -0.261561
v -0.644701 -0.161839 -0.245150
v -0.644701 0.161839 -0.245150
v -0.649054 -0.161839 -0.228955
v -0.649054 0.161839 -0.228955
v -0.652650 -0.161839 -0.212908
v -0.652650 0.161839 -0.212908
v -0.655490 -0.161839 -0.196940
v -0.655490 0.161839 -0.196940
v -0.657578 -0.161839 -0.180983
v -0.657578 0.161839 -0.180983
v -0.658914 -0.161839 -0.164969
v -0.658914 0.161839 -0.164969
v -0.659502 -0.161839 -0.148831
v -0.659502 0.161839 -0.148831
v -0.659344 -0.161839 -0.132499
v -0.659344 0.161839 -0.132499
v -0.658441 -0.161839 -0.115906
v -0.658441 0.161839 -0.115906
v -0.656798 -0.161839 -0.098984
v -0.656798 0.161839 -0.098984
v -0.654415 -0.161839 -0.081664
v -0.654415 0.161839 -0.081664
v -0.653758 -0.161839 -0.078777
v -0.653758 0.161839 -0.078777
v -0.653036 -0.161839 -0.076018
v -0.653036 0.161839 -0.076018
v -0.652230 -0.161839 -0.073382
v -0.652230 0.161839 -0.073382
v -0.651322 -0.161839 -0.070866
v -0.651322 0.161839 -0.070866
v -0.650291 -0.161839 -0.068466
v -0.650291 0.161839 -0.068466
v -0.649119 -0.161839 -0.066179
v -0.649119 0.161839 -0.066179
v -0.647787 -0.161839 -0.064000
v -0.647787 0.161839 -0.064000
v -0.646275 -0.161839 -0.061926
v -0.646275 0.161839 -0.061926
v -0.644565 -0.161839 -0.059953
v -0.644565 0.161839 -0.059953
v -0.642637 -0.161839 -0.058079
v -0.642637 0.161839 -0.058079
v -0.640472 -0.161839 -0.056298
v -0.640472 0.161839 -0.056298
v -0.638051 -0.161839 -0.054607
v -0.638051 0.161839 -0.054607
v -0.633320 -0.161839 -0.051005
v -0.633320 0.161839 -0.051005
v -0.620238 -0.161839 -0.041046
v -0.620238 0.161839 -0.041046
v -0.600476 -0.161839 -0.026001
v -0.600476 0.161839 -0.026001
v -0.575704 -0.161839 -0.007143
v -0.575704 0.161839 -0.007143
v -0.547592 -0.161839 0.014258
v -0.547592 0.161839 0.014258
v -0.517810 -0.161839 0.036931
v -0.517810 0.161839 0.036931
v -0.488028 -0.161839 0.059603
v -0.488028 0.161839 0.059603
v -0.459916 -0.161839 0.081004
v -0.459916 0.161839 0.081004
v -0.435144 -0.161839 0.099863
v -0.435144 0.161839 0.099863
v -0.415382 -0.161839 0.114907
v -0.415382 0.161839 0.114907
v -0.402301 -0.161839 0.124866
v -0.402301 0.161839 0.124866
v -0.397569 -0.161839 0.128468
v -0.397569 0.161839 0.128468
v -0.397056 -0.161839 0.132927
v -0.397056 0.161839 0.132927
v -0.395638 -0.161839 0.145256
v -0.395638 0.161839 0.145256
v -0.393496 -0.161839 0.163879
v -0.393496 0.161839 0.163879
v -0.390810 -0.161839 0.187224
v -0.390810 0.161839 0.187224
v -0.387763 -0.161839 0.213716
v -0.387763 0.161839 0.213716
v -0.384534 -0.161839 0.241783
v -0.384534 0.161839 0.241783
v -0.381306 -0.161839 0.269849
v -0.381306 0.161839 0.269849
v -0.378258 -0.161839 0.296341
v -0.378258 0.161839 0.296341
v -0.375573 -0.161839 0.319686
v -0.375573 0.161839 0.319686
v -0.373431 -0.161839 0.338310
v -0.373431 0.161839 0.338310
v -0.372012 -0.161839 0.350638
v -0.372012 0.161839 0.350638
v -0.371499 -0.161839 0.355097
v -0.371499 0.161839 0.355097
v -0.365501 -0.161839 0.355097
v -0.365501 0.161839 0.355097
v -0.348915 -0.161839 0.355097
v -0.348915 0.161839 0.355097
v -0.323861 -0.161839 0.355097
v -0.323861 0.161839 0.355097
v -0.292455 -0.161839 0.355097
v -0.292455 0.161839 0.355097
v -0.256815 -0.161839 0.355097
v -0.256815 0.161839 0.355097
v -0.219057 -0.161839 0.355097
v -0.219057 0.161839 0.355097
v -0.181299 -0.161839 0.355097
v -0.181299 0.161839 0.355097
v -0.145659 -0.161839 0.355097
v -0.145659 0.161839 0.355097
v -0.114253 -0.161839 0.355097
v -0.114253 0.161839 0.355097
v -0.089198 -0.161839 0.355097
v -0.089198 0.161839 0.355097
v -0.072613 -0.161839 0.355097
v -0.072613 0.161839 0.355097
v -0.066615 -0.161839 0.355097
v -0.066615 0.161839 0.355097
v -0.064366 -0.161839 0.357678
v -0.064366 0.161839 0.357678
v -0.062149 -0.161839 0.360201
v -0.062149 0.161839 0.360201
v -0.059954 -0.161839 0.362667
v -0.059954 0.161839 0.362667
v -0.057767 -0.161839 0.365078
v -0.057767 0.161839 0.365078
v -0.055575 -0.161839 0.367435
v -0.055575 0.161839 0.367435
v -0.053367 -0.161839 0.369740
v -0.053367 0.161839 0.369740
v -0.051130 -0.161839 0.371995
v -0.051130 0.161839 0.371995
v -0.048852 -0.161839 0.374201
v -0.048852 0.161839 0.374201
v -0.046521 -0.161839 0.376361
v -0.046521 0.161839 0.376361
v -0.044124 -0.161839 0.378476
v -0.044124 0.161839 0.378476
v -0.041649 -0.161839 0.380547
v -0.041649 0.161839 0.380547
v -0.039083 -0.161839 0.382576
v -0.039083 0.161839 0.382576
v -0.032022 -0.161839 0.387387
v -0.032022 0.161839 0.387387
v -0.024628 -0.161839 0.391259
v -0.024628 0.161839 0.391259
v -0.016977 -0.161839 0.394196
v -0.016977 0.161839 0.394196
v -0.009144 -0.161839 0.396200
v -0.009144 0.161839 0.396200
v -0.001201 -0.161839 0.397273
v -0.001201 0.161839 0.397273
v 0.006776 -0.161839 0.397418
v 0.006776 0.161839 0.397418
v 0.014714 -0.161839 0.396637
v 0.014714 0.161839 0.396637
v 0.022537 -0.161839 0.394933
v 0.022537 0.161839 0.394933
v 0.030172 -0.161839 0.392309
v 0.030172 0.161839 0.392309
v 0.037545 -0.161839 0.388766
v 0.037545 0.161839 0.388766
v 0.044581 -0.161839 0.384307
v 0.044581 0.161839 0.384307
v 0.051206 -0.161839 0.378935
v 0.051206 0.161839 0.378935
v 0.076944 -0.161839 0.355474
v 0.076944 0.161839 0.355474
v 0.293755 -0.161839 0.353556
v 0.293755 0.161839 0.353556
v 0.378346 -0.161839 0.351295
v 0.378346 0.161839 0.351295
v 0.402189 -0.161839 0.119061
v 0.402189 0.161839 0.119061
v 0.407039 -0.161839 0.115504
v 0.407039 0.161839 0.115504
v 0.420449 -0.161839 0.105669
v 0.420449 0.161839 0.105669
v 0.440706 -0.161839 0.090812
v 0.440706 0.161839 0.090812
v 0.466099 -0.161839 0.072189
v 0.466099 0.161839 0.072189
v 0.494916 -0.161839 0.051055
v 0.494916 0.161839 0.051055
v 0.525445 -0.161839 0.028665
v 0.525445 0.161839 0.028665
v 0.555974 -0.161839 0.006276
v 0.555974 0.161839 0.006276
v 0.584790 -0.161839 -0.014859
v 0.584790 0.161839 -0.014859
v 0.610183 -0.161839 -0.033482
v 0.610183 0.161839 -0.033482
v 0.630441 -0.161839 -0.048339
v 0.630441 0.161839 -0.048339
v 0.643850 -0.161839 -0.058173
v 0.643850 0.161839 -0.058173
v 0.648701 -0.161839 -0.061731
v 0.648701 0.161839 -0.061731
v 0.650299 -0.161839 -0.067814
v 0.650299 0.161839 -0.067814
v 0.651711 -0.161839 -0.073855
v 0.651711 0.161839 -0.073855
v 0.652950 -0.161839 -0.079861
v 0.652950 0.161839 -0.079861
v 0.654028 -0.161839 -0.085843
v 0.654028 0.161839 -0.085843
v 0.654959 -0.161839 -0.091809
v 0.654959 0.161839 -0.091809
v 0.655756 -0.161839 -0.097768
v 0.655756 0.161839 -0.097768
v 0.656432 -0.161839 -0.103729
v 0.656432 0.161839 -0.103729
v 0.657000 -0.161839 -0.109702
v 0.657000 0.161839 -0.109702
v 0.657473 -0.161839 -0.115694
v 0.657473 0.161839 -0.115694
v 0.657864 -0.161839 -0.121716
v 0.657864 0.161839 -0.121716
v 0.658186 -0.161839 -0.127776
v 0.658186 0.161839 -0.127776
v 0.658453 -0.161839 -0.133883
v 0.658453 0.161839 -0.133883
v 0.658451 0.323679 -0.133883
v 0.658184 0.323679 -0.127776
v 0.657862 0.323679 -0.121716
v 0.657471 0.323679 -0.115694
v 0.656998 0.323679 -0.109702
v 0.656430 0.323679 -0.103729
v 0.655754 0.323679 -0.097768
v 0.654957 0.323679 -0.091809
v 0.654026 0.323679 -0.085843
v 0.652948 0.323679 -0.079861
v 0.651709 0.323679 -0.073855
v 0.650297 0.323679 -0.067814
v 0.648699 0.323679 -0.061731
v 0.643848 0.323679 -0.058173
v 0.630439 0.323679 -0.048339
v 0.610181 0.323679 -0.033482
v 0.584788 0.323679 -0.014859
v 0.555972 0.323679 0.006276
v 0.525443 0.323679 0.028665
v 0.494915 0.323679 0.051055
v 0.466098 0.323679 0.072189
v 0.440705 0.323679 0.090812
v 0.420448 0.323679 0.105669
v 0.407038 0.323679 0.115504
v 0.402188 0.323679 0.119061
v 0.378345 0.323679 0.351295
v 0.293754 0.323679 0.353556
v 0.076943 0.323679 0.355474
v 0.051205 0.323679 0.378935
v 0.044580 0.323679 0.384307
v 0.037544 0.323679 0.388766
v 0.030171 0.323679 0.392309
v 0.022536 0.323679 0.394933
v 0.014712 0.323679 0.396637
v 0.006775 0.323679 0.397418
v -0.001202 0.323679 0.397273
v -0.009145 0.323679 0.396200
v -0.016979 0.323679 0.394196
v -0.024629 0.323679 0.391259
v -0.032023 0.323679 0.387387
v -0.039085 0.323679 0.382576
v -0.041650 0.323679 0.380547
v -0.044125 0.323679 0.378476
v -0.046522 0.323679 0.376361
v -0.048854 0.323679 0.374201
v -0.051131 0.323679 0.371995
v -0.053368 0.323679 0.369740
v -0.055576 0.323679 0.367435
v -0.057768 0.323679 0.365078
v -0.059955 0.323679 0.362667
v -0.062151 0.323679 0.360201
v -0.064367 0.323679 0.357678
v -0.066616 0.323679 0.355097
v -0.072614 0.323679 0.355097
v -0.089200 0.323679 0.355097
v -0.114254 0.323679 0.355097
v -0.145660 0.323679 0.355097
v -0.181300 0.323679 0.355097
v -0.219058 0.323679 0.355097
v -0.256816 0.323679 0.355097
v -0.292456 0.323679 0.355097
v -0.323862 0.323679 0.355097
v -0.348916 0.323679 0.355097
v -0.365501 0.323679 0.355097
v -0.371500 0.323679 0.355097
v -0.372013 0.323679 0.350638
v -0.373431 0.323679 0.338310
v -0.375574 0.323679 0.319686
v -0.378259 0.323679 0.296341
v -0.381307 0.323679 0.269849
v -0.384535 0.323679 0.241783
v -0.387763 0.323679 0.213716
v -0.390811 0.323679 0.187224
v -0.393496 0.323679 0.163879
v -0.395639 0.323679 0.145256
v -0.397057 0.323679 0.132927
v -0.397570 0.323679 0.128468
v -0.402301 0.323679 0.124866
v -0.415383 0.323679 0.114907
v -0.435145 0.323679 0.099863
v -0.459917 0.323679 0.081004
v -0.488029 0.323679 0.059603
v -0.517811 0.323679 0.036931
v -0.547593 0.323679 0.014258
v -0.575705 0.323679 -0.007143
v -0.600476 0.323679 -0.026001
v -0.620238 0.323679 -0.041046
v -0.633320 0.323679 -0.051005
v -0.638052 0.323679 -0.054607
v -0.640472 0.323679 -0.056298
v -0.642637 0.323679 -0.058079
v -0.644565 0.323679 -0.059953
v -0.646275 0.323679 -0.061926
v -0.647787 0.323679 -0.064000
v -0.649119 0.323679 -0.066179
v -0.650291 0.323679 -0.068466
v -0.651322 0.323679 -0.070866
v -0.652231 0.323679 -0.073382
v -0.653036 0.323679 -0.076018
v -0.653758 0.323679 -0.078777
v -0.654415 0.323679 -0.081664
v -0.656798 0.323679 -0.098984
v -0.658442 0.323679 -0.115906
v -0.659344 0.323679 -0.132499
v -0.659502 0.323679 -0.148831
v -0.658915 0.323679 -0.164969
v -0.657578 0.323679 -0.180983
v -0.655491 0.323679 -0.196940
v -0.652651 0.323679 -0.212908
v -0.649055 0.323679 -0.228955
v -0.644702 0.323679 -0.245150
v -0.639588 0.323679 -0.261561
v -0.633713 0.323679 -0.278256
v -0.633186 0.323679 -0.277758
v -0.631731 0.323679 -0.276382
v -0.629532 0.323679 -0.274303
v -0.626776 0.323679 -0.271697
v -0.623649 0.323679 -0.268740
v -0.620335 0.323679 -0.265607
v -0.617022 0.323679 -0.262474
v -0.613894 0.323679 -0.259516
v -0.611139 0.323679 -0.256910
v -0.608940 0.323679 -0.254831
v -0.607485 0.323679 -0.253455
v -0.606958 0.323679 -0.252957
v -0.461949 0.323679 -0.106244
v -0.368577 0.323679 -0.011133
v -0.263786 0.323679 0.095052
v -0.224802 0.323679 0.132064
v -0.219161 0.323679 0.132350
v -0.218863 0.323679 0.132322
v -0.218565 0.323679 0.132215
v -0.218267 0.323679 0.132035
v -0.217968 0.323679 0.131788
v -0.217669 0.323679 0.131481
v -0.217371 0.323679 0.131121
v -0.217073 0.323679 0.130714
v -0.216776 0.323679 0.130267
v -0.216479 0.323679 0.129786
v -0.216184 0.323679 0.129278
v -0.215890 0.323679 0.128749
v -0.215598 0.323679 0.128206
v -0.216500 0.323679 0.127052
v -0.218995 0.323679 0.123863
v -0.222763 0.323679 0.119046
v -0.227487 0.323679 0.113007
v -0.232848 0.323679 0.106154
v -0.238527 0.323679 0.098894
v -0.244206 0.323679 0.091634
v -0.249567 0.323679 0.084781
v -0.254291 0.323679 0.078742
v -0.258059 0.323679 0.073925
v -0.260554 0.323679 0.070736
v -0.261456 0.323679 0.069582
v -0.612062 0.323679 -0.359827
v -0.610407 0.323679 -0.376040
v -0.607212 0.323679 -0.392079
v -0.602604 0.323679 -0.407902
v -0.596706 0.323679 -0.423465
v -0.589643 0.323679 -0.438725
v -0.581538 0.323679 -0.453640
v -0.572517 0.323679 -0.468167
v -0.562704 0.323679 -0.482262
v -0.552223 0.323679 -0.495883
v -0.541198 0.323679 -0.508987
v -0.529755 0.323679 -0.521531
v -0.518016 0.323679 -0.533471
v -0.511760 0.323679 -0.522780
v -0.494462 0.323679 -0.493219
v -0.468332 0.323679 -0.448565
v -0.435576 0.323679 -0.392589
v -0.398405 0.323679 -0.329067
v -0.359025 0.323679 -0.261770
v -0.319645 0.323679 -0.194474
v -0.282474 0.323679 -0.130951
v -0.249719 0.323679 -0.074976
v -0.223588 0.323679 -0.030321
v -0.206291 0.323679 -0.000761
v -0.200034 0.323679 0.009931
v -0.160262 0.323679 0.076249
v -0.159628 0.323679 0.077220
v -0.158910 0.323679 0.078166
v -0.158115 0.323679 0.079084
v -0.157253 0.323679 0.079970
v -0.156334 0.323679 0.080820
v -0.155366 0.323679 0.081631
v -0.154359 0.323679 0.082399
v -0.153321 0.323679 0.083119
v -0.152262 0.323679 0.083790
v -0.151191 0.323679 0.084406
v -0.150117 0.323679 0.084965
v -0.149049 0.323679 0.085462
v -0.148648 0.323679 0.085004
v -0.148258 0.323679 0.084376
v -0.147887 0.323679 0.083608
v -0.147543 0.323679 0.082732
v -0.147235 0.323679 0.081779
v -0.146972 0.323679 0.080779
v -0.146762 0.323679 0.079763
v -0.146615 0.323679 0.078762
v -0.146539 0.323679 0.077808
v -0.146542 0.323679 0.076930
v -0.146634 0.323679 0.076161
v -0.146822 0.323679 0.075530
v -0.147102 0.323679 0.074888
v -0.147874 0.323679 0.073115
v -0.149042 0.323679 0.070437
v -0.150505 0.323679 0.067079
v -0.152165 0.323679 0.063269
v -0.153925 0.323679 0.059233
v -0.155684 0.323679 0.055196
v -0.157344 0.323679 0.051386
v -0.158808 0.323679 0.048028
v -0.159975 0.323679 0.045350
v -0.160748 0.323679 0.043577
v -0.161027 0.323679 0.042936
v -0.468778 0.323679 -0.598797
v -0.461048 0.323679 -0.610251
v -0.452824 0.323679 -0.621287
v -0.444120 0.323679 -0.631887
v -0.434953 0.323679 -0.642037
v -0.425341 0.323679 -0.651722
v -0.415297 0.323679 -0.660925
v -0.404840 0.323679 -0.669632
v -0.393986 0.323679 -0.677827
v -0.382750 0.323679 -0.685494
v -0.371148 0.323679 -0.692618
v -0.359198 0.323679 -0.699184
v -0.346915 0.323679 -0.705176
v -0.343427 0.323679 -0.706781
v -0.340000 0.323679 -0.708361
v -0.336613 0.323679 -0.709909
v -0.333243 0.323679 -0.711418
v -0.329870 0.323679 -0.712881
v -0.326473 0.323679 -0.714290
v -0.323029 0.323679 -0.715640
v -0.319518 0.323679 -0.716922
v -0.315917 0.323679 -0.718130
v -0.312207 0.323679 -0.719257
v -0.308364 0.323679 -0.720295
v -0.304369 0.323679 -0.721239
v -0.301917 0.323679 -0.712680
v -0.295140 0.323679 -0.689018
v -0.284903 0.323679 -0.653273
v -0.272070 0.323679 -0.608466
v -0.257507 0.323679 -0.557618
v -0.242078 0.323679 -0.503749
v -0.226650 0.323679 -0.449880
v -0.212087 0.323679 -0.399031
v -0.199254 0.323679 -0.354224
v -0.189016 0.323679 -0.318479
v -0.182239 0.323679 -0.294817
v -0.179788 0.323679 -0.286259
v -0.097024 0.323679 0.002030
v -0.080958 0.323679 0.052697
v -0.074495 0.323679 0.055083
v -0.074121 0.323679 0.055106
v -0.073736 0.323679 0.054923
v -0.073345 0.323679 0.054562
v -0.072955 0.323679 0.054055
v -0.072573 0.323679 0.053431
v -0.072204 0.323679 0.052721
v -0.071854 0.323679 0.051955
v -0.071531 0.323679 0.051164
v -0.071240 0.323679 0.050377
v -0.070987 0.323679 0.049625
v -0.070780 0.323679 0.048939
v -0.070624 0.323679 0.048347
v -0.071485 0.323679 0.043971
v -0.073867 0.323679 0.031874
v -0.077466 0.323679 0.013598
v -0.081977 0.323679 -0.009310
v -0.087096 0.323679 -0.035308
v -0.092519 0.323679 -0.062849
v -0.097943 0.323679 -0.090391
v -0.103062 0.323679 -0.116388
v -0.107573 0.323679 -0.139297
v -0.111171 0.323679 -0.157572
v -0.113553 0.323679 -0.169670
v -0.114415 0.323679 -0.174046
v -0.231447 0.323679 -0.758011
v -0.217337 0.323679 -0.767733
v -0.202802 0.323679 -0.776232
v -0.187871 0.323679 -0.783549
v -0.172575 0.323679 -0.789721
v -0.156942 0.323679 -0.794791
v -0.141003 0.323679 -0.798795
v -0.124786 0.323679 -0.801775
v -0.108322 0.323679 -0.803769
v -0.091640 0.323679 -0.804818
v -0.074769 0.323679 -0.804960
v -0.057739 0.323679 -0.804236
v -0.040580 0.323679 -0.802684
v -0.039852 0.323679 -0.785862
v -0.037837 0.323679 -0.739356
v -0.034794 0.323679 -0.669102
v -0.030980 0.323679 -0.581037
v -0.026651 0.323679 -0.481098
v -0.022065 0.323679 -0.375222
v -0.017479 0.323679 -0.269346
v -0.013150 0.323679 -0.169407
v -0.009335 0.323679 -0.081342
v -0.006292 0.323679 -0.011088
v -0.004278 0.323679 0.035419
v -0.003549 0.323679 0.052240
v -0.003484 0.323679 0.052836
v -0.003342 0.323679 0.053509
v -0.003132 0.323679 0.054236
v -0.002864 0.323679 0.054990
v -0.002546 0.323679 0.055747
v -0.002187 0.323679 0.056482
v -0.001798 0.323679 0.057169
v -0.001387 0.323679 0.057783
v -0.000964 0.323679 0.058299
v -0.000537 0.323679 0.058693
v -0.000117 0.323679 0.058938
v 0.000288 0.323679 0.059010
v 0.000768 0.323679 0.058936
v 0.001258 0.323679 0.058770
v 0.001758 0.323679 0.058520
v 0.002265 0.323679 0.058194
v 0.002779 0.323679 0.057799
v 0.003297 0.323679 0.057343
v 0.003818 0.323679 0.056834
v 0.004340 0.323679 0.056280
v 0.004861 0.323679 0.055687
v 0.005381 0.323679 0.055064
v 0.005897 0.323679 0.054419
v 0.006408 0.323679 0.053759
v 0.006483 0.323679 0.052268
v 0.006688 0.323679 0.048146
v 0.006999 0.323679 0.041919
v 0.007388 0.323679 0.034114
v 0.007830 0.323679 0.025257
v 0.008298 0.323679 0.015873
v 0.008766 0.323679 0.006489
v 0.009208 0.323679 -0.002368
v 0.009597 0.323679 -0.010173
v 0.009908 0.323679 -0.016400
v 0.010114 0.323679 -0.020522
v 0.010188 0.323679 -0.022013
v 0.037148 0.323679 -0.800115
v 0.053479 0.323679 -0.800963
v 0.070170 0.323679 -0.801348
v 0.087092 0.323679 -0.801175
v 0.104113 0.323679 -0.800349
v 0.121103 0.323679 -0.798775
v 0.137931 0.323679 -0.796359
v 0.154466 0.323679 -0.793004
v 0.170577 0.323679 -0.788616
v 0.186133 0.323679 -0.783100
v 0.201003 0.323679 -0.776361
v 0.215057 0.323679 -0.768304
v 0.228164 0.323679 -0.758833
v 0.225211 0.323679 -0.743162
v 0.217048 0.323679 -0.699838
v 0.204717 0.323679 -0.634390
v 0.189260 0.323679 -0.552349
v 0.171719 0.323679 -0.459247
v 0.153136 0.323679 -0.360615
v 0.134552 0.323679 -0.261982
v 0.117011 0.323679 -0.168880
v 0.101554 0.323679 -0.086839
v 0.089223 0.323679 -0.021391
v 0.081060 0.323679 0.021933
v 0.078108 0.323679 0.037604
v 0.078035 0.323679 0.038332
v 0.078067 0.323679 0.039140
v 0.078191 0.323679 0.040005
v 0.078397 0.323679 0.040902
v 0.078672 0.323679 0.041808
v 0.079006 0.323679 0.042697
v 0.079386 0.323679 0.043548
v 0.079802 0.323679 0.044334
v 0.080242 0.323679 0.045033
v 0.080694 0.323679 0.045619
v 0.081148 0.323679 0.046070
v 0.081590 0.323679 0.046361
v 0.082122 0.323679 0.046516
v 0.082689 0.323679 0.046516
v 0.083287 0.323679 0.046376
v 0.083910 0.323679 0.046107
v 0.084551 0.323679 0.045723
v 0.085205 0.323679 0.045238
v 0.085865 0.323679 0.044664
v 0.086526 0.323679 0.044016
v 0.087182 0.323679 0.043306
v 0.087826 0.323679 0.042547
v 0.088454 0.323679 0.041753
v 0.089058 0.323679 0.040938
v 0.093318 0.323679 0.025886
v 0.105096 0.323679 -0.015728
v 0.122889 0.323679 -0.078591
v 0.145192 0.323679 -0.157392
v 0.170502 0.323679 -0.246817
v 0.197315 0.323679 -0.341555
v 0.224129 0.323679 -0.436292
v 0.249439 0.323679 -0.525718
v 0.271742 0.323679 -0.604518
v 0.289534 0.323679 -0.667382
v 0.301312 0.323679 -0.708995
v 0.305572 0.323679 -0.724047
v 0.376209 0.323679 -0.687274
v 0.381419 0.323679 -0.684424
v 0.386479 0.323679 -0.681390
v 0.391404 0.323679 -0.678191
v 0.396209 0.323679 -0.674843
v 0.400909 0.323679 -0.671362
v 0.405519 0.323679 -0.667765
v 0.410055 0.323679 -0.664068
v 0.414531 0.323679 -0.660288
v 0.418962 0.323679 -0.656442
v 0.423364 0.323679 -0.652545
v 0.427751 0.323679 -0.648615
v 0.432139 0.323679 -0.644668
v 0.435331 0.323679 -0.641396
v 0.438452 0.323679 -0.638134
v 0.441500 0.323679 -0.634863
v 0.444473 0.323679 -0.631566
v 0.447369 0.323679 -0.628227
v 0.450185 0.323679 -0.624826
v 0.452919 0.323679 -0.621348
v 0.455569 0.323679 -0.617774
v 0.458132 0.323679 -0.614088
v 0.460606 0.323679 -0.610271
v 0.462988 0.323679 -0.606306
v 0.465277 0.323679 -0.602176
v 0.464401 0.323679 -0.600248
v 0.461979 0.323679 -0.594918
v 0.458320 0.323679 -0.586867
v 0.453734 0.323679 -0.576775
v 0.448529 0.323679 -0.565321
v 0.443016 0.323679 -0.553188
v 0.437502 0.323679 -0.541054
v 0.432297 0.323679 -0.529601
v 0.427711 0.323679 -0.519508
v 0.424052 0.323679 -0.511457
v 0.421631 0.323679 -0.506127
v 0.420755 0.323679 -0.504200
v 0.169185 0.323679 0.035412
v 0.153587 0.323679 0.073566
v 0.153411 0.323679 0.074205
v 0.153346 0.323679 0.074960
v 0.153382 0.323679 0.075801
v 0.153510 0.323679 0.076698
v 0.153720 0.323679 0.077621
v 0.154004 0.323679 0.078539
v 0.154351 0.323679 0.079424
v 0.154752 0.323679 0.080245
v 0.155199 0.323679 0.080972
v 0.155681 0.323679 0.081575
v 0.156190 0.323679 0.082024
v 0.156715 0.323679 0.082288
v 0.157298 0.323679 0.082400
v 0.157977 0.323679 0.082424
v 0.158729 0.323679 0.082365
v 0.159531 0.323679 0.082229
v 0.160362 0.323679 0.082021
v 0.161200 0.323679 0.081746
v 0.162022 0.323679 0.081409
v 0.162806 0.323679 0.081016
v 0.163530 0.323679 0.080571
v 0.164172 0.323679 0.080079
v 0.164709 0.323679 0.079546
v 0.165120 0.323679 0.078978
v 0.165605 0.323679 0.078146
v 0.166946 0.323679 0.075846
v 0.168972 0.323679 0.072372
v 0.171511 0.323679 0.068017
v 0.174393 0.323679 0.063075
v 0.177446 0.323679 0.057840
v 0.180499 0.323679 0.052605
v 0.183381 0.323679 0.047663
v 0.185921 0.323679 0.043308
v 0.187947 0.323679 0.039834
v 0.189288 0.323679 0.037534
v 0.189773 0.323679 0.036702
v 0.515886 0.323679 -0.537182
v 0.517931 0.323679 -0.535642
v 0.519865 0.323679 -0.534089
v 0.521699 0.323679 -0.532522
v 0.523449 0.323679 -0.530940
v 0.525127 0.323679 -0.529345
v 0.526749 0.323679 -0.527736
v 0.528328 0.323679 -0.526113
v 0.529878 0.323679 -0.524476
v 0.531412 0.323679 -0.522824
v 0.532945 0.323679 -0.521159
v 0.534491 0.323679 -0.519479
v 0.536063 0.323679 -0.517785
v 0.545505 0.323679 -0.507394
v 0.554675 0.323679 -0.496679
v 0.563504 0.323679 -0.485642
v 0.571924 0.323679 -0.474282
v 0.579867 0.323679 -0.462602
v 0.587262 0.323679 -0.450601
v 0.594043 0.323679 -0.438280
v 0.600140 0.323679 -0.425642
v 0.605484 0.323679 -0.412685
v 0.610007 0.323679 -0.399411
v 0.613640 0.323679 -0.385822
v 0.616315 0.323679 -0.371917
v 0.613109 0.323679 -0.367859
v 0.604247 0.323679 -0.356640
v 0.590860 0.323679 -0.339692
v 0.574078 0.323679 -0.318447
v 0.555034 0.323679 -0.294338
v 0.534858 0.323679 -0.268797
v 0.514682 0.323679 -0.243256
v 0.495638 0.323679 -0.219147
v 0.478857 0.323679 -0.197903
v 0.465469 0.323679 -0.180955
v 0.456607 0.323679 -0.169736
v 0.453401 0.323679 -0.165678
v 0.243236 0.323679 0.098922
v 0.226051 0.323679 0.123262
v 0.225975 0.323679 0.123477
v 0.225944 0.323679 0.123816
v 0.225953 0.323679 0.124250
v 0.225996 0.323679 0.124752
v 0.226068 0.323679 0.125292
v 0.226164 0.323679 0.125842
v 0.226279 0.323679 0.126373
v 0.226407 0.323679 0.126856
v 0.226544 0.323679 0.127263
v 0.226684 0.323679 0.127565
v 0.226822 0.323679 0.127732
v 0.226953 0.323679 0.127738
v 0.227009 0.323679 0.127700
v 0.227165 0.323679 0.127597
v 0.227399 0.323679 0.127441
v 0.227693 0.323679 0.127246
v 0.228027 0.323679 0.127025
v 0.228381 0.323679 0.126790
v 0.228734 0.323679 0.126555
v 0.229068 0.323679 0.126334
v 0.229362 0.323679 0.126139
v 0.229597 0.323679 0.125983
v 0.229752 0.323679 0.125880
v 0.229808 0.323679 0.125842
v 0.257578 0.323679 0.099425
v 0.387868 0.323679 -0.032310
v 0.486059 0.323679 -0.131394
v 0.627494 0.323679 -0.272993
v 0.627747 0.323679 -0.273221
v 0.628047 0.323679 -0.273451
v 0.628383 0.323679 -0.273674
v 0.628744 0.323679 -0.273885
v 0.629118 0.323679 -0.274077
v 0.629494 0.323679 -0.274242
v 0.629860 0.323679 -0.274373
v 0.630207 0.323679 -0.274464
v 0.630521 0.323679 -0.274507
v 0.630792 0.323679 -0.274496
v 0.631008 0.323679 -0.274424
v 0.631159 0.323679 -0.274283
v 0.631208 0.323679 -0.274206
v 0.631344 0.323679 -0.273995
v 0.631548 0.323679 -0.273675
v 0.631805 0.323679 -0.273274
v 0.632096 0.323679 -0.272819
v 0.632404 0.323679 -0.272337
v 0.632712 0.323679 -0.271855
v 0.633003 0.323679 -0.271399
v 0.633260 0.323679 -0.270998
v 0.633464 0.323679 -0.270679
v 0.633600 0.323679 -0.270467
v 0.633649 0.323679 -0.270390
v 0.638347 0.323679 -0.259543
v 0.642542 0.323679 -0.248579
v 0.646240 0.323679 -0.237503
v 0.649450 0.323679 -0.226323
v 0.652180 0.323679 -0.215045
v 0.654436 0.323679 -0.203675
v 0.656226 0.323679 -0.192220
v 0.657558 0.323679 -0.180686
v 0.658440 0.323679 -0.169080
v 0.658880 0.323679 -0.157408
v 0.658885 0.323679 -0.145678
v 0.658451 -0.323679 -0.133883
v 0.658184 -0.323679 -0.127776
v 0.657862 -0.323679 -0.121716
v 0.657471 -0.323679 -0.115694
v 0.656998 -0.323679 -0.109702
v 0.656430 -0.323679 -0.103729
v 0.655754 -0.323679 -0.097768
v 0.654957 -0.323679 -0.091809
v 0.654026 -0.323679 -0.085843
v 0.652948 -0.323679 -0.079861
v 0.651709 -0.323679 -0.073855
v 0.650297 -0.323679 -0.067814
v 0.648699 -0.323679 -0.061731
v 0.643848 -0.323679 -0.058173
v 0.630439 -0.323679 -0.048339
v 0.610181 -0.323679 -0.033482
v 0.584788 -0.323679 -0.014859
v 0.555972 -0.323679 0.006276
v 0.525443 -0.323679 0.028665
v 0.494915 -0.323679 0.051055
v 0.466098 -0.323679 0.072189
v 0.440705 -0.323679 0.090812
v 0.420448 -0.323679 0.105669
v 0.407038 -0.323679 0.115504
v 0.402188 -0.323679 0.119061
v 0.378345 -0.323679 0.351295
v 0.293754 -0.323679 0.353556
v 0.076943 -0.323679 0.355474
v 0.051205 -0.323679 0.378935
v 0.044580 -0.323679 0.384307
v 0.037544 -0.323679 0.388766
v 0.030171 -0.323679 0.392309
v 0.022536 -0.323679 0.394933
v 0.014712 -0.323679 0.396637
v 0.006775 -0.323679 0.397418
v -0.001202 -0.323679 0.397273
v -0.009145 -0.323679 0.396200
v -0.016979 -0.323679 0.394196
v -0.024629 -0.323679 0.391259
v -0.032023 -0.323679 0.387387
v -0.039085 -0.323679 0.382576
v -0.041650 -0.323679 0.380547
v -0.044125 -0.323679 0.378476
v -0.046522 -0.323679 0.376361
v -0.048854 -0.323679 0.374201
v -0.051131 -0.323679 0.371995
v -0.053368 -0.323679 0.369740
v -0.055576 -0.323679 0.367435
v -0.057768 -0.323679 0.365078
v -0.059955 -0.323679 0.362667
v -0.062151 -0.323679 0.360201
v -0.064367 -0.323679 0.357678
v -0.066616 -0.323679 0.355097
v -0.072614 -0.323679 0.355097
v -0.089200 -0.323679 0.355097
v -0.114254 -0.323679 0.355097
v -0.145660 -0.323679 0.355097
v -0.181300 -0.323679 0.355097
v -0.219058 -0.323679 0.355097
v -0.256816 -0.323679 0.355097
v -0.292456 -0.323679 0.355097
v -0.323862 -0.323679 0.355097
v -0.348916 -0.323679 0.355097
v -0.365501 -0.323679 0.355097
v -0.371500 -0.323679 0.355097
v -0.372013 -0.323679 0.350638
v -0.373431 -0.323679 0.338310
v -0.375574 -0.323679 0.319686
v -0.378259 -0.323679 0.296341
v -0.381307 -0.323679 0.269849
v -0.384535 -0.323679 0.241783
v -0.387763 -0.323679 0.213716
v -0.390811 -0.323679 0.187224
v -0.393496 -0.323679 0.163879
v -0.395639 -0.323679 0.145256
v -0.397057 -0.323679 0.132927
v -0.397570 -0.323679 0.128468
v -0.402301 -0.323679 0.124866
v -0.415383 -0.323679 0.114907
v -0.435145 -0.323679 0.099863
v -0.459917 -0.323679 0.081004
v -0.488029 -0.323679 0.059603
v -0.517811 -0.323679 0.036931
v -0.547593 -0.323679 0.014258
v -0.575705 -0.323679 -0.007143
v -0.600476 -0.323679 -0.026001
v -0.620238 -0.323679 -0.041046
v -0.633320 -0.323679 -0.051005
v -0.638052 -0.323679 -0.054607
v -0.640472 -0.323679 -0.056298
v -0.642637 -0.323679 -0.058079
v -0.644565 -0.323679 -0.059953
v -0.646275 -0.323679 -0.061926
v -0.647787 -0.323679 -0.064000
v -0.649119 -0.323679 -0.066179
v -0.650291 -0.323679 -0.068466
v -0.651322 -0.323679 -0.070866
v -0.652231 -0.323679 -0.073382
v -0.653036 -0.323679 -0.076018
v -0.653758 -0.323679 -0.078777
v -0.654415 -0.323679 -0.081664
v -0.656798 -0.323679 -0.098984
v -0.658442 -0.323679 -0.115906
v -0.659344 -0.323679 -0.132499
v -0.659502 -0.323679 -0.148831
v -0.658915 -0.323679 -0.164969
v -0.657578 -0.323679 -0.180983
v -0.655491 -0.323679 -0.196940
v -0.652651 -0.323679 -0.212908
v -0.649055 -0.323679 -0.228955
v -0.644702 -0.323679 -0.245150
v -0.639588 -0.323679 -0.261561
v -0.633713 -0.323679 -0.278256
v -0.633186 -0.323679 -0.277758
v -0.631731 -0.323679 -0.276382
v -0.629532 -0.323679 -0.274303
v -0.626776 -0.323679 -0.271697
v -0.623649 -0.323679 -0.268740
v -0.620335 -0.323679 -0.265607
v -0.617022 -0.323679 -0.262474
v -0.613894 -0.323679 -0.259516
v -0.611139 -0.323679 -0.256910
v -0.608940 -0.323679 -0.254831
v -0.607485 -0.323679 -0.253455
v -0.606958 -0.323679 -0.252957
v -0.461949 -0.323679 -0.106244
v -0.368577 -0.323679 -0.011133
v -0.263786 -0.323679 0.095052
v -0.224802 -0.323679 0.132064
v -0.219161 -0.323679 0.132350
v -0.218863 -0.323679 0.132322
v -0.218565 -0.323679 0.132215
v -0.218267 -0.323679 0.132035
v -0.217968 -0.323679 0.131788
v -0.217669 -0.323679 0.131481
v -0.217371 -0.323679 0.131121
v -0.217073 -0.323679 0.130714
v -0.216776 -0.323679 0.130267
v -0.216479 -0.323679 0.129786
v -0.216184 -0.323679 0.129278
v -0.215890 -0.323679 0.128749
v -0.215598 -0.323679 0.128206
v -0.216500 -0.323679 0.127052
v -0.218995 -0.323679 0.123863
v -0.222763 -0.323679 0.119046
v -0.227487 -0.323679 0.113007
v -0.232848 -0.323679 0.106154
v -0.238527 -0.323679 0.098894
v -0.244206 -0.323679 0.091634
v -0.249567 -0.323679 0.084781
v -0.254291 -0.323679 0.078742
v -0.258059 -0.323679 0.073925
v -0.260554 -0.323679 0.070736
v -0.261456 -0.323679 0.069582
v -0.612062 -0.323679 -0.359827
v -0.610407 -0.323679 -0.376040
v -0.607212 -0.323679 -0.392079
v -0.602604 -0.323679 -0.407902
v -0.596706 -0.323679 -0.423465
v -0.589643 -0.323679 -0.438725
v -0.581538 -0.323679 -0.453640
v -0.572517 -0.323679 -0.468167
v -0.562704 -0.323679 -0.482262
v -0.552223 -0.323679 -0.495883
v -0.541198 -0.323679 -0.508987
v -0.529755 -0.323679 -0.521531
v -0.518016 -0.323679 -0.533471
v -0.511760 -0.323679 -0.522780
v -0.494462 -0.323679 -0.493219
v -0.468332 -0.323679 -0.448565
v -0.435576 -0.323679 -0.392589
v -0.398405 -0.323679 -0.329067
v -0.359025 -0.323679 -0.261770
v -0.319645 -0.323679 -0.194474
v -0.282474 -0.323679 -0.130951
v -0.249719 -0.323679 -0.074976
v -0.223588 -0.323679 -0.030321
v -0.206291 -0.323679 -0.000761
v -0.200034 -0.323679 0.009931
v -0.160262 -0.323679 0.076249
v -0.159628 -0.323679 0.077220
v -0.158910 -0.323679 0.078166
v -0.158115 -0.323679 0.079084
v -0.157253 -0.323679 0.079970
v -0.156334 -0.323679 0.080820
v -0.155366 -0.323679 0.081631
v -0.154359 -0.323679 0.082399
v -0.153321 -0.323679 0.083119
v -0.152262 -0.323679 0.083790
v -0.151191 -0.323679 0.084406
v -0.150117 -0.323679 0.084965
v -0.149049 -0.323679 0.085462
v -0.148648 -0.323679 0.085004
v -0.148258 -0.323679 0.084376
v -0.147887 -0.323679 0.083608
v -0.147543 -0.323679 0.082732
v -0.147235 -0.323679 0.081779
v -0.146972 -0.323679 0.080779
v -0.146762 -0.323679 0.079763
v -0.146615 -0.323679 0.078762
v -0.146539 -0.323679 0.077808
v -0.146542 -0.323679 0.076930
v -0.146634 -0.323679 0.076161
v -0.146822 -0.323679 0.075530
v -0.147102 -0.323679 0.074888
v -0.147874 -0.323679 0.073115
v -0.149042 -0.323679 0.070437
v -0.150505 -0.323679 0.067079
v -0.152165 -0.323679 0.063269
v -0.153925 -0.323679 0.059233
v -0.155684 -0.323679 0.055196
v -0.157344 -0.323679 0.051386
v -0.158808 -0.323679 0.048028
v -0.159975 -0.323679 0.045350
v -0.160748 -0.323679 0.043577
v -0.161027 -0.323679 0.042936
v -0.468778 -0.323679 -0.598797
v -0.461048 -0.323679 -0.610251
v -0.452824 -0.323679 -0.621287
v -0.444120 -0.323679 -0.631887
v -0.434953 -0.323679 -0.642037
v -0.425341 -0.323679 -0.651722
v -0.415297 -0.323679 -0.660925
v -0.404840 -0.323679 -0.669632
v -0.393986 -0.323679 -0.677827
v -0.382750 -0.323679 -0.685494
v -0.371148 -0.323679 -0.692618
v -0.359198 -0.323679 -0.699184
v -0.346915 -0.323679 -0.705176
v -0.343427 -0.323679 -0.706781
v -0.340000 -0.323679 -0.708361
v -0.336613 -0.323679 -0.709909
v -0.333243 -0.323679 -0.711418
v -0.329870 -0.323679 -0.712881
v -0.326473 -0.323679 -0.714290
v -0.323029 -0.323679 -0.715640
v -0.319518 -0.323679 -0.716922
v -0.315917 -0.323679 -0.718130
v -0.312207 -0.323679 -0.719257
v -0.308364 -0.323679 -0.720295
v -0.304369 -0.323679 -0.721239
v -0.301917 -0.323679 -0.712680
v -0.295140 -0.323679 -0.689018
v -0.284903 -0.323679 -0.653273
v -0.272070 -0.323679 -0.608466
v -0.257507 -0.323679 -0.557618
v -0.242078 -0.323679 -0.503749
v -0.226650 -0.323679 -0.449880
v -0.212087 -0.323679 -0.399031
v -0.199254 -0.323679 -0.354224
v -0.189016 -0.323679 -0.318479
v -0.182239 -0.323679 -0.294817
v -0.179788 -0.323679 -0.286259
v -0.097024 -0.323679 0.002030
v -0.080958 -0.323679 0.052697
v -0.074495 -0.323679 0.055083
v -0.074121 -0.323679 0.055106
v -0.073736 -0.323679 0.054923
v -0.073345 -0.323679 0.054562
v -0.072955 -0.323679 0.054055
v -0.072573 -0.323679 0.053431
v -0.072204 -0.323679 0.052721
v -0.071854 -0.323679 0.051955
v -0.071531 -0.323679 0.051164
v -0.071240 -0.323679 0.050377
v -0.070987 -0.323679 0.049625
v -0.070780 -0.323679 0.048939
v -0.070624 -0.323679 0.048347
v -0.071485 -0.323679 0.043971
v -0.073867 -0.323679 0.031874
v -0.077466 -0.323679 0.013598
v -0.081977 -0.323679 -0.009310
v -0.087096 -0.323679 -0.035308
v -0.092519 -0.323679 -0.062849
v -0.097943 -0.323679 -0.090391
v -0.103062 -0.323679 -0.116388
v -0.107573 -0.323679 -0.139297
v -0.111171 -0.323679 -0.157572
v -0.113553 -0.323679 -0.169670
v -0.114415 -0.323679 -0.174046
v -0.231447 -0.323679 -0.758011
v -0.217337 -0.323679 -0.767733
v -0.202802 -0.323679 -0.776232
v -0.187871 -0.323679 -0.783549
v -0.172575 -0.323679 -0.789721
v -0.156942 -0.323679 -0.794791
v -0.141003 -0.323679 -0.798795
v -0.124786 -0.323679 -0.801775
v -0.108322 -0.323679 -0.803769
v -0.091640 -0.323679 -0.804818
v -0.074769 -0.323679 -0.804960
v -0.057739 -0.323679 -0.804236
v -0.040580 -0.323679 -0.802684
v -0.039852 -0.323679 -0.785862
v -0.037837 -0.323679 -0.739356
v -0.034794 -0.323679 -0.669102
v -0.030980 -0.323679 -0.581037
v -0.026651 -0.323679 -0.481098
v -0.022065 -0.323679 -0.375222
v -0.017479 -0.323679 -0.269346
v -0.013150 -0.323679 -0.169407
v -0.009335 -0.323679 -0.081342
v -0.006292 -0.323679 -0.011088
v -0.004278 -0.323679 0.035419
v -0.003549 -0.323679 0.052240
v -0.003484 -0.323679 0.052836
v -0.003342 -0.323679 0.053509
v -0.003132 -0.323679 0.054236
v -0.002864 -0.323679 0.054990
v -0.002546 -0.323679 0.055747
v -0.002187 -0.323679 0.056482
v -0.001798 -0.323679 0.057169
v -0.001387 -0.323679 0.057783
v -0.000964 -0.323679 0.058299
v -0.000537 -0.323679 0.058693
v -0.000117 -0.323679 0.058938
v 0.000288 -0.323679 0.059010
v 0.000768 -0.323679 0.058936
v 0.001258 -0.323679 0.058770
v 0.001758 -0.323679 0.058520
v 0.002265 -0.323679 0.058194
v 0.002779 -0.323679 0.057799
v 0.003297 -0.323679 0.057343
v 0.003818 -0.323679 0.056834
v 0.004340 -0.323679 0.056280
v 0.004861 -0.323679 0.055687
v 0.005381 -0.323679 0.055064
v 0.005897 -0.323679 0.054419
v 0.006408 -0.323679 0.053759
v 0.006483 -0.323679 0.052268
v 0.006688 -0.323679 0.048146
v 0.006999 -0.323679 0.041919
v 0.007388 -0.323679 0.034114
v 0.007830 -0.323679 0.025257
v 0.008298 -0.323679 0.015873
v 0.008766 -0.323679 0.006489
v 0.009208 -0.323679 -0.002368
v 0.009597 -0.323679 -0.010173
v 0.009908 -0.323679 -0.016400
v 0.010114 -0.323679 -0.020522
v 0.010188 -0.323679 -0.022013
v 0.037148 -0.323679 -0.800115
v 0.053479 -0.323679 -0.800963
v 0.070170 -0.323679 -0.801348
v 0.087092 -0.323679 -0.801175
v 0.104113 -0.323679 -0.800349
v 0.121103 -0.323679 -0.798775
v 0.137931 -0.323679 -0.796359
v 0.154466 -0.323679 -0.793004
v 0.170577 -0.323679 -0.788616
v 0.186133 -0.323679 -0.783100
v 0.201003 -0.323679 -0.776361
v 0.215057 -0.323679 -0.768304
v 0.228164 -0.323679 -0.758833
v 0.225211 -0.323679 -0.743162
v 0.217048 -0.323679 -0.699838
v 0.204717 -0.323679 -0.634390
v 0.189260 -0.323679 -0.552349
v 0.171719 -0.323679 -0.459247
v 0.153136 -0.323679 -0.360615
v 0.134552 -0.323679 -0.261982
v 0.117011 -0.323679 -0.168880
v 0.101554 -0.323679 -0.086839
v 0.089223 -0.323679 -0.021391
v 0.081060 -0.323679 0.021933
v 0.078108 -0.323679 0.037604
v 0.078035 -0.323679 0.038332
v 0.078067 -0.323679 0.039140
v 0.078191 -0.323679 0.040005
v 0.078397 -0.323679 0.040902
v 0.078672 -0.323679 0.041808
v 0.079006 -0.323679 0.042697
v 0.079386 -0.323679 0.043548
v 0.079802 -0.323679 0.044334
v 0.080242 -0.323679 0.045033
v 0.080694 -0.323679 0.045619
v 0.081148 -0.323679 0.046070
v 0.081590 -0.323679 0.046361
v 0.082122 -0.323679 0.046516
v 0.082689 -0.323679 0.046516
v 0.083287 -0.323679 0.046376
v 0.083910 -0.323679 0.046107
v 0.084551 -0.323679 0.045723
v 0.085205 -0.323679 0.045238
v 0.085865 -0.323679 0.044664
v 0.086526 -0.323679 0.044016
v 0.087182 -0.323679 0.043306
v 0.087826 -0.323679 0.042547
v 0.088454 -0.323679 0.041753
v 0.089058 -0.323679 0.040938
v 0.093318 -0.323679 0.025886
v 0.105096 -0.323679 -0.015728
v 0.122889 -0.323679 -0.078591
v 0.145192 -0.323679 -0.157392
v 0.170502 -0.323679 -0.246817
v 0.197315 -0.323679 -0.341555
v 0.224129 -0.323679 -0.436292
v 0.249439 -0.323679 -0.525718
v 0.271742 -0.323679 -0.604518
v 0.289534 -0.323679 -0.667382
v 0.301312 -0.323679 -0.708995
v 0.305572 -0.323679 -0.724047
v 0.376209 -0.323679 -0.687274
v 0.381419 -0.323679 -0.684424
v 0.386479 -0.323679 -0.681390
v 0.391404 -0.323679 -0.678191
v 0.396209 -0.323679 -0.674843
v 0.400909 -0.323679 -0.671362
v 0.405519 -0.323679 -0.667765
v 0.410055 -0.323679 -0.664068
v 0.414531 -0.323679 -0.660288
v 0.418962 -0.323679 -0.656442
v 0.423364 -0.323679 -0.652545
v 0.427751 -0.323679 -0.648615
v 0.432139 -0.323679 -0.644668
v 0.435331 -0.323679 -0.641396
v 0.438452 -0.323679 -0.638134
v 0.441500 -0.323679 -0.634863
v 0.444473 -0.323679 -0.631566
v 0.447369 -0.323679 -0.628227
v 0.450185 -0.323679 -0.624826
v 0.452919 -0.323679 -0.621348
v 0.455569 -0.323679 -0.617774
v 0.458132 -0.323679 -0.614088
v 0.460606 -0.323679 -0.610271
v 0.462988 -0.323679 -0.606306
v 0.465277 -0.323679 -0.602176
v 0.464401 -0.323679 -0.600248
v 0.461979 -0.323679 -0.594918
v 0.458320 -0.323679 -0.586867
v 0.453734 -0.323679 -0.576775
v 0.448529 -0.323679 -0.565321
v 0.443016 -0.323679 -0.553188
v 0.437502 -0.323679 -0.541054
v 0.432297 -0.323679 -0.529601
v 0.427711 -0.323679 -0.519508
v 0.424052 -0.323679 -0.511457
v 0.421631 -0.323679 -0.506127
v 0.420755 -0.323679 -0.504200
v 0.169185 -0.323679 0.035412
v 0.153587 -0.323679 0.073566
v 0.153411 -0.323679 0.074205
v 0.153346 -0.323679 0.074960
v 0.153382 -0.323679 0.075801
v 0.153510 -0.323679 0.076698
v 0.153720 -0.323679 0.077621
v 0.154004 -0.323679 0.078539
v 0.154351 -0.323679 0.079424
v 0.154752 -0.323679 0.080245
v 0.155199 -0.323679 0.080972
v 0.155681 -0.323679 0.081575
v 0.156190 -0.323679 0.082024
v 0.156715 -0.323679 0.082288
v 0.157298 -0.323679 0.082400
v 0.157977 -0.323679 0.082424
v 0.158729 -0.323679 0.082365
v 0.159531 -0.323679 0.082229
v 0.160362 -0.323679 0.082021
v 0.161200 -0.323679 0.081746
v 0.162022 -0.323679 0.081409
v 0.162806 -0.323679 0.081016
v 0.163530 -0.323679 0.080571
v 0.164172 -0.323679 0.080079
v 0.164709 -0.323679 0.079546
v 0.165120 -0.323679 0.078978
v 0.165605 -0.323679 0.078146
v 0.166946 -0.323679 0.075846
v 0.168972 -0.323679 0.072372
v 0.171511 -0.323679 0.068017
v 0.174393 -0.323679 0.063075
v 0.177446 -0.323679 0.057840
v 0.180499 -0.323679 0.052605
v 0.183381 -0.323679 0.047663
v 0.185921 -0.323679 0.043308
v 0.187947 -0.323679 0.039834
v 0.189288 -0.323679 0.037534
v 0.189773 -0.323679 0.036702
v 0.515886 -0.323679 -0.537182
v 0.517931 -0.323679 -0.535642
v 0.519865 -0.323679 -0.534089
v 0.521699 -0.323679 -0.532522
v 0.523449 -0.323679 -0.530940
v 0.525127 -0.323679 -0.529345
v 0.526749 -0.323679 -0.527736
v 0.528328 -0.323679 -0.526113
v 0.529878 -0.323679 -0.524476
v 0.531412 -0.323679 -0.522824
v 0.532945 -0.323679 -0.521159
v 0.534491 -0.323679 -0.519479
v 0.536063 -0.323679 -0.517785
v 0.545505 -0.323679 -0.507394
v 0.554675 -0.323679 -0.496679
v 0.563504 -0.323679 -0.485642
v 0.571924 -0.323679 -0.474282
v 0.579867 -0.323679 -0.462602
v 0.587262 -0.323679 -0.450601
v 0.594043 -0.323679 -0.438280
v 0.600140 -0.323679 -0.425642
v 0.605484 -0.323679 -0.412685
v 0.610007 -0.323679 -0.399411
v 0.613640 -0.323679 -0.385822
v 0.616315 -0.323679 -0.371917
v 0.613109 -0.323679 -0.367859
v 0.604247 -0.323679 -0.356640
v 0.590860 -0.323679 -0.339692
v 0.574078 -0.323679 -0.318447
v 0.555034 -0.323679 -0.294338
v 0.534858 -0.323679 -0.268797
v 0.514682 -0.323679 -0.243256
v 0.495638 -0.323679 -0.219147
v 0.478857 -0.323679 -0.197903
v 0.465469 -0.323679 -0.180955
v 0.456607 -0.323679 -0.169736
v 0.453401 -0.323679 -0.165678
v 0.243236 -0.323679 0.098922
v 0.226051 -0.323679 0.123262
v 0.225975 -0.323679 0.123477
v 0.225944 -0.323679 0.123816
v 0.225953 -0.323679 0.124250
v 0.225996 -0.323679 0.124752
v 0.226068 -0.323679 0.125292
v 0.226164 -0.323679 0.125842
v 0.226279 -0.323679 0.126373
v 0.226407 -0.323679 0.126856
v 0.226544 -0.323679 0.127263
v 0.226684 -0.323679 0.127565
v 0.226822 -0.323679 0.127732
v 0.226953 -0.323679 0.127738
v 0.227009 -0.323679 0.127700
v 0.227165 -0.323679 0.127597
v 0.227399 -0.323679 0.127441
v 0.227693 -0.323679 0.127246
v 0.228027 -0.323679 0.127025
v 0.228381 -0.323679 0.126790
v 0.228734 -0.323679 0.126555
v 0.229068 -0.323679 0.126334
v 0.229362 -0.323679 0.126139
v 0.229597 -0.323679 0.125983
v 0.229752 -0.323679 0.125880
v 0.229808 -0.323679 0.125842
v 0.257578 -0.323679 0.099425
v 0.387868 -0.323679 -0.032310
v 0.486059 -0.323679 -0.131394
v 0.627494 -0.323679 -0.272993
v 0.627747 -0.323679 -0.273221
v 0.628047 -0.323679 -0.273451
v 0.628383 -0.323679 -0.273674
v 0.628744 -0.323679 -0.273885
v 0.629118 -0.323679 -0.274077
v 0.629494 -0.323679 -0.274242
v 0.629860 -0.323679 -0.274373
v 0.630207 -0.323679 -0.274464
v 0.630521 -0.323679 -0.274507
v 0.630792 -0.323679 -0.274496
v 0.631008 -0.323679 -0.274424
v 0.631159 -0.323679 -0.274283
v 0.631208 -0.323679 -0.274206
v 0.631344 -0.323679 -0.273995
v 0.631548 -0.323679 -0.273675
v 0.631805 -0.323679 -0.273274
v 0.632096 -0.323679 -0.272819
v 0.632404 -0.323679 -0.272337
v 0.632712 -0.323679 -0.271855
v 0.633003 -0.323679 -0.271399
v 0.633260 -0.323679 -0.270998
v 0.633464 -0.323679 -0.270679
v 0.633600 -0.323679 -0.270467
v 0.633649 -0.323679 -0.270390
v 0.638347 -0.323679 -0.259543
v 0.642542 -0.323679 -0.248579
v 0.646240 -0.323679 -0.237503
v 0.649450 -0.323679 -0.226323
v 0.652180 -0.323679 -0.215045
v 0.654436 -0.323679 -0.203675
v 0.656226 -0.323679 -0.192220
v 0.657558 -0.323679 -0.180686
v 0.658440 -0.323679 -0.169080
v 0.658880 -0.323679 -0.157408
v 0.658885 -0.323679 -0.145678
v 0.658451 -0.323679 -0.133883
v 0.658451 0.323679 -0.133883
v 0.658184 -0.323679 -0.127776
v 0.658184 0.323679 -0.127776
v 0.657862 -0.323679 -0.121716
v 0.657862 0.323679 -0.121716
v 0.657471 -0.323679 -0.115694
v 0.657471 0.323679 -0.115694
v 0.656998 -0.323679 -0.109702
v 0.656998 0.323679 -0.109702
v 0.656430 -0.323679 -0.103729
v 0.656430 0.323679 -0.103729
v 0.655754 -0.323679 -0.097768
v 0.655754 0.323679 -0.097768
v 0.654957 -0.323679 -0.091809
v 0.654957 0.323679 -0.091809
v 0.654026 -0.323679 -0.085843
v 0.654026 0.323679 -0.085843
v 0.652948 -0.323679 -0.079861
v 0.652948 0.323679 -0.079861
v 0.651709 -0.323679 -0.073855
v 0.651709 0.323679 -0.073855
v 0.650297 -0.323679 -0.067814
v 0.650297 0.323679 -0.067814
v 0.648699 -0.323679 -0.061731
v 0.648699 0.323679 -0.061731
v 0.643848 -0.323679 -0.058173
v 0.643848 0.323679 -0.058173
v 0.630439 -0.323679 -0.048339
v 0.630439 0.323679 -0.048339
v 0.610181 -0.323679 -0.033482
v 0.610181 0.323679 -0.033482
v 0.584788 -0.323679 -0.014859
v 0.584788 0.323679 -0.014859
v 0.555972 -0.323679 0.006276
v 0.555972 0.323679 0.006276
v 0.525443 -0.323679 0.028665
v 0.525443 0.323679 0.028665
v 0.494915 -0.323679 0.051055
v 0.494915 0.323679 0.051055
v 0.466098 -0.323679 0.072189
v 0.466098 0.323679 0.072189
v 0.440705 -0.323679 0.090812
v 0.440705 0.323679 0.090812
v 0.420448 -0.323679 0.105669
v 0.420448 0.323679 0.105669
v 0.407038 -0.323679 0.115504
v 0.407038 0.323679 0.115504
v 0.402188 -0.323679 0.119061
v 0.402188 0.323679 0.119061
v 0.378345 -0.323679 0.351295
v 0.378345 0.323679 0.351295
v 0.293754 -0.323679 0.353556
v 0.293754 0.323679 0.353556
v 0.076943 -0.323679 0.355474
v 0.076943 0.323679 0.355474
v 0.051205 -0.323679 0.378935
v 0.051205 0.323679 0.378935
v 0.044580 -0.323679 0.384307
v 0.044580 0.323679 0.384307
v 0.037544 -0.323679 0.388766
v 0.037544 0.323679 0.388766
v 0.030171 -0.323679 0.392309
v 0.030171 0.323679 0.392309
v 0.022536 -0.323679 0.394933
v 0.022536 0.323679 0.394933
v 0.014712 -0.323679 0.396637
v 0.014712 0.323679 0.396637
v 0.006775 -0.323679 0.397418
v 0.006775 0.323679 0.397418
v -0.001202 -0.323679 0.397273
v -0.001202 0.323679 0.397273
v -0.009145 -0.323679 0.396200
v -0.009145 0.323679 0.396200
v -0.016979 -0.323679 0.394196
v -0.016979 0.323679 0.394196
v -0.024629 -0.323679 0.391259
v -0.024629 0.323679 0.391259
v -0.032023 -0.323679 0.387387
v -0.032023 0.323679 0.387387
v -0.039085 -0.323679 0.382576
v -0.039085 0.323679 0.382576
v -0.041650 -0.323679 0.380547
v -0.041650 0.323679 0.380547
v -0.044125 -0.323679 0.378476
v -0.044125 0.323679 0.378476
v -0.046522 -0.323679 0.376361
v -0.046522 0.323679 0.376361
v -0.048854 -0.323679 0.374201
v -0.048854 0.323679 0.374201
v -0.051131 -0.323679 0.371995
v -0.051131 0.323679 0.371995
v -0.053368 -0.323679 0.369740
v -0.053368 0.323679 0.369740
v -0.055576 -0.323679 0.367435
v -0.055576 0.323679 0.367435
v -0.057768 -0.323679 0.365078
v -0.057768 0.323679 0.365078
v -0.059955 -0.323679 0.362667
v -0.059955 0.323679 0.362667
v -0.062151 -0.323679 0.360201
v -0.062151 0.323679 0.360201
v -0.064367 -0.323679 0.357678
v -0.064367 0.323679 0.357678
v -0.066616 -0.323679 0.355097
v -0.066616 0.323679 0.355097
v -0.072614 -0.323679 0.355097
v -0.072614 0.323679 0.355097
v -0.089200 -0.323679 0.355097
v -0.089200 0.323679 0.355097
v -0.114254 -0.323679 0.355097
v -0.114254 0.323679 0.355097
v -0.145660 -0.323679 0.355097
v -0.145660 0.323679 0.355097
v -0.181300 -0.323679 0.355097
v -0.181300 0.323679 0.355097
v -0.219058 -0.323679 0.355097
v -0.219058 0.323679 0.355097
v -0.256816 -0.323679 0.355097
v -0.256816 0.323679 0.355097
v -0.292456 -0.323679 0.355097
v -0.292456 0.323679 0.355097
v -0.323862 -0.323679 0.355097
v -0.323862 0.323679 0.355097
v -0.348916 -0.323679 0.355097
v -0.348916 0.323679 0.355097
v -0.365501 -0.323679 0.355097
v -0.365501 0.323679 0.355097
v -0.371500 -0.323679 0.355097
v -0.371500 0.323679 0.355097
v -0.372013 -0.323679 0.350638
v -0.372013 0.323679 0.350638
v -0.373431 -0.323679 0.338310
v -0.373431 0.323679 0.338310
v -0.375574 -0.323679 0.319686
v -0.375574 0.323679 0.319686
v -0.378259 -0.323679 0.296341
v -0.378259 0.323679 0.296341
v -0.381307 -0.323679 0.269849
v -0.381307 0.323679 0.269849
v -0.384535 -0.323679 0.241783
v -0.384535 0.323679 0.241783
v -0.387763 -0.323679 0.213716
v -0.387763 0.323679 0.213716
v -0.390811 -0.323679 0.187224
v -0.390811 0.323679 0.187224
v -0.393496 -0.323679 0.163879
v -0.393496 0.323679 0.163879
v -0.395639 -0.323679 0.145256
v -0.395639 0.323679 0.145256
v -0.397057 -0.323679 0.132927
v -0.397057 0.323679 0.132927
v -0.397570 -0.323679 0.128468
v -0.397570 0.323679 0.128468
v -0.402301 -0.323679 0.124866
v -0.402301 0.323679 0.124866
v -0.415383 -0.323679 0.114907
v -0.415383 0.323679 0.114907
v -0.435145 -0.323679 0.099863
v -0.435145 0.323679 0.099863
v -0.459917 -0.323679 0.081004
v -0.459917 0.323679 0.081004
v -0.488029 -0.323679 0.059603
v -0.488029 0.323679 0.059603
v -0.517811 -0.323679 0.036931
v -0.517811 0.323679 0.036931
v -0.547593 -0.323679 0.014258
v -0.547593 0.323679 0.014258
v -0.575705 -0.323679 -0.007143
v -0.575705 0.323679 -0.007143
v -0.600476 -0.323679 -0.026001
v -0.600476 0.323679 -0.026001
v -0.620238 -0.323679 -0.041046
v -0.620238 0.323679 -0.041046
v -0.633320 -0.323679 -0.051005
v -0.633320 0.323679 -0.051005
v -0.638052 -0.323679 -0.054607
v -0.638052 0.323679 -0.054607
v -0.640472 -0.323679 -0.056298
v -0.640472 0.323679 -0.056298
v -0.642637 -0.323679 -0.058079
v -0.642637 0.323679 -0.058079
v -0.644565 -0.323679 -0.059953
v -0.644565 0.323679 -0.059953
v -0.646275 -0.323679 -0.061926
v -0.646275 0.323679 -0.061926
v -0.647787 -0.323679 -0.064000
v -0.647787 0.323679 -0.064000
v -0.649119 -0.323679 -0.066179
v -0.649119 0.323679 -0.066179
v -0.650291 -0.323679 -0.068466
v -0.650291 0.323679 -0.068466
v -0.651322 -0.323679 -0.070866
v -0.651322 0.323679 -0.070866
v -0.652231 -0.323679 -0.073382
v -0.652231 0.323679 -0.073382
v -0.653036 -0.323679 -0.076018
v -0.653036 0.323679 -0.076018
v -0.653758 -0.323679 -0.078777
v -0.653758 0.323679 -0.078777
v -0.654415 -0.323679 -0.081664
v -0.654415 0.323679 -0.081664
v -0.656798 -0.323679 -0.098984
v -0.656798 0.323679 -0.098984
v -0.658442 -0.323679 -0.115906
v -0.658442 0.323679 -0.115906
v -0.659344 -0.323679 -0.132499
v -0.659344 0.323679 -0.132499
v -0.659502 -0.323679 -0.148831
v -0.659502 0.323679 -0.148831
v -0.658915 -0.323679 -0.164969
v -0.658915 0.323679 -0.164969
v -0.657578 -0.323679 -0.180983
v -0.657578 0.323679 -0.180983
v -0.655491 -0.323679 -0.196940
v -0.655491 0.323679 -0.196940
v -0.652651 -0.323679 -0.212908
v -0.652651 0.323679 -0.212908
v -0.649055 -0.323679 -0.228955
v -0.649055 0.323679 -0.228955
v -0.644702 -0.323679 -0.245150
v -0.644702 0.323679 -0.245150
v -0.639588 -0.323679 -0.261561
v -0.639588 0.323679 -0.261561
v -0.633713 -0.323679 -0.278256
v -0.633713 0.323679 -0.278256
v -0.633186 -0.323679 -0.277758
v -0.633186 0.323679 -0.277758
v -0.631731 -0.323679 -0.276382
v -0.631731 0.323679 -0.276382
v -0.629532 -0.323679 -0.274303
v -0.629532 0.323679 -0.274303
v -0.626776 -0.323679 -0.271697
v -0.626776 0.323679 -0.271697
v -0.623649 -0.323679 -0.268740
v -0.623649 0.323679 -0.268740
v -0.620335 -0.323679 -0.265607
v -0.620335 0.323679 -0.265607
v -0.617022 -0.323679 -0.262474
v -0.617022 0.323679 -0.262474
v -0.613894 -0.323679 -0.259516
v -0.613894 0.323679 -0.259516
v -0.611139 -0.323679 -0.256910
v -0.611139 0.323679 -0.256910
v -0.608940 -0.323679 -0.254831
v -0.608940 0.323679 -0.254831
v -0.607485 -0.323679 -0.253455
v -0.607485 0.323679 -0.253455
v -0.606958 -0.323679 -0.252957
v -0.606958 0.323679 -0.252957
v -0.461949 -0.323679 -0.106244
v -0.461949 0.323679 -0.106244
v -0.368577 -0.323679 -0.011133
v -0.368577 0.323679 -0.011133
v -0.263786 -0.323679 0.095052
v -0.263786 0.323679 0.095052
v -0.224802 -0.323679 0.132064
v -0.224802 0.323679 0.132064
v -0.219161 -0.323679 0.132350
v -0.219161 0.323679 0.132350
v -0.218863 -0.323679 0.132322
v -0.218863 0.323679 0.132322
v -0.218565 -0.323679 0.132215
v -0.218565 0.323679 0.132215
v -0.218267 -0.323679 0.132035
v -0.218267 0.323679 0.132035
v -0.217968 -0.323679 0.131788
v -0.217968 0.323679 0.131788
v -0.217669 -0.323679 0.131481
v -0.217669 0.323679 0.131481
v -0.217371 -0.323679 0.131121
v -0.217371 0.323679 0.131121
v -0.217073 -0.323679 0.130714
v -0.217073 0.323679 0.130714
v -0.216776 -0.323679 0.130267
v -0.216776 0.323679 0.130267
v -0.216479 -0.323679 0.129786
v -0.216479 0.323679 0.129786
v -0.216184 -0.323679 0.129278
v -0.216184 0.323679 0.129278
v -0.215890 -0.323679 0.128749
v -0.215890 0.323679 0.128749
v -0.215598 -0.323679 0.128206
v -0.215598 0.323679 0.128206
v -0.216500 -0.323679 0.127052
v -0.216500 0.323679 0.127052
v -0.218995 -0.323679 0.123863
v -0.218995 0.323679 0.123863
v -0.222763 -0.323679 0.119046
v -0.222763 0.323679 0.119046
v -0.227487 -0.323679 0.113007
v -0.227487 0.323679 0.113007
v -0.232848 -0.323679 0.106154
v -0.232848 0.323679 0.106154
v -0.238527 -0.323679 0.098894
v -0.238527 0.323679 0.098894
v -0.244206 -0.323679 0.091634
v -0.244206 0.323679 0.091634
v -0.249567 -0.323679 0.084781
v -0.249567 0.323679 0.084781
v -0.254291 -0.323679 0.078742
v -0.254291 0.323679 0.078742
v -0.258059 -0.323679 0.073925
v -0.258059 0.323679 0.073925
v -0.260554 -0.323679 0.070736
v -0.260554 0.323679 0.070736
v -0.261456 -0.323679 0.069582
v -0.261456 0.323679 0.069582
v -0.612062 -0.323679 -0.359827
v -0.612062 0.323679 -0.359827
v -0.610407 -0.323679 -0.376040
v -0.610407 0.323679 -0.376040
v -0.607212 -0.323679 -0.392079
v -0.607212 0.323679 -0.392079
v -0.602604 -0.323679 -0.407902
v -0.602604 0.323679 -0.407902
v -0.596706 -0.323679 -0.423465
v -0.596706 0.323679 -0.423465
v -0.589643 -0.323679 -0.438725
v -0.589643 0.323679 -0.438725
v -0.581538 -0.323679 -0.453640
v -0.581538 0.323679 -0.453640
v -0.572517 -0.323679 -0.468167
v -0.572517 0.323679 -0.468167
v -0.562704 -0.323679 -0.482262
v -0.562704 0.323679 -0.482262
v -0.552223 -0.323679 -0.495883
v -0.552223 0.323679 -0.495883
v -0.541198 -0.323679 -0.508987
v -0.541198 0.323679 -0.508987
v -0.529755 -0.323679 -0.521531
v -0.529755 0.323679 -0.521531
v -0.518016 -0.323679 -0.533471
v -0.518016 0.323679 -0.533471
v -0.511760 -0.323679 -0.522780
v -0.511760 0.323679 -0.522780
v -0.494462 -0.323679 -0.493219
v -0.494462 0.323679 -0.493219
v -0.468332 -0.323679 -0.448565
v -0.468332 0.323679 -0.448565
v -0.435576 -0.323679 -0.392589
v -0.435576 0.323679 -0.392589
v -0.398405 -0.323679 -0.329067
v -0.398405 0.323679 -0.329067
v -0.359025 -0.323679 -0.261770
v -0.359025 0.323679 -0.261770
v -0.319645 -0.323679 -0.194474
v -0.319645 0.323679 -0.194474
v -0.282474 -0.323679 -0.130951
v -0.282474 0.323679 -0.130951
v -0.249719 -0.323679 -0.074976
v -0.249719 0.323679 -0.074976
v -0.223588 -0.323679 -0.030321
v -0.223588 0.323679 -0.030321
v -0.206291 -0.323679 -0.000761
v -0.206291 0.323679 -0.000761
v -0.200034 -0.323679 0.009931
v -0.200034 0.323679 0.009931
v -0.160262 -0.323679 0.076249
v -0.160262 0.323679 0.076249
v -0.159628 -0.323679 0.077220
v -0.159628 0.323679 0.077220
v -0.158910 -0.323679 0.078166
v -0.158910 0.323679 0.078166
v -0.158115 -0.323679 0.079084
v -0.158115 0.323679 0.079084
v -0.157253 -0.323679 0.079970
v -0.157253 0.323679 0.079970
v -0.156334 -0.323679 0.080820
v -0.156334 0.323679 0.080820
v -0.155366 -0.323679 0.081631
v -0.155366 0.323679 0.081631
v -0.154359 -0.323679 0.082399
v -0.154359 0.323679 0.082399
v -0.153321 -0.323679 0.083119
v -0.153321 0.323679 0.083119
v -0.152262 -0.323679 0.083790
v -0.152262 0.323679 0.083790
v -0.151191 -0.323679 0.084406
v -0.151191 0.323679 0.084406
v -0.150117 -0.323679 0.084965
v -0.150117 0.323679 0.084965
v -0.149049 -0.323679 0.085462
v -0.149049 0.323679 0.085462
v -0.148648 -0.323679 0.085004
v -0.148648 0.323679 0.085004
v -0.148258 -0.323679 0.084376
v -0.148258 0.323679 0.084376
v -0.147887 -0.323679 0.083608
v -0.147887 0.323679 0.083608
v -0.147543 -0.323679 0.082732
v -0.147543 0.323679 0.082732
v -0.147235 -0.323679 0.081779
v -0.147235 0.323679 0.081779
v -0.146972 -0.323679 0.080779
v -0.146972 0.323679 0.080779
v -0.146762 -0.323679 0.079763
v -0.146762 0.323679 0.079763
v -0.146615 -0.323679 0.078762
v -0.146615 0.323679 0.078762
v -0.146539 -0.323679 0.077808
v -0.146539 0.323679 0.077808
v -0.146542 -0.323679 0.076930
v -0.146542 0.323679 0.076930
v -0.146634 -0.323679 0.076161
v -0.146634 0.323679 0.076161
v -0.146822 -0.323679 0.075530
v -0.146822 0.323679 0.075530
v -0.147102 -0.323679 0.074888
v -0.147102 0.323679 0.074888
v -0.147874 -0.323679 0.073115
v -0.147874 0.323679 0.073115
v -0.149042 -0.323679 0.070437
v -0.149042 0.323679 0.070437
v -0.150505 -0.323679 0.067079
v -0.150505 0.323679 0.067079
v -0.152165 -0.323679 0.063269
v -0.152165 0.323679 0.063269
v -0.153925 -0.323679 0.059233
v -0.153925 0.323679 0.059233
v -0.155684 -0.323679 0.055196
v -0.155684 0.323679 0.055196
v -0.157344 -0.323679 0.051386
v -0.157344 0.323679 0.051386
v -0.158808 -0.323679 0.048028
v -0.158808 0.323679 0.048028
v -0.159975 -0.323679 0.045350
v -0.159975 0.323679 0.045350
v -0.160748 -0.323679 0.043577
v -0.160748 0.323679 0.043577
v -0.161027 -0.323679 0.042936
v -0.161027 0.323679 0.042936
v -0.468778 -0.323679 -0.598797
v -0.468778 0.323679 -0.598797
v -0.461048 -0.323679 -0.610251
v -0.461048 0.323679 -0.610251
v -0.452824 -0.323679 -0.621287
v -0.452824 0.323679 -0.621287
v -0.444120 -0.323679 -0.631887
v -0.444120 0.323679 -0.631887
v -0.434953 -0.323679 -0.642037
v -0.434953 0.323679 -0.642037
v -0.425341 -0.323679 -0.651722
v -0.425341 0.323679 -0.651722
v -0.415297 -0.323679 -0.660925
v -0.415297 0.323679 -0.660925
v -0.404840 -0.323679 -0.669632
v -0.404840 0.323679 -0.669632
v -0.393986 -0.323679 -0.677827
v -0.393986 0.323679 -0.677827
v -0.382750 -0.323679 -0.685494
v -0.382750 0.323679 -0.685494
v -0.371148 -0.323679 -0.692618
v -0.371148 0.323679 -0.692618
v -0.359198 -0.323679 -0.699184
v -0.359198 0.323679 -0.699184
v -0.346915 -0.323679 -0.705176
v -0.346915 0.323679 -0.705176
v -0.343427 -0.323679 -0.706781
v -0.343427 0.323679 -0.706781
v -0.340000 -0.323679 -0.708361
v -0.340000 0.323679 -0.708361
v -0.336613 -0.323679 -0.709909
v -0.336613 0.323679 -0.709909
v -0.333243 -0.323679 -0.711418
v -0.333243 0.323679 -0.711418
v -0.329870 -0.323679 -0.712881
v -0.329870 0.323679 -0.712881
v -0.326473 -0.323679 -0.714290
v -0.326473 0.323679 -0.714290
v -0.323029 -0.323679 -0.715640
v -0.323029 0.323679 -0.715640
v -0.319518 -0.323679 -0.716922
v -0.319518 0.323679 -0.716922
v -0.315917 -0.323679 -0.718130
v -0.315917 0.323679 -0.718130
v -0.312207 -0.323679 -0.719257
v -0.312207 0.323679 -0.719257
v -0.308364 -0.323679 -0.720295
v -0.308364 0.323679 -0.720295
v -0.304369 -0.323679 -0.721239
v -0.304369 0.323679 -0.721239
v -0.301917 -0.323679 -0.712680
v -0.301917 0.323679 -0.712680
v -0.295140 -0.323679 -0.689018
v -0.295140 0.323679 -0.689018
v -0.284903 -0.323679 -0.653273
v -0.284903 0.323679 -0.653273
v -0.272070 -0.323679 -0.608466
v -0.272070 0.323679 -0.608466
v -0.257507 -0.323679 -0.557618
v -0.257507 0.323679 -0.557618
v -0.242078 -0.323679 -0.503749
v -0.242078 0.323679 -0.503749
v -0.226650 -0.323679 -0.449880
v -0.226650 0.323679 -0.449880
v -0.212087 -0.323679 -0.399031
v -0.212087 0.323679 -0.399031
v -0.199254 -0.323679 -0.354224
v -0.199254 0.323679 -0.354224
v -0.189016 -0.323679 -0.318479
v -0.189016 0.323679 -0.318479
v -0.182239 -0.323679 -0.294817
v -0.182239 0.323679 -0.294817
v -0.179788 -0.323679 -0.286259
v -0.179788 0.323679 -0.286259
v -0.097024 -0.323679 0.002030
v -0.097024 0.323679 0.002030
v -0.080958 -0.323679 0.052697
v -0.080958 0.323679 0.052697
v -0.074495 -0.323679 0.055083
v -0.074495 0.323679 0.055083
v -0.074121 -0.323679 0.055106
v -0.074121 0.323679 0.055106
v -0.073736 -0.323679 0.054923
v -0.073736 0.323679 0.054923
v -0.073345 -0.323679 0.054562
v -0.073345 0.323679 0.054562
v -0.072955 -0.323679 0.054055
v -0.072955 0.323679 0.054055
v -0.072573 -0.323679 0.053431
v -0.072573 0.323679 0.053431
v -0.072204 -0.323679 0.052721
v -0.072204 0.323679 0.052721
v -0.071854 -0.323679 0.051955
v -0.071854 0.323679 0.051955
v -0.071531 -0.323679 0.051164
v -0.071531 0.323679 0.051164
v -0.071240 -0.323679 0.050377
v -0.071240 0.323679 0.050377
v -0.070987 -0.323679 0.049625
v -0.070987 0.323679 0.049625
v -0.070780 -0.323679 0.048939
v -0.070780 0.323679 0.048939
v -0.070624 -0.323679 0.048347
v -0.070624 0.323679 0.048347
v -0.071485 -0.323679 0.043971
v -0.071485 0.323679 0.043971
v -0.073867 -0.323679 0.031874
v -0.073867 0.323679 0.031874
v -0.077466 -0.323679 0.013598
v -0.077466 0.323679 0.013598
v -0.081977 -0.323679 -0.009310
v -0.081977 0.323679 -0.009310
v -0.087096 -0.323679 -0.035308
v -0.087096 0.323679 -0.035308
v -0.092519 -0.323679 -0.062849
v -0.092519 0.323679 -0.062849
v -0.097943 -0.323679 -0.090391
v -0.097943 0.323679 -0.090391
v -0.103062 -0.323679 -0.116388
v -0.103062 0.323679 -0.116388
v -0.107573 -0.323679 -0.139297
v -0.107573 0.323679 -0.139297
v -0.111171 -0.323679 -0.157572
v -0.111171 0.323679 -0.157572
v -0.113553 -0.323679 -0.169670
v -0.113553 0.323679 -0.169670
v -0.114415 -0.323679 -0.174046
v -0.114415 0.323679 -0.174046
v -0.231447 -0.323679 -0.758011
v -0.231447 0.323679 -0.758011
v -0.217337 -0.323679 -0.767733
v -0.217337 0.323679 -0.767733
v -0.202802 -0.323679 -0.776232
v -0.202802 0.323679 -0.776232
v -0.187871 -0.323679 -0.783549
v -0.187871 0.323679 -0.783549
v -0.172575 -0.323679 -0.789721
v -0.172575 0.323679 -0.789721
v -0.156942 -0.323679 -0.794791
v -0.156942 0.323679 -0.794791
v -0.141003 -0.323679 -0.798795
v -0.141003 0.323679 -0.798795
v -0.124786 -0.323679 -0.801775
v -0.124786 0.323679 -0.801775
v -0.108322 -0.323679 -0.803769
v -0.108322 0.323679 -0.803769
v -0.091640 -0.323679 -0.804818
v -0.091640 0.323679 -0.804818
v -0.074769 -0.323679 -0.804960
v -0.074769 0.323679 -0.804960
v -0.057739 -0.323679 -0.804236
v -0.057739 0.323679 -0.804236
v -0.040580 -0.323679 -0.802684
v -0.040580 0.323679 -0.802684
v -0.039852 -0.323679 -0.785862
v -0.039852 0.323679 -0.785862
v -0.037837 -0.323679 -0.739356
v -0.037837 0.323679 -0.739356
v -0.034794 -0.323679 -0.669102
v -0.034794 0.323679 -0.669102
v -0.030980 -0.323679 -0.581037
v -0.030980 0.323679 -0.581037
v -0.026651 -0.323679 -0.481098
v -0.026651 0.323679 -0.481098
v -0.022065 -0.323679 -0.375222
v -0.022065 0.323679 -0.375222
v -0.017479 -0.323679 -0.269346
v -0.017479 0.323679 -0.269346
v -0.013150 -0.323679 -0.169407
v -0.013150 0.323679 -0.169407
v -0.009335 -0.323679 -0.081342
v -0.009335 0.323679 -0.081342
v -0.006292 -0.323679 -0.011088
v -0.006292 0.323679 -0.011088
v -0.004278 -0.323679 0.035419
v -0.004278 0.323679 0.035419
v -0.003549 -0.323679 0.052240
v -0.003549 0.323679 0.052240
v -0.003484 -0.323679 0.052836
v -0.003484 0.323679 0.052836
v -0.003342 -0.323679 0.053509
v -0.003342 0.323679 0.053509
v -0.003132 -0.323679 0.054236
v -0.003132 0.323679 0.054236
v -0.002864 -0.323679 0.054990
v -0.002864 0.323679 0.054990
v -0.002546 -0.323679 0.055747
v -0.002546 0.323679 0.055747
v -0.002187 -0.323679 0.056482
v -0.002187 0.323679 0.056482
v -0.001798 -0.323679 0.057169
v -0.001798 0.323679 0.057169
v -0.001387 -0.323679 0.057783
v -0.001387 0.323679 0.057783
v -0.000964 -0.323679 0.058299
v -0.000964 0.323679 0.058299
v -0.000537 -0.323679 0.058693
v -0.000537 0.323679 0.058693
v -0.000117 -0.323679 0.058938
v -0.000117 0.323679 0.058938
v 0.000288 -0.323679 0.059010
v 0.000288 0.323679 0.059010
v 0.000768 -0.323679 0.058936
v 0.000768 0.323679 0.058936
v 0.001258 -0.323679 0.058770
v 0.001258 0.323679 0.058770
v 0.001758 -0.323679 0.058520
v 0.001758 0.323679 0.058520
v 0.002265 -0.323679 0.058194
v 0.002265 0.323679 0.058194
v 0.002779 -0.323679 0.057799
v 0.002779 0.323679 0.057799
v 0.003297 -0.323679 0.057343
v 0.003297 0.323679 0.057343
v 0.003818 -0.323679 0.056834
v 0.003818 0.323679 0.056834
v 0.004340 -0.323679 0.056280
v 0.004340 0.323679 0.056280
v 0.004861 -0.323679 0.055687
v 0.004861 0.323679 0.055687
v 0.005381 -0.323679 0.055064
v 0.005381 0.323679 0.055064
v 0.005897 -0.323679 0.054419
v 0.005897 0.323679 0.054419
v 0.006408 -0.323679 0.053759
v 0.006408 0.323679 0.053759
v 0.006483 -0.323679 0.052268
v 0.006483 0.323679 0.052268
v 0.006688 -0.323679 0.048146
v 0.006688 0.323679 0.048146
v 0.006999 -0.323679 0.041919
v 0.006999 0.323679 0.041919
v 0.007388 -0.323679 0.034114
v 0.007388 0.323679 0.034114
v 0.007830 -0.323679 0.025257
v 0.007830 0.323679 0.025257
v 0.008298 -0.323679 0.015873
v 0.008298 0.323679 0.015873
v 0.008766 -0.323679 0.006489
v 0.008766 0.323679 0.006489
v 0.009208 -0.323679 -0.002368
v 0.009208 0.323679 -0.002368
v 0.009597 -0.323679 -0.010173
v 0.009597 0.323679 -0.010173
v 0.009908 -0.323679 -0.016400
v 0.009908 0.323679 -0.016400
v 0.010114 -0.323679 -0.020522
v 0.010114 0.323679 -0.020522
v 0.010188 -0.323679 -0.022013
v 0.010188 0.323679 -0.022013
v 0.037148 -0.323679 -0.800115
v 0.037148 0.323679 -0.800115
v 0.053479 -0.323679 -0.800963
v 0.053479 0.323679 -0.800963
v 0.070170 -0.323679 -0.801348
v 0.070170 0.323679 -0.801348
v 0.087092 -0.323679 -0.801175
v 0.087092 0.323679 -0.801175
v 0.104113 -0.323679 -0.800349
v 0.104113 0.323679 -0.800349
v 0.121103 -0.323679 -0.798775
v 0.121103 0.323679 -0.798775
v 0.137931 -0.323679 -0.796359
v 0.137931 0.323679 -0.796359
v 0.154466 -0.323679 -0.793004
v 0.154466 0.323679 -0.793004
v 0.170577 -0.323679 -0.788616
v 0.170577 0.323679 -0.788616
v 0.186133 -0.323679 -0.783100
v 0.186133 0.323679 -0.783100
v 0.201003 -0.323679 -0.776361
v 0.201003 0.323679 -0.776361
v 0.215057 -0.323679 -0.768304
v 0.215057 0.323679 -0.768304
v 0.228164 -0.323679 -0.758833
v 0.228164 0.323679 -0.758833
v 0.225211 -0.323679 -0.743162
v 0.225211 0.323679 -0.743162
v 0.217048 -0.323679 -0.699838
v 0.217048 0.323679 -0.699838
v 0.204717 -0.323679 -0.634390
v 0.204717 0.323679 -0.634390
v 0.189260 -0.323679 -0.552349
v 0.189260 0.323679 -0.552349
v 0.171719 -0.323679 -0.459247
v 0.171719 0.323679 -0.459247
v 0.153136 -0.323679 -0.360615
v 0.153136 0.323679 -0.360615
v 0.134552 -0.323679 -0.261982
v 0.134552 0.323679 -0.261982
v 0.117011 -0.323679 -0.168880
v 0.117011 0.323679 -0.168880
v 0.101554 -0.323679 -0.086839
v 0.101554 0.323679 -0.086839
v 0.089223 -0.323679 -0.021391
v 0.089223 0.323679 -0.021391
v 0.081060 -0.323679 0.021933
v 0.081060 0.323679 0.021933
v 0.078108 -0.323679 0.037604
v 0.078108 0.323679 0.037604
v 0.078035 -0.323679 0.038332
v 0.078035 0.323679 0.038332
v 0.078067 -0.323679 0.039140
v 0.078067 0.323679 0.039140
v 0.078191 -0.323679 0.040005
v 0.078191 0.323679 0.040005
v 0.078397 -0.323679 0.040902
v 0.078397 0.323679 0.040902
v 0.078672 -0.323679 0.041808
v 0.078672 0.323679 0.041808
v 0.079006 -0.323679 0.042697
v 0.079006 0.323679 0.042697
v 0.079386 -0.323679 0.043548
v 0.079386 0.323679 0.043548
v 0.079802 -0.323679 0.044334
v 0.079802 0.323679 0.044334
v 0.080242 -0.323679 0.045033
v 0.080242 0.323679 0.045033
v 0.080694 -0.323679 0.045619
v 0.080694 0.323679 0.045619
v 0.081148 -0.323679 0.046070
v 0.081148 0.323679 0.046070
v 0.081590 -0.323679 0.046361
v 0.081590 0.323679 0.046361
v 0.082122 -0.323679 0.046516
v 0.082122 0.323679 0.046516
v 0.082689 -0.323679 0.046516
v 0.082689 0.323679 0.046516
v 0.083287 -0.323679 0.046376
v 0.083287 0.323679 0.046376
v 0.083910 -0.323679 0.046107
v 0.083910 0.323679 0.046107
v 0.084551 -0.323679 0.045723
v 0.084551 0.323679 0.045723
v 0.085205 -0.323679 0.045238
v 0.085205 0.323679 0.045238
v 0.085865 -0.323679 0.044664
v 0.085865 0.323679 0.044664
v 0.086526 -0.323679 0.044016
v 0.086526 0.323679 0.044016
v 0.087182 -0.323679 0.043306
v 0.087182 0.323679 0.043306
v 0.087826 -0.323679 0.042547
v 0.087826 0.323679 0.042547
v 0.088454 -0.323679 0.041753
v 0.088454 0.323679 0.041753
v 0.089058 -0.323679 0.040938
v 0.089058 0.323679 0.040938
v 0.093318 -0.323679 0.025886
v 0.093318 0.323679 0.025886
v 0.105096 -0.323679 -0.015728
v 0.105096 0.323679 -0.015728
v 0.122889 -0.323679 -0.078591
v 0.122889 0.323679 -0.078591
v 0.145192 -0.323679 -0.157392
v 0.145192 0.323679 -0.157392
v 0.170502 -0.323679 -0.246817
v 0.170502 0.323679 -0.246817
v 0.197315 -0.323679 -0.341555
v 0.197315 0.323679 -0.341555
v 0.224129 -0.323679 -0.436292
v 0.224129 0.323679 -0.436292
v 0.249439 -0.323679 -0.525718
v 0.249439 0.323679 -0.525718
v 0.271742 -0.323679 -0.604518
v 0.271742 0.323679 -0.604518
v 0.289534 -0.323679 -0.667382
v 0.289534 0.323679 -0.667382
v 0.301312 -0.323679 -0.708995
v 0.301312 0.323679 -0.708995
v 0.305572 -0.323679 -0.724047
v 0.305572 0.323679 -0.724047
v 0.376209 -0.323679 -0.687274
v 0.376209 0.323679 -0.687274
v 0.381419 -0.323679 -0.684424
v 0.381419 0.323679 -0.684424
v 0.386479 -0.323679 -0.681390
v 0.386479 0.323679 -0.681390
v 0.391404 -0.323679 -0.678191
v 0.391404 0.323679 -0.678191
v 0.396209 -0.323679 -0.674843
v 0.396209 0.323679 -0.674843
v 0.400909 -0.323679 -0.671362
v 0.400909 0.323679 -0.671362
v 0.405519 -0.323679 -0.667765
v 0.405519 0.323679 -0.667765
v 0.410055 -0.323679 -0.664068
v 0.410055 0.323679 -0.664068
v 0.414531 -0.323679 -0.660288
v 0.414531 0.323679 -0.660288
v 0.418962 -0.323679 -0.656442
v 0.418962 0.323679 -0.656442
v 0.423364 -0.323679 -0.652545
v 0.423364 0.323679 -0.652545
v 0.427751 -0.323679 -0.648615
v 0.427751 0.323679 -0.648615
v 0.432139 -0.323679 -0.644668
v 0.432139 0.323679 -0.644668
v 0.435331 -0.323679 -0.641396
v 0.435331 0.323679 -0.641396
v 0.438452 -0.323679 -0.638134
v 0.438452 0.323679 -0.638134
v 0.441500 -0.323679 -0.634863
v 0.441500 0.323679 -0.634863
v 0.444473 -0.323679 -0.631566
v 0.444473 0.323679 -0.631566
v 0.447369 -0.323679 -0.628227
v 0.447369 0.323679 -0.628227
v 0.450185 -0.323679 -0.624826
v 0.450185 0.323679 -0.624826
v 0.452919 -0.323679 -0.621348
v 0.452919 0.323679 -0.621348
v 0.455569 -0.323679 -0.617774
v 0.455569 0.323679 -0.617774
v 0.458132 -0.323679 -0.614088
v 0.458132 0.323679 -0.614088
v 0.460606 -0.323679 -0.610271
v 0.460606 0.323679 -0.610271
v 0.462988 -0.323679 -0.606306
v 0.462988 0.323679 -0.606306
v 0.465277 -0.323679 -0.602176
v 0.465277 0.323679 -0.602176
v 0.464401 -0.323679 -0.600248
v 0.464401 0.323679 -0.600248
v 0.461979 -0.323679 -0.594918
v 0.461979 0.323679 -0.594918
v 0.458320 -0.323679 -0.586867
v 0.458320 0.323679 -0.586867
v 0.453734 -0.323679 -0.576775
v 0.453734 0.323679 -0.576775
v 0.448529 -0.323679 -0.565321
v 0.448529 0.323679 -0.565321
v 0.443016 -0.323679 -0.553188
v 0.443016 0.323679 -0.553188
v 0.437502 -0.323679 -0.541054
v 0.437502 0.323679 -0.541054
v 0.432297 -0.323679 -0.529601
v 0.432297 0.323679 -0.529601
v 0.427711 -0.323679 -0.519508
v 0.427711 0.323679 -0.519508
v 0.424052 -0.323679 -0.511457
v 0.424052 0.323679 -0.511457
v 0.421631 -0.323679 -0.506127
v 0.421631 0.323679 -0.506127
v 0.420755 -0.323679 -0.504200
v 0.420755 0.323679 -0.504200
v 0.169185 -0.323679 0.035412
v 0.169185 0.323679 0.035412
v 0.153587 -0.323679 0.073566
v 0.153587 0.323679 0.073566
v 0.153411 -0.323679 0.074205
v 0.153411 0.323679 0.074205
v 0.153346 -0.323679 0.074960
v 0.153346 0.323679 0.074960
v 0.153382 -0.323679 0.075801
v 0.153382 0.323679 0.075801
v 0.153510 -0.323679 0.076698
v 0.153510 0.323679 0.076698
v 0.153720 -0.323679 0.077621
v 0.153720 0.323679 0.077621
v 0.154004 -0.323679 0.078539
v 0.154004 0.323679 0.078539
v 0.154351 -0.323679 0.079424
v 0.154351 0.323679 0.079424
v 0.154752 -0.323679 0.080245
v 0.154752 0.323679 0.080245
v 0.155199 -0.323679 0.080972
v 0.155199 0.323679 0.080972
v 0.155681 -0.323679 0.081575
v 0.155681 0.323679 0.081575
v 0.156190 -0.323679 0.082024
v 0.156190 0.323679 0.082024
v 0.156715 -0.323679 0.082288
v 0.156715 0.323679 0.082288
v 0.157298 -0.323679 0.082400
v 0.157298 0.323679 0.082400
v 0.157977 -0.323679 0.082424
v 0.157977 0.323679 0.082424
v 0.158729 -0.323679 0.082365
v 0.158729 0.323679 0.082365
v 0.159531 -0.323679 0.082229
v 0.159531 0.323679 0.082229
v 0.160362 -0.323679 0.082021
v 0.160362 0.323679 0.082021
v 0.161200 -0.323679 0.081746
v 0.161200 0.323679 0.081746
v 0.162022 -0.323679 0.081409
v 0.162022 0.323679 0.081409
v 0.162806 -0.323679 0.081016
v 0.162806 0.323679 0.081016
v 0.163530 -0.323679 0.080571
v 0.163530 0.323679 0.080571
v 0.164172 -0.323679 0.080079
v 0.164172 0.323679 0.080079
v 0.164709 -0.323679 0.079546
v 0.164709 0.323679 0.079546
v 0.165120 -0.323679 0.078978
v 0.165120 0.323679 0.078978
v 0.165605 -0.323679 0.078146
v 0.165605 0.323679 0.078146
v 0.166946 -0.323679 0.075846
v 0.166946 0.323679 0.075846
v 0.168972 -0.323679 0.072372
v 0.168972 0.323679 0.072372
v 0.171511 -0.323679 0.068017
v 0.171511 0.323679 0.068017
v 0.174393 -0.323679 0.063075
v 0.174393 0.323679 0.063075
v 0.177446 -0.323679 0.057840
v 0.177446 0.323679 0.057840
v 0.180499 -0.323679 0.052605
v 0.180499 0.323679 0.052605
v 0.183381 -0.323679 0.047663
v 0.183381 0.323679 0.047663
v 0.185921 -0.323679 0.043308
v 0.185921 0.323679 0.043308
v 0.187947 -0.323679 0.039834
v 0.187947 0.323679 0.039834
v 0.189288 -0.323679 0.037534
v 0.189288 0.323679 0.037534
v 0.189773 -0.323679 0.036702
v 0.189773 0.323679 0.036702
v 0.515886 -0.323679 -0.537182
v 0.515886 0.323679 -0.537182
v 0.517931 -0.323679 -0.535642
v 0.517931 0.323679 -0.535642
v 0.519865 -0.323679 -0.534089
v 0.519865 0.323679 -0.534089
v 0.521699 -0.323679 -0.532522
v 0.521699 0.323679 -0.532522
v 0.523449 -0.323679 -0.530940
v 0.523449 0.323679 -0.530940
v 0.525127 -0.323679 -0.529345
v 0.525127 0.323679 -0.529345
v 0.526749 -0.323679 -0.527736
v 0.526749 0.323679 -0.527736
v 0.528328 -0.323679 -0.526113
v 0.528328 0.323679 -0.526113
v 0.529878 -0.323679 -0.524476
v 0.529878 0.323679 -0.524476
v 0.531412 -0.323679 -0.522824
v 0.531412 0.323679 -0.522824
v 0.532945 -0.323679 -0.521159
v 0.532945 0.323679 -0.521159
v 0.534491 -0.323679 -0.519479
v 0.534491 0.323679 -0.519479
v 0.536063 -0.323679 -0.517785
v 0.536063 0.323679 -0.517785
v 0.545505 -0.323679 -0.507394
v 0.545505 0.323679 -0.507394
v 0.554675 -0.323679 -0.496679
v 0.554675 0.323679 -0.496679
v 0.563504 -0.323679 -0.485642
v 0.563504 0.323679 -0.485642
v 0.571924 -0.323679 -0.474282
v 0.571924 0.323679 -0.474282
v 0.579867 -0.323679 -0.462602
v 0.579867 0.323679 -0.462602
v 0.587262 -0.323679 -0.450601
v 0.587262 0.323679 -0.450601
v 0.594043 -0.323679 -0.438280
v 0.594043 0.323679 -0.438280
v 0.600140 -0.323679 -0.425642
v 0.600140 0.323679 -0.425642
v 0.605484 -0.323679 -0.412685
v 0.605484 0.323679 -0.412685
v 0.610007 -0.323679 -0.399411
v 0.610007 0.323679 -0.399411
v 0.613640 -0.323679 -0.385822
v 0.613640 0.323679 -0.385822
v 0.616315 -0.323679 -0.371917
v 0.616315 0.323679 -0.371917
v 0.613109 -0.323679 -0.367859
v 0.613109 0.323679 -0.367859
v 0.604247 -0.323679 -0.356640
v 0.604247 0.323679 -0.356640
v 0.590860 -0.323679 -0.339692
v 0.590860 0.323679 -0.339692
v 0.574078 -0.323679 -0.318447
v 0.574078 0.323679 -0.318447
v 0.555034 -0.323679 -0.294338
v 0.555034 0.323679 -0.294338
v 0.534858 -0.323679 -0.268797
v 0.534858 0.323679 -0.268797
v 0.514682 -0.323679 -0.243256
v 0.514682 0.323679 -0.243256
v 0.495638 -0.323679 -0.219147
v 0.495638 0.323679 -0.219147
v 0.478857 -0.323679 -0.197903
v 0.478857 0.323679 -0.197903
v 0.465469 -0.323679 -0.180955
v 0.465469 0.323679 -0.180955
v 0.456607 -0.323679 -0.169736
v 0.456607 0.323679 -0.169736
v 0.453401 -0.323679 -0.165678
v 0.453401 0.323679 -0.165678
v 0.243236 -0.323679 0.098922
v 0.243236 0.323679 0.098922
v 0.226051 -0.323679 0.123262
v 0.226051 0.323679 0.123262
v 0.225975 -0.323679 0.123477
v 0.225975 0.323679 0.123477
v 0.225944 -0.323679 0.123816
v 0.225944 0.323679 0.123816
v 0.225953 -0.323679 0.124250
v 0.225953 0.323679 0.124250
v 0.225996 -0.323679 0.124752
v 0.225996 0.323679 0.124752
v 0.226068 -0.323679 0.125292
v 0.226068 0.323679 0.125292
v 0.226164 -0.323679 0.125842
v 0.226164 0.323679 0.125842
v 0.226279 -0.323679 0.126373
v 0.226279 0.323679 0.126373
v 0.226407 -0.323679 0.126856
v 0.226407 0.323679 0.126856
v 0.226544 -0.323679 0.127263
v 0.226544 0.323679 0.127263
v 0.226684 -0.323679 0.127565
v 0.226684 0.323679 0.127565
v 0.226822 -0.323679 0.127732
v 0.226822 0.323679 0.127732
v 0.226953 -0.323679 0.127738
v 0.226953 0.323679 0.127738
v 0.227009 -0.323679 0.127700
v 0.227009 0.323679 0.127700
v 0.227165 -0.323679 0.127597
v 0.227165 0.323679 0.127597
v 0.227399 -0.323679 0.127441
v 0.227399 0.323679 0.127441
v 0.227693 -0.323679 0.127246
v 0.227693 0.323679 0.127246
v 0.228027 -0.323679 0.127025
v 0.228027 0.323679 0.127025
v 0.228381 -0.323679 0.126790
v 0.228381 0.323679 0.126790
v 0.228734 -0.323679 0.126555
v 0.228734 0.323679 0.126555
v 0.229068 -0.323679 0.126334
v 0.229068 0.323679 0.126334
v 0.229362 -0.323679 0.126139
v 0.229362 0.323679 0.126139
v 0.229597 -0.323679 0.125983
v 0.229597 0.323679 0.125983
v 0.229752 -0.323679 0.125880
v 0.229752 0.323679 0.125880
v 0.229808 -0.323679 0.125842
v 0.229808 0.323679 0.125842
v 0.257578 -0.323679 0.099425
v 0.257578 0.323679 0.099425
v 0.387868 -0.323679 -0.032310
v 0.387868 0.323679 -0.032310
v 0.486059 -0.323679 -0.131394
v 0.486059 0.323679 -0.131394
v 0.627494 -0.323679 -0.272993
v 0.627494 0.323679 -0.272993
v 0.627747 -0.323679 -0.273221
v 0.627747 0.323679 -0.273221
v 0.628047 -0.323679 -0.273451
v 0.628047 0.323679 -0.273451
v 0.628383 -0.323679 -0.273674
v 0.628383 0.323679 -0.273674
v 0.628744 -0.323679 -0.273885
v 0.628744 0.323679 -0.273885
v 0.629118 -0.323679 -0.274077
v 0.629118 0.323679 -0.274077
v 0.629494 -0.323679 -0.274242
v 0.629494 0.323679 -0.274242
v 0.629860 -0.323679 -0.274373
v 0.629860 0.323679 -0.274373
v 0.630207 -0.323679 -0.274464
v 0.630207 0.323679 -0.274464
v 0.630521 -0.323679 -0.274507
v 0.630521 0.323679 -0.274507
v 0.630792 -0.323679 -0.274496
v 0.630792 0.323679 -0.274496
v 0.631008 -0.323679 -0.274424
v 0.631008 0.323679 -0.274424
v 0.631159 -0.323679 -0.274283
v 0.631159 0.323679 -0.274283
v 0.631208 -0.323679 -0.274206
v 0.631208 0.323679 -0.274206
v 0.631344 -0.323679 -0.273995
v 0.631344 0.323679 -0.273995
v 0.631548 -0.323679 -0.273675
v 0.631548 0.323679 -0.273675
v 0.631805 -0.323679 -0.273274
v 0.631805 0.323679 -0.273274
v 0.632096 -0.323679 -0.272819
v 0.632096 0.323679 -0.272819
v 0.632404 -0.323679 -0.272337
v 0.632404 0.323679 -0.272337
v 0.632712 -0.323679 -0.271855
v 0.632712 0.323679 -0.271855
v 0.633003 -0.323679 -0.271399
v 0.633003 0.323679 -0.271399
v 0.633260 -0.323679 -0.270998
v 0.633260 0.323679 -0.270998
v 0.633464 -0.323679 -0.270679
v 0.633464 0.323679 -0.270679
v 0.633600 -0.323679 -0.270467
v 0.633600 0.323679 -0.270467
v 0.633649 -0.323679 -0.270390
v 0.633649 0.323679 -0.270390
v 0.638347 -0.323679 -0.259543
v 0.638347 0.323679 -0.259543
v 0.642542 -0.323679 -0.248579
v 0.642542 0.323679 -0.248579
v 0.646240 -0.323679 -0.237503
v 0.646240 0.323679 -0.237503
v 0.649450 -0.323679 -0.226323
v 0.649450 0.323679 -0.226323
v 0.652180 -0.323679 -0.215045
v 0.652180 0.323679 -0.215045
v 0.654436 -0.323679 -0.203675
v 0.654436 0.323679 -0.203675
v 0.656226 -0.323679 -0.192220
v 0.656226 0.323679 -0.192220
v 0.657558 -0.323679 -0.180686
v 0.657558 0.323679 -0.180686
v 0.658440 -0.323679 -0.169080
v 0.658440 0.323679 -0.169080
v 0.658880 -0.323679 -0.157408
v 0.658880 0.323679 -0.157408
v 0.658885 -0.323679 -0.145678
v 0.658885 0.323679 -0.145678
v -0.367490 0.161839 0.873639
v -0.367489 0.161839 0.873643
v -0.367488 0.161839 0.873647
v -0.367487 0.161839 0.873651
v -0.367485 0.161839 0.873655
v -0.367484 0.161839 0.873659
v -0.367481 0.161839 0.873668
v -0.368909 0.161839 0.883333
v -0.371087 0.161839 0.892251
v -0.374018 0.161839 0.900418
v -0.377701 0.161839 0.907825
v -0.382140 0.161839 0.914467
v -0.387334 0.161839 0.920337
v -0.393286 0.161839 0.925429
v -0.399998 0.161839 0.929736
v -0.407470 0.161839 0.933251
v -0.415704 0.161839 0.935968
v -0.424701 0.161839 0.937881
v -0.434464 0.161839 0.938982
v -0.454037 0.161839 0.940222
v -0.473581 0.161839 0.941267
v -0.493104 0.161839 0.942124
v -0.512610 0.161839 0.942797
v -0.532108 0.161839 0.943293
v -0.551602 0.161839 0.943617
v -0.571100 0.161839 0.943775
v -0.590607 0.161839 0.943771
v -0.610130 0.161839 0.943612
v -0.629676 0.161839 0.943303
v -0.649250 0.161839 0.942850
v -0.668860 0.161839 0.942259
v -0.669867 0.161839 0.942151
v -0.672652 0.161839 0.941853
v -0.676859 0.161839 0.941402
v -0.682132 0.161839 0.940838
v -0.688116 0.161839 0.940197
v -0.694456 0.161839 0.939519
v -0.700795 0.161839 0.938840
v -0.706779 0.161839 0.938199
v -0.712052 0.161839 0.937635
v -0.716259 0.161839 0.937184
v -0.719044 0.161839 0.936886
v -0.720051 0.161839 0.936779
v -0.729378 0.161839 0.934914
v -0.737995 0.161839 0.931488
v -0.745860 0.161839 0.926654
v -0.752932 0.161839 0.920565
v -0.759170 0.161839 0.913374
v -0.764532 0.161839 0.905235
v -0.768978 0.161839 0.896300
v -0.772465 0.161839 0.886724
v -0.774954 0.161839 0.876658
v -0.776403 0.161839 0.866256
v -0.776770 0.161839 0.855672
v -0.776015 0.161839 0.845059
v -0.773311 0.161839 0.845059
v -0.765837 0.161839 0.845060
v -0.754546 0.161839 0.845062
v -0.740392 0.161839 0.845064
v -0.724330 0.161839 0.845067
v -0.707313 0.161839 0.845070
v -0.690297 0.161839 0.845073
v -0.674235 0.161839 0.845075
v -0.660081 0.161839 0.845078
v -0.648789 0.161839 0.845080
v -0.641315 0.161839 0.845081
v -0.638611 0.161839 0.845081
v -0.635368 0.161839 0.868017
v -0.634661 0.161839 0.871241
v -0.633509 0.161839 0.874252
v -0.631953 0.161839 0.877037
v -0.630031 0.161839 0.879583
v -0.627785 0.161839 0.881875
v -0.625255 0.161839 0.883899
v -0.622482 0.161839 0.885642
v -0.619505 0.161839 0.887089
v -0.616364 0.161839 0.888228
v -0.613100 0.161839 0.889044
v -0.609753 0.161839 0.889523
v -0.606364 0.161839 0.889651
v -0.604830 0.161839 0.889629
v -0.600586 0.161839 0.889567
v -0.594176 0.161839 0.889473
v -0.586141 0.161839 0.889355
v -0.577023 0.161839 0.889222
v -0.567363 0.161839 0.889081
v -0.557703 0.161839 0.888939
v -0.548585 0.161839 0.888806
v -0.540550 0.161839 0.888688
v -0.534140 0.161839 0.888594
v -0.529897 0.161839 0.888532
v -0.528362 0.161839 0.888510
v -0.525245 0.161839 0.888186
v -0.522265 0.161839 0.887343
v -0.519441 0.161839 0.886037
v -0.516788 0.161839 0.884324
v -0.514326 0.161839 0.882260
v -0.512070 0.161839 0.879902
v -0.510038 0.161839 0.877304
v -0.508248 0.161839 0.874524
v -0.506716 0.161839 0.871617
v -0.505460 0.161839 0.868640
v -0.504497 0.161839 0.865648
v -0.503845 0.161839 0.862697
v -0.503483 0.161839 0.860358
v -0.503188 0.161839 0.858022
v -0.502962 0.161839 0.855690
v -0.502803 0.161839 0.853363
v -0.502713 0.161839 0.851044
v -0.502692 0.161839 0.848732
v -0.502739 0.161839 0.846429
v -0.502855 0.161839 0.844136
v -0.503039 0.161839 0.841855
v -0.503292 0.161839 0.839587
v -0.503614 0.161839 0.837332
v -0.504005 0.161839 0.835092
v -0.504855 0.161839 0.831756
v -0.506073 0.161839 0.828660
v -0.507633 0.161839 0.825810
v -0.509507 0.161839 0.823215
v -0.511669 0.161839 0.820880
v -0.514091 0.161839 0.818813
v -0.516747 0.161839 0.817022
v -0.519609 0.161839 0.815513
v -0.522652 0.161839 0.814293
v -0.525847 0.161839 0.813370
v -0.529167 0.161839 0.812751
v -0.532587 0.161839 0.812442
v -0.534352 0.161839 0.812366
v -0.539231 0.161839 0.812156
v -0.546602 0.161839 0.811839
v -0.555841 0.161839 0.811441
v -0.566326 0.161839 0.810990
v -0.577435 0.161839 0.810512
v -0.588543 0.161839 0.810034
v -0.599028 0.161839 0.809583
v -0.608267 0.161839 0.809186
v -0.615638 0.161839 0.808869
v -0.620517 0.161839 0.808659
v -0.622282 0.161839 0.808583
v -0.697910 0.161839 0.805306
v -0.702836 0.161839 0.804947
v -0.707730 0.161839 0.804303
v -0.712576 0.161839 0.803381
v -0.717361 0.161839 0.802188
v -0.722072 0.161839 0.800731
v -0.726694 0.161839 0.799019
v -0.731214 0.161839 0.797057
v -0.735617 0.161839 0.794855
v -0.739891 0.161839 0.792418
v -0.744021 0.161839 0.789754
v -0.747994 0.161839 0.786870
v -0.751796 0.161839 0.783775
v -0.754252 0.161839 0.781460
v -0.756498 0.161839 0.778948
v -0.758532 0.161839 0.776260
v -0.760354 0.161839 0.773415
v -0.761960 0.161839 0.770436
v -0.763350 0.161839 0.767341
v -0.764522 0.161839 0.764152
v -0.765474 0.161839 0.760890
v -0.766204 0.161839 0.757574
v -0.766712 0.161839 0.754226
v -0.766994 0.161839 0.750867
v -0.767051 0.161839 0.747516
v -0.767033 0.161839 0.746448
v -0.766982 0.161839 0.743494
v -0.766905 0.161839 0.739032
v -0.766808 0.161839 0.733439
v -0.766699 0.161839 0.727092
v -0.766583 0.161839 0.720368
v -0.766467 0.161839 0.713643
v -0.766358 0.161839 0.707296
v -0.766261 0.161839 0.701703
v -0.766184 0.161839 0.697241
v -0.766133 0.161839 0.694288
v -0.766115 0.161839 0.693219
v -0.765015 0.161839 0.682867
v -0.762205 0.161839 0.673577
v -0.757849 0.161839 0.665318
v -0.752114 0.161839 0.658058
v -0.745166 0.161839 0.651764
v -0.737172 0.161839 0.646404
v -0.728297 0.161839 0.641948
v -0.718709 0.161839 0.638362
v -0.708572 0.161839 0.635614
v -0.698053 0.161839 0.633673
v -0.687318 0.161839 0.632507
v -0.676533 0.161839 0.632084
v -0.672178 0.161839 0.632058
v -0.660138 0.161839 0.631986
v -0.641949 0.161839 0.631877
v -0.619148 0.161839 0.631741
v -0.593273 0.161839 0.631586
v -0.565861 0.161839 0.631422
v -0.538450 0.161839 0.631258
v -0.512575 0.161839 0.631103
v -0.489774 0.161839 0.630967
v -0.471585 0.161839 0.630858
v -0.459545 0.161839 0.630786
v -0.455189 0.161839 0.630760
v -0.447945 0.161839 0.630970
v -0.440278 0.161839 0.631682
v -0.432357 0.161839 0.632888
v -0.424351 0.161839 0.634580
v -0.416429 0.161839 0.636749
v -0.408760 0.161839 0.639389
v -0.401513 0.161839 0.642491
v -0.394855 0.161839 0.646047
v -0.388957 0.161839 0.650049
v -0.383987 0.161839 0.654490
v -0.380114 0.161839 0.659361
v -0.377507 0.161839 0.664655
v -0.376146 0.161839 0.668849
v -0.374981 0.161839 0.673042
v -0.373998 0.161839 0.677239
v -0.373187 0.161839 0.681443
v -0.372535 0.161839 0.685659
v -0.372031 0.161839 0.689890
v -0.371663 0.161839 0.694141
v -0.371420 0.161839 0.698416
v -0.371289 0.161839 0.702719
v -0.371259 0.161839 0.707053
v -0.371318 0.161839 0.711424
v -0.371455 0.161839 0.715835
v -0.371584 0.161839 0.717078
v -0.371869 0.161839 0.718270
v -0.372301 0.161839 0.719401
v -0.372868 0.161839 0.720459
v -0.373564 0.161839 0.721434
v -0.374376 0.161839 0.722314
v -0.375297 0.161839 0.723089
v -0.376317 0.161839 0.723746
v -0.377427 0.161839 0.724277
v -0.378615 0.161839 0.724668
v -0.379875 0.161839 0.724910
v -0.381195 0.161839 0.724991
v -0.383542 0.161839 0.724987
v -0.390030 0.161839 0.724974
v -0.399831 0.161839 0.724956
v -0.412117 0.161839 0.724932
v -0.426059 0.161839 0.724905
v -0.440830 0.161839 0.724877
v -0.455601 0.161839 0.724849
v -0.469544 0.161839 0.724822
v -0.481829 0.161839 0.724799
v -0.491631 0.161839 0.724780
v -0.498119 0.161839 0.724767
v -0.500465 0.161839 0.724763
v -0.502045 0.161839 0.722427
v -0.503162 0.161839 0.719773
v -0.503920 0.161839 0.716857
v -0.504425 0.161839 0.713735
v -0.504782 0.161839 0.710464
v -0.505097 0.161839 0.707100
v -0.505475 0.161839 0.703700
v -0.506022 0.161839 0.700320
v -0.506842 0.161839 0.697016
v -0.508041 0.161839 0.693845
v -0.509725 0.161839 0.690863
v -0.511998 0.161839 0.688127
v -0.517081 0.161839 0.684223
v -0.523467 0.161839 0.681150
v -0.530948 0.161839 0.678832
v -0.539318 0.161839 0.677189
v -0.548370 0.161839 0.676143
v -0.557897 0.161839 0.675617
v -0.567691 0.161839 0.675530
v -0.577545 0.161839 0.675807
v -0.587252 0.161839 0.676368
v -0.596605 0.161839 0.677134
v -0.605397 0.161839 0.678028
v -0.613421 0.161839 0.678971
v -0.615517 0.161839 0.679285
v -0.617683 0.161839 0.679710
v -0.619890 0.161839 0.680247
v -0.622113 0.161839 0.680894
v -0.624324 0.161839 0.681650
v -0.626497 0.161839 0.682513
v -0.628605 0.161839 0.683484
v -0.630620 0.161839 0.684561
v -0.632516 0.161839 0.685743
v -0.634265 0.161839 0.687029
v -0.635842 0.161839 0.688418
v -0.637218 0.161839 0.689908
v -0.638586 0.161839 0.691854
v -0.639638 0.161839 0.693934
v -0.640413 0.161839 0.696125
v -0.640950 0.161839 0.698407
v -0.641286 0.161839 0.700759
v -0.641462 0.161839 0.703159
v -0.641515 0.161839 0.705585
v -0.641484 0.161839 0.708018
v -0.641408 0.161839 0.710434
v -0.641325 0.161839 0.712814
v -0.641275 0.161839 0.715135
v -0.641295 0.161839 0.717377
v -0.641167 0.161839 0.722031
v -0.640509 0.161839 0.726397
v -0.639344 0.161839 0.730456
v -0.637697 0.161839 0.734187
v -0.635593 0.161839 0.737572
v -0.633055 0.161839 0.740590
v -0.630107 0.161839 0.743224
v -0.626774 0.161839 0.745452
v -0.623080 0.161839 0.747255
v -0.619050 0.161839 0.748615
v -0.614707 0.161839 0.749511
v -0.610075 0.161839 0.749925
v -0.607212 0.161839 0.750025
v -0.599297 0.161839 0.750300
v -0.587339 0.161839 0.750717
v -0.572350 0.161839 0.751239
v -0.555340 0.161839 0.751832
v -0.537320 0.161839 0.752459
v -0.519300 0.161839 0.753087
v -0.502290 0.161839 0.753680
v -0.487301 0.161839 0.754202
v -0.475343 0.161839 0.754618
v -0.467428 0.161839 0.754894
v -0.464564 0.161839 0.754994
v -0.455551 0.161839 0.755603
v -0.446122 0.161839 0.756822
v -0.436476 0.161839 0.758657
v -0.426807 0.161839 0.761112
v -0.417312 0.161839 0.764192
v -0.408186 0.161839 0.767902
v -0.399626 0.161839 0.772246
v -0.391828 0.161839 0.777231
v -0.384988 0.161839 0.782860
v -0.379302 0.161839 0.789138
v -0.374965 0.161839 0.796070
v -0.372174 0.161839 0.803662
v -0.370845 0.161839 0.809413
v -0.369690 0.161839 0.815190
v -0.368708 0.161839 0.820990
v -0.367897 0.161839 0.826809
v -0.367258 0.161839 0.832643
v -0.366789 0.161839 0.838490
v -0.366488 0.161839 0.844345
v -0.366356 0.161839 0.850206
v -0.366392 0.161839 0.856069
v -0.366593 0.161839 0.861930
v -0.366961 0.161839 0.867786
v -0.367490 -0.161839 0.873639
v -0.367489 -0.161839 0.873643
v -0.367488 -0.161839 0.873647
v -0.367487 -0.161839 0.873651
v -0.367485 -0.161839 0.873655
v -0.367484 -0.161839 0.873659
v -0.367481 -0.161839 0.873668
v -0.368909 -0.161839 0.883333
v -0.371087 -0.161839 0.892251
v -0.374018 -0.161839 0.900418
v -0.377701 -0.161839 0.907825
v -0.382140 -0.161839 0.914467
v -0.387334 -0.161839 0.920337
v -0.393286 -0.161839 0.925429
v -0.399998 -0.161839 0.929736
v -0.407470 -0.161839 0.933251
v -0.415704 -0.161839 0.935968
v -0.424701 -0.161839 0.937881
v -0.434464 -0.161839 0.938982
v -0.454037 -0.161839 0.940222
v -0.473581 -0.161839 0.941267
v -0.493104 -0.161839 0.942124
v -0.512610 -0.161839 0.942797
v -0.532108 -0.161839 0.943293
v -0.551602 -0.161839 0.943617
v -0.571100 -0.161839 0.943775
v -0.590607 -0.161839 0.943771
v -0.610130 -0.161839 0.943612
v -0.629676 -0.161839 0.943303
v -0.649250 -0.161839 0.942850
v -0.668860 -0.161839 0.942259
v -0.669867 -0.161839 0.942151
v -0.672652 -0.161839 0.941853
v -0.676859 -0.161839 0.941402
v -0.682132 -0.161839 0.940838
v -0.688116 -0.161839 0.940197
v -0.694456 -0.161839 0.939519
v -0.700795 -0.161839 0.938840
v -0.706779 -0.161839 0.938199
v -0.712052 -0.161839 0.937635
v -0.716259 -0.161839 0.937184
v -0.719044 -0.161839 0.936886
v -0.720051 -0.161839 0.936779
v -0.729378 -0.161839 0.934914
v -0.737995 -0.161839 0.931488
v -0.745860 -0.161839 0.926654
v -0.752932 -0.161839 0.920565
v -0.759170 -0.161839 0.913374
v -0.764532 -0.161839 0.905235
v -0.768978 -0.161839 0.896300
v -0.772465 -0.161839 0.886724
v -0.774954 -0.161839 0.876658
v -0.776403 -0.161839 0.866256
v -0.776770 -0.161839 0.855672
v -0.776015 -0.161839 0.845059
v -0.773311 -0.161839 0.845059
v -0.765837 -0.161839 0.845060
v -0.754546 -0.161839 0.845062
v -0.740392 -0.161839 0.845064
v -0.724330 -0.161839 0.845067
v -0.707313 -0.161839 0.845070
v -0.690297 -0.161839 0.845073
v -0.674235 -0.161839 0.845075
v -0.660081 -0.161839 0.845078
v -0.648789 -0.161839 0.845080
v -0.641315 -0.161839 0.845081
v -0.638611 -0.161839 0.845081
v -0.635368 -0.161839 0.868017
v -0.634661 -0.161839 0.871241
v -0.633509 -0.161839 0.874252
v -0.631953 -0.161839 0.877037
v -0.630031 -0.161839 0.879583
v -0.627785 -0.161839 0.881875
v -0.625255 -0.161839 0.883899
v -0.622482 -0.161839 0.885642
v -0.619505 -0.161839 0.887089
v -0.616364 -0.161839 0.888228
v -0.613100 -0.161839 0.889044
v -0.609753 -0.161839 0.889523
v -0.606364 -0.161839 0.889651
v -0.604830 -0.161839 0.889629
v -0.600586 -0.161839 0.889567
v -0.594176 -0.161839 0.889473
v -0.586141 -0.161839 0.889355
v -0.577023 -0.161839 0.889222
v -0.567363 -0.161839 0.889081
v -0.557703 -0.161839 0.888939
v -0.548585 -0.161839 0.888806
v -0.540550 -0.161839 0.888688
v -0.534140 -0.161839 0.888594
v -0.529897 -0.161839 0.888532
v -0.528362 -0.161839 0.888510
v -0.525245 -0.161839 0.888186
v -0.522265 -0.161839 0.887343
v -0.519441 -0.161839 0.886037
v -0.516788 -0.161839 0.884324
v -0.514326 -0.161839 0.882260
v -0.512070 -0.161839 0.879902
v -0.510038 -0.161839 0.877304
v -0.508248 -0.161839 0.874524
v -0.506716 -0.161839 0.871617
v -0.505460 -0.161839 0.868640
v -0.504497 -0.161839 0.865648
v -0.503845 -0.161839 0.862697
v -0.503483 -0.161839 0.860358
v -0.503188 -0.161839 0.858022
v -0.502962 -0.161839 0.855690
v -0.502803 -0.161839 0.853363
v -0.502713 -0.161839 0.851044
v -0.502692 -0.161839 0.848732
v -0.502739 -0.161839 0.846429
v -0.502855 -0.161839 0.844136
v -0.503039 -0.161839 0.841855
v -0.503292 -0.161839 0.839587
v -0.503614 -0.161839 0.837332
v -0.504005 -0.161839 0.835092
v -0.504855 -0.161839 0.831756
v -0.506073 -0.161839 0.828660
v -0.507633 -0.161839 0.825810
v -0.509507 -0.161839 0.823215
v -0.511669 -0.161839 0.820880
v -0.514091 -0.161839 0.818813
v -0.516747 -0.161839 0.817022
v -0.519609 -0.161839 0.815513
v -0.522652 -0.161839 0.814293
v -0.525847 -0.161839 0.813370
v -0.529167 -0.161839 0.812751
v -0.532587 -0.161839 0.812442
v -0.534352 -0.161839 0.812366
v -0.539231 -0.161839 0.812156
v -0.546602 -0.161839 0.811839
v -0.555841 -0.161839 0.811441
v -0.566326 -0.161839 0.810990
v -0.577435 -0.161839 0.810512
v -0.588543 -0.161839 0.810034
v -0.599028 -0.161839 0.809583
v -0.608267 -0.161839 0.809186
v -0.615638 -0.161839 0.808869
v -0.620517 -0.161839 0.808659
v -0.622282 -0.161839 0.808583
v -0.697910 -0.161839 0.805306
v -0.702836 -0.161839 0.804947
v -0.707730 -0.161839 0.804303
v -0.712576 -0.161839 0.803381
v -0.717361 -0.161839 0.802188
v -0.722072 -0.161839 0.800731
v -0.726694 -0.161839 0.799019
v -0.731214 -0.161839 0.797057
v -0.735617 -0.161839 0.794855
v -0.739891 -0.161839 0.792418
v -0.744021 -0.161839 0.789754
v -0.747994 -0.161839 0.786870
v -0.751796 -0.161839 0.783775
v -0.754252 -0.161839 0.781460
v -0.756498 -0.161839 0.778948
v -0.758532 -0.161839 0.776260
v -0.760354 -0.161839 0.773415
v -0.761960 -0.161839 0.770436
v -0.763350 -0.161839 0.767341
v -0.764522 -0.161839 0.764152
v -0.765474 -0.161839 0.760890
v -0.766204 -0.161839 0.757574
v -0.766712 -0.161839 0.754226
v -0.766994 -0.161839 0.750867
v -0.767051 -0.161839 0.747516
v -0.767033 -0.161839 0.746448
v -0.766982 -0.161839 0.743494
v -0.766905 -0.161839 0.739032
v -0.766808 -0.161839 0.733439
v -0.766699 -0.161839 0.727092
v -0.766583 -0.161839 0.720368
v -0.766467 -0.161839 0.713643
v -0.766358 -0.161839 0.707296
v -0.766261 -0.161839 0.701703
v -0.766184 -0.161839 0.697241
v -0.766133 -0.161839 0.694288
v -0.766115 -0.161839 0.693219
v -0.765015 -0.161839 0.682867
v -0.762205 -0.161839 0.673577
v -0.757849 -0.161839 0.665318
v -0.752114 -0.161839 0.658058
v -0.745166 -0.161839 0.651764
v -0.737172 -0.161839 0.646404
v -0.728297 -0.161839 0.641948
v -0.718709 -0.161839 0.638362
v -0.708572 -0.161839 0.635614
v -0.698053 -0.161839 0.633673
v -0.687318 -0.161839 0.632507
v -0.676533 -0.161839 0.632084
v -0.672178 -0.161839 0.632058
v -0.660138 -0.161839 0.631986
v -0.641949 -0.161839 0.631877
v -0.619148 -0.161839 0.631741
v -0.593273 -0.161839 0.631586
v -0.565861 -0.161839 0.631422
v -0.538450 -0.161839 0.631258
v -0.512575 -0.161839 0.631103
v -0.489774 -0.161839 0.630967
v -0.471585 -0.161839 0.630858
v -0.459545 -0.161839 0.630786
v -0.455189 -0.161839 0.630760
v -0.447945 -0.161839 0.630970
v -0.440278 -0.161839 0.631682
v -0.432357 -0.161839 0.632888
v -0.424351 -0.161839 0.634580
v -0.416429 -0.161839 0.636749
v -0.408760 -0.161839 0.639389
v -0.401513 -0.161839 0.642491
v -0.394855 -0.161839 0.646047
v -0.388957 -0.161839 0.650049
v -0.383987 -0.161839 0.654490
v -0.380114 -0.161839 0.659361
v -0.377507 -0.161839 0.664655
v -0.376146 -0.161839 0.668849
v -0.374981 -0.161839 0.673042
v -0.373998 -0.161839 0.677239
v -0.373187 -0.161839 0.681443
v -0.372535 -0.161839 0.685659
v -0.372031 -0.161839 0.689890
v -0.371663 -0.161839 0.694141
v -0.371420 -0.161839 0.698416
v -0.371289 -0.161839 0.702719
v -0.371259 -0.161839 0.707053
v -0.371318 -0.161839 0.711424
v -0.371455 -0.161839 0.715835
v -0.371584 -0.161839 0.717078
v -0.371869 -0.161839 0.718270
v -0.372301 -0.161839 0.719401
v -0.372868 -0.161839 0.720459
v -0.373564 -0.161839 0.721434
v -0.374376 -0.161839 0.722314
v -0.375297 -0.161839 0.723089
v -0.376317 -0.161839 0.723746
v -0.377427 -0.161839 0.724277
v -0.378615 -0.161839 0.724668
v -0.379875 -0.161839 0.724910
v -0.381195 -0.161839 0.724991
v -0.383542 -0.161839 0.724987
v -0.390030 -0.161839 0.724974
v -0.399831 -0.161839 0.724956
v -0.412117 -0.161839 0.724932
v -0.426059 -0.161839 0.724905
v -0.440830 -0.161839 0.724877
v -0.455601 -0.161839 0.724849
v -0.469544 -0.161839 0.724822
v -0.481829 -0.161839 0.724799
v -0.491631 -0.161839 0.724780
v -0.498119 -0.161839 0.724767
v -0.500465 -0.161839 0.724763
v -0.502045 -0.161839 0.722427
v -0.503162 -0.161839 0.719773
v -0.503920 -0.161839 0.716857
v -0.504425 -0.161839 0.713735
v -0.504782 -0.161839 0.710464
v -0.505097 -0.161839 0.707100
v -0.505475 -0.161839 0.703700
v -0.506022 -0.161839 0.700320
v -0.506842 -0.161839 0.697016
v -0.508041 -0.161839 0.693845
v -0.509725 -0.161839 0.690863
v -0.511998 -0.161839 0.688127
v -0.517081 -0.161839 0.684223
v -0.523467 -0.161839 0.681150
v -0.530948 -0.161839 0.678832
v -0.539318 -0.161839 0.677189
v -0.548370 -0.161839 0.676143
v -0.557897 -0.161839 0.675617
v -0.567691 -0.161839 0.675530
v -0.577545 -0.161839 0.675807
v -0.587252 -0.161839 0.676368
v -0.596605 -0.161839 0.677134
v -0.605397 -0.161839 0.678028
v -0.613421 -0.161839 0.678971
v -0.615517 -0.161839 0.679285
v -0.617683 -0.161839 0.679710
v -0.619890 -0.161839 0.680247
v -0.622113 -0.161839 0.680894
v -0.624324 -0.161839 0.681650
v -0.626497 -0.161839 0.682513
v -0.628605 -0.161839 0.683484
v -0.630620 -0.161839 0.684561
v -0.632516 -0.161839 0.685743
v -0.634265 -0.161839 0.687029
v -0.635842 -0.161839 0.688418
v -0.637218 -0.161839 0.689908
v -0.638586 -0.161839 0.691854
v -0.639638 -0.161839 0.693934
v -0.640413 -0.161839 0.696125
v -0.640950 -0.161839 0.698407
v -0.641286 -0.161839 0.700759
v -0.641462 -0.161839 0.703159
v -0.641515 -0.161839 0.705585
v -0.641484 -0.161839 0.708018
v -0.641408 -0.161839 0.710434
v -0.641325 -0.161839 0.712814
v -0.641275 -0.161839 0.715135
v -0.641295 -0.161839 0.717377
v -0.641167 -0.161839 0.722031
v -0.640509 -0.161839 0.726397
v -0.639344 -0.161839 0.730456
v -0.637697 -0.161839 0.734187
v -0.635593 -0.161839 0.737572
v -0.633055 -0.161839 0.740590
v -0.630107 -0.161839 0.743224
v -0.626774 -0.161839 0.745452
v -0.623080 -0.161839 0.747255
v -0.619050 -0.161839 0.748615
v -0.614707 -0.161839 0.749511
v -0.610075 -0.161839 0.749925
v -0.607212 -0.161839 0.750025
v -0.599297 -0.161839 0.750300
v -0.587339 -0.161839 0.750717
v -0.572350 -0.161839 0.751239
v -0.555340 -0.161839 0.751832
v -0.537320 -0.161839 0.752459
v -0.519300 -0.161839 0.753087
v -0.502290 -0.161839 0.753680
v -0.487301 -0.161839 0.754202
v -0.475343 -0.161839 0.754618
v -0.467428 -0.161839 0.754894
v -0.464564 -0.161839 0.754994
v -0.455551 -0.161839 0.755603
v -0.446122 -0.161839 0.756822
v -0.436476 -0.161839 0.758657
v -0.426807 -0.161839 0.761112
v -0.417312 -0.161839 0.764192
v -0.408186 -0.161839 0.767902
v -0.399626 -0.161839 0.772246
v -0.391828 -0.161839 0.777231
v -0.384988 -0.161839 0.782860
v -0.379302 -0.161839 0.789138
v -0.374965 -0.161839 0.796070
v -0.372174 -0.161839 0.803662
v -0.370845 -0.161839 0.809413
v -0.369690 -0.161839 0.815190
v -0.368708 -0.161839 0.820990
v -0.367897 -0.161839 0.826809
v -0.367258 -0.161839 0.832643
v -0.366789 -0.161839 0.838490
v -0.366488 -0.161839 0.844345
v -0.366356 -0.161839 0.850206
v -0.366392 -0.161839 0.856069
v -0.366593 -0.161839 0.861930
v -0.366961 -0.161839 0.867786
v -0.367490 -0.161839 0.873639
v -0.367490 0.161839 0.873639
v -0.367489 -0.161839 0.873643
v -0.367489 0.161839 0.873643
v -0.367488 -0.161839 0.873647
v -0.367488 0.161839 0.873647
v -0.367487 -0.161839 0.873651
v -0.367487 0.161839 0.873651
v -0.367485 -0.161839 0.873655
v -0.367485 0.161839 0.873655
v -0.367484 -0.161839 0.873659
v -0.367484 0.161839 0.873659
v -0.367481 -0.161839 0.873668
v -0.367481 0.161839 0.873668
v -0.368909 -0.161839 0.883333
v -0.368909 0.161839 0.883333
v -0.371087 -0.161839 0.892251
v -0.371087 0.161839 0.892251
v -0.374018 -0.161839 0.900418
v -0.374018 0.161839 0.900418
v -0.377701 -0.161839 0.907825
v -0.377701 0.161839 0.907825
v -0.382140 -0.161839 0.914467
v -0.382140 0.161839 0.914467
v -0.387334 -0.161839 0.920337
v -0.387334 0.161839 0.920337
v -0.393286 -0.161839 0.925429
v -0.393286 0.161839 0.925429
v -0.399998 -0.161839 0.929736
v -0.399998 0.161839 0.929736
v -0.407470 -0.161839 0.933251
v -0.407470 0.161839 0.933251
v -0.415704 -0.161839 0.935968
v -0.415704 0.161839 0.935968
v -0.424701 -0.161839 0.937881
v -0.424701 0.161839 0.937881
v -0.434464 -0.161839 0.938982
v -0.434464 0.161839 0.938982
v -0.454037 -0.161839 0.940222
v -0.454037 0.161839 0.940222
v -0.473581 -0.161839 0.941267
v -0.473581 0.161839 0.941267
v -0.493104 -0.161839 0.942124
v -0.493104 0.161839 0.942124
v -0.512610 -0.161839 0.942797
v -0.512610 0.161839 0.942797
v -0.532108 -0.161839 0.943293
v -0.532108 0.161839 0.943293
v -0.551602 -0.161839 0.943617
v -0.551602 0.161839 0.943617
v -0.571100 -0.161839 0.943775
v -0.571100 0.161839 0.943775
v -0.590607 -0.161839 0.943771
v -0.590607 0.161839 0.943771
v -0.610130 -0.161839 0.943612
v -0.610130 0.161839 0.943612
v -0.629676 -0.161839 0.943303
v -0.629676 0.161839 0.943303
v -0.649250 -0.161839 0.942850
v -0.649250 0.161839 0.942850
v -0.668860 -0.161839 0.942259
v -0.668860 0.161839 0.942259
v -0.669867 -0.161839 0.942151
v -0.669867 0.161839 0.942151
v -0.672652 -0.161839 0.941853
v -0.672652 0.161839 0.941853
v -0.676859 -0.161839 0.941402
v -0.676859 0.161839 0.941402
v -0.682132 -0.161839 0.940838
v -0.682132 0.161839 0.940838
v -0.688116 -0.161839 0.940197
v -0.688116 0.161839 0.940197
v -0.694456 -0.161839 0.939519
v -0.694456 0.161839 0.939519
v -0.700795 -0.161839 0.938840
v -0.700795 0.161839 0.938840
v -0.706779 -0.161839 0.938199
v -0.706779 0.161839 0.938199
v -0.712052 -0.161839 0.937635
v -0.712052 0.161839 0.937635
v -0.716259 -0.161839 0.937184
v -0.716259 0.161839 0.937184
v -0.719044 -0.161839 0.936886
v -0.719044 0.161839 0.936886
v -0.720051 -0.161839 0.936779
v -0.720051 0.161839 0.936779
v -0.729378 -0.161839 0.934914
v -0.729378 0.161839 0.934914
v -0.737995 -0.161839 0.931488
v -0.737995 0.161839 0.931488
v -0.745860 -0.161839 0.926654
v -0.745860 0.161839 0.926654
v -0.752932 -0.161839 0.920565
v -0.752932 0.161839 0.920565
v -0.759170 -0.161839 0.913374
v -0.759170 0.161839 0.913374
v -0.764532 -0.161839 0.905235
v -0.764532 0.161839 0.905235
v -0.768978 -0.161839 0.896300
v -0.768978 0.161839 0.896300
v -0.772465 -0.161839 0.886724
v -0.772465 0.161839 0.886724
v -0.774954 -0.161839 0.876658
v -0.774954 0.161839 0.876658
v -0.776403 -0.161839 0.866256
v -0.776403 0.161839 0.866256
v -0.776770 -0.161839 0.855672
v -0.776770 0.161839 0.855672
v -0.776015 -0.161839 0.845059
v -0.776015 0.161839 0.845059
v -0.773311 -0.161839 0.845059
v -0.773311 0.161839 0.845059
v -0.765837 -0.161839 0.845060
v -0.765837 0.161839 0.845060
v -0.754546 -0.161839 0.845062
v -0.754546 0.161839 0.845062
v -0.740392 -0.161839 0.845064
v -0.740392 0.161839 0.845064
v -0.724330 -0.161839 0.845067
v -0.724330 0.161839 0.845067
v -0.707313 -0.161839 0.845070
v -0.707313 0.161839 0.845070
v -0.690297 -0.161839 0.845073
v -0.690297 0.161839 0.845073
v -0.674235 -0.161839 0.845075
v -0.674235 0.161839 0.845075
v -0.660081 -0.161839 0.845078
v -0.660081 0.161839 0.845078
v -0.648789 -0.161839 0.845080
v -0.648789 0.161839 0.845080
v -0.641315 -0.161839 0.845081
v -0.641315 0.161839 0.845081
v -0.638611 -0.161839 0.845081
v -0.638611 0.161839 0.845081
v -0.635368 -0.161839 0.868017
v -0.635368 0.161839 0.868017
v -0.634661 -0.161839 0.871241
v -0.634661 0.161839 0.871241
v -0.633509 -0.161839 0.874252
v -0.633509 0.161839 0.874252
v -0.631953 -0.161839 0.877037
v -0.631953 0.161839 0.877037
v -0.630031 -0.161839 0.879583
v -0.630031 0.161839 0.879583
v -0.627785 -0.161839 0.881875
v -0.627785 0.161839 0.881875
v -0.625255 -0.161839 0.883899
v -0.625255 0.161839 0.883899
v -0.622482 -0.161839 0.885642
v -0.622482 0.161839 0.885642
v -0.619505 -0.161839 0.887089
v -0.619505 0.161839 0.887089
v -0.616364 -0.161839 0.888228
v -0.616364 0.161839 0.888228
v -0.613100 -0.161839 0.889044
v -0.613100 0.161839 0.889044
v -0.609753 -0.161839 0.889523
v -0.609753 0.161839 0.889523
v -0.606364 -0.161839 0.889651
v -0.606364 0.161839 0.889651
v -0.604830 -0.161839 0.889629
v -0.604830 0.161839 0.889629
v -0.600586 -0.161839 0.889567
v -0.600586 0.161839 0.889567
v -0.594176 -0.161839 0.889473
v -0.594176 0.161839 0.889473
v -0.586141 -0.161839 0.889355
v -0.586141 0.161839 0.889355
v -0.577023 -0.161839 0.889222
v -0.577023 0.161839 0.889222
v -0.567363 -0.161839 0.889081
v -0.567363 0.161839 0.889081
v -0.557703 -0.161839 0.888939
v -0.557703 0.161839 0.888939
v -0.548585 -0.161839 0.888806
v -0.548585 0.161839 0.888806
v -0.540550 -0.161839 0.888688
v -0.540550 0.161839 0.888688
v -0.534140 -0.161839 0.888594
v -0.534140 0.161839 0.888594
v -0.529897 -0.161839 0.888532
v -0.529897 0.161839 0.888532
v -0.528362 -0.161839 0.888510
v -0.528362 0.161839 0.888510
v -0.525245 -0.161839 0.888186
v -0.525245 0.161839 0.888186
v -0.522265 -0.161839 0.887343
v -0.522265 0.161839 0.887343
v -0.519441 -0.161839 0.886037
v -0.519441 0.161839 0.886037
v -0.516788 -0.161839 0.884324
v -0.516788 0.161839 0.884324
v -0.514326 -0.161839 0.882260
v -0.514326 0.161839 0.882260
v -0.512070 -0.161839 0.879902
v -0.512070 0.161839 0.879902
v -0.510038 -0.161839 0.877304
v -0.510038 0.161839 0.877304
v -0.508248 -0.161839 0.874524
v -0.508248 0.161839 0.874524
v -0.506716 -0.161839 0.871617
v -0.506716 0.161839 0.871617
v -0.505460 -0.161839 0.868640
v -0.505460 0.161839 0.868640
v -0.504497 -0.161839 0.865648
v -0.504497 0.161839 0.865648
v -0.503845 -0.161839 0.862697
v -0.503845 0.161839 0.862697
v -0.503483 -0.161839 0.860358
v -0.503483 0.161839 0.860358
v -0.503188 -0.161839 0.858022
v -0.503188 0.161839 0.858022
v -0.502962 -0.161839 0.855690
v -0.502962 0.161839 0.855690
v -0.502803 -0.161839 0.853363
v -0.502803 0.161839 0.853363
v -0.502713 -0.161839 0.851044
v -0.502713 0.161839 0.851044
v -0.502692 -0.161839 0.848732
v -0.502692 0.161839 0.848732
v -0.502739 -0.161839 0.846429
v -0.502739 0.161839 0.846429
v -0.502855 -0.161839 0.844136
v -0.502855 0.161839 0.844136
v -0.503039 -0.161839 0.841855
v -0.503039 0.161839 0.841855
v -0.503292 -0.161839 0.839587
v -0.503292 0.161839 0.839587
v -0.503614 -0.161839 0.837332
v -0.503614 0.161839 0.837332
v -0.504005 -0.161839 0.835092
v -0.504005 0.161839 0.835092
v -0.504855 -0.161839 0.831756
v -0.504855 0.161839 0.831756
v -0.506073 -0.161839 0.828660
v -0.506073 0.161839 0.828660
v -0.507633 -0.161839 0.825810
v -0.507633 0.161839 0.825810
v -0.509507 -0.161839 0.823215
v -0.509507 0.161839 0.823215
v -0.511669 -0.161839 0.820880
v -0.511669 0.161839 0.820880
v -0.514091 -0.161839 0.818813
v -0.514091 0.161839 0.818813
v -0.516747 -0.161839 0.817022
v -0.516747 0.161839 0.817022
v -0.519609 -0.161839 0.815513
v -0.519609 0.161839 0.815513
v -0.522652 -0.161839 0.814293
v -0.522652 0.161839 0.814293
v -0.525847 -0.161839 0.813370
v -0.525847 0.161839 0.813370
v -0.529167 -0.161839 0.812751
v -0.529167 0.161839 0.812751
v -0.532587 -0.161839 0.812442
v -0.532587 0.161839 0.812442
v -0.534352 -0.161839 0.812366
v -0.534352 0.161839 0.812366
v -0.539231 -0.161839 0.812156
v -0.539231 0.161839 0.812156
v -0.546602 -0.161839 0.811839
v -0.546602 0.161839 0.811839
v -0.555841 -0.161839 0.811441
v -0.555841 0.161839 0.811441
v -0.566326 -0.161839 0.810990
v -0.566326 0.161839 0.810990
v -0.577435 -0.161839 0.810512
v -0.577435 0.161839 0.810512
v -0.588543 -0.161839 0.810034
v -0.588543 0.161839 0.810034
v -0.599028 -0.161839 0.809583
v -0.599028 0.161839 0.809583
v -0.608267 -0.161839 0.809186
v -0.608267 0.161839 0.809186
v -0.615638 -0.161839 0.808869
v -0.615638 0.161839 0.808869
v -0.620517 -0.161839 0.808659
v -0.620517 0.161839 0.808659
v -0.622282 -0.161839 0.808583
v -0.622282 0.161839 0.808583
v -0.697910 -0.161839 0.805306
v -0.697910 0.161839 0.805306
v -0.702836 -0.161839 0.804947
v -0.702836 0.161839 0.804947
v -0.707730 -0.161839 0.804303
v -0.707730 0.161839 0.804303
v -0.712576 -0.161839 0.803381
v -0.712576 0.161839 0.803381
v -0.717361 -0.161839 0.802188
v -0.717361 0.161839 0.802188
v -0.722072 -0.161839 0.800731
v -0.722072 0.161839 0.800731
v -0.726694 -0.161839 0.799019
v -0.726694 0.161839 0.799019
v -0.731214 -0.161839 0.797057
v -0.731214 0.161839 0.797057
v -0.735617 -0.161839 0.794855
v -0.735617 0.161839 0.794855
v -0.739891 -0.161839 0.792418
v -0.739891 0.161839 0.792418
v -0.744021 -0.161839 0.789754
v -0.744021 0.161839 0.789754
v -0.747994 -0.161839 0.786870
v -0.747994 0.161839 0.786870
v -0.751796 -0.161839 0.783775
v -0.751796 0.161839 0.783775
v -0.754252 -0.161839 0.781460
v -0.754252 0.161839 0.781460
v -0.756498 -0.161839 0.778948
v -0.756498 0.161839 0.778948
v -0.758532 -0.161839 0.776260
v -0.758532 0.161839 0.776260
v -0.760354 -0.161839 0.773415
v -0.760354 0.161839 0.773415
v -0.761960 -0.161839 0.770436
v -0.761960 0.161839 0.770436
v -0.763350 -0.161839 0.767341
v -0.763350 0.161839 0.767341
v -0.764522 -0.161839 0.764152
v -0.764522 0.161839 0.764152
v -0.765474 -0.161839 0.760890
v -0.765474 0.161839 0.760890
v -0.766204 -0.161839 0.757574
v -0.766204 0.161839 0.757574
v -0.766712 -0.161839 0.754226
v -0.766712 0.161839 0.754226
v -0.766994 -0.161839 0.750867
v -0.766994 0.161839 0.750867
v -0.767051 -0.161839 0.747516
v -0.767051 0.161839 0.747516
v -0.767033 -0.161839 0.746448
v -0.767033 0.161839 0.746448
v -0.766982 -0.161839 0.743494
v -0.766982 0.161839 0.743494
v -0.766905 -0.161839 0.739032
v -0.766905 0.161839 0.739032
v -0.766808 -0.161839 0.733439
v -0.766808 0.161839 0.733439
v -0.766699 -0.161839 0.727092
v -0.766699 0.161839 0.727092
v -0.766583 -0.161839 0.720368
v -0.766583 0.161839 0.720368
v -0.766467 -0.161839 0.713643
v -0.766467 0.161839 0.713643
v -0.766358 -0.161839 0.707296
v -0.766358 0.161839 0.707296
v -0.766261 -0.161839 0.701703
v -0.766261 0.161839 0.701703
v -0.766184 -0.161839 0.697241
v -0.766184 0.161839 0.697241
v -0.766133 -0.161839 0.694288
v -0.766133 0.161839 0.694288
v -0.766115 -0.161839 0.693219
v -0.766115 0.161839 0.693219
v -0.765015 -0.161839 0.682867
v -0.765015 0.161839 0.682867
v -0.762205 -0.161839 0.673577
v -0.762205 0.161839 0.673577
v -0.757849 -0.161839 0.665318
v -0.757849 0.161839 0.665318
v -0.752114 -0.161839 0.658058
v -0.752114 0.161839 0.658058
v -0.745166 -0.161839 0.651764
v -0.745166 0.161839 0.651764
v -0.737172 -0.161839 0.646404
v -0.737172 0.161839 0.646404
v -0.728297 -0.161839 0.641948
v -0.728297 0.161839 0.641948
v -0.718709 -0.161839 0.638362
v -0.718709 0.161839 0.638362
v -0.708572 -0.161839 0.635614
v -0.708572 0.161839 0.635614
v -0.698053 -0.161839 0.633673
v -0.698053 0.161839 0.633673
v -0.687318 -0.161839 0.632507
v -0.687318 0.161839 0.632507
v -0.676533 -0.161839 0.632084
v -0.676533 0.161839 0.632084
v -0.672178 -0.161839 0.632058
v -0.672178 0.161839 0.632058
v -0.660138 -0.161839 0.631986
v -0.660138 0.161839 0.631986
v -0.641949 -0.161839 0.631877
v -0.641949 0.161839 0.631877
v -0.619148 -0.161839 0.631741
v -0.619148 0.161839 0.631741
v -0.593273 -0.161839 0.631586
v -0.593273 0.161839 0.631586
v -0.565861 -0.161839 0.631422
v -0.565861 0.161839 0.631422
v -0.538450 -0.161839 0.631258
v -0.538450 0.161839 0.631258
v -0.512575 -0.161839 0.631103
v -0.512575 0.161839 0.631103
v -0.489774 -0.161839 0.630967
v -0.489774 0.161839 0.630967
v -0.471585 -0.161839 0.630858
v -0.471585 0.161839 0.630858
v -0.459545 -0.161839 0.630786
v -0.459545 0.161839 0.630786
v -0.455189 -0.161839 0.630760
v -0.455189 0.161839 0.630760
v -0.447945 -0.161839 0.630970
v -0.447945 0.161839 0.630970
v -0.440278 -0.161839 0.631682
v -0.440278 0.161839 0.631682
v -0.432357 -0.161839 0.632888
v -0.432357 0.161839 0.632888
v -0.424351 -0.161839 0.634580
v -0.424351 0.161839 0.634580
v -0.416429 -0.161839 0.636749
v -0.416429 0.161839 0.636749
v -0.408760 -0.161839 0.639389
v -0.408760 0.161839 0.639389
v -0.401513 -0.161839 0.642491
v -0.401513 0.161839 0.642491
v -0.394855 -0.161839 0.646047
v -0.394855 0.161839 0.646047
v -0.388957 -0.161839 0.650049
v -0.388957 0.161839 0.650049
v -0.383987 -0.161839 0.654490
v -0.383987 0.161839 0.654490
v -0.380114 -0.161839 0.659361
v -0.380114 0.161839 0.659361
v -0.377507 -0.161839 0.664655
v -0.377507 0.161839 0.664655
v -0.376146 -0.161839 0.668849
v -0.376146 0.161839 0.668849
v -0.374981 -0.161839 0.673042
v -0.374981 0.161839 0.673042
v -0.373998 -0.161839 0.677239
v -0.373998 0.161839 0.677239
v -0.373187 -0.161839 0.681443
v -0.373187 0.161839 0.681443
v -0.372535 -0.161839 0.685659
v -0.372535 0.161839 0.685659
v -0.372031 -0.161839 0.689890
v -0.372031 0.161839 0.689890
v -0.371663 -0.161839 0.694141
v -0.371663 0.161839 0.694141
v -0.371420 -0.161839 0.698416
v -0.371420 0.161839 0.698416
v -0.371289 -0.161839 0.702719
v -0.371289 0.161839 0.702719
v -0.371259 -0.161839 0.707053
v -0.371259 0.161839 0.707053
v -0.371318 -0.161839 0.711424
v -0.371318 0.161839 0.711424
v -0.371455 -0.161839 0.715835
v -0.371455 0.161839 0.715835
v -0.371584 -0.161839 0.717078
v -0.371584 0.161839 0.717078
v -0.371869 -0.161839 0.718270
v -0.371869 0.161839 0.718270
v -0.372301 -0.161839 0.719401
v -0.372301 0.161839 0.719401
v -0.372868 -0.161839 0.720459
v -0.372868 0.161839 0.720459
v -0.373564 -0.161839 0.721434
v -0.373564 0.161839 0.721434
v -0.374376 -0.161839 0.722314
v -0.374376 0.161839 0.722314
v -0.375297 -0.161839 0.723089
v -0.375297 0.161839 0.723089
v -0.376317 -0.161839 0.723746
v -0.376317 0.161839 0.723746
v -0.377427 -0.161839 0.724277
v -0.377427 0.161839 0.724277
v -0.378615 -0.161839 0.724668
v -0.378615 0.161839 0.724668
v -0.379875 -0.161839 0.724910
v -0.379875 0.161839 0.724910
v -0.381195 -0.161839 0.724991
v -0.381195 0.161839 0.724991
v -0.383542 -0.161839 0.724987
v -0.383542 0.161839 0.724987
v -0.390030 -0.161839 0.724974
v -0.390030 0.161839 0.724974
v -0.399831 -0.161839 0.724956
v -0.399831 0.161839 0.724956
v -0.412117 -0.161839 0.724932
v -0.412117 0.161839 0.724932
v -0.426059 -0.161839 0.724905
v -0.426059 0.161839 0.724905
v -0.440830 -0.161839 0.724877
v -0.440830 0.161839 0.724877
v -0.455601 -0.161839 0.724849
v -0.455601 0.161839 0.724849
v -0.469544 -0.161839 0.724822
v -0.469544 0.161839 0.724822
v -0.481829 -0.161839 0.724799
v -0.481829 0.161839 0.724799
v -0.491631 -0.161839 0.724780
v -0.491631 0.161839 0.724780
v -0.498119 -0.161839 0.724767
v -0.498119 0.161839 0.724767
v -0.500465 -0.161839 0.724763
v -0.500465 0.161839 0.724763
v -0.502045 -0.161839 0.722427
v -0.502045 0.161839 0.722427
v -0.503162 -0.161839 0.719773
v -0.503162 0.161839 0.719773
v -0.503920 -0.161839 0.716857
v -0.503920 0.161839 0.716857
v -0.504425 -0.161839 0.713735
v -0.504425 0.161839 0.713735
v -0.504782 -0.161839 0.710464
v -0.504782 0.161839 0.710464
v -0.505097 -0.161839 0.707100
v -0.505097 0.161839 0.707100
v -0.505475 -0.161839 0.703700
v -0.505475 0.161839 0.703700
v -0.506022 -0.161839 0.700320
v -0.506022 0.161839 0.700320
v -0.506842 -0.161839 0.697016
v -0.506842 0.161839 0.697016
v -0.508041 -0.161839 0.693845
v -0.508041 0.161839 0.693845
v -0.509725 -0.161839 0.690863
v -0.509725 0.161839 0.690863
v -0.511998 -0.161839 0.688127
v -0.511998 0.161839 0.688127
v -0.517081 -0.161839 0.684223
v -0.517081 0.161839 0.684223
v -0.523467 -0.161839 0.681150
v -0.523467 0.161839 0.681150
v -0.530948 -0.161839 0.678832
v -0.530948 0.161839 0.678832
v -0.539318 -0.161839 0.677189
v -0.539318 0.161839 0.677189
v -0.548370 -0.161839 0.676143
v -0.548370 0.161839 0.676143
v -0.557897 -0.161839 0.675617
v -0.557897 0.161839 0.675617
v -0.567691 -0.161839 0.675530
v -0.567691 0.161839 0.675530
v -0.577545 -0.161839 0.675807
v -0.577545 0.161839 0.675807
v -0.587252 -0.161839 0.676368
v -0.587252 0.161839 0.676368
v -0.596605 -0.161839 0.677134
v -0.596605 0.161839 0.677134
v -0.605397 -0.161839 0.678028
v -0.605397 0.161839 0.678028
v -0.613421 -0.161839 0.678971
v -0.613421 0.161839 0.678971
v -0.615517 -0.161839 0.679285
v -0.615517 0.161839 0.679285
v -0.617683 -0.161839 0.679710
v -0.617683 0.161839 0.679710
v -0.619890 -0.161839 0.680247
v -0.619890 0.161839 0.680247
v -0.622113 -0.161839 0.680894
v -0.622113 0.161839 0.680894
v -0.624324 -0.161839 0.681650
v -0.624324 0.161839 0.681650
v -0.626497 -0.161839 0.682513
v -0.626497 0.161839 0.682513
v -0.628605 -0.161839 0.683484
v -0.628605 0.161839 0.683484
v -0.630620 -0.161839 0.684561
v -0.630620 0.161839 0.684561
v -0.632516 -0.161839 0.685743
v -0.632516 0.161839 0.685743
v -0.634265 -0.161839 0.687029
v -0.634265 0.161839 0.687029
v -0.635842 -0.161839 0.688418
v -0.635842 0.161839 0.688418
v -0.637218 -0.161839 0.689908
v -0.637218 0.161839 0.689908
v -0.638586 -0.161839 0.691854
v -0.638586 0.161839 0.691854
v -0.639638 -0.161839 0.693934
v -0.639638 0.161839 0.693934
v -0.640413 -0.161839 0.696125
v -0.640413 0.161839 0.696125
v -0.640950 -0.161839 0.698407
v -0.640950 0.161839 0.698407
v -0.641286 -0.161839 0.700759
v -0.641286 0.161839 0.700759
v -0.641462 -0.161839 0.703159
v -0.641462 0.161839 0.703159
v -0.641515 -0.161839 0.705585
v -0.641515 0.161839 0.705585
v -0.641484 -0.161839 0.708018
v -0.641484 0.161839 0.708018
v -0.641408 -0.161839 0.710434
v -0.641408 0.161839 0.710434
v -0.641325 -0.161839 0.712814
v -0.641325 0.161839 0.712814
v -0.641275 -0.161839 0.715135
v -0.641275 0.161839 0.715135
v -0.641295 -0.161839 0.717377
v -0.641295 0.161839 0.717377
v -0.641167 -0.161839 0.722031
v -0.641167 0.161839 0.722031
v -0.640509 -0.161839 0.726397
v -0.640509 0.161839 0.726397
v -0.639344 -0.161839 0.730456
v -0.639344 0.161839 0.730456
v -0.637697 -0.161839 0.734187
v -0.637697 0.161839 0.734187
v -0.635593 -0.161839 0.737572
v -0.635593 0.161839 0.737572
v -0.633055 -0.161839 0.740590
v -0.633055 0.161839 0.740590
v -0.630107 -0.161839 0.743224
v -0.630107 0.161839 0.743224
v -0.626774 -0.161839 0.745452
v -0.626774 0.161839 0.745452
v -0.623080 -0.161839 0.747255
v -0.623080 0.161839 0.747255
v -0.619050 -0.161839 0.748615
v -0.619050 0.161839 0.748615
v -0.614707 -0.161839 0.749511
v -0.614707 0.161839 0.749511
v -0.610075 -0.161839 0.749925
v -0.610075 0.161839 0.749925
v -0.607212 -0.161839 0.750025
v -0.607212 0.161839 0.750025
v -0.599297 -0.161839 0.750300
v -0.599297 0.161839 0.750300
v -0.587339 -0.161839 0.750717
v -0.587339 0.161839 0.750717
v -0.572350 -0.161839 0.751239
v -0.572350 0.161839 0.751239
v -0.555340 -0.161839 0.751832
v -0.555340 0.161839 0.751832
v -0.537320 -0.161839 0.752459
v -0.537320 0.161839 0.752459
v -0.519300 -0.161839 0.753087
v -0.519300 0.161839 0.753087
v -0.502290 -0.161839 0.753680
v -0.502290 0.161839 0.753680
v -0.487301 -0.161839 0.754202
v -0.487301 0.161839 0.754202
v -0.475343 -0.161839 0.754618
v -0.475343 0.161839 0.754618
v -0.467428 -0.161839 0.754894
v -0.467428 0.161839 0.754894
v -0.464564 -0.161839 0.754994
v -0.464564 0.161839 0.754994
v -0.455551 -0.161839 0.755603
v -0.455551 0.161839 0.755603
v -0.446122 -0.161839 0.756822
v -0.446122 0.161839 0.756822
v -0.436476 -0.161839 0.758657
v -0.436476 0.161839 0.758657
v -0.426807 -0.161839 0.761112
v -0.426807 0.161839 0.761112
v -0.417312 -0.161839 0.764192
v -0.417312 0.161839 0.764192
v -0.408186 -0.161839 0.767902
v -0.408186 0.161839 0.767902
v -0.399626 -0.161839 0.772246
v -0.399626 0.161839 0.772246
v -0.391828 -0.161839 0.777231
v -0.391828 0.161839 0.777231
v -0.384988 -0.161839 0.782860
v -0.384988 0.161839 0.782860
v -0.379302 -0.161839 0.789138
v -0.379302 0.161839 0.789138
v -0.374965 -0.161839 0.796070
v -0.374965 0.161839 0.796070
v -0.372174 -0.161839 0.803662
v -0.372174 0.161839 0.803662
v -0.370845 -0.161839 0.809413
v -0.370845 0.161839 0.809413
v -0.369690 -0.161839 0.815190
v -0.369690 0.161839 0.815190
v -0.368708 -0.161839 0.820990
v -0.368708 0.161839 0.820990
v -0.367897 -0.161839 0.826809
v -0.367897 0.161839 0.826809
v -0.367258 -0.161839 0.832643
v -0.367258 0.161839 0.832643
v -0.366789 -0.161839 0.838490
v -0.366789 0.161839 0.838490
v -0.366488 -0.161839 0.844345
v -0.366488 0.161839 0.844345
v -0.366356 -0.161839 0.850206
v -0.366356 0.161839 0.850206
v -0.366392 -0.161839 0.856069
v -0.366392 0.161839 0.856069
v -0.366593 -0.161839 0.861930
v -0.366593 0.161839 0.861930
v -0.366961 -0.161839 0.867786
v -0.366961 0.161839 0.867786
v -0.081928 0.161839 0.943366
v -0.082268 0.161839 0.943349
v -0.082682 0.161839 0.943300
v -0.083152 0.161839 0.943221
v -0.083661 0.161839 0.943116
v -0.084192 0.161839 0.942986
v -0.084727 0.161839 0.942834
v -0.085250 0.161839 0.942662
v -0.085741 0.161839 0.942475
v -0.086185 0.161839 0.942273
v -0.086564 0.161839 0.942059
v -0.086860 0.161839 0.941837
v -0.087055 0.161839 0.941608
v -0.087247 0.161839 0.941260
v -0.087449 0.161839 0.940836
v -0.087656 0.161839 0.940351
v -0.087862 0.161839 0.939816
v -0.088063 0.161839 0.939247
v -0.088254 0.161839 0.938657
v -0.088430 0.161839 0.938059
v -0.088585 0.161839 0.937467
v -0.088716 0.161839 0.936894
v -0.088816 0.161839 0.936355
v -0.088881 0.161839 0.935863
v -0.088905 0.161839 0.935432
v -0.088919 0.161839 0.932784
v -0.088956 0.161839 0.925464
v -0.089012 0.161839 0.914406
v -0.089083 0.161839 0.900544
v -0.089163 0.161839 0.884814
v -0.089248 0.161839 0.868149
v -0.089333 0.161839 0.851483
v -0.089413 0.161839 0.835753
v -0.089483 0.161839 0.821891
v -0.089540 0.161839 0.810833
v -0.089577 0.161839 0.803513
v -0.089590 0.161839 0.800865
v -0.091134 0.161839 0.798848
v -0.092773 0.161839 0.796947
v -0.094505 0.161839 0.795163
v -0.096327 0.161839 0.793499
v -0.098238 0.161839 0.791956
v -0.100234 0.161839 0.790535
v -0.102315 0.161839 0.789238
v -0.104477 0.161839 0.788066
v -0.106719 0.161839 0.787022
v -0.109039 0.161839 0.786106
v -0.111433 0.161839 0.785320
v -0.113901 0.161839 0.784665
v -0.120595 0.161839 0.783319
v -0.127567 0.161839 0.782355
v -0.134729 0.161839 0.781801
v -0.141992 0.161839 0.781687
v -0.149268 0.161839 0.782043
v -0.156469 0.161839 0.782897
v -0.163508 0.161839 0.784280
v -0.170295 0.161839 0.786220
v -0.176744 0.161839 0.788748
v -0.182764 0.161839 0.791892
v -0.188269 0.161839 0.795681
v -0.193171 0.161839 0.800146
v -0.193171 0.161839 0.802268
v -0.193171 0.161839 0.808133
v -0.193171 0.161839 0.816994
v -0.193171 0.161839 0.828102
v -0.193171 0.161839 0.840707
v -0.193171 0.161839 0.854061
v -0.193171 0.161839 0.867414
v -0.193171 0.161839 0.880019
v -0.193171 0.161839 0.891127
v -0.193171 0.161839 0.899988
v -0.193171 0.161839 0.905853
v -0.193171 0.161839 0.907975
v -0.193206 0.161839 0.908656
v -0.193302 0.161839 0.910538
v -0.193448 0.161839 0.913382
v -0.193630 0.161839 0.916946
v -0.193837 0.161839 0.920991
v -0.194056 0.161839 0.925277
v -0.194275 0.161839 0.929562
v -0.194482 0.161839 0.933607
v -0.194665 0.161839 0.937171
v -0.194810 0.161839 0.940015
v -0.194906 0.161839 0.941897
v -0.194941 0.161839 0.942578
v -0.197229 0.161839 0.942580
v -0.203555 0.161839 0.942584
v -0.213111 0.161839 0.942591
v -0.225090 0.161839 0.942599
v -0.238685 0.161839 0.942608
v -0.253086 0.161839 0.942618
v -0.267488 0.161839 0.942628
v -0.281082 0.161839 0.942637
v -0.293061 0.161839 0.942646
v -0.302617 0.161839 0.942652
v -0.308943 0.161839 0.942657
v -0.311231 0.161839 0.942658
v -0.311391 0.161839 0.789654
v -0.311003 0.161839 0.635772
v -0.226275 0.161839 0.635098
v -0.194233 0.161839 0.636924
v -0.193091 0.161839 0.731967
v -0.192333 0.161839 0.732502
v -0.191472 0.161839 0.732947
v -0.190525 0.161839 0.733304
v -0.189507 0.161839 0.733580
v -0.188434 0.161839 0.733777
v -0.187321 0.161839 0.733900
v -0.186183 0.161839 0.733954
v -0.185036 0.161839 0.733942
v -0.183895 0.161839 0.733869
v -0.182777 0.161839 0.733739
v -0.181696 0.161839 0.733557
v -0.180668 0.161839 0.733325
v -0.180106 0.161839 0.733184
v -0.178554 0.161839 0.732792
v -0.176209 0.161839 0.732200
v -0.173269 0.161839 0.731458
v -0.169934 0.161839 0.730616
v -0.166400 0.161839 0.729723
v -0.162866 0.161839 0.728831
v -0.159530 0.161839 0.727989
v -0.156590 0.161839 0.727247
v -0.154245 0.161839 0.726655
v -0.152693 0.161839 0.726263
v -0.152132 0.161839 0.726121
v -0.142911 0.161839 0.725024
v -0.133702 0.161839 0.724121
v -0.124501 0.161839 0.723416
v -0.115309 0.161839 0.722913
v -0.106123 0.161839 0.722617
v -0.096943 0.161839 0.722530
v -0.087766 0.161839 0.722656
v -0.078591 0.161839 0.723001
v -0.069416 0.161839 0.723567
v -0.060241 0.161839 0.724359
v -0.051064 0.161839 0.725380
v -0.041882 0.161839 0.726635
v -0.037282 0.161839 0.727403
v -0.032740 0.161839 0.728321
v -0.028262 0.161839 0.729396
v -0.023853 0.161839 0.730634
v -0.019521 0.161839 0.732040
v -0.015270 0.161839 0.733619
v -0.011107 0.161839 0.735378
v -0.007038 0.161839 0.737322
v -0.003067 0.161839 0.739456
v 0.000798 0.161839 0.741787
v 0.004552 0.161839 0.744319
v 0.008190 0.161839 0.747059
v 0.010071 0.161839 0.748609
v 0.011954 0.161839 0.750276
v 0.013807 0.161839 0.752053
v 0.015599 0.161839 0.753934
v 0.017299 0.161839 0.755915
v 0.018874 0.161839 0.757988
v 0.020293 0.161839 0.760148
v 0.021525 0.161839 0.762390
v 0.022537 0.161839 0.764707
v 0.023300 0.161839 0.767093
v 0.023781 0.161839 0.769543
v 0.023948 0.161839 0.772050
v 0.023946 0.161839 0.775410
v 0.023943 0.161839 0.784698
v 0.023937 0.161839 0.798729
v 0.023930 0.161839 0.816317
v 0.023922 0.161839 0.836277
v 0.023914 0.161839 0.857423
v 0.023905 0.161839 0.878568
v 0.023897 0.161839 0.898528
v 0.023890 0.161839 0.916116
v 0.023885 0.161839 0.930147
v 0.023881 0.161839 0.939436
v 0.023879 0.161839 0.942795
v -0.081928 -0.161839 0.943366
v -0.082268 -0.161839 0.943349
v -0.082682 -0.161839 0.943300
v -0.083152 -0.161839 0.943221
v -0.083661 -0.161839 0.943116
v -0.084192 -0.161839 0.942986
v -0.084727 -0.161839 0.942834
v -0.085250 -0.161839 0.942662
v -0.085741 -0.161839 0.942475
v -0.086185 -0.161839 0.942273
v -0.086564 -0.161839 0.942059
v -0.086860 -0.161839 0.941837
v -0.087055 -0.161839 0.941608
v -0.087247 -0.161839 0.941260
v -0.087449 -0.161839 0.940836
v -0.087656 -0.161839 0.940351
v -0.087862 -0.161839 0.939816
v -0.088063 -0.161839 0.939247
v -0.088254 -0.161839 0.938657
v -0.088430 -0.161839 0.938059
v -0.088585 -0.161839 0.937467
v -0.088716 -0.161839 0.936894
v -0.088816 -0.161839 0.936355
v -0.088881 -0.161839 0.935863
v -0.088905 -0.161839 0.935432
v -0.088919 -0.161839 0.932784
v -0.088956 -0.161839 0.925464
v -0.089012 -0.161839 0.914406
v -0.089083 -0.161839 0.900544
v -0.089163 -0.161839 0.884814
v -0.089248 -0.161839 0.868149
v -0.089333 -0.161839 0.851483
v -0.089413 -0.161839 0.835753
v -0.089483 -0.161839 0.821891
v -0.089540 -0.161839 0.810833
v -0.089577 -0.161839 0.803513
v -0.089590 -0.161839 0.800865
v -0.091134 -0.161839 0.798848
v -0.092773 -0.161839 0.796947
v -0.094505 -0.161839 0.795163
v -0.096327 -0.161839 0.793499
v -0.098238 -0.161839 0.791956
v -0.100234 -0.161839 0.790535
v -0.102315 -0.161839 0.789238
v -0.104477 -0.161839 0.788066
v -0.106719 -0.161839 0.787022
v -0.109039 -0.161839 0.786106
v -0.111433 -0.161839 0.785320
v -0.113901 -0.161839 0.784665
v -0.120595 -0.161839 0.783319
v -0.127567 -0.161839 0.782355
v -0.134729 -0.161839 0.781801
v -0.141992 -0.161839 0.781687
v -0.149268 -0.161839 0.782043
v -0.156469 -0.161839 0.782897
v -0.163508 -0.161839 0.784280
v -0.170295 -0.161839 0.786220
v -0.176744 -0.161839 0.788748
v -0.182764 -0.161839 0.791892
v -0.188269 -0.161839 0.795681
v -0.193171 -0.161839 0.800146
v -0.193171 -0.161839 0.802268
v -0.193171 -0.161839 0.808133
v -0.193171 -0.161839 0.816994
v -0.193171 -0.161839 0.828102
v -0.193171 -0.161839 0.840707
v -0.193171 -0.161839 0.854061
v -0.193171 -0.161839 0.867414
v -0.193171 -0.161839 0.880019
v -0.193171 -0.161839 0.891127
v -0.193171 -0.161839 0.899988
v -0.193171 -0.161839 0.905853
v -0.193171 -0.161839 0.907975
v -0.193206 -0.161839 0.908656
v -0.193302 -0.161839 0.910538
v -0.193448 -0.161839 0.913382
v -0.193630 -0.161839 0.916946
v -0.193837 -0.161839 0.920991
v -0.194056 -0.161839 0.925277
v -0.194275 -0.161839 0.929562
v -0.194482 -0.161839 0.933607
v -0.194665 -0.161839 0.937171
v -0.194810 -0.161839 0.940015
v -0.194906 -0.161839 0.941897
v -0.194941 -0.161839 0.942578
v -0.197229 -0.161839 0.942580
v -0.203555 -0.161839 0.942584
v -0.213111 -0.161839 0.942591
v -0.225090 -0.161839 0.942599
v -0.238685 -0.161839 0.942608
v -0.253086 -0.161839 0.942618
v -0.267488 -0.161839 0.942628
v -0.281082 -0.161839 0.942637
v -0.293061 -0.161839 0.942646
v -0.302617 -0.161839 0.942652
v -0.308943 -0.161839 0.942657
v -0.311231 -0.161839 0.942658
v -0.311391 -0.161839 0.789654
v -0.311003 -0.161839 0.635772
v -0.226275 -0.161839 0.635098
v -0.194233 -0.161839 0.636924
v -0.193091 -0.161839 0.731967
v -0.192333 -0.161839 0.732502
v -0.191472 -0.161839 0.732947
v -0.190525 -0.161839 0.733304
v -0.189507 -0.161839 0.733580
v -0.188434 -0.161839 0.733777
v -0.187321 -0.161839 0.733900
v -0.186183 -0.161839 0.733954
v -0.185036 -0.161839 0.733942
v -0.183895 -0.161839 0.733869
v -0.182777 -0.161839 0.733739
v -0.181696 -0.161839 0.733557
v -0.180668 -0.161839 0.733325
v -0.180106 -0.161839 0.733184
v -0.178554 -0.161839 0.732792
v -0.176209 -0.161839 0.732200
v -0.173269 -0.161839 0.731458
v -0.169934 -0.161839 0.730616
v -0.166400 -0.161839 0.729723
v -0.162866 -0.161839 0.728831
v -0.159530 -0.161839 0.727989
v -0.156590 -0.161839 0.727247
v -0.154245 -0.161839 0.726655
v -0.152693 -0.161839 0.726263
v -0.152132 -0.161839 0.726121
v -0.142911 -0.161839 0.725024
v -0.133702 -0.161839 0.724121
v -0.124501 -0.161839 0.723416
v -0.115309 -0.161839 0.722913
v -0.106123 -0.161839 0.722617
v -0.096943 -0.161839 0.722530
v -0.087766 -0.161839 0.722656
v -0.078591 -0.161839 0.723001
v -0.069416 -0.161839 0.723567
v -0.060241 -0.161839 0.724359
v -0.051064 -0.161839 0.725380
v -0.041882 -0.161839 0.726635
v -0.037282 -0.161839 0.727403
v -0.032740 -0.161839 0.728321
v -0.028262 -0.161839 0.729396
v -0.023853 -0.161839 0.730634
v -0.019521 -0.161839 0.732040
v -0.015270 -0.161839 0.733619
v -0.011107 -0.161839 0.735378
v -0.007038 -0.161839 0.737322
v -0.003067 -0.161839 0.739456
v 0.000798 -0.161839 0.741787
v 0.004552 -0.161839 0.744319
v 0.008190 -0.161839 0.747059
v 0.010071 -0.161839 0.748609
v 0.011954 -0.161839 0.750276
v 0.013807 -0.161839 0.752053
v 0.015599 -0.161839 0.753934
v 0.017299 -0.161839 0.755915
v 0.018874 -0.161839 0.757988
v 0.020293 -0.161839 0.760148
v 0.021525 -0.161839 0.762390
v 0.022537 -0.161839 0.764707
v 0.023300 -0.161839 0.767093
v 0.023781 -0.161839 0.769543
v 0.023948 -0.161839 0.772050
v 0.023946 -0.161839 0.775410
v 0.023943 -0.161839 0.784698
v 0.023937 -0.161839 0.798729
v 0.023930 -0.161839 0.816317
v 0.023922 -0.161839 0.836277
v 0.023914 -0.161839 0.857423
v 0.023905 -0.161839 0.878568
v 0.023897 -0.161839 0.898528
v 0.023890 -0.161839 0.916116
v 0.023885 -0.161839 0.930147
v 0.023881 -0.161839 0.939436
v 0.023879 -0.161839 0.942795
v -0.081928 -0.161839 0.943366
v -0.081928 0.161839 0.943366
v -0.082268 -0.161839 0.943349
v -0.082268 0.161839 0.943349
v -0.082682 -0.161839 0.943300
v -0.082682 0.161839 0.943300
v -0.083152 -0.161839 0.943221
v -0.083152 0.161839 0.943221
v -0.083661 -0.161839 0.943116
v -0.083661 0.161839 0.943116
v -0.084192 -0.161839 0.942986
v -0.084192 0.161839 0.942986
v -0.084727 -0.161839 0.942834
v -0.084727 0.161839 0.942834
v -0.085250 -0.161839 0.942662
v -0.085250 0.161839 0.942662
v -0.085741 -0.161839 0.942475
v -0.085741 0.161839 0.942475
v -0.086185 -0.161839 0.942273
v -0.086185 0.161839 0.942273
v -0.086564 -0.161839 0.942059
v -0.086564 0.161839 0.942059
v -0.086860 -0.161839 0.941837
v -0.086860 0.161839 0.941837
v -0.087055 -0.161839 0.941608
v -0.087055 0.161839 0.941608
v -0.087247 -0.161839 0.941260
v -0.087247 0.161839 0.941260
v -0.087449 -0.161839 0.940836
v -0.087449 0.161839 0.940836
v -0.087656 -0.161839 0.940351
v -0.087656 0.161839 0.940351
v -0.087862 -0.161839 0.939816
v -0.087862 0.161839 0.939816
v -0.088063 -0.161839 0.939247
v -0.088063 0.161839 0.939247
v -0.088254 -0.161839 0.938657
v -0.088254 0.161839 0.938657
v -0.088430 -0.161839 0.938059
v -0.088430 0.161839 0.938059
v -0.088585 -0.161839 0.937467
v -0.088585 0.161839 0.937467
v -0.088716 -0.161839 0.936894
v -0.088716 0.161839 0.936894
v -0.088816 -0.161839 0.936355
v -0.088816 0.161839 0.936355
v -0.088881 -0.161839 0.935863
v -0.088881 0.161839 0.935863
v -0.088905 -0.161839 0.935432
v -0.088905 0.161839 0.935432
v -0.088919 -0.161839 0.932784
v -0.088919 0.161839 0.932784
v -0.088956 -0.161839 0.925464
v -0.088956 0.161839 0.925464
v -0.089012 -0.161839 0.914406
v -0.089012 0.161839 0.914406
v -0.089083 -0.161839 0.900544
v -0.089083 0.161839 0.900544
v -0.089163 -0.161839 0.884814
v -0.089163 0.161839 0.884814
v -0.089248 -0.161839 0.868149
v -0.089248 0.161839 0.868149
v -0.089333 -0.161839 0.851483
v -0.089333 0.161839 0.851483
v -0.089413 -0.161839 0.835753
v -0.089413 0.161839 0.835753
v -0.089483 -0.161839 0.821891
v -0.089483 0.161839 0.821891
v -0.089540 -0.161839 0.810833
v -0.089540 0.161839 0.810833
v -0.089577 -0.161839 0.803513
v -0.089577 0.161839 0.803513
v -0.089590 -0.161839 0.800865
v -0.089590 0.161839 0.800865
v -0.091134 -0.161839 0.798848
v -0.091134 0.161839 0.798848
v -0.092773 -0.161839 0.796947
v -0.092773 0.161839 0.796947
v -0.094505 -0.161839 0.795163
v -0.094505 0.161839 0.795163
v -0.096327 -0.161839 0.793499
v -0.096327 0.161839 0.793499
v -0.098238 -0.161839 0.791956
v -0.098238 0.161839 0.791956
v -0.100234 -0.161839 0.790535
v -0.100234 0.161839 0.790535
v -0.102315 -0.161839 0.789238
v -0.102315 0.161839 0.789238
v -0.104477 -0.161839 0.788066
v -0.104477 0.161839 0.788066
v -0.106719 -0.161839 0.787022
v -0.106719 0.161839 0.787022
v -0.109039 -0.161839 0.786106
v -0.109039 0.161839 0.786106
v -0.111433 -0.161839 0.785320
v -0.111433 0.161839 0.785320
v -0.113901 -0.161839 0.784665
v -0.113901 0.161839 0.784665
v -0.120595 -0.161839 0.783319
v -0.120595 0.161839 0.783319
v -0.127567 -0.161839 0.782355
v -0.127567 0.161839 0.782355
v -0.134729 -0.161839 0.781801
v -0.134729 0.161839 0.781801
v -0.141992 -0.161839 0.781687
v -0.141992 0.161839 0.781687
v -0.149268 -0.161839 0.782043
v -0.149268 0.161839 0.782043
v -0.156469 -0.161839 0.782897
v -0.156469 0.161839 0.782897
v -0.163508 -0.161839 0.784280
v -0.163508 0.161839 0.784280
v -0.170295 -0.161839 0.786220
v -0.170295 0.161839 0.786220
v -0.176744 -0.161839 0.788748
v -0.176744 0.161839 0.788748
v -0.182764 -0.161839 0.791892
v -0.182764 0.161839 0.791892
v -0.188269 -0.161839 0.795681
v -0.188269 0.161839 0.795681
v -0.193171 -0.161839 0.800146
v -0.193171 0.161839 0.800146
v -0.193171 -0.161839 0.802268
v -0.193171 0.161839 0.802268
v -0.193171 -0.161839 0.808133
v -0.193171 0.161839 0.808133
v -0.193171 -0.161839 0.816994
v -0.193171 0.161839 0.816994
v -0.193171 -0.161839 0.828102
v -0.193171 0.161839 0.828102
v -0.193171 -0.161839 0.840707
v -0.193171 0.161839 0.840707
v -0.193171 -0.161839 0.854061
v -0.193171 0.161839 0.854061
v -0.193171 -0.161839 0.867414
v -0.193171 0.161839 0.867414
v -0.193171 -0.161839 0.880019
v -0.193171 0.161839 0.880019
v -0.193171 -0.161839 0.891127
v -0.193171 0.161839 0.891127
v -0.193171 -0.161839 0.899988
v -0.193171 0.161839 0.899988
v -0.193171 -0.161839 0.905853
v -0.193171 0.161839 0.905853
v -0.193171 -0.161839 0.907975
v -0.193171 0.161839 0.907975
v -0.193206 -0.161839 0.908656
v -0.193206 0.161839 0.908656
v -0.193302 -0.161839 0.910538
v -0.193302 0.161839 0.910538
v -0.193448 -0.161839 0.913382
v -0.193448 0.161839 0.913382
v -0.193630 -0.161839 0.916946
v -0.193630 0.161839 0.916946
v -0.193837 -0.161839 0.920991
v -0.193837 0.161839 0.920991
v -0.194056 -0.161839 0.925277
v -0.194056 0.161839 0.925277
v -0.194275 -0.161839 0.929562
v -0.194275 0.161839 0.929562
v -0.194482 -0.161839 0.933607
v -0.194482 0.161839 0.933607
v -0.194665 -0.161839 0.937171
v -0.194665 0.161839 0.937171
v -0.194810 -0.161839 0.940015
v -0.194810 0.161839 0.940015
v -0.194906 -0.161839 0.941897
v -0.194906 0.161839 0.941897
v -0.194941 -0.161839 0.942578
v -0.194941 0.161839 0.942578
v -0.197229 -0.161839 0.942580
v -0.197229 0.161839 0.942580
v -0.203555 -0.161839 0.942584
v -0.203555 0.161839 0.942584
v -0.213111 -0.161839 0.942591
v -0.213111 0.161839 0.942591
v -0.225090 -0.161839 0.942599
v -0.225090 0.161839 0.942599
v -0.238685 -0.161839 0.942608
v -0.238685 0.161839 0.942608
v -0.253086 -0.161839 0.942618
v -0.253086 0.161839 0.942618
v -0.267488 -0.161839 0.942628
v -0.267488 0.161839 0.942628
v -0.281082 -0.161839 0.942637
v -0.281082 0.161839 0.942637
v -0.293061 -0.161839 0.942646
v -0.293061 0.161839 0.942646
v -0.302617 -0.161839 0.942652
v -0.302617 0.161839 0.942652
v -0.308943 -0.161839 0.942657
v -0.308943 0.161839 0.942657
v -0.311231 -0.161839 0.942658
v -0.311231 0.161839 0.942658
v -0.311391 -0.161839 0.789654
v -0.311391 0.161839 0.789654
v -0.311003 -0.161839 0.635772
v -0.311003 0.161839 0.635772
v -0.226275 -0.161839 0.635098
v -0.226275 0.161839 0.635098
v -0.194233 -0.161839 0.636924
v -0.194233 0.161839 0.636924
v -0.193091 -0.161839 0.731967
v -0.193091 0.161839 0.731967
v -0.192333 -0.161839 0.732502
v -0.192333 0.161839 0.732502
v -0.191472 -0.161839 0.732947
v -0.191472 0.161839 0.732947
v -0.190525 -0.161839 0.733304
v -0.190525 0.161839 0.733304
v -0.189507 -0.161839 0.733580
v -0.189507 0.161839 0.733580
v -0.188434 -0.161839 0.733777
v -0.188434 0.161839 0.733777
v -0.187321 -0.161839 0.733900
v -0.187321 0.161839 0.733900
v -0.186183 -0.161839 0.733954
v -0.186183 0.161839 0.733954
v -0.185036 -0.161839 0.733942
v -0.185036 0.161839 0.733942
v -0.183895 -0.161839 0.733869
v -0.183895 0.161839 0.733869
v -0.182777 -0.161839 0.733739
v -0.182777 0.161839 0.733739
v -0.181696 -0.161839 0.733557
v -0.181696 0.161839 0.733557
v -0.180668 -0.161839 0.733325
v -0.180668 0.161839 0.733325
v -0.180106 -0.161839 0.733184
v -0.180106 0.161839 0.733184
v -0.178554 -0.161839 0.732792
v -0.178554 0.161839 0.732792
v -0.176209 -0.161839 0.732200
v -0.176209 0.161839 0.732200
v -0.173269 -0.161839 0.731458
v -0.173269 0.161839 0.731458
v -0.169934 -0.161839 0.730616
v -0.169934 0.161839 0.730616
v -0.166400 -0.161839 0.729723
v -0.166400 0.161839 0.729723
v -0.162866 -0.161839 0.728831
v -0.162866 0.161839 0.728831
v -0.159530 -0.161839 0.727989
v -0.159530 0.161839 0.727989
v -0.156590 -0.161839 0.727247
v -0.156590 0.161839 0.727247
v -0.154245 -0.161839 0.726655
v -0.154245 0.161839 0.726655
v -0.152693 -0.161839 0.726263
v -0.152693 0.161839 0.726263
v -0.152132 -0.161839 0.726121
v -0.152132 0.161839 0.726121
v -0.142911 -0.161839 0.725024
v -0.142911 0.161839 0.725024
v -0.133702 -0.161839 0.724121
v -0.133702 0.161839 0.724121
v -0.124501 -0.161839 0.723416
v -0.124501 0.161839 0.723416
v -0.115309 -0.161839 0.722913
v -0.115309 0.161839 0.722913
v -0.106123 -0.161839 0.722617
v -0.106123 0.161839 0.722617
v -0.096943 -0.161839 0.722530
v -0.096943 0.161839 0.722530
v -0.087766 -0.161839 0.722656
v -0.087766 0.161839 0.722656
v -0.078591 -0.161839 0.723001
v -0.078591 0.161839 0.723001
v -0.069416 -0.161839 0.723567
v -0.069416 0.161839 0.723567
v -0.060241 -0.161839 0.724359
v -0.060241 0.161839 0.724359
v -0.051064 -0.161839 0.725380
v -0.051064 0.161839 0.725380
v -0.041882 -0.161839 0.726635
v -0.041882 0.161839 0.726635
v -0.037282 -0.161839 0.727403
v -0.037282 0.161839 0.727403
v -0.032740 -0.161839 0.728321
v -0.032740 0.161839 0.728321
v -0.028262 -0.161839 0.729396
v -0.028262 0.161839 0.729396
v -0.023853 -0.161839 0.730634
v -0.023853 0.161839 0.730634
v -0.019521 -0.161839 0.732040
v -0.019521 0.161839 0.732040
v -0.015270 -0.161839 0.733619
v -0.015270 0.161839 0.733619
v -0.011107 -0.161839 0.735378
v -0.011107 0.161839 0.735378
v -0.007038 -0.161839 0.737322
v -0.007038 0.161839 0.737322
v -0.003067 -0.161839 0.739456
v -0.003067 0.161839 0.739456
v 0.000798 -0.161839 0.741787
v 0.000798 0.161839 0.741787
v 0.004552 -0.161839 0.744319
v 0.004552 0.161839 0.744319
v 0.008190 -0.161839 0.747059
v 0.008190 0.161839 0.747059
v 0.010071 -0.161839 0.748609
v 0.010071 0.161839 0.748609
v 0.011954 -0.161839 0.750276
v 0.011954 0.161839 0.750276
v 0.013807 -0.161839 0.752053
v 0.013807 0.161839 0.752053
v 0.015599 -0.161839 0.753934
v 0.015599 0.161839 0.753934
v 0.017299 -0.161839 0.755915
v 0.017299 0.161839 0.755915
v 0.018874 -0.161839 0.757988
v 0.018874 0.161839 0.757988
v 0.020293 -0.161839 0.760148
v 0.020293 0.161839 0.760148
v 0.021525 -0.161839 0.762390
v 0.021525 0.161839 0.762390
v 0.022537 -0.161839 0.764707
v 0.022537 0.161839 0.764707
v 0.023300 -0.161839 0.767093
v 0.023300 0.161839 0.767093
v 0.023781 -0.161839 0.769543
v 0.023781 0.161839 0.769543
v 0.023948 -0.161839 0.772050
v 0.023948 0.161839 0.772050
v 0.023946 -0.161839 0.775410
v 0.023946 0.161839 0.775410
v 0.023943 -0.161839 0.784698
v 0.023943 0.161839 0.784698
v 0.023937 -0.161839 0.798729
v 0.023937 0.161839 0.798729
v 0.023930 -0.161839 0.816317
v 0.023930 0.161839 0.816317
v 0.023922 -0.161839 0.836277
v 0.023922 0.161839 0.836277
v 0.023914 -0.161839 0.857423
v 0.023914 0.161839 0.857423
v 0.023905 -0.161839 0.878568
v 0.023905 0.161839 0.878568
v 0.023897 -0.161839 0.898528
v 0.023897 0.161839 0.898528
v 0.023890 -0.161839 0.916116
v 0.023890 0.161839 0.916116
v 0.023885 -0.161839 0.930147
v 0.023885 0.161839 0.930147
v 0.023881 -0.161839 0.939436
v 0.023881 0.161839 0.939436
v 0.023879 -0.161839 0.942795
v 0.023879 0.161839 0.942795
v 0.219965 0.161839 0.901182
v 0.225359 0.161839 0.901608
v 0.230732 0.161839 0.902015
v 0.236093 0.161839 0.902388
v 0.241449 0.161839 0.902713
v 0.246809 0.161839 0.902976
v 0.252180 0.161839 0.903163
v 0.257571 0.161839 0.903259
v 0.262990 0.161839 0.903251
v 0.268443 0.161839 0.903125
v 0.273941 0.161839 0.902865
v 0.279490 0.161839 0.902458
v 0.285098 0.161839 0.901890
v 0.288802 0.161839 0.901174
v 0.292210 0.161839 0.899949
v 0.295330 0.161839 0.898266
v 0.298169 0.161839 0.896176
v 0.300734 0.161839 0.893729
v 0.303032 0.161839 0.890976
v 0.305070 0.161839 0.887966
v 0.306855 0.161839 0.884752
v 0.308395 0.161839 0.881382
v 0.309696 0.161839 0.877908
v 0.310767 0.161839 0.874380
v 0.311613 0.161839 0.870848
v 0.313603 0.161839 0.870835
v 0.319105 0.161839 0.870797
v 0.327417 0.161839 0.870740
v 0.337837 0.161839 0.870668
v 0.349661 0.161839 0.870586
v 0.362187 0.161839 0.870500
v 0.374714 0.161839 0.870414
v 0.386538 0.161839 0.870332
v 0.396957 0.161839 0.870261
v 0.405269 0.161839 0.870203
v 0.410771 0.161839 0.870166
v 0.412761 0.161839 0.870152
v 0.414120 0.161839 0.870181
v 0.415489 0.161839 0.870284
v 0.416864 0.161839 0.870456
v 0.418241 0.161839 0.870692
v 0.419619 0.161839 0.870988
v 0.420992 0.161839 0.871341
v 0.422358 0.161839 0.871745
v 0.423714 0.161839 0.872196
v 0.425056 0.161839 0.872690
v 0.426380 0.161839 0.873223
v 0.427685 0.161839 0.873790
v 0.428965 0.161839 0.874387
v 0.428569 0.161839 0.882772
v 0.427238 0.161839 0.890863
v 0.425014 0.161839 0.898601
v 0.421936 0.161839 0.905926
v 0.418047 0.161839 0.912779
v 0.413388 0.161839 0.919100
v 0.408000 0.161839 0.924829
v 0.401923 0.161839 0.929907
v 0.395200 0.161839 0.934274
v 0.387871 0.161839 0.937870
v 0.379978 0.161839 0.940635
v 0.371562 0.161839 0.942510
v 0.369969 0.161839 0.942573
v 0.365565 0.161839 0.942749
v 0.358912 0.161839 0.943015
v 0.350572 0.161839 0.943347
v 0.341108 0.161839 0.943725
v 0.331082 0.161839 0.944125
v 0.321056 0.161839 0.944525
v 0.311592 0.161839 0.944903
v 0.303252 0.161839 0.945236
v 0.296599 0.161839 0.945501
v 0.292195 0.161839 0.945677
v 0.290602 0.161839 0.945740
v 0.228164 0.161839 0.945878
v 0.156099 0.161839 0.944199
v 0.152546 0.161839 0.944043
v 0.149009 0.161839 0.943745
v 0.145490 0.161839 0.943312
v 0.141994 0.161839 0.942748
v 0.138521 0.161839 0.942062
v 0.135077 0.161839 0.941258
v 0.131662 0.161839 0.940344
v 0.128282 0.161839 0.939326
v 0.124937 0.161839 0.938209
v 0.121632 0.161839 0.937001
v 0.118369 0.161839 0.935708
v 0.115151 0.161839 0.934336
v 0.110764 0.161839 0.932198
v 0.106641 0.161839 0.929775
v 0.102789 0.161839 0.927076
v 0.099213 0.161839 0.924108
v 0.095919 0.161839 0.920879
v 0.092915 0.161839 0.917399
v 0.090206 0.161839 0.913675
v 0.087799 0.161839 0.909716
v 0.085701 0.161839 0.905531
v 0.083916 0.161839 0.901126
v 0.082453 0.161839 0.896511
v 0.081316 0.161839 0.891695
v 0.079648 0.161839 0.882471
v 0.078269 0.161839 0.873216
v 0.077183 0.161839 0.863937
v 0.076391 0.161839 0.854640
v 0.075898 0.161839 0.845329
v 0.075704 0.161839 0.836011
v 0.075813 0.161839 0.826691
v 0.076227 0.161839 0.817374
v 0.076949 0.161839 0.808067
v 0.077981 0.161839 0.798775
v 0.079325 0.161839 0.789504
v 0.080985 0.161839 0.780258
v 0.083746 0.161839 0.770114
v 0.087727 0.161839 0.761090
v 0.092824 0.161839 0.753133
v 0.098933 0.161839 0.746191
v 0.105949 0.161839 0.740210
v 0.113769 0.161839 0.735138
v 0.122286 0.161839 0.730920
v 0.131398 0.161839 0.727503
v 0.141000 0.161839 0.724835
v 0.150986 0.161839 0.722863
v 0.161253 0.161839 0.721532
v 0.171697 0.161839 0.720790
v 0.184895 0.161839 0.720262
v 0.198048 0.161839 0.719846
v 0.211165 0.161839 0.719543
v 0.224252 0.161839 0.719351
v 0.237319 0.161839 0.719271
v 0.250373 0.161839 0.719300
v 0.263423 0.161839 0.719439
v 0.276475 0.161839 0.719686
v 0.289539 0.161839 0.720042
v 0.302622 0.161839 0.720505
v 0.315733 0.161839 0.721074
v 0.328878 0.161839 0.721749
v 0.333277 0.161839 0.722009
v 0.337632 0.161839 0.722304
v 0.341950 0.161839 0.722643
v 0.346236 0.161839 0.723033
v 0.350496 0.161839 0.723483
v 0.354736 0.161839 0.724001
v 0.358962 0.161839 0.724596
v 0.363180 0.161839 0.725275
v 0.367395 0.161839 0.726048
v 0.371613 0.161839 0.726923
v 0.375839 0.161839 0.727907
v 0.380081 0.161839 0.729010
v 0.385455 0.161839 0.730701
v 0.390728 0.161839 0.732797
v 0.395850 0.161839 0.735286
v 0.400773 0.161839 0.738155
v 0.405446 0.161839 0.741392
v 0.409823 0.161839 0.744984
v 0.413853 0.161839 0.748920
v 0.417488 0.161839 0.753186
v 0.420680 0.161839 0.757770
v 0.423378 0.161839 0.762659
v 0.425536 0.161839 0.767842
v 0.427104 0.161839 0.773306
v 0.428287 0.161839 0.779207
v 0.429209 0.161839 0.785092
v 0.429900 0.161839 0.790968
v 0.430391 0.161839 0.796839
v 0.430711 0.161839 0.802714
v 0.430892 0.161839 0.808597
v 0.430964 0.161839 0.814495
v 0.430957 0.161839 0.820414
v 0.430903 0.161839 0.826359
v 0.430831 0.161839 0.832338
v 0.430773 0.161839 0.838356
v 0.430758 0.161839 0.844419
v 0.430668 0.161839 0.845190
v 0.430413 0.161839 0.845980
v 0.430012 0.161839 0.846771
v 0.429484 0.161839 0.847548
v 0.428848 0.161839 0.848295
v 0.428124 0.161839 0.848994
v 0.427331 0.161839 0.849631
v 0.426489 0.161839 0.850187
v 0.425618 0.161839 0.850648
v 0.424735 0.161839 0.850997
v 0.423861 0.161839 0.851217
v 0.423016 0.161839 0.851292
v 0.420405 0.161839 0.851280
v 0.413187 0.161839 0.851248
v 0.402283 0.161839 0.851199
v 0.388615 0.161839 0.851138
v 0.373104 0.161839 0.851069
v 0.356672 0.161839 0.850995
v 0.340239 0.161839 0.850922
v 0.324728 0.161839 0.850852
v 0.311060 0.161839 0.850791
v 0.300157 0.161839 0.850742
v 0.292939 0.161839 0.850710
v 0.290328 0.161839 0.850698
v 0.213444 0.161839 0.850493
v 0.212615 0.161839 0.850523
v 0.211702 0.161839 0.850608
v 0.210719 0.161839 0.850742
v 0.209681 0.161839 0.850919
v 0.208603 0.161839 0.851131
v 0.207500 0.161839 0.851373
v 0.206385 0.161839 0.851639
v 0.205275 0.161839 0.851920
v 0.204184 0.161839 0.852212
v 0.203126 0.161839 0.852508
v 0.202116 0.161839 0.852801
v 0.201169 0.161839 0.853084
v 0.200053 0.161839 0.858428
v 0.199489 0.161839 0.863866
v 0.199457 0.161839 0.869298
v 0.199939 0.161839 0.874621
v 0.200916 0.161839 0.879736
v 0.202367 0.161839 0.884540
v 0.204273 0.161839 0.888932
v 0.206616 0.161839 0.892812
v 0.209376 0.161839 0.896078
v 0.212534 0.161839 0.898629
v 0.216070 0.161839 0.900364
v 0.301439 0.161839 0.804576
v 0.302307 0.161839 0.804529
v 0.303194 0.161839 0.804385
v 0.304085 0.161839 0.804154
v 0.304965 0.161839 0.803849
v 0.305818 0.161839 0.803478
v 0.306630 0.161839 0.803055
v 0.307385 0.161839 0.802589
v 0.308067 0.161839 0.802091
v 0.308663 0.161839 0.801574
v 0.309156 0.161839 0.801047
v 0.309532 0.161839 0.800521
v 0.309774 0.161839 0.800009
v 0.310402 0.161839 0.796862
v 0.310250 0.161839 0.793568
v 0.309401 0.161839 0.790196
v 0.307934 0.161839 0.786814
v 0.305933 0.161839 0.783491
v 0.303478 0.161839 0.780294
v 0.300652 0.161839 0.777293
v 0.297535 0.161839 0.774555
v 0.294210 0.161839 0.772150
v 0.290757 0.161839 0.770145
v 0.287259 0.161839 0.768608
v 0.283796 0.161839 0.767609
v 0.279595 0.161839 0.766825
v 0.275396 0.161839 0.766206
v 0.271196 0.161839 0.765742
v 0.266995 0.161839 0.765421
v 0.262791 0.161839 0.765233
v 0.258582 0.161839 0.765166
v 0.254367 0.161839 0.765209
v 0.250145 0.161839 0.765352
v 0.245914 0.161839 0.765583
v 0.241673 0.161839 0.765891
v 0.237420 0.161839 0.766266
v 0.233154 0.161839 0.766696
v 0.231391 0.161839 0.766943
v 0.229636 0.161839 0.767301
v 0.227893 0.161839 0.767765
v 0.226170 0.161839 0.768325
v 0.224471 0.161839 0.768976
v 0.222802 0.161839 0.769708
v 0.221170 0.161839 0.770516
v 0.219579 0.161839 0.771391
v 0.218037 0.161839 0.772326
v 0.216547 0.161839 0.773314
v 0.215117 0.161839 0.774347
v 0.213753 0.161839 0.775418
v 0.211741 0.161839 0.777264
v 0.209958 0.161839 0.779309
v 0.208421 0.161839 0.781525
v 0.207146 0.161839 0.783880
v 0.206149 0.161839 0.786344
v 0.205448 0.161839 0.788887
v 0.205059 0.161839 0.791477
v 0.204997 0.161839 0.794085
v 0.205281 0.161839 0.796680
v 0.205925 0.161839 0.799232
v 0.206947 0.161839 0.801711
v 0.208363 0.161839 0.804085
v 0.210194 0.161839 0.804094
v 0.215257 0.161839 0.804121
v 0.222904 0.161839 0.804161
v 0.232491 0.161839 0.804212
v 0.243370 0.161839 0.804269
v 0.254895 0.161839 0.804330
v 0.266420 0.161839 0.804391
v 0.277299 0.161839 0.804448
v 0.286886 0.161839 0.804499
v 0.294534 0.161839 0.804539
v 0.299596 0.161839 0.804566
v 0.219965 -0.161839 0.901182
v 0.225359 -0.161839 0.901608
v 0.230732 -0.161839 0.902015
v 0.236093 -0.161839 0.902388
v 0.241449 -0.161839 0.902713
v 0.246809 -0.161839 0.902976
v 0.252180 -0.161839 0.903163
v 0.257571 -0.161839 0.903259
v 0.262990 -0.161839 0.903251
v 0.268443 -0.161839 0.903125
v 0.273941 -0.161839 0.902865
v 0.279490 -0.161839 0.902458
v 0.285098 -0.161839 0.901890
v 0.288802 -0.161839 0.901174
v 0.292210 -0.161839 0.899949
v 0.295330 -0.161839 0.898266
v 0.298169 -0.161839 0.896176
v 0.300734 -0.161839 0.893729
v 0.303032 -0.161839 0.890976
v 0.305070 -0.161839 0.887966
v 0.306855 -0.161839 0.884752
v 0.308395 -0.161839 0.881382
v 0.309696 -0.161839 0.877908
v 0.310767 -0.161839 0.874380
v 0.311613 -0.161839 0.870848
v 0.313603 -0.161839 0.870835
v 0.319105 -0.161839 0.870797
v 0.327417 -0.161839 0.870740
v 0.337837 -0.161839 0.870668
v 0.349661 -0.161839 0.870586
v 0.362187 -0.161839 0.870500
v 0.374714 -0.161839 0.870414
v 0.386538 -0.161839 0.870332
v 0.396957 -0.161839 0.870261
v 0.405269 -0.161839 0.870203
v 0.410771 -0.161839 0.870166
v 0.412761 -0.161839 0.870152
v 0.414120 -0.161839 0.870181
v 0.415489 -0.161839 0.870284
v 0.416864 -0.161839 0.870456
v 0.418241 -0.161839 0.870692
v 0.419619 -0.161839 0.870988
v 0.420992 -0.161839 0.871341
v 0.422358 -0.161839 0.871745
v 0.423714 -0.161839 0.872196
v 0.425056 -0.161839 0.872690
v 0.426380 -0.161839 0.873223
v 0.427685 -0.161839 0.873790
v 0.428965 -0.161839 0.874387
v 0.428569 -0.161839 0.882772
v 0.427238 -0.161839 0.890863
v 0.425014 -0.161839 0.898601
v 0.421936 -0.161839 0.905926
v 0.418047 -0.161839 0.912779
v 0.413388 -0.161839 0.919100
v 0.408000 -0.161839 0.924829
v 0.401923 -0.161839 0.929907
v 0.395200 -0.161839 0.934274
v 0.387871 -0.161839 0.937870
v 0.379978 -0.161839 0.940635
v 0.371562 -0.161839 0.942510
v 0.369969 -0.161839 0.942573
v 0.365565 -0.161839 0.942749
v 0.358912 -0.161839 0.943015
v 0.350572 -0.161839 0.943347
v 0.341108 -0.161839 0.943725
v 0.331082 -0.161839 0.944125
v 0.321056 -0.161839 0.944525
v 0.311592 -0.161839 0.944903
v 0.303252 -0.161839 0.945236
v 0.296599 -0.161839 0.945501
v 0.292195 -0.161839 0.945677
v 0.290602 -0.161839 0.945740
v 0.228164 -0.161839 0.945878
v 0.156099 -0.161839 0.944199
v 0.152546 -0.161839 0.944043
v 0.149009 -0.161839 0.943745
v 0.145490 -0.161839 0.943312
v 0.141994 -0.161839 0.942748
v 0.138521 -0.161839 0.942062
v 0.135077 -0.161839 0.941258
v 0.131662 -0.161839 0.940344
v 0.128282 -0.161839 0.939326
v 0.124937 -0.161839 0.938209
v 0.121632 -0.161839 0.937001
v 0.118369 -0.161839 0.935708
v 0.115151 -0.161839 0.934336
v 0.110764 -0.161839 0.932198
v 0.106641 -0.161839 0.929775
v 0.102789 -0.161839 0.927076
v 0.099213 -0.161839 0.924108
v 0.095919 -0.161839 0.920879
v 0.092915 -0.161839 0.917399
v 0.090206 -0.161839 0.913675
v 0.087799 -0.161839 0.909716
v 0.085701 -0.161839 0.905531
v 0.083916 -0.161839 0.901126
v 0.082453 -0.161839 0.896511
v 0.081316 -0.161839 0.891695
v 0.079648 -0.161839 0.882471
v 0.078269 -0.161839 0.873216
v 0.077183 -0.161839 0.863937
v 0.076391 -0.161839 0.854640
v 0.075898 -0.161839 0.845329
v 0.075704 -0.161839 0.836011
v 0.075813 -0.161839 0.826691
v 0.076227 -0.161839 0.817374
v 0.076949 -0.161839 0.808067
v 0.077981 -0.161839 0.798775
v 0.079325 -0.161839 0.789504
v 0.080985 -0.161839 0.780258
v 0.083746 -0.161839 0.770114
v 0.087727 -0.161839 0.761090
v 0.092824 -0.161839 0.753133
v 0.098933 -0.161839 0.746191
v 0.105949 -0.161839 0.740210
v 0.113769 -0.161839 0.735138
v 0.122286 -0.161839 0.730920
v 0.131398 -0.161839 0.727503
v 0.141000 -0.161839 0.724835
v 0.150986 -0.161839 0.722863
v 0.161253 -0.161839 0.721532
v 0.171697 -0.161839 0.720790
v 0.184895 -0.161839 0.720262
v 0.198048 -0.161839 0.719846
v 0.211165 -0.161839 0.719543
v 0.224252 -0.161839 0.719351
v 0.237319 -0.161839 0.719271
v 0.250373 -0.161839 0.719300
v 0.263423 -0.161839 0.719439
v 0.276475 -0.161839 0.719686
v 0.289539 -0.161839 0.720042
v 0.302622 -0.161839 0.720505
v 0.315733 -0.161839 0.721074
v 0.328878 -0.161839 0.721749
v 0.333277 -0.161839 0.722009
v 0.337632 -0.161839 0.722304
v 0.341950 -0.161839 0.722643
v 0.346236 -0.161839 0.723033
v 0.350496 -0.161839 0.723483
v 0.354736 -0.161839 0.724001
v 0.358962 -0.161839 0.724596
v 0.363180 -0.161839 0.725275
v 0.367395 -0.161839 0.726048
v 0.371613 -0.161839 0.726923
v 0.375839 -0.161839 0.727907
v 0.380081 -0.161839 0.729010
v 0.385455 -0.161839 0.730701
v 0.390728 -0.161839 0.732797
v 0.395850 -0.161839 0.735286
v 0.400773 -0.161839 0.738155
v 0.405446 -0.161839 0.741392
v 0.409823 -0.161839 0.744984
v 0.413853 -0.161839 0.748920
v 0.417488 -0.161839 0.753186
v 0.420680 -0.161839 0.757770
v 0.423378 -0.161839 0.762659
v 0.425536 -0.161839 0.767842
v 0.427104 -0.161839 0.773306
v 0.428287 -0.161839 0.779207
v 0.429209 -0.161839 0.785092
v 0.429900 -0.161839 0.790968
v 0.430391 -0.161839 0.796839
v 0.430711 -0.161839 0.802714
v 0.430892 -0.161839 0.808597
v 0.430964 -0.161839 0.814495
v 0.430957 -0.161839 0.820414
v 0.430903 -0.161839 0.826359
v 0.430831 -0.161839 0.832338
v 0.430773 -0.161839 0.838356
v 0.430758 -0.161839 0.844419
v 0.430668 -0.161839 0.845190
v 0.430413 -0.161839 0.845980
v 0.430012 -0.161839 0.846771
v 0.429484 -0.161839 0.847548
v 0.428848 -0.161839 0.848295
v 0.428124 -0.161839 0.848994
v 0.427331 -0.161839 0.849631
v 0.426489 -0.161839 0.850187
v 0.425618 -0.161839 0.850648
v 0.424735 -0.161839 0.850997
v 0.423861 -0.161839 0.851217
v 0.423016 -0.161839 0.851292
v 0.420405 -0.161839 0.851280
v 0.413187 -0.161839 0.851248
v 0.402283 -0.161839 0.851199
v 0.388615 -0.161839 0.851138
v 0.373104 -0.161839 0.851069
v 0.356672 -0.161839 0.850995
v 0.340239 -0.161839 0.850922
v 0.324728 -0.161839 0.850852
v 0.311060 -0.161839 0.850791
v 0.300157 -0.161839 0.850742
v 0.292939 -0.161839 0.850710
v 0.290328 -0.161839 0.850698
v 0.213444 -0.161839 0.850493
v 0.212615 -0.161839 0.850523
v 0.211702 -0.161839 0.850608
v 0.210719 -0.161839 0.850742
v 0.209681 -0.161839 0.850919
v 0.208603 -0.161839 0.851131
v 0.207500 -0.161839 0.851373
v 0.206385 -0.161839 0.851639
v 0.205275 -0.161839 0.851920
v 0.204184 -0.161839 0.852212
v 0.203126 -0.161839 0.852508
v 0.202116 -0.161839 0.852801
v 0.201169 -0.161839 0.853084
v 0.200053 -0.161839 0.858428
v 0.199489 -0.161839 0.863866
v 0.199457 -0.161839 0.869298
v 0.199939 -0.161839 0.874621
v 0.200916 -0.161839 0.879736
v 0.202367 -0.161839 0.884540
v 0.204273 -0.161839 0.888932
v 0.206616 -0.161839 0.892812
v 0.209376 -0.161839 0.896078
v 0.212534 -0.161839 0.898629
v 0.216070 -0.161839 0.900364
v 0.301439 -0.161839 0.804576
v 0.302307 -0.161839 0.804529
v 0.303194 -0.161839 0.804385
v 0.304085 -0.161839 0.804154
v 0.304965 -0.161839 0.803849
v 0.305818 -0.161839 0.803478
v 0.306630 -0.161839 0.803055
v 0.307385 -0.161839 0.802589
v 0.308067 -0.161839 0.802091
v 0.308663 -0.161839 0.801574
v 0.309156 -0.161839 0.801047
v 0.309532 -0.161839 0.800521
v 0.309774 -0.161839 0.800009
v 0.310402 -0.161839 0.796862
v 0.310250 -0.161839 0.793568
v 0.309401 -0.161839 0.790196
v 0.307934 -0.161839 0.786814
v 0.305933 -0.161839 0.783491
v 0.303478 -0.161839 0.780294
v 0.300652 -0.161839 0.777293
v 0.297535 -0.161839 0.774555
v 0.294210 -0.161839 0.772150
v 0.290757 -0.161839 0.770145
v 0.287259 -0.161839 0.768608
v 0.283796 -0.161839 0.767609
v 0.279595 -0.161839 0.766825
v 0.275396 -0.161839 0.766206
v 0.271196 -0.161839 0.765742
v 0.266995 -0.161839 0.765421
v 0.262791 -0.161839 0.765233
v 0.258582 -0.161839 0.765166
v 0.254367 -0.161839 0.765209
v 0.250145 -0.161839 0.765352
v 0.245914 -0.161839 0.765583
v 0.241673 -0.161839 0.765891
v 0.237420 -0.161839 0.766266
v 0.233154 -0.161839 0.766696
v 0.231391 -0.161839 0.766943
v 0.229636 -0.161839 0.767301
v 0.227893 -0.161839 0.767765
v 0.226170 -0.161839 0.768325
v 0.224471 -0.161839 0.768976
v 0.222802 -0.161839 0.769708
v 0.221170 -0.161839 0.770516
v 0.219579 -0.161839 0.771391
v 0.218037 -0.161839 0.772326
v 0.216547 -0.161839 0.773314
v 0.215117 -0.161839 0.774347
v 0.213753 -0.161839 0.775418
v 0.211741 -0.161839 0.777264
v 0.209958 -0.161839 0.779309
v 0.208421 -0.161839 0.781525
v 0.207146 -0.161839 0.783880
v 0.206149 -0.161839 0.786344
v 0.205448 -0.161839 0.788887
v 0.205059 -0.161839 0.791477
v 0.204997 -0.161839 0.794085
v 0.205281 -0.161839 0.796680
v 0.205925 -0.161839 0.799232
v 0.206947 -0.161839 0.801711
v 0.208363 -0.161839 0.804085
v 0.210194 -0.161839 0.804094
v 0.215257 -0.161839 0.804121
v 0.222904 -0.161839 0.804161
v 0.232491 -0.161839 0.804212
v 0.243370 -0.161839 0.804269
v 0.254895 -0.161839 0.804330
v 0.266420 -0.161839 0.804391
v 0.277299 -0.161839 0.804448
v 0.286886 -0.161839 0.804499
v 0.294534 -0.161839 0.804539
v 0.299596 -0.161839 0.804566
v 0.219965 -0.161839 0.901182
v 0.219965 0.161839 0.901182
v 0.225359 -0.161839 0.901608
v 0.225359 0.161839 0.901608
v 0.230732 -0.161839 0.902015
v 0.230732 0.161839 0.902015
v 0.236093 -0.161839 0.902388
v 0.236093 0.161839 0.902388
v 0.241449 -0.161839 0.902713
v 0.241449 0.161839 0.902713
v 0.246809 -0.161839 0.902976
v 0.246809 0.161839 0.902976
v 0.252180 -0.161839 0.903163
v 0.252180 0.161839 0.903163
v 0.257571 -0.161839 0.903259
v 0.257571 0.161839 0.903259
v 0.262990 -0.161839 0.903251
v 0.262990 0.161839 0.903251
v 0.268443 -0.161839 0.903125
v 0.268443 0.161839 0.903125
v 0.273941 -0.161839 0.902865
v 0.273941 0.161839 0.902865
v 0.279490 -0.161839 0.902458
v 0.279490 0.161839 0.902458
v 0.285098 -0.161839 0.901890
v 0.285098 0.161839 0.901890
v 0.288802 -0.161839 0.901174
v 0.288802 0.161839 0.901174
v 0.292210 -0.161839 0.899949
v 0.292210 0.161839 0.899949
v 0.295330 -0.161839 0.898266
v 0.295330 0.161839 0.898266
v 0.298169 -0.161839 0.896176
v 0.298169 0.161839 0.896176
v 0.300734 -0.161839 0.893729
v 0.300734 0.161839 0.893729
v 0.303032 -0.161839 0.890976
v 0.303032 0.161839 0.890976
v 0.305070 -0.161839 0.887966
v 0.305070 0.161839 0.887966
v 0.306855 -0.161839 0.884752
v 0.306855 0.161839 0.884752
v 0.308395 -0.161839 0.881382
v 0.308395 0.161839 0.881382
v 0.309696 -0.161839 0.877908
v 0.309696 0.161839 0.877908
v 0.310767 -0.161839 0.874380
v 0.310767 0.161839 0.874380
v 0.311613 -0.161839 0.870848
v 0.311613 0.161839 0.870848
v 0.313603 -0.161839 0.870835
v 0.313603 0.161839 0.870835
v 0.319105 -0.161839 0.870797
v 0.319105 0.161839 0.870797
v 0.327417 -0.161839 0.870740
v 0.327417 0.161839 0.870740
v 0.337837 -0.161839 0.870668
v 0.337837 0.161839 0.870668
v 0.349661 -0.161839 0.870586
v 0.349661 0.161839 0.870586
v 0.362187 -0.161839 0.870500
v 0.362187 0.161839 0.870500
v 0.374714 -0.161839 0.870414
v 0.374714 0.161839 0.870414
v 0.386538 -0.161839 0.870332
v 0.386538 0.161839 0.870332
v 0.396957 -0.161839 0.870261
v 0.396957 0.161839 0.870261
v 0.405269 -0.161839 0.870203
v 0.405269 0.161839 0.870203
v 0.410771 -0.161839 0.870166
v 0.410771 0.161839 0.870166
v 0.412761 -0.161839 0.870152
v 0.412761 0.161839 0.870152
v 0.414120 -0.161839 0.870181
v 0.414120 0.161839 0.870181
v 0.415489 -0.161839 0.870284
v 0.415489 0.161839 0.870284
v 0.416864 -0.161839 0.870456
v 0.416864 0.161839 0.870456
v 0.418241 -0.161839 0.870692
v 0.418241 0.161839 0.870692
v 0.419619 -0.161839 0.870988
v 0.419619 0.161839 0.870988
v 0.420992 -0.161839 0.871341
v 0.420992 0.161839 0.871341
v 0.422358 -0.161839 0.871745
v 0.422358 0.161839 0.871745
v 0.423714 -0.161839 0.872196
v 0.423714 0.161839 0.872196
v 0.425056 -0.161839 0.872690
v 0.425056 0.161839 0.872690
v 0.426380 -0.161839 0.873223
v 0.426380 0.161839 0.873223
v 0.427685 -0.161839 0.873790
v 0.427685 0.161839 0.873790
v 0.428965 -0.161839 0.874387
v 0.428965 0.161839 0.874387
v 0.428569 -0.161839 0.882772
v 0.428569 0.161839 0.882772
v 0.427238 -0.161839 0.890863
v 0.427238 0.161839 0.890863
v 0.425014 -0.161839 0.898601
v 0.425014 0.161839 0.898601
v 0.421936 -0.161839 0.905926
v 0.421936 0.161839 0.905926
v 0.418047 -0.161839 0.912779
v 0.418047 0.161839 0.912779
v 0.413388 -0.161839 0.919100
v 0.413388 0.161839 0.919100
v 0.408000 -0.161839 0.924829
v 0.408000 0.161839 0.924829
v 0.401923 -0.161839 0.929907
v 0.401923 0.161839 0.929907
v 0.395200 -0.161839 0.934274
v 0.395200 0.161839 0.934274
v 0.387871 -0.161839 0.937870
v 0.387871 0.161839 0.937870
v 0.379978 -0.161839 0.940635
v 0.379978 0.161839 0.940635
v 0.371562 -0.161839 0.942510
v 0.371562 0.161839 0.942510
v 0.369969 -0.161839 0.942573
v 0.369969 0.161839 0.942573
v 0.365565 -0.161839 0.942749
v 0.365565 0.161839 0.942749
v 0.358912 -0.161839 0.943015
v 0.358912 0.161839 0.943015
v 0.350572 -0.161839 0.943347
v 0.350572 0.161839 0.943347
v 0.341108 -0.161839 0.943725
v 0.341108 0.161839 0.943725
v 0.331082 -0.161839 0.944125
v 0.331082 0.161839 0.944125
v 0.321056 -0.161839 0.944525
v 0.321056 0.161839 0.944525
v 0.311592 -0.161839 0.944903
v 0.311592 0.161839 0.944903
v 0.303252 -0.161839 0.945236
v 0.303252 0.161839 0.945236
v 0.296599 -0.161839 0.945501
v 0.296599 0.161839 0.945501
v 0.292195 -0.161839 0.945677
v 0.292195 0.161839 0.945677
v 0.290602 -0.161839 0.945740
v 0.290602 0.161839 0.945740
v 0.228164 -0.161839 0.945878
v 0.228164 0.161839 0.945878
v 0.156099 -0.161839 0.944199
v 0.156099 0.161839 0.944199
v 0.152546 -0.161839 0.944043
v 0.152546 0.161839 0.944043
v 0.149009 -0.161839 0.943745
v 0.149009 0.161839 0.943745
v 0.145490 -0.161839 0.943312
v 0.145490 0.161839 0.943312
v 0.141994 -0.161839 0.942748
v 0.141994 0.161839 0.942748
v 0.138521 -0.161839 0.942062
v 0.138521 0.161839 0.942062
v 0.135077 -0.161839 0.941258
v 0.135077 0.161839 0.941258
v 0.131662 -0.161839 0.940344
v 0.131662 0.161839 0.940344
v 0.128282 -0.161839 0.939326
v 0.128282 0.161839 0.939326
v 0.124937 -0.161839 0.938209
v 0.124937 0.161839 0.938209
v 0.121632 -0.161839 0.937001
v 0.121632 0.161839 0.937001
v 0.118369 -0.161839 0.935708
v 0.118369 0.161839 0.935708
v 0.115151 -0.161839 0.934336
v 0.115151 0.161839 0.934336
v 0.110764 -0.161839 0.932198
v 0.110764 0.161839 0.932198
v 0.106641 -0.161839 0.929775
v 0.106641 0.161839 0.929775
v 0.102789 -0.161839 0.927076
v 0.102789 0.161839 0.927076
v 0.099213 -0.161839 0.924108
v 0.099213 0.161839 0.924108
v 0.095919 -0.161839 0.920879
v 0.095919 0.161839 0.920879
v 0.092915 -0.161839 0.917399
v 0.092915 0.161839 0.917399
v 0.090206 -0.161839 0.913675
v 0.090206 0.161839 0.913675
v 0.087799 -0.161839 0.909716
v 0.087799 0.161839 0.909716
v 0.085701 -0.161839 0.905531
v 0.085701 0.161839 0.905531
v 0.083916 -0.161839 0.901126
v 0.083916 0.161839 0.901126
v 0.082453 -0.161839 0.896511
v 0.082453 0.161839 0.896511
v 0.081316 -0.161839 0.891695
v 0.081316 0.161839 0.891695
v 0.079648 -0.161839 0.882471
v 0.079648 0.161839 0.882471
v 0.078269 -0.161839 0.873216
v 0.078269 0.161839 0.873216
v 0.077183 -0.161839 0.863937
v 0.077183 0.161839 0.863937
v 0.076391 -0.161839 0.854640
v 0.076391 0.161839 0.854640
v 0.075898 -0.161839 0.845329
v 0.075898 0.161839 0.845329
v 0.075704 -0.161839 0.836011
v 0.075704 0.161839 0.836011
v 0.075813 -0.161839 0.826691
v 0.075813 0.161839 0.826691
v 0.076227 -0.161839 0.817374
v 0.076227 0.161839 0.817374
v 0.076949 -0.161839 0.808067
v 0.076949 0.161839 0.808067
v 0.077981 -0.161839 0.798775
v 0.077981 0.161839 0.798775
v 0.079325 -0.161839 0.789504
v 0.079325 0.161839 0.789504
v 0.080985 -0.161839 0.780258
v 0.080985 0.161839 0.780258
v 0.083746 -0.161839 0.770114
v 0.083746 0.161839 0.770114
v 0.087727 -0.161839 0.761090
v 0.087727 0.161839 0.761090
v 0.092824 -0.161839 0.753133
v 0.092824 0.161839 0.753133
v 0.098933 -0.161839 0.746191
v 0.098933 0.161839 0.746191
v 0.105949 -0.161839 0.740210
v 0.105949 0.161839 0.740210
v 0.113769 -0.161839 0.735138
v 0.113769 0.161839 0.735138
v 0.122286 -0.161839 0.730920
v 0.122286 0.161839 0.730920
v 0.131398 -0.161839 0.727503
v 0.131398 0.161839 0.727503
v 0.141000 -0.161839 0.724835
v 0.141000 0.161839 0.724835
v 0.150986 -0.161839 0.722863
v 0.150986 0.161839 0.722863
v 0.161253 -0.161839 0.721532
v 0.161253 0.161839 0.721532
v 0.171697 -0.161839 0.720790
v 0.171697 0.161839 0.720790
v 0.184895 -0.161839 0.720262
v 0.184895 0.161839 0.720262
v 0.198048 -0.161839 0.719846
v 0.198048 0.161839 0.719846
v 0.211165 -0.161839 0.719543
v 0.211165 0.161839 0.719543
v 0.224252 -0.161839 0.719351
v 0.224252 0.161839 0.719351
v 0.237319 -0.161839 0.719271
v 0.237319 0.161839 0.719271
v 0.250373 -0.161839 0.719300
v 0.250373 0.161839 0.719300
v 0.263423 -0.161839 0.719439
v 0.263423 0.161839 0.719439
v 0.276475 -0.161839 0.719686
v 0.276475 0.161839 0.719686
v 0.289539 -0.161839 0.720042
v 0.289539 0.161839 0.720042
v 0.302622 -0.161839 0.720505
v 0.302622 0.161839 0.720505
v 0.315733 -0.161839 0.721074
v 0.315733 0.161839 0.721074
v 0.328878 -0.161839 0.721749
v 0.328878 0.161839 0.721749
v 0.333277 -0.161839 0.722009
v 0.333277 0.161839 0.722009
v 0.337632 -0.161839 0.722304
v 0.337632 0.161839 0.722304
v 0.341950 -0.161839 0.722643
v 0.341950 0.161839 0.722643
v 0.346236 -0.161839 0.723033
v 0.346236 0.161839 0.723033
v 0.350496 -0.161839 0.723483
v 0.350496 0.161839 0.723483
v 0.354736 -0.161839 0.724001
v 0.354736 0.161839 0.724001
v 0.358962 -0.161839 0.724596
v 0.358962 0.161839 0.724596
v 0.363180 -0.161839 0.725275
v 0.363180 0.161839 0.725275
v 0.367395 -0.161839 0.726048
v 0.367395 0.161839 0.726048
v 0.371613 -0.161839 0.726923
v 0.371613 0.161839 0.726923
v 0.375839 -0.161839 0.727907
v 0.375839 0.161839 0.727907
v 0.380081 -0.161839 0.729010
v 0.380081 0.161839 0.729010
v 0.385455 -0.161839 0.730701
v 0.385455 0.161839 0.730701
v 0.390728 -0.161839 0.732797
v 0.390728 0.161839 0.732797
v 0.395850 -0.161839 0.735286
v 0.395850 0.161839 0.735286
v 0.400773 -0.161839 0.738155
v 0.400773 0.161839 0.738155
v 0.405446 -0.161839 0.741392
v 0.405446 0.161839 0.741392
v 0.409823 -0.161839 0.744984
v 0.409823 0.161839 0.744984
v 0.413853 -0.161839 0.748920
v 0.413853 0.161839 0.748920
v 0.417488 -0.161839 0.753186
v 0.417488 0.161839 0.753186
v 0.420680 -0.161839 0.757770
v 0.420680 0.161839 0.757770
v 0.423378 -0.161839 0.762659
v 0.423378 0.161839 0.762659
v 0.425536 -0.161839 0.767842
v 0.425536 0.161839 0.767842
v 0.427104 -0.161839 0.773306
v 0.427104 0.161839 0.773306
v 0.428287 -0.161839 0.779207
v 0.428287 0.161839 0.779207
v 0.429209 -0.161839 0.785092
v 0.429209 0.161839 0.785092
v 0.429900 -0.161839 0.790968
v 0.429900 0.161839 0.790968
v 0.430391 -0.161839 0.796839
v 0.430391 0.161839 0.796839
v 0.430711 -0.161839 0.802714
v 0.430711 0.161839 0.802714
v 0.430892 -0.161839 0.808597
v 0.430892 0.161839 0.808597
v 0.430964 -0.161839 0.814495
v 0.430964 0.161839 0.814495
v 0.430957 -0.161839 0.820414
v 0.430957 0.161839 0.820414
v 0.430903 -0.161839 0.826359
v 0.430903 0.161839 0.826359
v 0.430831 -0.161839 0.832338
v 0.430831 0.161839 0.832338
v 0.430773 -0.161839 0.838356
v 0.430773 0.161839 0.838356
v 0.430758 -0.161839 0.844419
v 0.430758 0.161839 0.844419
v 0.430668 -0.161839 0.845190
v 0.430668 0.161839 0.845190
v 0.430413 -0.161839 0.845980
v 0.430413 0.161839 0.845980
v 0.430012 -0.161839 0.846771
v 0.430012 0.161839 0.846771
v 0.429484 -0.161839 0.847548
v 0.429484 0.161839 0.847548
v 0.428848 -0.161839 0.848295
v 0.428848 0.161839 0.848295
v 0.428124 -0.161839 0.848994
v 0.428124 0.161839 0.848994
v 0.427331 -0.161839 0.849631
v 0.427331 0.161839 0.849631
v 0.426489 -0.161839 0.850187
v 0.426489 0.161839 0.850187
v 0.425618 -0.161839 0.850648
v 0.425618 0.161839 0.850648
v 0.424735 -0.161839 0.850997
v 0.424735 0.161839 0.850997
v 0.423861 -0.161839 0.851217
v 0.423861 0.161839 0.851217
v 0.423016 -0.161839 0.851292
v 0.423016 0.161839 0.851292
v 0.420405 -0.161839 0.851280
v 0.420405 0.161839 0.851280
v 0.413187 -0.161839 0.851248
v 0.413187 0.161839 0.851248
v 0.402283 -0.161839 0.851199
v 0.402283 0.161839 0.851199
v 0.388615 -0.161839 0.851138
v 0.388615 0.161839 0.851138
v 0.373104 -0.161839 0.851069
v 0.373104 0.161839 0.851069
v 0.356672 -0.161839 0.850995
v 0.356672 0.161839 0.850995
v 0.340239 -0.161839 0.850922
v 0.340239 0.161839 0.850922
v 0.324728 -0.161839 0.850852
v 0.324728 0.161839 0.850852
v 0.311060 -0.161839 0.850791
v 0.311060 0.161839 0.850791
v 0.300157 -0.161839 0.850742
v 0.300157 0.161839 0.850742
v 0.292939 -0.161839 0.850710
v 0.292939 0.161839 0.850710
v 0.290328 -0.161839 0.850698
v 0.290328 0.161839 0.850698
v 0.213444 -0.161839 0.850493
v 0.213444 0.161839 0.850493
v 0.212615 -0.161839 0.850523
v 0.212615 0.161839 0.850523
v 0.211702 -0.161839 0.850608
v 0.211702 0.161839 0.850608
v 0.210719 -0.161839 0.850742
v 0.210719 0.161839 0.850742
v 0.209681 -0.161839 0.850919
v 0.209681 0.161839 0.850919
v 0.208603 -0.161839 0.851131
v 0.208603 0.161839 0.851131
v 0.207500 -0.161839 0.851373
v 0.207500 0.161839 0.851373
v 0.206385 -0.161839 0.851639
v 0.206385 0.161839 0.851639
v 0.205275 -0.161839 0.851920
v 0.205275 0.161839 0.851920
v 0.204184 -0.161839 0.852212
v 0.204184 0.161839 0.852212
v 0.203126 -0.161839 0.852508
v 0.203126 0.161839 0.852508
v 0.202116 -0.161839 0.852801
v 0.202116 0.161839 0.852801
v 0.201169 -0.161839 0.853084
v 0.201169 0.161839 0.853084
v 0.200053 -0.161839 0.858428
v 0.200053 0.161839 0.858428
v 0.199489 -0.161839 0.863866
v 0.199489 0.161839 0.863866
v 0.199457 -0.161839 0.869298
v 0.199457 0.161839 0.869298
v 0.199939 -0.161839 0.874621
v 0.199939 0.161839 0.874621
v 0.200916 -0.161839 0.879736
v 0.200916 0.161839 0.879736
v 0.202367 -0.161839 0.884540
v 0.202367 0.161839 0.884540
v 0.204273 -0.161839 0.888932
v 0.204273 0.161839 0.888932
v 0.206616 -0.161839 0.892812
v 0.206616 0.161839 0.892812
v 0.209376 -0.161839 0.896078
v 0.209376 0.161839 0.896078
v 0.212534 -0.161839 0.898629
v 0.212534 0.161839 0.898629
v 0.216070 -0.161839 0.900364
v 0.216070 0.161839 0.900364
v 0.301439 -0.161839 0.804576
v 0.301439 0.161839 0.804576
v 0.302307 -0.161839 0.804529
v 0.302307 0.161839 0.804529
v 0.303194 -0.161839 0.804385
v 0.303194 0.161839 0.804385
v 0.304085 -0.161839 0.804154
v 0.304085 0.161839 0.804154
v 0.304965 -0.161839 0.803849
v 0.304965 0.161839 0.803849
v 0.305818 -0.161839 0.803478
v 0.305818 0.161839 0.803478
v 0.306630 -0.161839 0.803055
v 0.306630 0.161839 0.803055
v 0.307385 -0.161839 0.802589
v 0.307385 0.161839 0.802589
v 0.308067 -0.161839 0.802091
v 0.308067 0.161839 0.802091
v 0.308663 -0.161839 0.801574
v 0.308663 0.161839 0.801574
v 0.309156 -0.161839 0.801047
v 0.309156 0.161839 0.801047
v 0.309532 -0.161839 0.800521
v 0.309532 0.161839 0.800521
v 0.309774 -0.161839 0.800009
v 0.309774 0.161839 0.800009
v 0.310402 -0.161839 0.796862
v 0.310402 0.161839 0.796862
v 0.310250 -0.161839 0.793568
v 0.310250 0.161839 0.793568
v 0.309401 -0.161839 0.790196
v 0.309401 0.161839 0.790196
v 0.307934 -0.161839 0.786814
v 0.307934 0.161839 0.786814
v 0.305933 -0.161839 0.783491
v 0.305933 0.161839 0.783491
v 0.303478 -0.161839 0.780294
v 0.303478 0.161839 0.780294
v 0.300652 -0.161839 0.777293
v 0.300652 0.161839 0.777293
v 0.297535 -0.161839 0.774555
v 0.297535 0.161839 0.774555
v 0.294210 -0.161839 0.772150
v 0.294210 0.161839 0.772150
v 0.290757 -0.161839 0.770145
v 0.290757 0.161839 0.770145
v 0.287259 -0.161839 0.768608
v 0.287259 0.161839 0.768608
v 0.283796 -0.161839 0.767609
v 0.283796 0.161839 0.767609
v 0.279595 -0.161839 0.766825
v 0.279595 0.161839 0.766825
v 0.275396 -0.161839 0.766206
v 0.275396 0.161839 0.766206
v 0.271196 -0.161839 0.765742
v 0.271196 0.161839 0.765742
v 0.266995 -0.161839 0.765421
v 0.266995 0.161839 0.765421
v 0.262791 -0.161839 0.765233
v 0.262791 0.161839 0.765233
v 0.258582 -0.161839 0.765166
v 0.258582 0.161839 0.765166
v 0.254367 -0.161839 0.765209
v 0.254367 0.161839 0.765209
v 0.250145 -0.161839 0.765352
v 0.250145 0.161839 0.765352
v 0.245914 -0.161839 0.765583
v 0.245914 0.161839 0.765583
v 0.241673 -0.161839 0.765891
v 0.241673 0.161839 0.765891
v 0.237420 -0.161839 0.766266
v 0.237420 0.161839 0.766266
v 0.233154 -0.161839 0.766696
v 0.233154 0.161839 0.766696
v 0.231391 -0.161839 0.766943
v 0.231391 0.161839 0.766943
v 0.229636 -0.161839 0.767301
v 0.229636 0.161839 0.767301
v 0.227893 -0.161839 0.767765
v 0.227893 0.161839 0.767765
v 0.226170 -0.161839 0.768325
v 0.226170 0.161839 0.768325
v 0.224471 -0.161839 0.768976
v 0.224471 0.161839 0.768976
v 0.222802 -0.161839 0.769708
v 0.222802 0.161839 0.769708
v 0.221170 -0.161839 0.770516
v 0.221170 0.161839 0.770516
v 0.219579 -0.161839 0.771391
v 0.219579 0.161839 0.771391
v 0.218037 -0.161839 0.772326
v 0.218037 0.161839 0.772326
v 0.216547 -0.161839 0.773314
v 0.216547 0.161839 0.773314
v 0.215117 -0.161839 0.774347
v 0.215117 0.161839 0.774347
v 0.213753 -0.161839 0.775418
v 0.213753 0.161839 0.775418
v 0.211741 -0.161839 0.777264
v 0.211741 0.161839 0.777264
v 0.209958 -0.161839 0.779309
v 0.209958 0.161839 0.779309
v 0.208421 -0.161839 0.781525
v 0.208421 0.161839 0.781525
v 0.207146 -0.161839 0.783880
v 0.207146 0.161839 0.783880
v 0.206149 -0.161839 0.786344
v 0.206149 0.161839 0.786344
v 0.205448 -0.161839 0.788887
v 0.205448 0.161839 0.788887
v 0.205059 -0.161839 0.791477
v 0.205059 0.161839 0.791477
v 0.204997 -0.161839 0.794085
v 0.204997 0.161839 0.794085
v 0.205281 -0.161839 0.796680
v 0.205281 0.161839 0.796680
v 0.205925 -0.161839 0.799232
v 0.205925 0.161839 0.799232
v 0.206947 -0.161839 0.801711
v 0.206947 0.161839 0.801711
v 0.208363 -0.161839 0.804085
v 0.208363 0.161839 0.804085
v 0.210194 -0.161839 0.804094
v 0.210194 0.161839 0.804094
v 0.215257 -0.161839 0.804121
v 0.215257 0.161839 0.804121
v 0.222904 -0.161839 0.804161
v 0.222904 0.161839 0.804161
v 0.232491 -0.161839 0.804212
v 0.232491 0.161839 0.804212
v 0.243370 -0.161839 0.804269
v 0.243370 0.161839 0.804269
v 0.254895 -0.161839 0.804330
v 0.254895 0.161839 0.804330
v 0.266420 -0.161839 0.804391
v 0.266420 0.161839 0.804391
v 0.277299 -0.161839 0.804448
v 0.277299 0.161839 0.804448
v 0.286886 -0.161839 0.804499
v 0.286886 0.161839 0.804499
v 0.294534 -0.161839 0.804539
v 0.294534 0.161839 0.804539
v 0.299596 -0.161839 0.804566
v 0.299596 0.161839 0.804566
v 0.499956 0.161839 0.943800
v 0.498723 0.161839 0.943780
v 0.497497 0.161839 0.943707
v 0.496282 0.161839 0.943583
v 0.495080 0.161839 0.943413
v 0.493894 0.161839 0.943199
v 0.492727 0.161839 0.942946
v 0.491581 0.161839 0.942658
v 0.490460 0.161839 0.942338
v 0.489366 0.161839 0.941989
v 0.488302 0.161839 0.941615
v 0.487271 0.161839 0.941221
v 0.486276 0.161839 0.940809
v 0.486247 0.161839 0.938250
v 0.486166 0.161839 0.931174
v 0.486043 0.161839 0.920486
v 0.485889 0.161839 0.907087
v 0.485714 0.161839 0.891883
v 0.485529 0.161839 0.875775
v 0.485343 0.161839 0.859667
v 0.485168 0.161839 0.844462
v 0.485014 0.161839 0.831064
v 0.484892 0.161839 0.820375
v 0.484810 0.161839 0.813300
v 0.484781 0.161839 0.810740
v 0.486642 0.161839 0.637324
v 0.506008 0.161839 0.634926
v 0.602738 0.161839 0.635828
v 0.602738 0.161839 0.943092
v 0.600716 0.161839 0.943106
v 0.595125 0.161839 0.943145
v 0.586680 0.161839 0.943203
v 0.576093 0.161839 0.943276
v 0.564080 0.161839 0.943358
v 0.551353 0.161839 0.943446
v 0.538625 0.161839 0.943534
v 0.526612 0.161839 0.943616
v 0.516025 0.161839 0.943689
v 0.507580 0.161839 0.943747
v 0.501989 0.161839 0.943786
v 0.499956 -0.161839 0.943800
v 0.498723 -0.161839 0.943780
v 0.497497 -0.161839 0.943707
v 0.496282 -0.161839 0.943583
v 0.495080 -0.161839 0.943413
v 0.493894 -0.161839 0.943199
v 0.492727 -0.161839 0.942946
v 0.491581 -0.161839 0.942658
v 0.490460 -0.161839 0.942338
v 0.489366 -0.161839 0.941989
v 0.488302 -0.161839 0.941615
v 0.487271 -0.161839 0.941221
v 0.486276 -0.161839 0.940809
v 0.486247 -0.161839 0.938250
v 0.486166 -0.161839 0.931174
v 0.486043 -0.161839 0.920486
v 0.485889 -0.161839 0.907087
v 0.485714 -0.161839 0.891883
v 0.485529 -0.161839 0.875775
v 0.485343 -0.161839 0.859667
v 0.485168 -0.161839 0.844462
v 0.485014 -0.161839 0.831064
v 0.484892 -0.161839 0.820375
v 0.484810 -0.161839 0.813300
v 0.484781 -0.161839 0.810740
v 0.486642 -0.161839 0.637324
v 0.506008 -0.161839 0.634926
v 0.602738 -0.161839 0.635828
v 0.602738 -0.161839 0.943092
v 0.600716 -0.161839 0.943106
v 0.595125 -0.161839 0.943145
v 0.586680 -0.161839 0.943203
v 0.576093 -0.161839 0.943276
v 0.564080 -0.161839 0.943358
v 0.551353 -0.161839 0.943446
v 0.538625 -0.161839 0.943534
v 0.526612 -0.161839 0.943616
v 0.516025 -0.161839 0.943689
v 0.507580 -0.161839 0.943747
v 0.501989 -0.161839 0.943786
v 0.499956 -0.161839 0.943800
v 0.499956 0.161839 0.943800
v 0.498723 -0.161839 0.943780
v 0.498723 0.161839 0.943780
v 0.497497 -0.161839 0.943707
v 0.497497 0.161839 0.943707
v 0.496282 -0.161839 0.943583
v 0.496282 0.161839 0.943583
v 0.495080 -0.161839 0.943413
v 0.495080 0.161839 0.943413
v 0.493894 -0.161839 0.943199
v 0.493894 0.161839 0.943199
v 0.492727 -0.161839 0.942946
v 0.492727 0.161839 0.942946
v 0.491581 -0.161839 0.942658
v 0.491581 0.161839 0.942658
v 0.490460 -0.161839 0.942338
v 0.490460 0.161839 0.942338
v 0.489366 -0.161839 0.941989
v 0.489366 0.161839 0.941989
v 0.488302 -0.161839 0.941615
v 0.488302 0.161839 0.941615
v 0.487271 -0.161839 0.941221
v 0.487271 0.161839 0.941221
v 0.486276 -0.161839 0.940809
v 0.486276 0.161839 0.940809
v 0.486247 -0.161839 0.938250
v 0.486247 0.161839 0.938250
v 0.486166 -0.161839 0.931174
v 0.486166 0.161839 0.931174
v 0.486043 -0.161839 0.920486
v 0.486043 0.161839 0.920486
v 0.485889 -0.161839 0.907087
v 0.485889 0.161839 0.907087
v 0.485714 -0.161839 0.891883
v 0.485714 0.161839 0.891883
v 0.485529 -0.161839 0.875775
v 0.485529 0.161839 0.875775
v 0.485343 -0.161839 0.859667
v 0.485343 0.161839 0.859667
v 0.485168 -0.161839 0.844462
v 0.485168 0.161839 0.844462
v 0.485014 -0.161839 0.831064
v 0.485014 0.161839 0.831064
v 0.484892 -0.161839 0.820375
v 0.484892 0.161839 0.820375
v 0.484810 -0.161839 0.813300
v 0.484810 0.161839 0.813300
v 0.484781 -0.161839 0.810740
v 0.484781 0.161839 0.810740
v 0.486642 -0.161839 0.637324
v 0.486642 0.161839 0.637324
v 0.506008 -0.161839 0.634926
v 0.506008 0.161839 0.634926
v 0.602738 -0.161839 0.635828
v 0.602738 0.161839 0.635828
v 0.602738 -0.161839 0.943092
v 0.602738 0.161839 0.943092
v 0.600716 -0.161839 0.943106
v 0.600716 0.161839 0.943106
v 0.595125 -0.161839 0.943145
v 0.595125 0.161839 0.943145
v 0.586680 -0.161839 0.943203
v 0.586680 0.161839 0.943203
v 0.576093 -0.161839 0.943276
v 0.576093 0.161839 0.943276
v 0.564080 -0.161839 0.943358
v 0.564080 0.161839 0.943358
v 0.551353 -0.161839 0.943446
v 0.551353 0.161839 0.943446
v 0.538625 -0.161839 0.943534
v 0.538625 0.161839 0.943534
v 0.526612 -0.161839 0.943616
v 0.526612 0.161839 0.943616
v 0.516025 -0.161839 0.943689
v 0.516025 0.161839 0.943689
v 0.507580 -0.161839 0.943747
v 0.507580 0.161839 0.943747
v 0.501989 -0.161839 0.943786
v 0.501989 0.161839 0.943786
v 0.785691 0.161839 0.942247
v 0.775792 0.161839 0.942870
v 0.765946 0.161839 0.943371
v 0.756147 0.161839 0.943754
v 0.746387 0.161839 0.944022
v 0.736659 0.161839 0.944178
v 0.726956 0.161839 0.944226
v 0.717270 0.161839 0.944170
v 0.707595 0.161839 0.944011
v 0.697923 0.161839 0.943755
v 0.688246 0.161839 0.943403
v 0.678559 0.161839 0.942961
v 0.668853 0.161839 0.942430
v 0.668862 0.161839 0.936396
v 0.668885 0.161839 0.919715
v 0.668921 0.161839 0.894516
v 0.668966 0.161839 0.862929
v 0.669017 0.161839 0.827082
v 0.669070 0.161839 0.789106
v 0.669124 0.161839 0.751130
v 0.669175 0.161839 0.715284
v 0.669220 0.161839 0.683696
v 0.669255 0.161839 0.658497
v 0.669279 0.161839 0.641816
v 0.669287 0.161839 0.635783
v 0.754152 0.161839 0.635109
v 0.785246 0.161839 0.636708
v 0.785691 -0.161839 0.942247
v 0.775792 -0.161839 0.942870
v 0.765946 -0.161839 0.943371
v 0.756147 -0.161839 0.943754
v 0.746387 -0.161839 0.944022
v 0.736659 -0.161839 0.944178
v 0.726956 -0.161839 0.944226
v 0.717270 -0.161839 0.944170
v 0.707595 -0.161839 0.944011
v 0.697923 -0.161839 0.943755
v 0.688246 -0.161839 0.943403
v 0.678559 -0.161839 0.942961
v 0.668853 -0.161839 0.942430
v 0.668862 -0.161839 0.936396
v 0.668885 -0.161839 0.919715
v 0.668921 -0.161839 0.894516
v 0.668966 -0.161839 0.862929
v 0.669017 -0.161839 0.827082
v 0.669070 -0.161839 0.789106
v 0.669124 -0.161839 0.751130
v 0.669175 -0.161839 0.715284
v 0.669220 -0.161839 0.683696
v 0.669255 -0.161839 0.658497
v 0.669279 -0.161839 0.641816
v 0.669287 -0.161839 0.635783
v 0.754152 -0.161839 0.635109
v 0.785246 -0.161839 0.636708
v 0.785691 -0.161839 0.942247
v 0.785691 0.161839 0.942247
v 0.775792 -0.161839 0.942870
v 0.775792 0.161839 0.942870
v 0.765946 -0.161839 0.943371
v 0.765946 0.161839 0.943371
v 0.756147 -0.161839 0.943754
v 0.756147 0.161839 0.943754
v 0.746387 -0.161839 0.944022
v 0.746387 0.161839 0.944022
v 0.736659 -0.161839 0.944178
v 0.736659 0.161839 0.944178
v 0.726956 -0.161839 0.944226
v 0.726956 0.161839 0.944226
v 0.717270 -0.161839 0.944170
v 0.717270 0.161839 0.944170
v 0.707595 -0.161839 0.944011
v 0.707595 0.161839 0.944011
v 0.697923 -0.161839 0.943755
v 0.697923 0.161839 0.943755
v 0.688246 -0.161839 0.943403
v 0.688246 0.161839 0.943403
v 0.678559 -0.161839 0.942961
v 0.678559 0.161839 0.942961
v 0.668853 -0.161839 0.942430
v 0.668853 0.161839 0.942430
v 0.668862 -0.161839 0.936396
v 0.668862 0.161839 0.936396
v 0.668885 -0.161839 0.919715
v 0.668885 0.161839 0.919715
v 0.668921 -0.161839 0.894516
v 0.668921 0.161839 0.894516
v 0.668966 -0.161839 0.862929
v 0.668966 0.161839 0.862929
v 0.669017 -0.161839 0.827082
v 0.669017 0.161839 0.827082
v 0.669070 -0.161839 0.789106
v 0.669070 0.161839 0.789106
v 0.669124 -0.161839 0.751130
v 0.669124 0.161839 0.751130
v 0.669175 -0.161839 0.715284
v 0.669175 0.161839 0.715284
v 0.669220 -0.161839 0.683696
v 0.669220 0.161839 0.683696
v 0.669255 -0.161839 0.658497
v 0.669255 0.161839 0.658497
v 0.669279 -0.161839 0.641816
v 0.669279 0.161839 0.641816
v 0.669287 -0.161839 0.635783
v 0.669287 0.161839 0.635783
v 0.754152 -0.161839 0.635109
v 0.754152 0.161839 0.635109
v 0.785246 -0.161839 0.636708
v 0.785246 0.161839 0.636708
vn -0.0000 1.0000 -0.0000
vn 0.0001 1.0000 -0.0000
vn -0.0001 1.0000 -0.0000
vn 0.0002 1.0000 -0.0000
vn -0.0000 -1.0000 -0.0000
vn 0.0001 -1.0000 -0.0000
vn -0.0001 -1.0000 -0.0000
vn 0.0002 -1.0000 -0.0000
vn 0.9239 -0.0000 -0.3826
vn 0.9425 -0.0000 -0.3341
vn 0.9584 -0.0000 -0.2855
vn 0.9715 -0.0000 -0.2369
vn 0.9820 -0.0000 -0.1887
vn 0.9900 -0.0000 -0.1409
vn 0.9956 -0.0000 -0.0939
vn 0.9989 -0.0000 -0.0478
vn 1.0000 -0.0000 -0.0028
vn 0.9992 -0.0000 0.0412
vn 0.9965 -0.0000 0.0839
vn 0.8797 -0.0000 0.4755
vn 0.6151 -0.0000 0.7885
vn 0.8679 -0.0000 0.4968
vn 0.6703 -0.0000 0.7421
vn 0.0074 -0.0000 1.0000
vn 0.3536 -0.0000 0.9354
vn 0.6269 -0.0000 0.7791
vn 0.5635 -0.0000 0.8261
vn 0.4908 -0.0000 0.8713
vn 0.4073 -0.0000 0.9133
vn 0.3117 -0.0000 0.9502
vn 0.2036 -0.0000 0.9790
vn 0.0837 -0.0000 0.9965
vn -0.0455 -0.0000 0.9990
vn -0.1796 -0.0000 0.9837
vn -0.3125 -0.0000 0.9499
vn -0.4380 -0.0000 0.8990
vn -0.5558 -0.0000 0.8313
vn -0.3235 -0.0000 0.9462
vn -0.0079 -0.0000 1.0000
vn -0.6721 -0.0000 0.7405
vn -0.8793 -0.0000 0.4763
vn -0.6095 -0.0000 0.7928
vn -0.5817 -0.0000 0.8134
vn -0.5898 -0.0000 0.8076
vn -0.6153 -0.0000 0.7883
vn -0.6518 -0.0000 0.7584
vn -0.6913 -0.0000 0.7225
vn -0.7331 -0.0000 0.6801
vn -0.7760 -0.0000 0.6308
vn -0.8186 -0.0000 0.5744
vn -0.8594 -0.0000 0.5112
vn -0.8968 -0.0000 0.4424
vn -0.9293 -0.0000 0.3692
vn -0.9559 -0.0000 0.2936
vn -0.9760 -0.0000 0.2176
vn -0.9875 -0.0000 0.1578
vn -0.9916 -0.0000 0.1295
vn -0.9933 -0.0000 0.1159
vn -0.9948 -0.0000 0.1018
vn -0.9962 -0.0000 0.0871
vn -0.9974 -0.0000 0.0719
vn -0.9984 -0.0000 0.0562
vn -0.9992 -0.0000 0.0401
vn -0.9997 -0.0000 0.0236
vn -1.0000 -0.0000 0.0067
vn -0.9999 -0.0000 -0.0105
vn -0.9996 -0.0000 -0.0279
vn -0.9988 -0.0000 -0.0498
vn -0.9967 -0.0000 -0.0808
vn -0.9932 -0.0000 -0.1164
vn -0.9884 -0.0000 -0.1521
vn -0.9822 -0.0000 -0.1878
vn -0.9747 -0.0000 -0.2234
vn -0.9659 -0.0000 -0.2590
vn -0.9557 -0.0000 -0.2943
vn -0.9442 -0.0000 -0.3294
vn -0.9314 -0.0000 -0.3640
vn -0.9173 -0.0000 -0.3982
vn -0.9019 -0.0000 -0.4319
vn -0.8875 -0.0000 -0.4608
vn -0.8766 -0.0000 -0.4812
vn -0.8674 -0.0000 -0.4977
vn -0.8574 -0.0000 -0.5146
vn -0.8468 -0.0000 -0.5319
vn -0.8354 -0.0000 -0.5496
vn -0.8232 -0.0000 -0.5678
vn -0.8101 -0.0000 -0.5863
vn -0.7961 -0.0000 -0.6051
vn -0.7812 -0.0000 -0.6243
vn -0.7652 -0.0000 -0.6437
vn -0.7483 -0.0000 -0.6634
vn -0.7272 -0.0000 -0.6864
vn -0.6991 -0.0000 -0.7150
vn -0.6670 -0.0000 -0.7450
vn -0.6342 -0.0000 -0.7731
vn -0.6009 -0.0000 -0.7994
vn -0.5670 -0.0000 -0.8237
vn -0.5328 -0.0000 -0.8462
vn -0.4982 -0.0000 -0.8670
vn -0.4634 -0.0000 -0.8861
vn -0.4284 -0.0000 -0.9036
vn -0.3932 -0.0000 -0.9194
vn -0.3578 -0.0000 -0.9338
vn -0.3120 -0.0000 -0.9501
vn -0.2446 -0.0000 -0.9696
vn -0.1657 -0.0000 -0.9862
vn -0.0862 -0.0000 -0.9963
vn -0.0065 -0.0000 -1.0000
vn 0.0729 -0.0000 -0.9973
vn 0.1517 -0.0000 -0.9884
vn 0.2296 -0.0000 -0.9733
vn 0.3061 -0.0000 -0.9520
vn 0.3810 -0.0000 -0.9246
vn 0.4539 -0.0000 -0.8911
vn 0.5242 -0.0000 -0.8516
vn 0.5784 -0.0000 -0.8158
vn 0.6053 -0.0000 -0.7960
vn 0.6194 -0.0000 -0.7851
vn 0.6338 -0.0000 -0.7735
vn 0.6485 -0.0000 -0.7612
vn 0.6635 -0.0000 -0.7481
vn 0.6788 -0.0000 -0.7343
vn 0.6942 -0.0000 -0.7197
vn 0.7098 -0.0000 -0.7044
vn 0.7255 -0.0000 -0.6882
vn 0.7412 -0.0000 -0.6713
vn 0.7569 -0.0000 -0.6535
vn 0.7724 -0.0000 -0.6352
vn 0.7872 -0.0000 -0.6167
vn 0.8014 -0.0000 -0.5982
vn 0.8147 -0.0000 -0.5799
vn 0.8273 -0.0000 -0.5618
vn 0.8391 -0.0000 -0.5440
vn 0.8502 -0.0000 -0.5265
vn 0.8606 -0.0000 -0.5093
vn 0.8703 -0.0000 -0.4926
vn 0.8793 -0.0000 -0.4763
vn 0.8877 -0.0000 -0.4605
vn 0.8954 -0.0000 -0.4452
vn 0.9065 -0.0000 -0.4222
vn -0.9998 -0.0000 -0.0182
vn -0.9998 -0.0000 0.0190
vn -0.9984 -0.0000 0.0567
vn -0.9954 -0.0000 0.0953
vn -0.9909 -0.0000 0.1346
vn -0.9846 -0.0000 0.1746
vn -0.9766 -0.0000 0.2150
vn -0.9668 -0.0000 0.2556
vn -0.9551 -0.0000 0.2964
vn -0.9415 -0.0000 0.3371
vn -0.9260 -0.0000 0.3775
vn -0.8831 -0.0000 0.4692
vn -0.8428 -0.0000 0.5383
vn -0.8425 -0.0000 0.5387
vn -0.8424 -0.0000 0.5388
vn -0.8425 -0.0000 0.5388
vn -0.8423 -0.0000 0.5390
vn -0.7681 -0.0000 0.6403
vn -0.5110 -0.0000 0.8596
vn -0.1804 -0.0000 0.9836
vn 0.0482 -0.0000 0.9988
vn 0.1955 -0.0000 0.9807
vn 0.2957 -0.0000 0.9553
vn 0.3693 -0.0000 0.9293
vn 0.4287 -0.0000 0.9035
vn 0.4805 -0.0000 0.8770
vn 0.5298 -0.0000 0.8481
vn 0.5812 -0.0000 0.8137
vn 0.6394 -0.0000 0.7689
vn 0.6891 -0.0000 0.7247
vn 0.7089 -0.0000 0.7053
vn 0.7106 -0.0000 0.7035
vn 0.7002 -0.0000 0.7139
vn 0.6245 -0.0000 0.7810
vn 0.5542 -0.0000 0.8324
vn 0.5532 -0.0000 0.8330
vn 0.5531 -0.0000 0.8331
vn 0.5530 -0.0000 0.8332
vn 0.5529 -0.0000 0.8332
vn 0.5532 -0.0000 0.8331
vn 0.5527 -0.0000 0.8334
vn 0.2692 -0.0000 0.9631
vn -0.4449 -0.0000 0.8956
vn -0.8464 -0.0000 0.5326
vn -0.9287 -0.0000 0.3707
vn -0.9576 -0.0000 0.2881
vn -0.9722 -0.0000 0.2343
vn -0.9814 -0.0000 0.1919
vn -0.9883 -0.0000 0.1523
vn -0.9941 -0.0000 0.1088
vn -0.9986 -0.0000 0.0525
vn -0.9994 -0.0000 -0.0357
vn -0.9768 -0.0000 -0.2141
vn -0.8881 -0.0000 -0.4596
vn -0.8003 -0.0000 -0.5996
vn -0.7839 -0.0000 -0.6209
vn -0.7847 -0.0000 -0.6199
vn -0.9715 -0.0000 -0.2370
vn -0.9747 -0.0000 0.2237
vn -0.9569 -0.0000 0.2906
vn -0.9360 -0.0000 0.3521
vn -0.9130 -0.0000 0.4081
vn -0.8887 -0.0000 0.4585
vn -0.8640 -0.0000 0.5036
vn -0.8393 -0.0000 0.5436
vn -0.8153 -0.0000 0.5790
vn -0.7923 -0.0000 0.6102
vn -0.7704 -0.0000 0.6375
vn -0.7500 -0.0000 0.6614
vn -0.7366 -0.0000 0.6764
vn -0.7344 -0.0000 0.6787
vn -0.7358 -0.0000 0.6772
vn -0.7342 -0.0000 0.6790
vn -0.7294 -0.0000 0.6840
vn -0.7216 -0.0000 0.6923
vn -0.7106 -0.0000 0.7036
vn -0.6966 -0.0000 0.7174
vn -0.6797 -0.0000 0.7335
vn -0.6601 -0.0000 0.7512
vn -0.6380 -0.0000 0.7700
vn -0.6139 -0.0000 0.7894
vn 0.2030 -0.0000 0.9792
vn 0.8666 -0.0000 0.4989
vn 0.8638 -0.0000 0.5038
vn 0.8638 -0.0000 0.5037
vn 0.8383 -0.0000 0.5452
vn 0.7601 -0.0000 0.6498
vn 0.6574 -0.0000 0.7535
vn 0.5666 -0.0000 0.8240
vn 0.4866 -0.0000 0.8736
vn 0.4142 -0.0000 0.9102
vn 0.3458 -0.0000 0.9383
vn 0.2775 -0.0000 0.9607
vn 0.2050 -0.0000 0.9788
vn 0.1224 -0.0000 0.9925
vn 0.0213 -0.0000 0.9998
vn -0.1118 -0.0000 0.9937
vn -0.3218 -0.0000 0.9468
vn -0.5603 -0.0000 0.8283
vn -0.7239 -0.0000 0.6899
vn -0.8180 -0.0000 0.5753
vn -0.8762 -0.0000 0.4820
vn -0.9154 -0.0000 0.4026
vn -0.9439 -0.0000 0.3302
vn -0.9660 -0.0000 0.2586
vn -0.9833 -0.0000 0.1818
vn -0.9958 -0.0000 0.0921
vn -0.9998 -0.0000 -0.0216
vn -0.9843 -0.0000 -0.1763
vn -0.9466 -0.0000 -0.3224
vn -0.9163 -0.0000 -0.4006
vn -0.9084 -0.0000 -0.4181
vn -0.9104 -0.0000 -0.4137
vn -0.9992 -0.0000 0.0398
vn -0.8660 -0.0000 0.5000
vn -0.8483 -0.0000 0.5295
vn -0.8302 -0.0000 0.5574
vn -0.8123 -0.0000 0.5833
vn -0.7948 -0.0000 0.6068
vn -0.7782 -0.0000 0.6280
vn -0.7629 -0.0000 0.6465
vn -0.7491 -0.0000 0.6625
vn -0.7371 -0.0000 0.6758
vn -0.7271 -0.0000 0.6865
vn -0.7192 -0.0000 0.6948
vn -0.6927 -0.0000 0.7212
vn -0.6680 -0.0000 0.7442
vn -0.6650 -0.0000 0.7468
vn -0.6592 -0.0000 0.7520
vn -0.6504 -0.0000 0.7596
vn -0.6385 -0.0000 0.7696
vn -0.6235 -0.0000 0.7818
vn -0.6052 -0.0000 0.7961
vn -0.5835 -0.0000 0.8121
vn -0.5583 -0.0000 0.8296
vn -0.5295 -0.0000 0.8483
vn -0.4972 -0.0000 0.8676
vn -0.4709 -0.0000 0.8822
vn 0.3963 -0.0000 0.9181
vn 0.9622 -0.0000 0.2723
vn 0.8974 -0.0000 0.4411
vn 0.7940 -0.0000 0.6079
vn 0.7734 -0.0000 0.6340
vn 0.7485 -0.0000 0.6632
vn 0.7177 -0.0000 0.6963
vn 0.6783 -0.0000 0.7348
vn 0.6263 -0.0000 0.7796
vn 0.5555 -0.0000 0.8315
vn 0.4560 -0.0000 0.8900
vn 0.3141 -0.0000 0.9494
vn 0.1150 -0.0000 0.9934
vn -0.1421 -0.0000 0.9899
vn -0.4192 -0.0000 0.9079
vn -0.6300 -0.0000 0.7766
vn -0.7501 -0.0000 0.6613
vn -0.8200 -0.0000 0.5723
vn -0.8657 -0.0000 0.5005
vn -0.8989 -0.0000 0.4382
vn -0.9250 -0.0000 0.3800
vn -0.9470 -0.0000 0.3211
vn -0.9663 -0.0000 0.2573
vn -0.9831 -0.0000 0.1830
vn -0.9959 -0.0000 0.0908
vn -0.9995 -0.0000 -0.0302
vn -0.9898 -0.0000 -0.1424
vn -0.9827 -0.0000 -0.1852
vn -0.9289 -0.0000 0.3704
vn -0.5423 -0.0000 0.8402
vn -0.4556 -0.0000 0.8902
vn -0.3738 -0.0000 0.9275
vn -0.2987 -0.0000 0.9543
vn -0.2309 -0.0000 0.9730
vn -0.1706 -0.0000 0.9853
vn -0.1172 -0.0000 0.9931
vn -0.0704 -0.0000 0.9975
vn -0.0293 -0.0000 0.9996
vn 0.0064 -0.0000 1.0000
vn 0.0375 -0.0000 0.9993
vn 0.7132 -0.0000 0.7010
vn 0.9991 -0.0000 0.0423
vn 0.9988 -0.0000 0.0499
vn 0.9988 -0.0000 0.0498
vn 0.9379 -0.0000 0.3469
vn 0.7859 -0.0000 0.6184
vn 0.7744 -0.0000 0.6328
vn 0.7592 -0.0000 0.6508
vn 0.7395 -0.0000 0.6731
vn 0.7138 -0.0000 0.7004
vn 0.6801 -0.0000 0.7331
vn 0.6356 -0.0000 0.7720
vn 0.5757 -0.0000 0.8176
vn 0.4947 -0.0000 0.8691
vn 0.3846 -0.0000 0.9231
vn 0.2372 -0.0000 0.9715
vn -0.0115 -0.0000 0.9999
vn -0.3450 -0.0000 0.9386
vn -0.5946 -0.0000 0.8040
vn -0.7275 -0.0000 0.6861
vn -0.8032 -0.0000 0.5957
vn -0.8512 -0.0000 0.5249
vn -0.8848 -0.0000 0.4661
vn -0.9106 -0.0000 0.4132
vn -0.9323 -0.0000 0.3617
vn -0.9518 -0.0000 0.3067
vn -0.9703 -0.0000 0.2420
vn -0.9876 -0.0000 0.1572
vn -0.9971 -0.0000 0.0756
vn -0.9991 -0.0000 0.0433
vn -0.7235 -0.0000 0.6903
vn -0.0663 -0.0000 0.9978
vn -0.0170 -0.0000 0.9999
vn 0.0356 -0.0000 0.9994
vn 0.0915 -0.0000 0.9958
vn 0.1506 -0.0000 0.9886
vn 0.2123 -0.0000 0.9772
vn 0.2762 -0.0000 0.9611
vn 0.3415 -0.0000 0.9399
vn 0.4074 -0.0000 0.9133
vn 0.4727 -0.0000 0.8812
vn 0.5364 -0.0000 0.8439
vn 0.9269 -0.0000 0.3754
vn 0.9808 -0.0000 -0.1949
vn 0.9812 -0.0000 -0.1932
vn 0.9995 -0.0000 0.0320
vn 0.9528 -0.0000 0.3037
vn 0.9431 -0.0000 0.3326
vn 0.9319 -0.0000 0.3627
vn 0.9179 -0.0000 0.3969
vn 0.8987 -0.0000 0.4385
vn 0.8703 -0.0000 0.4925
vn 0.8238 -0.0000 0.5669
vn 0.7383 -0.0000 0.6745
vn 0.5608 -0.0000 0.8280
vn 0.1901 -0.0000 0.9818
vn -0.2067 -0.0000 0.9784
vn -0.7234 -0.0000 0.6904
vn -0.9573 -0.0000 0.2891
vn -0.9613 -0.0000 0.2756
vn -0.9614 -0.0000 0.2753
vn -0.9613 -0.0000 0.2753
vn -0.5055 -0.0000 0.8628
vn 0.2454 -0.0000 0.9694
vn 0.2758 -0.0000 0.9612
vn 0.3044 -0.0000 0.9526
vn 0.3306 -0.0000 0.9438
vn 0.3540 -0.0000 0.9353
vn 0.3740 -0.0000 0.9274
vn 0.3906 -0.0000 0.9206
vn 0.4033 -0.0000 0.9151
vn 0.4122 -0.0000 0.9111
vn 0.4172 -0.0000 0.9088
vn 0.4184 -0.0000 0.9083
vn 0.4283 -0.0000 0.9037
vn 0.4601 -0.0000 0.8879
vn 0.5026 -0.0000 0.8645
vn 0.5436 -0.0000 0.8393
vn 0.5833 -0.0000 0.8123
vn 0.6214 -0.0000 0.7835
vn 0.6579 -0.0000 0.7531
vn 0.6929 -0.0000 0.7211
vn 0.7261 -0.0000 0.6875
vn 0.7577 -0.0000 0.6526
vn 0.7875 -0.0000 0.6163
vn 0.8156 -0.0000 0.5786
vn 0.9973 -0.0000 0.0732
vn 0.9094 -0.0000 -0.4160
vn 0.9167 -0.0000 -0.3995
vn 0.9392 -0.0000 -0.3435
vn 0.9792 -0.0000 -0.2029
vn 0.9981 -0.0000 -0.0610
vn 0.9993 -0.0000 0.0380
vn 0.9936 -0.0000 0.1127
vn 0.9848 -0.0000 0.1738
vn 0.9736 -0.0000 0.2282
vn 0.9598 -0.0000 0.2808
vn 0.9417 -0.0000 0.3365
vn 0.9161 -0.0000 0.4009
vn 0.8760 -0.0000 0.4823
vn 0.8038 -0.0000 0.5949
vn 0.2068 -0.0000 0.9784
vn -0.4418 -0.0000 0.8971
vn -0.4802 -0.0000 0.8772
vn -0.5170 -0.0000 0.8560
vn -0.5529 -0.0000 0.8333
vn -0.5885 -0.0000 0.8085
vn -0.6243 -0.0000 0.7812
vn -0.6608 -0.0000 0.7506
vn -0.6982 -0.0000 0.7159
vn -0.7367 -0.0000 0.6762
vn -0.7766 -0.0000 0.6301
vn -0.8174 -0.0000 0.5761
vn -0.8477 -0.0000 0.5305
vn -0.8604 -0.0000 0.5097
vn -0.8631 -0.0000 0.5051
vn -0.1234 -0.0000 0.9924
vn 0.7261 -0.0000 0.6876
vn 0.7521 -0.0000 0.6590
vn 0.7791 -0.0000 0.6270
vn 0.8068 -0.0000 0.5908
vn 0.8354 -0.0000 0.5497
vn 0.8645 -0.0000 0.5027
vn 0.8935 -0.0000 0.4490
vn 0.9219 -0.0000 0.3875
vn 0.9483 -0.0000 0.3173
vn 0.9713 -0.0000 0.2377
vn 0.9889 -0.0000 0.1486
vn 0.9578 -0.0000 -0.2874
vn 0.7812 -0.0000 -0.6243
vn 0.7877 -0.0000 -0.6161
vn 0.7876 -0.0000 -0.6161
vn 0.9964 -0.0000 -0.0850
vn 0.8774 -0.0000 0.4797
vn 0.8695 -0.0000 0.4939
vn 0.8581 -0.0000 0.5134
vn 0.8422 -0.0000 0.5392
vn 0.8200 -0.0000 0.5724
vn 0.7887 -0.0000 0.6148
vn 0.7437 -0.0000 0.6685
vn 0.6775 -0.0000 0.7355
vn 0.5783 -0.0000 0.8158
vn 0.4299 -0.0000 0.9029
vn 0.2174 -0.0000 0.9761
vn 0.0211 -0.0000 0.9998
vn -0.3940 -0.0000 0.9191
vn -0.7002 -0.0000 0.7139
vn -0.7127 -0.0000 0.7015
vn -0.7124 -0.0000 0.7018
vn -0.6994 -0.0000 0.7147
vn -0.6873 -0.0000 0.7264
vn -0.6870 -0.0000 0.7266
vn -0.6871 -0.0000 0.7266
vn 0.2353 -0.0000 0.9719
vn 0.9492 -0.0000 0.3148
vn 0.9604 -0.0000 0.2786
vn 0.9710 -0.0000 0.2392
vn 0.9804 -0.0000 0.1969
vn 0.9883 -0.0000 0.1525
vn 0.9943 -0.0000 0.1065
vn 0.9982 -0.0000 0.0598
vn 0.9999 -0.0000 0.0134
vn 0.9995 -0.0000 -0.0320
vn 0.9971 -0.0000 -0.0755
vn 0.9932 -0.0000 -0.1165
vn 0.9838 -0.0000 -0.1793
vn 0.9714 -0.0000 -0.2375
vn 0.9621 -0.0000 -0.2727
vn 0.9487 -0.0000 -0.3161
vn 0.9301 -0.0000 -0.3673
vn 0.9049 -0.0000 -0.4255
vn 0.8722 -0.0000 -0.4891
vn 0.8313 -0.0000 -0.5558
vn 0.7825 -0.0000 -0.6226
vn 0.7270 -0.0000 -0.6866
vn 0.6668 -0.0000 -0.7452
vn 0.6044 -0.0000 -0.7967
vn 0.5893 -0.0000 -0.8079
vn 0.6057 -0.0000 -0.7957
vn 0.8691 -0.0000 -0.4945
vn 0.9934 -0.0000 -0.1143
vn 0.6655 -0.0000 -0.7464
vn -0.0000 -0.0000 -1.0000
vn 0.4142 -0.0000 -0.9102
vn 0.7527 -0.0000 -0.6584
vn 0.7491 -0.0000 -0.6625
vn 0.7437 -0.0000 -0.6685
vn 0.7365 -0.0000 -0.6765
vn 0.7273 -0.0000 -0.6863
vn 0.7161 -0.0000 -0.6980
vn 0.7029 -0.0000 -0.7113
vn 0.6877 -0.0000 -0.7260
vn 0.6706 -0.0000 -0.7418
vn 0.6517 -0.0000 -0.7585
vn 0.6312 -0.0000 -0.7757
vn 0.5921 -0.0000 -0.8059
vn 0.5143 -0.0000 -0.8576
vn 0.4119 -0.0000 -0.9112
vn 0.3036 -0.0000 -0.9528
vn 0.1912 -0.0000 -0.9816
vn 0.0762 -0.0000 -0.9971
vn -0.0399 -0.0000 -0.9992
vn -0.1556 -0.0000 -0.9878
vn -0.2694 -0.0000 -0.9630
vn -0.3798 -0.0000 -0.9251
vn -0.4850 -0.0000 -0.8745
vn -0.5836 -0.0000 -0.8121
vn -0.6520 -0.0000 -0.7582
vn -0.3653 -0.0000 -0.9309
vn -0.0178 -0.0000 -0.9998
vn -0.6799 -0.0000 -0.7333
vn -0.8677 -0.0000 -0.4970
vn -0.5914 -0.0000 -0.8064
vn -0.8268 -0.0000 -0.5626
vn -0.9706 -0.0000 -0.2409
vn -0.9767 -0.0000 -0.2148
vn -0.9818 -0.0000 -0.1897
vn -0.9862 -0.0000 -0.1658
vn -0.9897 -0.0000 -0.1434
vn -0.9925 -0.0000 -0.1226
vn -0.9946 -0.0000 -0.1037
vn -0.9962 -0.0000 -0.0867
vn -0.9974 -0.0000 -0.0717
vn -0.9983 -0.0000 -0.0589
vn -0.9988 -0.0000 -0.0483
vn -0.9992 -0.0000 -0.0402
vn -0.0002 1.0000 -0.0000
vn 0.0003 1.0000 -0.0000
vn -0.0002 -1.0000 -0.0000
vn 0.0003 -1.0000 -0.0000
vn 0.9992 -0.0000 0.0402
vn 0.9988 -0.0000 0.0483
vn 0.9983 -0.0000 0.0589
vn 0.9974 -0.0000 0.0717
vn 0.9962 -0.0000 0.0867
vn 0.9946 -0.0000 0.1037
vn 0.9925 -0.0000 0.1226
vn 0.9897 -0.0000 0.1434
vn 0.9862 -0.0000 0.1658
vn 0.9818 -0.0000 0.1897
vn 0.9767 -0.0000 0.2148
vn 0.9706 -0.0000 0.2409
vn 0.8268 -0.0000 0.5626
vn 0.5914 -0.0000 0.8064
vn 0.8677 -0.0000 0.4970
vn 0.6799 -0.0000 0.7333
vn 0.0178 -0.0000 0.9998
vn 0.3653 -0.0000 0.9309
vn 0.6520 -0.0000 0.7582
vn 0.5836 -0.0000 0.8121
vn 0.4850 -0.0000 0.8745
vn 0.3798 -0.0000 0.9251
vn 0.2694 -0.0000 0.9630
vn 0.1556 -0.0000 0.9878
vn 0.0399 -0.0000 0.9992
vn -0.0762 -0.0000 0.9971
vn -0.1912 -0.0000 0.9816
vn -0.3036 -0.0000 0.9528
vn -0.4119 -0.0000 0.9112
vn -0.5143 -0.0000 0.8576
vn -0.5921 -0.0000 0.8059
vn -0.6312 -0.0000 0.7757
vn -0.6517 -0.0000 0.7585
vn -0.6706 -0.0000 0.7418
vn -0.6877 -0.0000 0.7260
vn -0.7029 -0.0000 0.7113
vn -0.7161 -0.0000 0.6980
vn -0.7273 -0.0000 0.6864
vn -0.7365 -0.0000 0.6765
vn -0.7437 -0.0000 0.6685
vn -0.7527 -0.0000 0.6584
vn -0.4142 -0.0000 0.9102
vn -0.0000 -0.0000 1.0000
vn -0.6655 -0.0000 0.7464
vn -0.9934 -0.0000 0.1143
vn -0.8691 -0.0000 0.4945
vn -0.6057 -0.0000 0.7957
vn -0.5893 -0.0000 0.8079
vn -0.6044 -0.0000 0.7966
vn -0.6668 -0.0000 0.7452
vn -0.7270 -0.0000 0.6866
vn -0.7825 -0.0000 0.6226
vn -0.8313 -0.0000 0.5558
vn -0.8722 -0.0000 0.4892
vn -0.9050 -0.0000 0.4255
vn -0.9301 -0.0000 0.3673
vn -0.9487 -0.0000 0.3161
vn -0.9621 -0.0000 0.2727
vn -0.9714 -0.0000 0.2375
vn -0.9838 -0.0000 0.1793
vn -0.9932 -0.0000 0.1165
vn -0.9971 -0.0000 0.0755
vn -0.9995 -0.0000 0.0320
vn -0.9999 -0.0000 -0.0134
vn -0.9982 -0.0000 -0.0598
vn -0.9943 -0.0000 -0.1065
vn -0.9883 -0.0000 -0.1525
vn -0.9804 -0.0000 -0.1969
vn -0.9710 -0.0000 -0.2392
vn -0.9604 -0.0000 -0.2786
vn -0.9492 -0.0000 -0.3148
vn -0.2352 -0.0000 -0.9719
vn 0.6871 -0.0000 -0.7266
vn 0.6870 -0.0000 -0.7266
vn 0.6872 -0.0000 -0.7264
vn 0.6994 -0.0000 -0.7147
vn 0.7124 -0.0000 -0.7018
vn 0.7127 -0.0000 -0.7015
vn 0.7002 -0.0000 -0.7139
vn 0.3940 -0.0000 -0.9191
vn -0.0211 -0.0000 -0.9998
vn -0.2174 -0.0000 -0.9761
vn -0.4299 -0.0000 -0.9029
vn -0.5784 -0.0000 -0.8158
vn -0.6775 -0.0000 -0.7355
vn -0.7437 -0.0000 -0.6685
vn -0.7887 -0.0000 -0.6148
vn -0.8200 -0.0000 -0.5724
vn -0.8422 -0.0000 -0.5392
vn -0.8581 -0.0000 -0.5134
vn -0.8695 -0.0000 -0.4939
vn -0.8775 -0.0000 -0.4796
vn -0.9964 -0.0000 0.0851
vn -0.7876 -0.0000 0.6161
vn -0.7877 -0.0000 0.6161
vn -0.7812 -0.0000 0.6243
vn -0.9578 -0.0000 0.2874
vn -0.9889 -0.0000 -0.1486
vn -0.9713 -0.0000 -0.2377
vn -0.9483 -0.0000 -0.3173
vn -0.9219 -0.0000 -0.3875
vn -0.8935 -0.0000 -0.4490
vn -0.8645 -0.0000 -0.5027
vn -0.8354 -0.0000 -0.5497
vn -0.8068 -0.0000 -0.5908
vn -0.7791 -0.0000 -0.6270
vn -0.7521 -0.0000 -0.6590
vn -0.7261 -0.0000 -0.6876
vn 0.1234 -0.0000 -0.9924
vn 0.8631 -0.0000 -0.5051
vn 0.8604 -0.0000 -0.5097
vn 0.8477 -0.0000 -0.5305
vn 0.8174 -0.0000 -0.5761
vn 0.7765 -0.0000 -0.6301
vn 0.7367 -0.0000 -0.6762
vn 0.6982 -0.0000 -0.7159
vn 0.6608 -0.0000 -0.7506
vn 0.6243 -0.0000 -0.7812
vn 0.5885 -0.0000 -0.8085
vn 0.5529 -0.0000 -0.8333
vn 0.5170 -0.0000 -0.8560
vn 0.4802 -0.0000 -0.8772
vn 0.4418 -0.0000 -0.8971
vn -0.2068 -0.0000 -0.9784
vn -0.8038 -0.0000 -0.5949
vn -0.8760 -0.0000 -0.4823
vn -0.9162 -0.0000 -0.4008
vn -0.9417 -0.0000 -0.3365
vn -0.9598 -0.0000 -0.2808
vn -0.9736 -0.0000 -0.2282
vn -0.9848 -0.0000 -0.1738
vn -0.9936 -0.0000 -0.1127
vn -0.9993 -0.0000 -0.0380
vn -0.9981 -0.0000 0.0610
vn -0.9792 -0.0000 0.2029
vn -0.9392 -0.0000 0.3435
vn -0.9167 -0.0000 0.3995
vn -0.9093 -0.0000 0.4161
vn -0.9973 -0.0000 -0.0732
vn -0.8156 -0.0000 -0.5786
vn -0.7875 -0.0000 -0.6163
vn -0.7577 -0.0000 -0.6526
vn -0.7261 -0.0000 -0.6875
vn -0.6929 -0.0000 -0.7211
vn -0.6579 -0.0000 -0.7531
vn -0.6214 -0.0000 -0.7835
vn -0.5833 -0.0000 -0.8123
vn -0.5436 -0.0000 -0.8393
vn -0.5026 -0.0000 -0.8645
vn -0.4601 -0.0000 -0.8879
vn -0.4283 -0.0000 -0.9037
vn -0.4184 -0.0000 -0.9083
vn -0.4172 -0.0000 -0.9088
vn -0.4122 -0.0000 -0.9111
vn -0.4033 -0.0000 -0.9151
vn -0.3906 -0.0000 -0.9206
vn -0.3740 -0.0000 -0.9274
vn -0.3540 -0.0000 -0.9353
vn -0.3306 -0.0000 -0.9438
vn -0.3044 -0.0000 -0.9526
vn -0.2758 -0.0000 -0.9612
vn -0.2454 -0.0000 -0.9694
vn 0.5055 -0.0000 -0.8628
vn 0.9613 -0.0000 -0.2753
vn 0.9613 -0.0000 -0.2756
vn 0.9573 -0.0000 -0.2891
vn 0.7234 -0.0000 -0.6904
vn 0.2067 -0.0000 -0.9784
vn -0.1901 -0.0000 -0.9818
vn -0.5608 -0.0000 -0.8279
vn -0.7383 -0.0000 -0.6745
vn -0.8237 -0.0000 -0.5670
vn -0.8703 -0.0000 -0.4926
vn -0.8988 -0.0000 -0.4384
vn -0.9179 -0.0000 -0.3968
vn -0.9319 -0.0000 -0.3627
vn -0.9431 -0.0000 -0.3326
vn -0.9528 -0.0000 -0.3037
vn -0.9622 -0.0000 -0.2723
vn -0.9995 -0.0000 -0.0319
vn -0.9812 -0.0000 0.1932
vn -0.9808 -0.0000 0.1949
vn -0.9269 -0.0000 -0.3754
vn -0.5364 -0.0000 -0.8439
vn -0.4727 -0.0000 -0.8812
vn -0.4074 -0.0000 -0.9133
vn -0.3415 -0.0000 -0.9399
vn -0.2762 -0.0000 -0.9611
vn -0.2123 -0.0000 -0.9772
vn -0.1506 -0.0000 -0.9886
vn -0.0915 -0.0000 -0.9958
vn -0.0356 -0.0000 -0.9994
vn 0.0170 -0.0000 -0.9999
vn 0.0663 -0.0000 -0.9978
vn 0.7235 -0.0000 -0.6903
vn 0.9991 -0.0000 -0.0433
vn 0.9971 -0.0000 -0.0756
vn 0.9876 -0.0000 -0.1572
vn 0.9703 -0.0000 -0.2420
vn 0.9518 -0.0000 -0.3067
vn 0.9323 -0.0000 -0.3617
vn 0.9107 -0.0000 -0.4131
vn 0.8848 -0.0000 -0.4661
vn 0.8511 -0.0000 -0.5250
vn 0.8032 -0.0000 -0.5957
vn 0.7275 -0.0000 -0.6861
vn 0.5946 -0.0000 -0.8040
vn 0.3450 -0.0000 -0.9386
vn 0.0115 -0.0000 -0.9999
vn -0.2372 -0.0000 -0.9715
vn -0.3846 -0.0000 -0.9231
vn -0.4947 -0.0000 -0.8691
vn -0.5757 -0.0000 -0.8176
vn -0.6356 -0.0000 -0.7720
vn -0.6801 -0.0000 -0.7331
vn -0.7138 -0.0000 -0.7004
vn -0.7396 -0.0000 -0.6731
vn -0.7592 -0.0000 -0.6508
vn -0.7743 -0.0000 -0.6328
vn -0.7859 -0.0000 -0.6184
vn -0.9379 -0.0000 -0.3469
vn -0.9991 -0.0000 -0.0422
vn -0.7132 -0.0000 -0.7010
vn -0.0375 -0.0000 -0.9993
vn -0.0064 -0.0000 -1.0000
vn 0.0293 -0.0000 -0.9996
vn 0.0704 -0.0000 -0.9975
vn 0.1172 -0.0000 -0.9931
vn 0.1706 -0.0000 -0.9853
vn 0.2309 -0.0000 -0.9730
vn 0.2987 -0.0000 -0.9543
vn 0.3738 -0.0000 -0.9275
vn 0.4556 -0.0000 -0.8902
vn 0.5423 -0.0000 -0.8402
vn 0.9289 -0.0000 -0.3704
vn 0.9827 -0.0000 0.1852
vn 0.9898 -0.0000 0.1424
vn 0.9995 -0.0000 0.0302
vn 0.9959 -0.0000 -0.0908
vn 0.9831 -0.0000 -0.1830
vn 0.9663 -0.0000 -0.2573
vn 0.9470 -0.0000 -0.3212
vn 0.9250 -0.0000 -0.3800
vn 0.8989 -0.0000 -0.4382
vn 0.8657 -0.0000 -0.5005
vn 0.8200 -0.0000 -0.5724
vn 0.7501 -0.0000 -0.6613
vn 0.6301 -0.0000 -0.7765
vn 0.4192 -0.0000 -0.9079
vn 0.1421 -0.0000 -0.9899
vn -0.1150 -0.0000 -0.9934
vn -0.3141 -0.0000 -0.9494
vn -0.4560 -0.0000 -0.8900
vn -0.5555 -0.0000 -0.8315
vn -0.6263 -0.0000 -0.7796
vn -0.6783 -0.0000 -0.7348
vn -0.7177 -0.0000 -0.6963
vn -0.7485 -0.0000 -0.6632
vn -0.7734 -0.0000 -0.6340
vn -0.7940 -0.0000 -0.6079
vn -0.8974 -0.0000 -0.4411
vn -0.3963 -0.0000 -0.9181
vn 0.4709 -0.0000 -0.8822
vn 0.4972 -0.0000 -0.8676
vn 0.5295 -0.0000 -0.8483
vn 0.5583 -0.0000 -0.8296
vn 0.5835 -0.0000 -0.8121
vn 0.6052 -0.0000 -0.7961
vn 0.6235 -0.0000 -0.7818
vn 0.6385 -0.0000 -0.7696
vn 0.6504 -0.0000 -0.7596
vn 0.6592 -0.0000 -0.7520
vn 0.6650 -0.0000 -0.7468
vn 0.6680 -0.0000 -0.7442
vn 0.6927 -0.0000 -0.7212
vn 0.7192 -0.0000 -0.6948
vn 0.7271 -0.0000 -0.6865
vn 0.7371 -0.0000 -0.6758
vn 0.7629 -0.0000 -0.6465
vn 0.7782 -0.0000 -0.6280
vn 0.7948 -0.0000 -0.6068
vn 0.8123 -0.0000 -0.5833
vn 0.8302 -0.0000 -0.5574
vn 0.8483 -0.0000 -0.5295
vn 0.8660 -0.0000 -0.5000
vn 0.9992 -0.0000 -0.0397
vn 0.9104 -0.0000 0.4137
vn 0.9084 -0.0000 0.4181
vn 0.9163 -0.0000 0.4006
vn 0.9466 -0.0000 0.3223
vn 0.9843 -0.0000 0.1763
vn 0.9998 -0.0000 0.0216
vn 0.9957 -0.0000 -0.0921
vn 0.9833 -0.0000 -0.1818
vn 0.9660 -0.0000 -0.2586
vn 0.9439 -0.0000 -0.3302
vn 0.9154 -0.0000 -0.4026
vn 0.8762 -0.0000 -0.4820
vn 0.8180 -0.0000 -0.5753
vn 0.7239 -0.0000 -0.6899
vn 0.5603 -0.0000 -0.8283
vn 0.3218 -0.0000 -0.9468
vn 0.1118 -0.0000 -0.9937
vn -0.0213 -0.0000 -0.9998
vn -0.1224 -0.0000 -0.9925
vn -0.2050 -0.0000 -0.9788
vn -0.2775 -0.0000 -0.9607
vn -0.3458 -0.0000 -0.9383
vn -0.4142 -0.0000 -0.9102
vn -0.4866 -0.0000 -0.8736
vn -0.5666 -0.0000 -0.8240
vn -0.6574 -0.0000 -0.7536
vn -0.7601 -0.0000 -0.6498
vn -0.8384 -0.0000 -0.5451
vn -0.8638 -0.0000 -0.5038
vn -0.8639 -0.0000 -0.5037
vn -0.8666 -0.0000 -0.4989
vn -0.2030 -0.0000 -0.9792
vn 0.6139 -0.0000 -0.7894
vn 0.6380 -0.0000 -0.7700
vn 0.6601 -0.0000 -0.7512
vn 0.6797 -0.0000 -0.7335
vn 0.6966 -0.0000 -0.7174
vn 0.7106 -0.0000 -0.7036
vn 0.7216 -0.0000 -0.6923
vn 0.7294 -0.0000 -0.6840
vn 0.7342 -0.0000 -0.6790
vn 0.7358 -0.0000 -0.6772
vn 0.7344 -0.0000 -0.6787
vn 0.7365 -0.0000 -0.6764
vn 0.7500 -0.0000 -0.6614
vn 0.7704 -0.0000 -0.6375
vn 0.7923 -0.0000 -0.6102
vn 0.8153 -0.0000 -0.5790
vn 0.8393 -0.0000 -0.5436
vn 0.8640 -0.0000 -0.5036
vn 0.8887 -0.0000 -0.4585
vn 0.9130 -0.0000 -0.4081
vn 0.9360 -0.0000 -0.3521
vn 0.9569 -0.0000 -0.2906
vn 0.9747 -0.0000 -0.2237
vn 0.9715 -0.0000 0.2370
vn 0.7847 -0.0000 0.6199
vn 0.7839 -0.0000 0.6209
vn 0.8003 -0.0000 0.5996
vn 0.8882 -0.0000 0.4594
vn 0.9769 -0.0000 0.2139
vn 0.9994 -0.0000 0.0357
vn 0.9986 -0.0000 -0.0525
vn 0.9941 -0.0000 -0.1088
vn 0.9883 -0.0000 -0.1523
vn 0.9814 -0.0000 -0.1919
vn 0.9722 -0.0000 -0.2343
vn 0.9576 -0.0000 -0.2880
vn 0.9287 -0.0000 -0.3708
vn 0.8463 -0.0000 -0.5328
vn 0.4449 -0.0000 -0.8956
vn -0.2686 -0.0000 -0.9632
vn -0.5524 -0.0000 -0.8336
vn -0.5532 -0.0000 -0.8330
vn -0.5530 -0.0000 -0.8332
vn -0.5531 -0.0000 -0.8331
vn -0.5529 -0.0000 -0.8332
vn -0.5529 -0.0000 -0.8333
vn -0.5532 -0.0000 -0.8331
vn -0.5545 -0.0000 -0.8322
vn -0.6248 -0.0000 -0.7808
vn -0.7002 -0.0000 -0.7139
vn -0.7106 -0.0000 -0.7035
vn -0.7089 -0.0000 -0.7053
vn -0.6891 -0.0000 -0.7247
vn -0.6394 -0.0000 -0.7689
vn -0.5812 -0.0000 -0.8138
vn -0.5298 -0.0000 -0.8481
vn -0.4806 -0.0000 -0.8770
vn -0.4286 -0.0000 -0.9035
vn -0.3693 -0.0000 -0.9293
vn -0.2957 -0.0000 -0.9553
vn -0.1955 -0.0000 -0.9807
vn -0.0482 -0.0000 -0.9988
vn 0.1804 -0.0000 -0.9836
vn 0.5109 -0.0000 -0.8596
vn 0.7681 -0.0000 -0.6404
vn 0.8423 -0.0000 -0.5390
vn 0.8424 -0.0000 -0.5389
vn 0.8425 -0.0000 -0.5388
vn 0.8425 -0.0000 -0.5387
vn 0.8424 -0.0000 -0.5388
vn 0.8428 -0.0000 -0.5382
vn 0.8831 -0.0000 -0.4692
vn 0.9260 -0.0000 -0.3775
vn 0.9415 -0.0000 -0.3371
vn 0.9551 -0.0000 -0.2964
vn 0.9668 -0.0000 -0.2556
vn 0.9766 -0.0000 -0.2150
vn 0.9846 -0.0000 -0.1745
vn 0.9909 -0.0000 -0.1346
vn 0.9954 -0.0000 -0.0953
vn 0.9984 -0.0000 -0.0567
vn 0.9998 -0.0000 -0.0190
vn 0.9998 -0.0000 0.0182
vn 0.0005 -1.0000 -0.0000
vn -0.0005 1.0000 -0.0000
vn 0.0005 1.0000 -0.0000
vn -0.0005 -1.0000 -0.0000
vn 0.9932 -0.0000 -0.1161
vn 0.9485 -0.0000 -0.3169
vn 0.9488 -0.0000 -0.3160
vn 0.9474 -0.0000 -0.3201
vn 0.9472 -0.0000 -0.3205
vn 0.9503 -0.0000 -0.3114
vn 0.9966 -0.0000 -0.0822
vn 0.9814 -0.0000 0.1919
vn 0.9577 -0.0000 0.2879
vn 0.9199 -0.0000 0.3922
vn 0.8652 -0.0000 0.5014
vn 0.7920 -0.0000 0.6105
vn 0.7012 -0.0000 0.7130
vn 0.5965 -0.0000 0.8026
vn 0.4839 -0.0000 0.8751
vn 0.3702 -0.0000 0.9289
vn 0.2610 -0.0000 0.9653
vn 0.1602 -0.0000 0.9871
vn 0.0877 -0.0000 0.9961
vn 0.0583 -0.0000 0.9983
vn 0.0486 -0.0000 0.9988
vn 0.0392 -0.0000 0.9992
vn 0.0300 -0.0000 0.9996
vn 0.0210 -0.0000 0.9998
vn 0.0123 -0.0000 0.9999
vn 0.0039 -0.0000 1.0000
vn -0.0042 -0.0000 1.0000
vn -0.0120 -0.0000 0.9999
vn -0.0195 -0.0000 0.9998
vn -0.0267 -0.0000 0.9996
vn -0.0683 -0.0000 0.9977
vn -0.1064 -0.0000 0.9943
vn -0.1065 -0.0000 0.9943
vn -0.1514 -0.0000 0.9885
vn -0.2839 -0.0000 0.9588
vn -0.4482 -0.0000 0.8939
vn -0.5899 -0.0000 0.8075
vn -0.7058 -0.0000 0.7084
vn -0.7970 -0.0000 0.6040
vn -0.8668 -0.0000 0.4987
vn -0.9189 -0.0000 0.3945
vn -0.9566 -0.0000 0.2915
vn -0.9819 -0.0000 0.1892
vn -0.9963 -0.0000 0.0864
vn -0.6815 -0.0000 -0.7318
vn 0.0002 -0.0000 -1.0000
vn 0.6558 -0.0000 -0.7549
vn 0.9842 -0.0000 -0.1772
vn 0.9581 -0.0000 -0.2866
vn 0.9058 -0.0000 -0.4237
vn 0.8375 -0.0000 -0.5465
vn 0.7578 -0.0000 -0.6525
vn 0.6707 -0.0000 -0.7417
vn 0.5793 -0.0000 -0.8151
vn 0.4854 -0.0000 -0.8743
vn 0.3896 -0.0000 -0.9210
vn 0.2921 -0.0000 -0.9564
vn 0.1923 -0.0000 -0.9813
vn 0.0899 -0.0000 -0.9959
vn 0.0116 -0.0000 -0.9999
vn -0.0146 -0.0000 -0.9999
vn -0.0591 -0.0000 -0.9983
vn -0.1885 -0.0000 -0.9821
vn -0.3470 -0.0000 -0.9379
vn -0.4823 -0.0000 -0.8760
vn -0.5936 -0.0000 -0.8048
vn -0.6835 -0.0000 -0.7299
vn -0.7561 -0.0000 -0.6545
vn -0.8150 -0.0000 -0.5794
vn -0.8635 -0.0000 -0.5043
vn -0.9039 -0.0000 -0.4278
vn -0.9376 -0.0000 -0.3478
vn -0.9653 -0.0000 -0.2613
vn -0.9828 -0.0000 -0.1846
vn -0.9903 -0.0000 -0.1392
vn -0.9938 -0.0000 -0.1109
vn -0.9966 -0.0000 -0.0823
vn -0.9986 -0.0000 -0.0533
vn -0.9997 -0.0000 -0.0240
vn -1.0000 -0.0000 0.0056
vn -0.9994 -0.0000 0.0354
vn -0.9979 -0.0000 0.0655
vn -0.9954 -0.0000 0.0957
vn -0.9920 -0.0000 0.1261
vn -0.9877 -0.0000 0.1567
vn -0.9778 -0.0000 0.2095
vn -0.9517 -0.0000 0.3071
vn -0.9057 -0.0000 0.4240
vn -0.8456 -0.0000 0.5338
vn -0.7737 -0.0000 0.6336
vn -0.6926 -0.0000 0.7213
vn -0.6051 -0.0000 0.7962
vn -0.5135 -0.0000 0.8581
vn -0.4198 -0.0000 0.9076
vn -0.3253 -0.0000 0.9456
vn -0.2308 -0.0000 0.9730
vn -0.1369 -0.0000 0.9906
vn -0.0665 -0.0000 0.9978
vn -0.0430 -0.0000 0.9991
vn -0.0431 -0.0000 0.9991
vn -0.0580 -0.0000 0.9983
vn -0.1017 -0.0000 0.9948
vn -0.1588 -0.0000 0.9873
vn -0.2145 -0.0000 0.9767
vn -0.2687 -0.0000 0.9632
vn -0.3215 -0.0000 0.9469
vn -0.3729 -0.0000 0.9279
vn -0.4229 -0.0000 0.9062
vn -0.4715 -0.0000 0.8819
vn -0.5189 -0.0000 0.8549
vn -0.5649 -0.0000 0.8251
vn -0.6097 -0.0000 0.7927
vn -0.6591 -0.0000 0.7521
vn -0.7163 -0.0000 0.6978
vn -0.7721 -0.0000 0.6355
vn -0.8204 -0.0000 0.5718
vn -0.8618 -0.0000 0.5072
vn -0.9499 -0.0000 0.3127
vn -0.9688 -0.0000 0.2478
vn -0.9832 -0.0000 0.1826
vn -0.9931 -0.0000 0.1170
vn -0.9987 -0.0000 0.0504
vn -1.0000 -0.0000 -0.0001
vn -0.9999 -0.0000 -0.0172
vn -0.9981 -0.0000 -0.0615
vn -0.9801 -0.0000 -0.1985
vn -0.9251 -0.0000 -0.3798
vn -0.8381 -0.0000 -0.5455
vn -0.7306 -0.0000 -0.6828
vn -0.6157 -0.0000 -0.7879
vn -0.5038 -0.0000 -0.8638
vn -0.4001 -0.0000 -0.9165
vn -0.3063 -0.0000 -0.9519
vn -0.2217 -0.0000 -0.9751
vn -0.1448 -0.0000 -0.9895
vn -0.0737 -0.0000 -0.9973
vn -0.0226 -0.0000 -0.9997
vn -0.0060 -0.0000 -1.0000
vn 0.0608 -0.0000 -0.9981
vn 0.1215 -0.0000 -0.9926
vn 0.1787 -0.0000 -0.9839
vn 0.2355 -0.0000 -0.9719
vn 0.2949 -0.0000 -0.9555
vn 0.3597 -0.0000 -0.9331
vn 0.4327 -0.0000 -0.9015
vn 0.6153 -0.0000 -0.7883
vn 0.8447 -0.0000 -0.5352
vn 0.9265 -0.0000 -0.3762
vn 0.9576 -0.0000 -0.2882
vn 0.9688 -0.0000 -0.2479
vn 0.9780 -0.0000 -0.2088
vn 0.9852 -0.0000 -0.1712
vn 0.9908 -0.0000 -0.1355
vn 0.9948 -0.0000 -0.1022
vn 0.9974 -0.0000 -0.0715
vn 0.9990 -0.0000 -0.0436
vn 0.9998 -0.0000 -0.0187
vn 1.0000 -0.0000 0.0033
vn 0.9998 -0.0000 0.0222
vn 0.9977 -0.0000 0.0673
vn 0.9857 -0.0000 0.1685
vn 0.9555 -0.0000 0.2951
vn 0.9096 -0.0000 0.4155
vn 0.8493 -0.0000 0.5278
vn 0.7759 -0.0000 0.6308
vn 0.6905 -0.0000 0.7234
vn 0.5940 -0.0000 0.8045
vn 0.4876 -0.0000 0.8730
vn 0.3728 -0.0000 0.9279
vn 0.2512 -0.0000 0.9679
vn 0.1253 -0.0000 0.9921
vn 0.0298 -0.0000 0.9996
vn -0.0019 -0.0000 1.0000
vn -0.4697 -0.0000 0.8828
vn -0.9473 -0.0000 0.3205
vn -0.9786 -0.0000 0.2059
vn -0.9910 -0.0000 0.1342
vn -0.9949 -0.0000 0.1009
vn -0.9948 -0.0000 0.1019
vn -0.9908 -0.0000 0.1351
vn -0.9797 -0.0000 0.2004
vn -0.9546 -0.0000 0.2979
vn -0.8232 -0.0000 0.5677
vn -0.6934 -0.0000 0.7205
vn -0.5242 -0.0000 0.8516
vn -0.3658 -0.0000 0.9307
vn -0.2447 -0.0000 0.9696
vn -0.1538 -0.0000 0.9881
vn -0.0850 -0.0000 0.9964
vn -0.0320 -0.0000 0.9995
vn 0.0096 -0.0000 1.0000
vn 0.0429 -0.0000 0.9991
vn 0.0697 -0.0000 0.9976
vn 0.0914 -0.0000 0.9958
vn 0.1090 -0.0000 0.9940
vn 0.1323 -0.0000 0.9912
vn 0.1704 -0.0000 0.9854
vn 0.2146 -0.0000 0.9767
vn 0.2579 -0.0000 0.9662
vn 0.3015 -0.0000 0.9535
vn 0.3466 -0.0000 0.9380
vn 0.3941 -0.0000 0.9191
vn 0.4451 -0.0000 0.8955
vn 0.5005 -0.0000 0.8657
vn 0.5610 -0.0000 0.8278
vn 0.6272 -0.0000 0.7788
vn 0.6988 -0.0000 0.7154
vn 0.7781 -0.0000 0.6281
vn 0.8574 -0.0000 0.5146
vn 0.9194 -0.0000 0.3933
vn 0.9596 -0.0000 0.2815
vn 0.9827 -0.0000 0.1854
vn 0.9942 -0.0000 0.1074
vn 0.9989 -0.0000 0.0474
vn 1.0000 -0.0000 0.0045
vn 0.9998 -0.0000 -0.0221
vn 0.9995 -0.0000 -0.0331
vn 0.9996 -0.0000 -0.0282
vn 1.0000 -0.0000 -0.0064
vn 1.0000 -0.0000 -0.0092
vn 0.9961 -0.0000 -0.0884
vn 0.9771 -0.0000 -0.2129
vn 0.9402 -0.0000 -0.3406
vn 0.8842 -0.0000 -0.4670
vn 0.8094 -0.0000 -0.5873
vn 0.7176 -0.0000 -0.6964
vn 0.6125 -0.0000 -0.7905
vn 0.4984 -0.0000 -0.8669
vn 0.3800 -0.0000 -0.9250
vn 0.2614 -0.0000 -0.9652
vn 0.1458 -0.0000 -0.9893
vn 0.0619 -0.0000 -0.9981
vn 0.0348 -0.0000 -0.9994
vn 0.0511 -0.0000 -0.9987
vn 0.0979 -0.0000 -0.9952
vn 0.1576 -0.0000 -0.9875
vn 0.2166 -0.0000 -0.9763
vn 0.2775 -0.0000 -0.9607
vn 0.3428 -0.0000 -0.9394
vn 0.4150 -0.0000 -0.9098
vn 0.4962 -0.0000 -0.8682
vn 0.5880 -0.0000 -0.8088
vn 0.6901 -0.0000 -0.7237
vn 0.7976 -0.0000 -0.6032
vn 0.8980 -0.0000 -0.4400
vn 0.9583 -0.0000 -0.2856
vn 0.9776 -0.0000 -0.2106
vn 0.9834 -0.0000 -0.1816
vn 0.9883 -0.0000 -0.1525
vn 0.9924 -0.0000 -0.1235
vn 0.9955 -0.0000 -0.0945
vn 0.9978 -0.0000 -0.0656
vn 0.9993 -0.0000 -0.0369
vn 1.0000 -0.0000 -0.0082
vn 0.9998 -0.0000 0.0202
vn 0.9988 -0.0000 0.0485
vn 0.9971 -0.0000 0.0764
vn -0.0222 -0.0000 0.9998
vn -0.0839 -0.0000 0.9965
vn -0.1415 -0.0000 0.9899
vn -0.1841 -0.0000 0.9829
vn -0.2205 -0.0000 0.9754
vn -0.2556 -0.0000 0.9668
vn -0.2924 -0.0000 0.9563
vn -0.3343 -0.0000 0.9425
vn -0.3858 -0.0000 0.9226
vn -0.4533 -0.0000 0.8914
vn -0.5473 -0.0000 0.8370
vn -0.6846 -0.0000 0.7289
vn -0.8220 -0.0000 0.5695
vn -0.8894 -0.0000 0.4571
vn -0.9117 -0.0000 0.4109
vn -0.9266 -0.0000 0.3760
vn -0.9379 -0.0000 0.3469
vn -0.9556 -0.0000 0.2948
vn -0.9634 -0.0000 0.2679
vn -0.9713 -0.0000 0.2379
vn -0.9793 -0.0000 0.2022
vn -0.9876 -0.0000 0.1567
vn -0.9956 -0.0000 0.0939
vn -0.9995 -0.0000 0.0311
vn -1.0000 -0.0000 0.0051
vn -0.9463 -0.0000 0.3233
vn -0.7761 -0.0000 0.6306
vn -0.7378 -0.0000 0.6751
vn -0.6962 -0.0000 0.7178
vn -0.6044 -0.0000 0.7967
vn -0.5547 -0.0000 0.8321
vn -0.5030 -0.0000 0.8643
vn -0.4496 -0.0000 0.8933
vn -0.3950 -0.0000 0.9187
vn -0.3397 -0.0000 0.9405
vn -0.2842 -0.0000 0.9588
vn -0.2268 -0.0000 0.9739
vn -0.1672 -0.0000 0.9859
vn -0.1071 -0.0000 0.9942
vn -0.0464 -0.0000 0.9989
vn 0.0166 -0.0000 0.9999
vn 0.0834 -0.0000 0.9965
vn 0.1554 -0.0000 0.9878
vn 0.2340 -0.0000 0.9722
vn 0.3203 -0.0000 0.9473
vn 0.4145 -0.0000 0.9100
vn 0.5159 -0.0000 0.8567
vn 0.6216 -0.0000 0.7833
vn 0.9147 -0.0000 0.4041
vn 1.0000 -0.0000 -0.0000
vn 0.9997 -0.0000 0.0256
vn 0.9987 -0.0000 0.0511
vn 0.0007 -0.0000 1.0000
vn -0.7065 -0.0000 0.7077
vn -1.0000 -0.0000 -0.0007
vn -0.7090 -0.0000 -0.7052
vn 0.0245 -0.0000 -0.9997
vn 0.7228 -0.0000 -0.6910
vn 0.8851 -0.0000 -0.4654
vn 0.5191 -0.0000 -0.8547
vn 0.4069 -0.0000 -0.9135
vn 0.3077 -0.0000 -0.9515
vn 0.2212 -0.0000 -0.9752
vn 0.1455 -0.0000 -0.9894
vn 0.0786 -0.0000 -0.9969
vn 0.0184 -0.0000 -0.9998
vn -0.0371 -0.0000 -0.9993
vn -0.0897 -0.0000 -0.9960
vn -0.1411 -0.0000 -0.9900
vn -0.1931 -0.0000 -0.9812
vn -0.2321 -0.0000 -0.9727
vn -0.2448 -0.0000 -0.9696
vn -0.1818 -0.0000 -0.9833
vn -0.1079 -0.0000 -0.9942
vn -0.0870 -0.0000 -0.9962
vn -0.0655 -0.0000 -0.9979
vn -0.0435 -0.0000 -0.9991
vn -0.0209 -0.0000 -0.9998
vn 0.0022 -0.0000 -1.0000
vn 0.0257 -0.0000 -0.9997
vn 0.0496 -0.0000 -0.9988
vn 0.0738 -0.0000 -0.9973
vn 0.0983 -0.0000 -0.9952
vn 0.1230 -0.0000 -0.9924
vn 0.1500 -0.0000 -0.9887
vn 0.1814 -0.0000 -0.9834
vn 0.2159 -0.0000 -0.9764
vn 0.2519 -0.0000 -0.9677
vn 0.2895 -0.0000 -0.9572
vn 0.3286 -0.0000 -0.9445
vn 0.3688 -0.0000 -0.9295
vn 0.4102 -0.0000 -0.9120
vn 0.4524 -0.0000 -0.8918
vn 0.4951 -0.0000 -0.8689
vn 0.5380 -0.0000 -0.8430
vn 0.5807 -0.0000 -0.8141
vn 0.6189 -0.0000 -0.7854
vn 0.6494 -0.0000 -0.7605
vn 0.6775 -0.0000 -0.7355
vn 0.7083 -0.0000 -0.7059
vn 0.7418 -0.0000 -0.6707
vn 0.7779 -0.0000 -0.6283
vn 0.8165 -0.0000 -0.5773
vn 0.8567 -0.0000 -0.5157
vn 0.8972 -0.0000 -0.4415
vn 0.9356 -0.0000 -0.3529
vn 0.9685 -0.0000 -0.2489
vn 0.9915 -0.0000 -0.1298
vn 1.0000 -0.0000 0.0004
vn 0.1424 -0.0000 -0.9898
vn 0.0771 -0.0000 -0.9970
vn 0.0724 -0.0000 -0.9974
vn 0.0650 -0.0000 -0.9979
vn 0.0548 -0.0000 -0.9985
vn 0.0419 -0.0000 -0.9991
vn 0.0263 -0.0000 -0.9997
vn 0.0082 -0.0000 -1.0000
vn -0.0124 -0.0000 -0.9999
vn -0.0352 -0.0000 -0.9994
vn -0.0602 -0.0000 -0.9982
vn -0.1455 -0.0000 -0.9894
vn -0.2648 -0.0000 -0.9643
vn -0.4076 -0.0000 -0.9132
vn -0.5351 -0.0000 -0.8448
vn -0.6429 -0.0000 -0.7659
vn -0.7302 -0.0000 -0.6832
vn -0.7989 -0.0000 -0.6015
vn -0.8519 -0.0000 -0.5236
vn -0.8926 -0.0000 -0.4509
vn -0.9236 -0.0000 -0.3835
vn -0.9472 -0.0000 -0.3207
vn -0.9651 -0.0000 -0.2618
vn -0.6220 -0.0000 -0.7830
vn -0.0069 -0.0000 -1.0000
vn 0.0074 -0.0000 -1.0000
vn 0.0483 -0.0000 -0.9988
vn 0.0994 -0.0000 -0.9951
vn 0.1465 -0.0000 -0.9892
vn 0.1897 -0.0000 -0.9818
vn 0.2295 -0.0000 -0.9733
vn 0.2661 -0.0000 -0.9639
vn 0.2997 -0.0000 -0.9540
vn 0.3308 -0.0000 -0.9437
vn 0.3594 -0.0000 -0.9332
vn 0.3860 -0.0000 -0.9225
vn 0.4108 -0.0000 -0.9117
vn 0.8558 -0.0000 -0.5172
vn 0.9945 -0.0000 0.1049
vn 0.9756 -0.0000 0.2197
vn 0.9431 -0.0000 0.3324
vn 0.8974 -0.0000 0.4412
vn 0.8388 -0.0000 0.5444
vn 0.7681 -0.0000 0.6404
vn 0.6861 -0.0000 0.7275
vn 0.5940 -0.0000 0.8044
vn 0.4935 -0.0000 0.8698
vn 0.3862 -0.0000 0.9224
vn 0.2745 -0.0000 0.9616
vn 0.1292 -0.0000 0.9916
vn -0.0105 -0.0000 0.9999
vn -0.0335 -0.0000 0.9994
vn -0.0639 -0.0000 0.9980
vn -0.1032 -0.0000 0.9947
vn -0.1407 -0.0000 0.9900
vn -0.1765 -0.0000 0.9843
vn -0.2106 -0.0000 0.9776
vn -0.2429 -0.0000 0.9700
vn -0.2735 -0.0000 0.9619
vn -0.3025 -0.0000 0.9531
vn -0.3300 -0.0000 0.9440
vn -0.3559 -0.0000 0.9345
vn -0.3804 -0.0000 0.9248
vn -0.4153 -0.0000 0.9097
vn -0.4727 -0.0000 0.8812
vn -0.5407 -0.0000 0.8412
vn -0.6068 -0.0000 0.7949
vn -0.6699 -0.0000 0.7424
vn -0.7291 -0.0000 0.6844
vn -0.7835 -0.0000 0.6214
vn -0.8323 -0.0000 0.5544
vn -0.8749 -0.0000 0.4843
vn -0.9111 -0.0000 0.4122
vn -0.9407 -0.0000 0.3392
vn -0.9639 -0.0000 0.2661
vn -0.9790 -0.0000 0.2039
vn -0.9867 -0.0000 0.1627
vn -0.9913 -0.0000 0.1318
vn -0.9949 -0.0000 0.1006
vn -0.9976 -0.0000 0.0689
vn -0.9993 -0.0000 0.0369
vn -1.0000 -0.0000 0.0045
vn -0.9996 -0.0000 -0.0280
vn -0.9981 -0.0000 -0.0609
vn -0.9956 -0.0000 -0.0939
vn -0.9919 -0.0000 -0.1270
vn -0.9871 -0.0000 -0.1601
vn -0.9755 -0.0000 -0.2198
vn -0.9426 -0.0000 -0.3340
vn -0.8811 -0.0000 -0.4729
vn -0.7987 -0.0000 -0.6018
vn -0.7015 -0.0000 -0.7127
vn -0.5978 -0.0000 -0.8017
vn -0.4948 -0.0000 -0.8690
vn -0.3979 -0.0000 -0.9174
vn -0.3097 -0.0000 -0.9508
vn -0.2309 -0.0000 -0.9730
vn -0.1613 -0.0000 -0.9869
vn -0.0997 -0.0000 -0.9950
vn -0.0554 -0.0000 -0.9985
vn -0.0358 -0.0000 -0.9994
vn -0.0273 -0.0000 -0.9996
vn -0.0189 -0.0000 -0.9998
vn -0.0104 -0.0000 -0.9999
vn -0.0020 -0.0000 -1.0000
vn 0.0064 -0.0000 -1.0000
vn 0.0148 -0.0000 -0.9999
vn 0.0231 -0.0000 -0.9997
vn 0.0313 -0.0000 -0.9995
vn 0.0394 -0.0000 -0.9992
vn 0.0473 -0.0000 -0.9989
vn 0.0552 -0.0000 -0.9985
vn 0.0633 -0.0000 -0.9980
vn 0.0844 -0.0000 -0.9964
vn 0.0978 -0.0000 -0.9952
vn 0.1132 -0.0000 -0.9936
vn 0.1304 -0.0000 -0.9915
vn 0.1493 -0.0000 -0.9888
vn 0.1698 -0.0000 -0.9855
vn 0.1917 -0.0000 -0.9815
vn 0.2149 -0.0000 -0.9766
vn 0.2392 -0.0000 -0.9710
vn 0.2759 -0.0000 -0.9612
vn 0.3350 -0.0000 -0.9422
vn 0.4035 -0.0000 -0.9150
vn 0.4707 -0.0000 -0.8823
vn 0.5369 -0.0000 -0.8436
vn 0.6024 -0.0000 -0.7982
vn 0.6672 -0.0000 -0.7449
vn 0.7307 -0.0000 -0.6827
vn 0.7918 -0.0000 -0.6107
vn 0.8492 -0.0000 -0.5280
vn 0.9007 -0.0000 -0.4344
vn 0.9438 -0.0000 -0.3306
vn 0.9717 -0.0000 -0.2364
vn 0.9844 -0.0000 -0.1758
vn 0.9907 -0.0000 -0.1358
vn 0.9950 -0.0000 -0.1000
vn 0.9976 -0.0000 -0.0688
vn 0.9991 -0.0000 -0.0426
vn 0.9998 -0.0000 -0.0215
vn 1.0000 -0.0000 -0.0056
vn 1.0000 -0.0000 0.0051
vn 0.9999 -0.0000 0.0106
vn 0.9999 -0.0000 0.0109
vn 1.0000 -0.0000 0.0061
vn 0.9772 -0.0000 0.2123
vn 0.9246 -0.0000 0.3810
vn 0.8612 -0.0000 0.5082
vn 0.7954 -0.0000 0.6061
vn 0.7291 -0.0000 0.6844
vn 0.6612 -0.0000 0.7502
vn 0.5894 -0.0000 0.8078
vn 0.5100 -0.0000 0.8602
vn 0.4179 -0.0000 0.9085
vn 0.3064 -0.0000 0.9519
vn 0.1667 -0.0000 0.9860
vn 0.0420 -0.0000 0.9991
vn -0.0045 -0.0000 1.0000
vn -0.0036 -0.0000 1.0000
vn 0.0167 -0.0000 0.9999
vn 0.0644 -0.0000 0.9979
vn 0.1141 -0.0000 0.9935
vn 0.1515 -0.0000 0.9885
vn 0.1806 -0.0000 0.9836
vn 0.2039 -0.0000 0.9790
vn 0.2230 -0.0000 0.9748
vn 0.2388 -0.0000 0.9711
vn 0.2522 -0.0000 0.9677
vn 0.2638 -0.0000 0.9646
vn 0.2738 -0.0000 0.9618
vn 0.2827 -0.0000 0.9592
vn 0.7365 -0.0000 0.6764
vn 0.9881 -0.0000 0.1540
vn 0.9985 -0.0000 0.0546
vn 0.9991 -0.0000 -0.0422
vn 0.9903 -0.0000 -0.1390
vn 0.9711 -0.0000 -0.2387
vn 0.9389 -0.0000 -0.3443
vn 0.8887 -0.0000 -0.4586
vn 0.8125 -0.0000 -0.5830
vn 0.6993 -0.0000 -0.7149
vn 0.5378 -0.0000 -0.8431
vn 0.3255 -0.0000 -0.9455
vn -0.0242 -0.0000 -0.9997
vn -0.1071 -0.0000 -0.9942
vn -0.2056 -0.0000 -0.9786
vn -0.2897 -0.0000 -0.9571
vn -0.3635 -0.0000 -0.9316
vn -0.4307 -0.0000 -0.9025
vn -0.4944 -0.0000 -0.8693
vn -0.5575 -0.0000 -0.8302
vn -0.6230 -0.0000 -0.7822
vn -0.6940 -0.0000 -0.7200
vn -0.7735 -0.0000 -0.6339
vn -0.8620 -0.0000 -0.5069
vn -0.9493 -0.0000 -0.3143
vn -0.9972 -0.0000 -0.0753
vn -0.9893 -0.0000 0.1460
vn -0.9467 -0.0000 0.3222
vn -0.8890 -0.0000 0.4579
vn -0.8262 -0.0000 0.5634
vn -0.7615 -0.0000 0.6481
vn -0.6947 -0.0000 0.7193
vn -0.6237 -0.0000 0.7817
vn -0.5448 -0.0000 0.8385
vn -0.4529 -0.0000 0.8916
vn -0.3405 -0.0000 0.9403
vn -0.2307 -0.0000 0.9730
vn -0.1646 -0.0000 0.9864
vn -0.1278 -0.0000 0.9918
vn -0.0930 -0.0000 0.9957
vn -0.0605 -0.0000 0.9982
vn -0.0303 -0.0000 0.9995
vn -0.0028 -0.0000 1.0000
vn 0.0220 -0.0000 0.9998
vn 0.0442 -0.0000 0.9990
vn 0.0635 -0.0000 0.9980
vn 0.0801 -0.0000 0.9968
vn 0.0940 -0.0000 0.9956
vn 0.1195 -0.0000 0.9928
vn 0.1696 -0.0000 0.9855
vn 0.2288 -0.0000 0.9735
vn 0.2833 -0.0000 0.9590
vn 0.3335 -0.0000 0.9428
vn 0.3799 -0.0000 0.9250
vn 0.4228 -0.0000 0.9062
vn 0.4628 -0.0000 0.8865
vn 0.5003 -0.0000 0.8658
vn 0.5357 -0.0000 0.8444
vn 0.5693 -0.0000 0.8221
vn 0.6016 -0.0000 0.7988
vn 0.6471 -0.0000 0.7624
vn 0.7161 -0.0000 0.6980
vn 0.7890 -0.0000 0.6144
vn 0.8518 -0.0000 0.5239
vn 0.9047 -0.0000 0.4261
vn 0.9471 -0.0000 0.3209
vn 0.9782 -0.0000 0.2077
vn 0.9963 -0.0000 0.0863
vn 0.9842 -0.0000 -0.1771
vn 0.9495 -0.0000 -0.3138
vn 0.8940 -0.0000 -0.4480
vn 0.4961 -0.0000 -0.8683
vn 0.0053 -0.0000 -1.0000
vn -0.0379 -0.0000 0.9993
vn -0.0806 -0.0000 0.9967
vn -0.1209 -0.0000 0.9927
vn -0.1587 -0.0000 0.9873
vn -0.1944 -0.0000 0.9809
vn -0.2279 -0.0000 0.9737
vn -0.2595 -0.0000 0.9657
vn -0.2893 -0.0000 0.9572
vn -0.3176 -0.0000 0.9482
vn -0.3444 -0.0000 0.9388
vn -0.3701 -0.0000 0.9290
vn -0.8282 -0.0000 0.5604
vn -0.9999 -0.0000 0.0115
vn -1.0000 -0.0000 0.0004
vn -0.7457 -0.0000 -0.6663
vn -0.0569 -0.0000 -0.9984
vn 0.7104 -0.0000 -0.7038
vn 0.7095 -0.0000 0.7047
vn 0.0069 -0.0000 1.0000
vn 0.7295 -0.0000 0.6840
vn 0.0568 -0.0000 0.9984
vn 0.0449 -0.0000 0.9990
vn 0.0332 -0.0000 0.9994
vn 0.0218 -0.0000 0.9998
vn 0.0105 -0.0000 0.9999
vn -0.0005 -0.0000 1.0000
vn -0.0111 -0.0000 0.9999
vn -0.0214 -0.0000 0.9998
vn -0.0314 -0.0000 0.9995
vn -0.0410 -0.0000 0.9992
vn -0.0501 -0.0000 0.9987
vn -0.7266 -0.0000 0.6870
vn -1.0000 -0.0000 -0.0014
vn -0.7094 -0.0000 -0.7048
vn 0.0217 -0.0000 -0.9998
vn 0.7245 -0.0000 -0.6892
vt 0.161644 0.000000
vt 0.164384 0.000000
vt 0.163014 0.000000
vt 0.165753 0.000000
vt 0.160274 0.000000
vt 0.167123 0.000000
vt 0.158904 0.000000
vt 0.168493 0.000000
vt 0.157534 0.000000
vt 0.169863 0.000000
vt 0.156164 0.000000
vt 0.154795 0.000000
vt 0.171233 0.000000
vt 0.153425 0.000000
vt 0.152055 0.000000
vt 0.172603 0.000000
vt 0.150685 0.000000
vt 0.149315 0.000000
vt 0.173973 0.000000
vt 0.147945 0.000000
vt 0.602740 0.000000
vt 0.528767 0.000000
vt 0.146575 0.000000
vt 0.604110 0.000000
vt 0.601370 0.000000
vt 0.605479 0.000000
vt 0.600000 0.000000
vt 0.606849 0.000000
vt 0.598630 0.000000
vt 0.532877 0.000000
vt 0.531507 0.000000
vt 0.530137 0.000000
vt 0.608219 0.000000
vt 0.527397 0.000000
vt 0.526027 0.000000
vt 0.534247 0.000000
vt 0.609589 0.000000
vt 0.524658 0.000000
vt 0.523288 0.000000
vt 0.610959 0.000000
vt 0.521918 0.000000
vt 0.175342 0.000000
vt 0.145205 0.000000
vt 0.612329 0.000000
vt 0.520548 0.000000
vt 0.597260 0.000000
vt 0.613699 0.000000
vt 0.519178 0.000000
vt 0.176712 0.000000
vt 0.517808 0.000000
vt 0.615068 0.000000
vt 0.178082 0.000000
vt 0.143836 0.000000
vt 0.516438 0.000000
vt 0.616438 0.000000
vt 0.179452 0.000000
vt 0.515068 0.000000
vt 0.671233 0.000000
vt 0.617808 0.000000
vt 0.180822 0.000000
vt 0.142466 0.000000
vt 0.182192 0.000000
vt 0.513699 0.000000
vt 0.450685 0.000000
vt 0.595890 0.000000
vt 0.183562 0.000000
vt 0.141096 0.000000
vt 0.452055 0.000000
vt 0.449315 0.000000
vt 0.184932 0.000000
vt 0.672603 0.000000
vt 0.669863 0.000000
vt 0.673973 0.000000
vt 0.675342 0.000000
vt 0.676712 0.000000
vt 0.678082 0.000000
vt 0.679452 0.000000
vt 0.680822 0.000000
vt 0.186301 0.000000
vt 0.682192 0.000000
vt 0.668493 0.000000
vt 0.683562 0.000000
vt 0.684932 0.000000
vt 0.453425 0.000000
vt 0.139726 0.000000
vt 0.686301 0.000000
vt 0.687671 0.000000
vt 0.689041 0.000000
vt 0.187671 0.000000
vt 0.512329 0.000000
vt 0.690411 0.000000
vt 0.138356 0.000000
vt 0.691781 0.000000
vt 0.189041 0.000000
vt 0.667123 0.000000
vt 0.447945 0.000000
vt 0.693151 0.000000
vt 0.446575 0.000000
vt 0.445205 0.000000
vt 0.190411 0.000000
vt 0.136986 0.000000
vt 0.443836 0.000000
vt 0.694521 0.000000
vt 0.442466 0.000000
vt 0.441096 0.000000
vt 0.695890 0.000000
vt 0.594521 0.000000
vt 0.439726 0.000000
vt 0.191781 0.000000
vt 0.454795 0.000000
vt 0.438356 0.000000
vt 0.135616 0.000000
vt 0.697260 0.000000
vt 0.436986 0.000000
vt 0.435616 0.000000
vt 0.193151 0.000000
vt 0.665753 0.000000
vt 0.434247 0.000000
vt 0.698630 0.000000
vt 0.432877 0.000000
vt 0.134247 0.000000
vt 0.431507 0.000000
vt 0.700000 0.000000
vt 0.430137 0.000000
vt 0.194521 0.000000
vt 0.428767 0.000000
vt 0.427397 0.000000
vt 0.510959 0.000000
vt 0.701370 0.000000
vt 0.426027 0.000000
vt 0.132877 0.000000
vt 0.424658 0.000000
vt 0.195890 0.000000
vt 0.423288 0.000000
vt 0.421918 0.000000
vt 0.702740 0.000000
vt 0.420548 0.000000
vt 0.419178 0.000000
vt 0.131507 0.000000
vt 0.197260 0.000000
vt 0.417808 0.000000
vt 0.704110 0.000000
vt 0.664384 0.000000
vt 0.416438 0.000000
vt 0.456164 0.000000
vt 0.415069 0.000000
vt 0.413699 0.000000
vt 0.198630 0.000000
vt 0.772603 0.000000
vt 0.705479 0.000000
vt 0.130137 0.000000
vt 0.412329 0.000000
vt 0.410959 0.000000
vt 0.200000 0.000000
vt 0.593151 0.000000
vt 0.128767 0.000000
vt 0.409589 0.000000
vt 0.201370 0.000000
vt 0.408219 0.000000
vt 0.127397 0.000000
vt 0.663014 0.000000
vt 0.202740 0.000000
vt 0.406849 0.000000
vt 0.509589 0.000000
vt 0.126027 0.000000
vt 0.405479 0.000000
vt 0.346575 0.000000
vt 0.204110 0.000000
vt 0.347945 0.000000
vt 0.345205 0.000000
vt 0.343836 0.000000
vt 0.342466 0.000000
vt 0.773973 0.000000
vt 0.771233 0.000000
vt 0.341096 0.000000
vt 0.339726 0.000000
vt 0.404110 0.000000
vt 0.338356 0.000000
vt 0.336986 0.000000
vt 0.124658 0.000000
vt 0.335616 0.000000
vt 0.205479 0.000000
vt 0.457534 0.000000
vt 0.334247 0.000000
vt 0.332877 0.000000
vt 0.769863 0.000000
vt 0.775342 0.000000
vt 0.331507 0.000000
vt 0.402740 0.000000
vt 0.330137 0.000000
vt 0.328767 0.000000
vt 0.401370 0.000000
vt 0.206849 0.000000
vt 0.123288 0.000000
vt 0.776712 0.000000
vt 0.327397 0.000000
vt 0.400000 0.000000
vt 0.398630 0.000000
vt 0.661644 0.000000
vt 0.326027 0.000000
vt 0.778082 0.000000
vt 0.000000 0.000000
vt 0.768493 0.000000
vt 0.324658 0.000000
vt 0.121918 0.000000
vt 0.779452 0.000000
vt 0.591781 0.000000
vt 0.323288 0.000000
vt 0.780822 0.000000
vt 0.321918 0.000000
vt 0.508219 0.000000
vt 0.120548 0.000000
vt 0.001370 0.000000
vt 0.782192 0.000000
vt 0.320548 0.000000
vt 0.660274 0.000000
vt 0.767123 0.000000
vt 0.783562 0.000000
vt 0.319178 0.000000
vt 0.458904 0.000000
vt 0.119178 0.000000
vt 0.317808 0.000000
vt 0.784931 0.000000
vt 0.002740 0.000000
vt 0.316438 0.000000
vt 0.786301 0.000000
vt 0.117808 0.000000
vt 0.315068 0.000000
vt 0.658904 0.000000
vt 0.765753 0.000000
vt 0.787671 0.000000
vt 0.313699 0.000000
vt 0.116438 0.000000
vt 0.004110 0.000000
vt 0.789041 0.000000
vt 0.590411 0.000000
vt 0.312329 0.000000
vt 0.310959 0.000000
vt 0.506849 0.000000
vt 0.846575 0.000000
vt 0.790411 0.000000
vt 0.309589 0.000000
vt 0.657534 0.000000
vt 0.115068 0.000000
vt 0.460274 0.000000
vt 0.308219 0.000000
vt 0.005479 0.000000
vt 0.764384 0.000000
vt 0.113699 0.000000
vt 0.656164 0.000000
vt 0.306849 0.000000
vt 0.006849 0.000000
vt 0.654795 0.000000
vt 0.305479 0.000000
vt 0.243836 0.000000
vt 0.242466 0.000000
vt 0.112329 0.000000
vt 0.653425 0.000000
vt 0.847945 0.000000
vt 0.845205 0.000000
vt 0.843836 0.000000
vt 0.842466 0.000000
vt 0.245205 0.000000
vt 0.241096 0.000000
vt 0.246575 0.000000
vt 0.239726 0.000000
vt 0.247945 0.000000
vt 0.841096 0.000000
vt 0.238356 0.000000
vt 0.249315 0.000000
vt 0.236986 0.000000
vt 0.250685 0.000000
vt 0.235616 0.000000
vt 0.252055 0.000000
vt 0.234247 0.000000
vt 0.253425 0.000000
vt 0.254795 0.000000
vt 0.232877 0.000000
vt 0.256164 0.000000
vt 0.257534 0.000000
vt 0.231507 0.000000
vt 0.230137 0.000000
vt 0.228767 0.000000
vt 0.839726 0.000000
vt 0.227397 0.000000
vt 0.226027 0.000000
vt 0.224658 0.000000
vt 0.223288 0.000000
vt 0.221918 0.000000
vt 0.589041 0.000000
vt 0.304110 0.000000
vt 0.838356 0.000000
vt 0.110959 0.000000
vt 0.836986 0.000000
vt 0.835616 0.000000
vt 0.505479 0.000000
vt 0.763014 0.000000
vt 0.849315 0.000000
vt 0.220548 0.000000
vt 0.834247 0.000000
vt 0.832877 0.000000
vt 0.831507 0.000000
vt 0.008219 0.000000
vt 0.830137 0.000000
vt 0.828767 0.000000
vt 0.219178 0.000000
vt 0.461644 0.000000
vt 0.850685 0.000000
vt 0.302740 0.000000
vt 0.217808 0.000000
vt 0.109589 0.000000
vt 0.852055 0.000000
vt 0.216438 0.000000
vt 0.301370 0.000000
vt 0.215068 0.000000
vt 0.009589 0.000000
vt 0.853425 0.000000
vt 0.108219 0.000000
vt 0.213699 0.000000
vt 0.300000 0.000000
vt 0.854795 0.000000
vt 0.761644 0.000000
vt 0.212329 0.000000
vt 0.856164 0.000000
vt 0.298630 0.000000
vt 0.210959 0.000000
vt 0.106849 0.000000
vt 0.619178 0.000000
vt 0.010959 0.000000
vt 0.297260 0.000000
vt 0.620548 0.000000
vt 0.587671 0.000000
vt 0.209589 0.000000
vt 0.504110 0.000000
vt 0.295890 0.000000
vt 0.857534 0.000000
vt 0.105479 0.000000
vt 0.621918 0.000000
vt 0.208219 0.000000
vt 0.463014 0.000000
vt 0.104110 0.000000
vt 0.858904 0.000000
vt 1.000000 0.000000
vt 0.623288 0.000000
vt 0.102740 0.000000
vt 0.998630 0.000000
vt 0.860274 0.000000
vt 0.258904 0.000000
vt 0.760274 0.000000
vt 0.012329 0.000000
vt 0.997260 0.000000
vt 0.995890 0.000000
vt 0.101370 0.000000
vt 0.624658 0.000000
vt 0.861644 0.000000
vt 0.994521 0.000000
vt 0.993151 0.000000
vt 0.827397 0.000000
vt 0.100000 0.000000
vt 0.991781 0.000000
vt 0.863014 0.000000
vt 0.990411 0.000000
vt 0.989041 0.000000
vt 0.098630 0.000000
vt 0.626027 0.000000
vt 0.013699 0.000000
vt 0.502740 0.000000
vt 0.987671 0.000000
vt 0.864384 0.000000
vt 0.586301 0.000000
vt 0.986301 0.000000
vt 0.865753 0.000000
vt 0.464384 0.000000
vt 0.867123 0.000000
vt 0.097260 0.000000
vt 0.758904 0.000000
vt 0.984932 0.000000
vt 0.868493 0.000000
vt 0.869863 0.000000
vt 0.871233 0.000000
vt 0.983562 0.000000
vt 0.872603 0.000000
vt 0.873973 0.000000
vt 0.627397 0.000000
vt 0.875342 0.000000
vt 0.982192 0.000000
vt 0.095890 0.000000
vt 0.876712 0.000000
vt 0.980822 0.000000
vt 0.878082 0.000000
vt 0.879452 0.000000
vt 0.880822 0.000000
vt 0.882192 0.000000
vt 0.979452 0.000000
vt 0.094521 0.000000
vt 0.015068 0.000000
vt 0.883562 0.000000
vt 0.628767 0.000000
vt 0.978082 0.000000
vt 0.260274 0.000000
vt 0.093151 0.000000
vt 0.757534 0.000000
vt 0.884932 0.000000
vt 0.535616 0.000000
vt 0.501370 0.000000
vt 0.536986 0.000000
vt 0.091781 0.000000
vt 0.538356 0.000000
vt 0.465753 0.000000
vt 0.976712 0.000000
vt 0.826027 0.000000
vt 0.584931 0.000000
vt 0.539726 0.000000
vt 0.630137 0.000000
vt 0.886301 0.000000
vt 0.016438 0.000000
vt 0.541096 0.000000
vt 0.090411 0.000000
vt 0.756164 0.000000
vt 0.089041 0.000000
vt 0.087671 0.000000
vt 0.086301 0.000000
vt 0.652055 0.000000
vt 0.084932 0.000000
vt 0.083562 0.000000
vt 0.082192 0.000000
vt 0.975342 0.000000
vt 0.080822 0.000000
vt 0.542466 0.000000
vt 0.079452 0.000000
vt 0.078082 0.000000
vt 0.076712 0.000000
vt 0.754795 0.000000
vt 0.075342 0.000000
vt 0.073973 0.000000
vt 0.631507 0.000000
vt 0.072603 0.000000
vt 0.887671 0.000000
vt 0.543836 0.000000
vt 0.017808 0.000000
vt 0.500000 0.000000
vt 0.071233 0.000000
vt 0.545205 0.000000
vt 0.467123 0.000000
vt 0.973973 0.000000
vt 0.632877 0.000000
vt 0.546575 0.000000
vt 0.397260 0.000000
vt 0.583562 0.000000
vt 0.069863 0.000000
vt 0.349315 0.000000
vt 0.889041 0.000000
vt 0.350685 0.000000
vt 0.498630 0.000000
vt 0.497260 0.000000
vt 0.495890 0.000000
vt 0.352055 0.000000
vt 0.494521 0.000000
vt 0.493151 0.000000
vt 0.468493 0.000000
vt 0.469863 0.000000
vt 0.491781 0.000000
vt 0.547945 0.000000
vt 0.471233 0.000000
vt 0.490411 0.000000
vt 0.706849 0.000000
vt 0.472603 0.000000
vt 0.353425 0.000000
vt 0.489041 0.000000
vt 0.708219 0.000000
vt 0.634247 0.000000
vt 0.473973 0.000000
vt 0.487671 0.000000
vt 0.475342 0.000000
vt 0.486301 0.000000
vt 0.476712 0.000000
vt 0.709589 0.000000
vt 0.484931 0.000000
vt 0.478082 0.000000
vt 0.483562 0.000000
vt 0.479452 0.000000
vt 0.482192 0.000000
vt 0.480822 0.000000
vt 0.354795 0.000000
vt 0.710959 0.000000
vt 0.549315 0.000000
vt 0.635616 0.000000
vt 0.636986 0.000000
vt 0.638356 0.000000
vt 0.639726 0.000000
vt 0.972603 0.000000
vt 0.641096 0.000000
vt 0.712329 0.000000
vt 0.068493 0.000000
vt 0.642466 0.000000
vt 0.582192 0.000000
vt 0.550685 0.000000
vt 0.356164 0.000000
vt 0.650685 0.000000
vt 0.643836 0.000000
vt 0.580822 0.000000
vt 0.645205 0.000000
vt 0.579452 0.000000
vt 0.552055 0.000000
vt 0.646575 0.000000
vt 0.578082 0.000000
vt 0.553425 0.000000
vt 0.647945 0.000000
vt 0.649315 0.000000
vt 0.576712 0.000000
vt 0.554795 0.000000
vt 0.713699 0.000000
vt 0.556164 0.000000
vt 0.575342 0.000000
vt 0.557534 0.000000
vt 0.573973 0.000000
vt 0.558904 0.000000
vt 0.572603 0.000000
vt 0.560274 0.000000
vt 0.571233 0.000000
vt 0.561644 0.000000
vt 0.357534 0.000000
vt 0.563014 0.000000
vt 0.569863 0.000000
vt 0.564384 0.000000
vt 0.568493 0.000000
vt 0.565753 0.000000
vt 0.567123 0.000000
vt 0.715069 0.000000
vt 0.890411 0.000000
vt 0.358904 0.000000
vt 0.716438 0.000000
vt 0.717808 0.000000
vt 0.360274 0.000000
vt 0.791781 0.000000
vt 0.067123 0.000000
vt 0.719178 0.000000
vt 0.793151 0.000000
vt 0.971233 0.000000
vt 0.361644 0.000000
vt 0.720548 0.000000
vt 0.395890 0.000000
vt 0.794521 0.000000
vt 0.394521 0.000000
vt 0.721918 0.000000
vt 0.393151 0.000000
vt 0.723288 0.000000
vt 0.391781 0.000000
vt 0.363014 0.000000
vt 0.724658 0.000000
vt 0.753425 0.000000
vt 0.390411 0.000000
vt 0.726027 0.000000
vt 0.752055 0.000000
vt 0.389041 0.000000
vt 0.727397 0.000000
vt 0.364384 0.000000
vt 0.750685 0.000000
vt 0.387671 0.000000
vt 0.795890 0.000000
vt 0.728767 0.000000
vt 0.365753 0.000000
vt 0.749315 0.000000
vt 0.386301 0.000000
vt 0.367123 0.000000
vt 0.730137 0.000000
vt 0.747945 0.000000
vt 0.368493 0.000000
vt 0.384932 0.000000
vt 0.369863 0.000000
vt 0.731507 0.000000
vt 0.746575 0.000000
vt 0.383562 0.000000
vt 0.891781 0.000000
vt 0.371233 0.000000
vt 0.372603 0.000000
vt 0.382192 0.000000
vt 0.745205 0.000000
vt 0.373973 0.000000
vt 0.732877 0.000000
vt 0.375342 0.000000
vt 0.380822 0.000000
vt 0.376712 0.000000
vt 0.379452 0.000000
vt 0.378082 0.000000
vt 0.743836 0.000000
vt 0.734247 0.000000
vt 0.742466 0.000000
vt 0.735616 0.000000
vt 0.741096 0.000000
vt 0.736986 0.000000
vt 0.739726 0.000000
vt 0.797260 0.000000
vt 0.738356 0.000000
vt 0.065753 0.000000
vt 0.969863 0.000000
vt 0.798630 0.000000
vt 0.824658 0.000000
vt 0.800000 0.000000
vt 0.294521 0.000000
vt 0.261644 0.000000
vt 0.893151 0.000000
vt 0.968493 0.000000
vt 0.801370 0.000000
vt 0.064384 0.000000
vt 0.802740 0.000000
vt 0.894521 0.000000
vt 0.967123 0.000000
vt 0.804110 0.000000
vt 0.965753 0.000000
vt 0.293151 0.000000
vt 0.291781 0.000000
vt 0.290411 0.000000
vt 0.805479 0.000000
vt 0.289041 0.000000
vt 0.287671 0.000000
vt 0.895890 0.000000
vt 0.286301 0.000000
vt 0.284932 0.000000
vt 0.263014 0.000000
vt 0.264384 0.000000
vt 0.265753 0.000000
vt 0.267123 0.000000
vt 0.268493 0.000000
vt 0.283562 0.000000
vt 0.269863 0.000000
vt 0.063014 0.000000
vt 0.271233 0.000000
vt 0.282192 0.000000
vt 0.272603 0.000000
vt 0.806849 0.000000
vt 0.273973 0.000000
vt 0.280822 0.000000
vt 0.275342 0.000000
vt 0.279452 0.000000
vt 0.276712 0.000000
vt 0.278082 0.000000
vt 0.808219 0.000000
vt 0.897260 0.000000
vt 0.809589 0.000000
vt 0.810959 0.000000
vt 0.812329 0.000000
vt 0.813699 0.000000
vt 0.815068 0.000000
vt 0.816438 0.000000
vt 0.817808 0.000000
vt 0.819178 0.000000
vt 0.820548 0.000000
vt 0.823288 0.000000
vt 0.821918 0.000000
vt 0.898630 0.000000
vt 0.061644 0.000000
vt 0.900000 0.000000
vt 0.060274 0.000000
vt 0.901370 0.000000
vt 0.058904 0.000000
vt 0.057534 0.000000
vt 0.902740 0.000000
vt 0.019178 0.000000
vt 0.056164 0.000000
vt 0.904110 0.000000
vt 0.905479 0.000000
vt 0.906849 0.000000
vt 0.908219 0.000000
vt 0.909589 0.000000
vt 0.910959 0.000000
vt 0.912329 0.000000
vt 0.964384 0.000000
vt 0.963014 0.000000
vt 0.913699 0.000000
vt 0.915069 0.000000
vt 0.916438 0.000000
vt 0.917808 0.000000
vt 0.919178 0.000000
vt 0.920548 0.000000
vt 0.921918 0.000000
vt 0.923288 0.000000
vt 0.924658 0.000000
vt 0.926027 0.000000
vt 0.927397 0.000000
vt 0.928767 0.000000
vt 0.930137 0.000000
vt 0.961644 0.000000
vt 0.931507 0.000000
vt 0.932877 0.000000
vt 0.934247 0.000000
vt 0.935616 0.000000
vt 0.936986 0.000000
vt 0.938356 0.000000
vt 0.939726 0.000000
vt 0.941096 0.000000
vt 0.942466 0.000000
vt 0.943836 0.000000
vt 0.960274 0.000000
vt 0.945205 0.000000
vt 0.946575 0.000000
vt 0.958904 0.000000
vt 0.947945 0.000000
vt 0.957534 0.000000
vt 0.949315 0.000000
vt 0.956164 0.000000
vt 0.950685 0.000000
vt 0.954795 0.000000
vt 0.952055 0.000000
vt 0.953425 0.000000
vt 0.020548 0.000000
vt 0.021918 0.000000
vt 0.023288 0.000000
vt 0.024658 0.000000
vt 0.026027 0.000000
vt 0.027397 0.000000
vt 0.028767 0.000000
vt 0.030137 0.000000
vt 0.031507 0.000000
vt 0.032877 0.000000
vt 0.054795 0.000000
vt 0.034247 0.000000
vt 0.035616 0.000000
vt 0.053425 0.000000
vt 0.036986 0.000000
vt 0.052055 0.000000
vt 0.038356 0.000000
vt 0.039726 0.000000
vt 0.050685 0.000000
vt 0.041096 0.000000
vt 0.042466 0.000000
vt 0.049315 0.000000
vt 0.043836 0.000000
vt 0.047945 0.000000
vt 0.045205 0.000000
vt 0.046575 0.000000
vt 0.000000 1.000000
vt 0.006579 1.000000
vt 0.006579 0.000000
vt 0.013158 1.000000
vt 0.013158 0.000000
vt 0.019737 1.000000
vt 0.019737 0.000000
vt 0.026316 1.000000
vt 0.026316 0.000000
vt 0.032895 1.000000
vt 0.032895 0.000000
vt 0.039474 1.000000
vt 0.039474 0.000000
vt 0.046053 1.000000
vt 0.046053 0.000000
vt 0.052632 1.000000
vt 0.052632 0.000000
vt 0.059211 1.000000
vt 0.059211 0.000000
vt 0.065789 1.000000
vt 0.065789 0.000000
vt 0.072368 1.000000
vt 0.072368 0.000000
vt 0.078947 1.000000
vt 0.078947 0.000000
vt 0.085526 1.000000
vt 0.085526 0.000000
vt 0.092105 1.000000
vt 0.092105 0.000000
vt 0.098684 1.000000
vt 0.098684 0.000000
vt 0.105263 1.000000
vt 0.105263 0.000000
vt 0.111842 1.000000
vt 0.111842 0.000000
vt 0.118421 1.000000
vt 0.118421 0.000000
vt 0.125000 1.000000
vt 0.125000 0.000000
vt 0.131579 1.000000
vt 0.131579 0.000000
vt 0.138158 1.000000
vt 0.138158 0.000000
vt 0.144737 1.000000
vt 0.144737 0.000000
vt 0.151316 1.000000
vt 0.151316 0.000000
vt 0.157895 1.000000
vt 0.157895 0.000000
vt 0.164474 1.000000
vt 0.164474 0.000000
vt 0.171053 1.000000
vt 0.171053 0.000000
vt 0.177632 1.000000
vt 0.177632 0.000000
vt 0.184211 1.000000
vt 0.184211 0.000000
vt 0.190789 1.000000
vt 0.190789 0.000000
vt 0.197368 1.000000
vt 0.197368 0.000000
vt 0.203947 1.000000
vt 0.203947 0.000000
vt 0.210526 1.000000
vt 0.210526 0.000000
vt 0.217105 1.000000
vt 0.217105 0.000000
vt 0.223684 1.000000
vt 0.223684 0.000000
vt 0.230263 1.000000
vt 0.230263 0.000000
vt 0.236842 1.000000
vt 0.236842 0.000000
vt 0.243421 1.000000
vt 0.243421 0.000000
vt 0.250000 1.000000
vt 0.250000 0.000000
vt 0.256579 1.000000
vt 0.256579 0.000000
vt 0.263158 1.000000
vt 0.263158 0.000000
vt 0.269737 1.000000
vt 0.269737 0.000000
vt 0.276316 1.000000
vt 0.276316 0.000000
vt 0.282895 1.000000
vt 0.282895 0.000000
vt 0.289474 1.000000
vt 0.289474 0.000000
vt 0.296053 1.000000
vt 0.296053 0.000000
vt 0.302632 1.000000
vt 0.302632 0.000000
vt 0.309211 1.000000
vt 0.309211 0.000000
vt 0.315789 1.000000
vt 0.315789 0.000000
vt 0.322368 1.000000
vt 0.322368 0.000000
vt 0.328947 1.000000
vt 0.328947 0.000000
vt 0.335526 1.000000
vt 0.335526 0.000000
vt 0.342105 1.000000
vt 0.342105 0.000000
vt 0.348684 1.000000
vt 0.348684 0.000000
vt 0.355263 1.000000
vt 0.355263 0.000000
vt 0.361842 1.000000
vt 0.361842 0.000000
vt 0.368421 1.000000
vt 0.368421 0.000000
vt 0.375000 1.000000
vt 0.375000 0.000000
vt 0.381579 1.000000
vt 0.381579 0.000000
vt 0.388158 1.000000
vt 0.388158 0.000000
vt 0.394737 1.000000
vt 0.394737 0.000000
vt 0.401316 1.000000
vt 0.401316 0.000000
vt 0.407895 1.000000
vt 0.407895 0.000000
vt 0.414474 1.000000
vt 0.414474 0.000000
vt 0.421053 1.000000
vt 0.421053 0.000000
vt 0.427632 1.000000
vt 0.427632 0.000000
vt 0.434211 1.000000
vt 0.434211 0.000000
vt 0.440789 1.000000
vt 0.440789 0.000000
vt 0.447368 1.000000
vt 0.447368 0.000000
vt 0.453947 1.000000
vt 0.453947 0.000000
vt 0.460526 1.000000
vt 0.460526 0.000000
vt 0.467105 1.000000
vt 0.467105 0.000000
vt 0.473684 1.000000
vt 0.473684 0.000000
vt 0.480263 1.000000
vt 0.480263 0.000000
vt 0.486842 1.000000
vt 0.486842 0.000000
vt 0.493421 1.000000
vt 0.493421 0.000000
vt 0.500000 1.000000
vt 0.506579 1.000000
vt 0.506579 0.000000
vt 0.513158 1.000000
vt 0.513158 0.000000
vt 0.519737 1.000000
vt 0.519737 0.000000
vt 0.526316 1.000000
vt 0.526316 0.000000
vt 0.532895 1.000000
vt 0.532895 0.000000
vt 0.539474 1.000000
vt 0.539474 0.000000
vt 0.546053 1.000000
vt 0.546053 0.000000
vt 0.552632 1.000000
vt 0.552632 0.000000
vt 0.559211 1.000000
vt 0.559211 0.000000
vt 0.565789 1.000000
vt 0.565789 0.000000
vt 0.572368 1.000000
vt 0.572368 0.000000
vt 0.578947 1.000000
vt 0.578947 0.000000
vt 0.585526 1.000000
vt 0.585526 0.000000
vt 0.592105 1.000000
vt 0.592105 0.000000
vt 0.598684 1.000000
vt 0.598684 0.000000
vt 0.605263 1.000000
vt 0.605263 0.000000
vt 0.611842 1.000000
vt 0.611842 0.000000
vt 0.618421 1.000000
vt 0.618421 0.000000
vt 0.625000 1.000000
vt 0.625000 0.000000
vt 0.631579 1.000000
vt 0.631579 0.000000
vt 0.638158 1.000000
vt 0.638158 0.000000
vt 0.644737 1.000000
vt 0.644737 0.000000
vt 0.651316 1.000000
vt 0.651316 0.000000
vt 0.657895 1.000000
vt 0.657895 0.000000
vt 0.664474 1.000000
vt 0.664474 0.000000
vt 0.671053 1.000000
vt 0.671053 0.000000
vt 0.677632 1.000000
vt 0.677632 0.000000
vt 0.684211 1.000000
vt 0.684211 0.000000
vt 0.690789 1.000000
vt 0.690789 0.000000
vt 0.697368 1.000000
vt 0.697368 0.000000
vt 0.703947 1.000000
vt 0.703947 0.000000
vt 0.710526 1.000000
vt 0.710526 0.000000
vt 0.717105 1.000000
vt 0.717105 0.000000
vt 0.723684 1.000000
vt 0.723684 0.000000
vt 0.730263 1.000000
vt 0.730263 0.000000
vt 0.736842 1.000000
vt 0.736842 0.000000
vt 0.743421 1.000000
vt 0.743421 0.000000
vt 0.750000 1.000000
vt 0.750000 0.000000
vt 0.756579 1.000000
vt 0.756579 0.000000
vt 0.763158 1.000000
vt 0.763158 0.000000
vt 0.769737 1.000000
vt 0.769737 0.000000
vt 0.776316 1.000000
vt 0.776316 0.000000
vt 0.782895 1.000000
vt 0.782895 0.000000
vt 0.789474 1.000000
vt 0.789474 0.000000
vt 0.796053 1.000000
vt 0.796053 0.000000
vt 0.802632 1.000000
vt 0.802632 0.000000
vt 0.809211 1.000000
vt 0.809211 0.000000
vt 0.815789 1.000000
vt 0.815789 0.000000
vt 0.822368 1.000000
vt 0.822368 0.000000
vt 0.828947 1.000000
vt 0.828947 0.000000
vt 0.835526 1.000000
vt 0.835526 0.000000
vt 0.842105 1.000000
vt 0.842105 0.000000
vt 0.848684 1.000000
vt 0.848684 0.000000
vt 0.855263 1.000000
vt 0.855263 0.000000
vt 0.861842 1.000000
vt 0.861842 0.000000
vt 0.868421 1.000000
vt 0.868421 0.000000
vt 0.875000 1.000000
vt 0.875000 0.000000
vt 0.881579 1.000000
vt 0.881579 0.000000
vt 0.888158 1.000000
vt 0.888158 0.000000
vt 0.894737 1.000000
vt 0.894737 0.000000
vt 0.901316 1.000000
vt 0.901316 0.000000
vt 0.907895 1.000000
vt 0.907895 0.000000
vt 0.914474 1.000000
vt 0.914474 0.000000
vt 0.921053 1.000000
vt 0.921053 0.000000
vt 0.927632 1.000000
vt 0.927632 0.000000
vt 0.934211 1.000000
vt 0.934211 0.000000
vt 0.940789 1.000000
vt 0.940789 0.000000
vt 0.947368 1.000000
vt 0.947368 0.000000
vt 0.953947 1.000000
vt 0.953947 0.000000
vt 0.960526 1.000000
vt 0.960526 0.000000
vt 0.967105 1.000000
vt 0.967105 0.000000
vt 0.973684 1.000000
vt 0.973684 0.000000
vt 0.980263 1.000000
vt 0.980263 0.000000
vt 0.986842 1.000000
vt 0.986842 0.000000
vt 0.993421 1.000000
vt 0.993421 0.000000
vt 1.000000 1.000000
vt 0.001727 1.000000
vt 0.001727 0.000000
vt 0.003454 1.000000
vt 0.003454 0.000000
vt 0.005181 1.000000
vt 0.005181 0.000000
vt 0.006908 1.000000
vt 0.006908 0.000000
vt 0.008636 1.000000
vt 0.008636 0.000000
vt 0.010363 1.000000
vt 0.010363 0.000000
vt 0.012090 1.000000
vt 0.012090 0.000000
vt 0.013817 1.000000
vt 0.013817 0.000000
vt 0.015544 1.000000
vt 0.015544 0.000000
vt 0.017271 1.000000
vt 0.017271 0.000000
vt 0.018998 1.000000
vt 0.018998 0.000000
vt 0.020725 1.000000
vt 0.020725 0.000000
vt 0.022453 1.000000
vt 0.022453 0.000000
vt 0.024180 1.000000
vt 0.024180 0.000000
vt 0.025907 1.000000
vt 0.025907 0.000000
vt 0.027634 1.000000
vt 0.027634 0.000000
vt 0.029361 1.000000
vt 0.029361 0.000000
vt 0.031088 1.000000
vt 0.031088 0.000000
vt 0.032815 1.000000
vt 0.032815 0.000000
vt 0.034542 1.000000
vt 0.034542 0.000000
vt 0.036269 1.000000
vt 0.036269 0.000000
vt 0.037997 1.000000
vt 0.037997 0.000000
vt 0.039724 1.000000
vt 0.039724 0.000000
vt 0.041451 1.000000
vt 0.041451 0.000000
vt 0.043178 1.000000
vt 0.043178 0.000000
vt 0.044905 1.000000
vt 0.044905 0.000000
vt 0.046632 1.000000
vt 0.046632 0.000000
vt 0.048359 1.000000
vt 0.048359 0.000000
vt 0.050086 1.000000
vt 0.050086 0.000000
vt 0.051813 1.000000
vt 0.051813 0.000000
vt 0.053541 1.000000
vt 0.053541 0.000000
vt 0.055268 1.000000
vt 0.055268 0.000000
vt 0.056995 1.000000
vt 0.056995 0.000000
vt 0.058722 1.000000
vt 0.058722 0.000000
vt 0.060449 1.000000
vt 0.060449 0.000000
vt 0.062176 1.000000
vt 0.062176 0.000000
vt 0.063903 1.000000
vt 0.063903 0.000000
vt 0.065630 1.000000
vt 0.065630 0.000000
vt 0.067358 1.000000
vt 0.067358 0.000000
vt 0.069085 1.000000
vt 0.069085 0.000000
vt 0.070812 1.000000
vt 0.070812 0.000000
vt 0.072539 1.000000
vt 0.072539 0.000000
vt 0.074266 1.000000
vt 0.074266 0.000000
vt 0.075993 1.000000
vt 0.075993 0.000000
vt 0.077720 1.000000
vt 0.077720 0.000000
vt 0.079447 1.000000
vt 0.079447 0.000000
vt 0.081174 1.000000
vt 0.081174 0.000000
vt 0.082902 1.000000
vt 0.082902 0.000000
vt 0.084629 1.000000
vt 0.084629 0.000000
vt 0.086356 1.000000
vt 0.086356 0.000000
vt 0.088083 1.000000
vt 0.088083 0.000000
vt 0.089810 1.000000
vt 0.089810 0.000000
vt 0.091537 1.000000
vt 0.091537 0.000000
vt 0.093264 1.000000
vt 0.093264 0.000000
vt 0.094991 1.000000
vt 0.094991 0.000000
vt 0.096718 1.000000
vt 0.096718 0.000000
vt 0.098446 1.000000
vt 0.098446 0.000000
vt 0.100173 1.000000
vt 0.100173 0.000000
vt 0.101900 1.000000
vt 0.101900 0.000000
vt 0.103627 1.000000
vt 0.103627 0.000000
vt 0.105354 1.000000
vt 0.105354 0.000000
vt 0.107081 1.000000
vt 0.107081 0.000000
vt 0.108808 1.000000
vt 0.108808 0.000000
vt 0.110535 1.000000
vt 0.110535 0.000000
vt 0.112263 1.000000
vt 0.112263 0.000000
vt 0.113990 1.000000
vt 0.113990 0.000000
vt 0.115717 1.000000
vt 0.115717 0.000000
vt 0.117444 1.000000
vt 0.117444 0.000000
vt 0.119171 1.000000
vt 0.119171 0.000000
vt 0.120898 1.000000
vt 0.120898 0.000000
vt 0.122625 1.000000
vt 0.122625 0.000000
vt 0.124352 1.000000
vt 0.124352 0.000000
vt 0.126079 1.000000
vt 0.126079 0.000000
vt 0.127807 1.000000
vt 0.127807 0.000000
vt 0.129534 1.000000
vt 0.129534 0.000000
vt 0.131261 1.000000
vt 0.131261 0.000000
vt 0.132988 1.000000
vt 0.132988 0.000000
vt 0.134715 1.000000
vt 0.134715 0.000000
vt 0.136442 1.000000
vt 0.136442 0.000000
vt 0.138169 1.000000
vt 0.138169 0.000000
vt 0.139896 1.000000
vt 0.139896 0.000000
vt 0.141623 1.000000
vt 0.141623 0.000000
vt 0.143351 1.000000
vt 0.143351 0.000000
vt 0.145078 1.000000
vt 0.145078 0.000000
vt 0.146805 1.000000
vt 0.146805 0.000000
vt 0.148532 1.000000
vt 0.148532 0.000000
vt 0.150259 1.000000
vt 0.150259 0.000000
vt 0.151986 1.000000
vt 0.151986 0.000000
vt 0.153713 1.000000
vt 0.153713 0.000000
vt 0.155440 1.000000
vt 0.155440 0.000000
vt 0.157168 1.000000
vt 0.157168 0.000000
vt 0.158895 1.000000
vt 0.158895 0.000000
vt 0.160622 1.000000
vt 0.160622 0.000000
vt 0.162349 1.000000
vt 0.162349 0.000000
vt 0.164076 1.000000
vt 0.164076 0.000000
vt 0.165803 1.000000
vt 0.165803 0.000000
vt 0.167530 1.000000
vt 0.167530 0.000000
vt 0.169257 1.000000
vt 0.169257 0.000000
vt 0.170984 1.000000
vt 0.170984 0.000000
vt 0.172712 1.000000
vt 0.172712 0.000000
vt 0.174439 1.000000
vt 0.174439 0.000000
vt 0.176166 1.000000
vt 0.176166 0.000000
vt 0.177893 1.000000
vt 0.177893 0.000000
vt 0.179620 1.000000
vt 0.179620 0.000000
vt 0.181347 1.000000
vt 0.181347 0.000000
vt 0.183074 1.000000
vt 0.183074 0.000000
vt 0.184801 1.000000
vt 0.184801 0.000000
vt 0.186529 1.000000
vt 0.186529 0.000000
vt 0.188256 1.000000
vt 0.188256 0.000000
vt 0.189983 1.000000
vt 0.189983 0.000000
vt 0.191710 1.000000
vt 0.191710 0.000000
vt 0.193437 1.000000
vt 0.193437 0.000000
vt 0.195164 1.000000
vt 0.195164 0.000000
vt 0.196891 1.000000
vt 0.196891 0.000000
vt 0.198618 1.000000
vt 0.198618 0.000000
vt 0.200345 1.000000
vt 0.200345 0.000000
vt 0.202073 1.000000
vt 0.202073 0.000000
vt 0.203800 1.000000
vt 0.203800 0.000000
vt 0.205527 1.000000
vt 0.205527 0.000000
vt 0.207254 1.000000
vt 0.207254 0.000000
vt 0.208981 1.000000
vt 0.208981 0.000000
vt 0.210708 1.000000
vt 0.210708 0.000000
vt 0.212435 1.000000
vt 0.212435 0.000000
vt 0.214162 1.000000
vt 0.214162 0.000000
vt 0.215889 1.000000
vt 0.215889 0.000000
vt 0.217617 1.000000
vt 0.217617 0.000000
vt 0.219344 1.000000
vt 0.219344 0.000000
vt 0.221071 1.000000
vt 0.221071 0.000000
vt 0.222798 1.000000
vt 0.222798 0.000000
vt 0.224525 1.000000
vt 0.224525 0.000000
vt 0.226252 1.000000
vt 0.226252 0.000000
vt 0.227979 1.000000
vt 0.227979 0.000000
vt 0.229706 1.000000
vt 0.229706 0.000000
vt 0.231434 1.000000
vt 0.231434 0.000000
vt 0.233161 1.000000
vt 0.233161 0.000000
vt 0.234888 1.000000
vt 0.234888 0.000000
vt 0.236615 1.000000
vt 0.236615 0.000000
vt 0.238342 1.000000
vt 0.238342 0.000000
vt 0.240069 1.000000
vt 0.240069 0.000000
vt 0.241796 1.000000
vt 0.241796 0.000000
vt 0.243523 1.000000
vt 0.243523 0.000000
vt 0.245250 1.000000
vt 0.245250 0.000000
vt 0.246978 1.000000
vt 0.246978 0.000000
vt 0.248705 1.000000
vt 0.248705 0.000000
vt 0.250432 1.000000
vt 0.250432 0.000000
vt 0.252159 1.000000
vt 0.252159 0.000000
vt 0.253886 1.000000
vt 0.253886 0.000000
vt 0.255613 1.000000
vt 0.255613 0.000000
vt 0.257340 1.000000
vt 0.257340 0.000000
vt 0.259067 1.000000
vt 0.259067 0.000000
vt 0.260794 1.000000
vt 0.260794 0.000000
vt 0.262522 1.000000
vt 0.262522 0.000000
vt 0.264249 1.000000
vt 0.264249 0.000000
vt 0.265976 1.000000
vt 0.265976 0.000000
vt 0.267703 1.000000
vt 0.267703 0.000000
vt 0.269430 1.000000
vt 0.269430 0.000000
vt 0.271157 1.000000
vt 0.271157 0.000000
vt 0.272884 1.000000
vt 0.272884 0.000000
vt 0.274611 1.000000
vt 0.274611 0.000000
vt 0.276339 1.000000
vt 0.276339 0.000000
vt 0.278066 1.000000
vt 0.278066 0.000000
vt 0.279793 1.000000
vt 0.279793 0.000000
vt 0.281520 1.000000
vt 0.281520 0.000000
vt 0.283247 1.000000
vt 0.283247 0.000000
vt 0.284974 1.000000
vt 0.284974 0.000000
vt 0.286701 1.000000
vt 0.286701 0.000000
vt 0.288428 1.000000
vt 0.288428 0.000000
vt 0.290155 1.000000
vt 0.290155 0.000000
vt 0.291883 1.000000
vt 0.291883 0.000000
vt 0.293610 1.000000
vt 0.293610 0.000000
vt 0.295337 1.000000
vt 0.295337 0.000000
vt 0.297064 1.000000
vt 0.297064 0.000000
vt 0.298791 1.000000
vt 0.298791 0.000000
vt 0.300518 1.000000
vt 0.300518 0.000000
vt 0.302245 1.000000
vt 0.302245 0.000000
vt 0.303972 1.000000
vt 0.303972 0.000000
vt 0.305699 1.000000
vt 0.305699 0.000000
vt 0.307427 1.000000
vt 0.307427 0.000000
vt 0.309154 1.000000
vt 0.309154 0.000000
vt 0.310881 1.000000
vt 0.310881 0.000000
vt 0.312608 1.000000
vt 0.312608 0.000000
vt 0.314335 1.000000
vt 0.314335 0.000000
vt 0.316062 1.000000
vt 0.316062 0.000000
vt 0.317789 1.000000
vt 0.317789 0.000000
vt 0.319516 1.000000
vt 0.319516 0.000000
vt 0.321244 1.000000
vt 0.321244 0.000000
vt 0.322971 1.000000
vt 0.322971 0.000000
vt 0.324698 1.000000
vt 0.324698 0.000000
vt 0.326425 1.000000
vt 0.326425 0.000000
vt 0.328152 1.000000
vt 0.328152 0.000000
vt 0.329879 1.000000
vt 0.329879 0.000000
vt 0.331606 1.000000
vt 0.331606 0.000000
vt 0.333333 1.000000
vt 0.333333 0.000000
vt 0.335060 1.000000
vt 0.335060 0.000000
vt 0.336788 1.000000
vt 0.336788 0.000000
vt 0.338515 1.000000
vt 0.338515 0.000000
vt 0.340242 1.000000
vt 0.340242 0.000000
vt 0.341969 1.000000
vt 0.341969 0.000000
vt 0.343696 1.000000
vt 0.343696 0.000000
vt 0.345423 1.000000
vt 0.345423 0.000000
vt 0.347150 1.000000
vt 0.347150 0.000000
vt 0.348877 1.000000
vt 0.348877 0.000000
vt 0.350605 1.000000
vt 0.350605 0.000000
vt 0.352332 1.000000
vt 0.352332 0.000000
vt 0.354059 1.000000
vt 0.354059 0.000000
vt 0.355786 1.000000
vt 0.355786 0.000000
vt 0.357513 1.000000
vt 0.357513 0.000000
vt 0.359240 1.000000
vt 0.359240 0.000000
vt 0.360967 1.000000
vt 0.360967 0.000000
vt 0.362694 1.000000
vt 0.362694 0.000000
vt 0.364421 1.000000
vt 0.364421 0.000000
vt 0.366149 1.000000
vt 0.366149 0.000000
vt 0.367876 1.000000
vt 0.367876 0.000000
vt 0.369603 1.000000
vt 0.369603 0.000000
vt 0.371330 1.000000
vt 0.371330 0.000000
vt 0.373057 1.000000
vt 0.373057 0.000000
vt 0.374784 1.000000
vt 0.374784 0.000000
vt 0.376511 1.000000
vt 0.376511 0.000000
vt 0.378238 1.000000
vt 0.378238 0.000000
vt 0.379965 1.000000
vt 0.379965 0.000000
vt 0.381693 1.000000
vt 0.381693 0.000000
vt 0.383420 1.000000
vt 0.383420 0.000000
vt 0.385147 1.000000
vt 0.385147 0.000000
vt 0.386874 1.000000
vt 0.386874 0.000000
vt 0.388601 1.000000
vt 0.388601 0.000000
vt 0.390328 1.000000
vt 0.390328 0.000000
vt 0.392055 1.000000
vt 0.392055 0.000000
vt 0.393782 1.000000
vt 0.393782 0.000000
vt 0.395510 1.000000
vt 0.395510 0.000000
vt 0.397237 1.000000
vt 0.397237 0.000000
vt 0.398964 1.000000
vt 0.398964 0.000000
vt 0.400691 1.000000
vt 0.400691 0.000000
vt 0.402418 1.000000
vt 0.402418 0.000000
vt 0.404145 1.000000
vt 0.404145 0.000000
vt 0.405872 1.000000
vt 0.405872 0.000000
vt 0.407599 1.000000
vt 0.407599 0.000000
vt 0.409326 1.000000
vt 0.409326 0.000000
vt 0.411054 1.000000
vt 0.411054 0.000000
vt 0.412781 1.000000
vt 0.412781 0.000000
vt 0.414508 1.000000
vt 0.414508 0.000000
vt 0.416235 1.000000
vt 0.416235 0.000000
vt 0.417962 1.000000
vt 0.417962 0.000000
vt 0.419689 1.000000
vt 0.419689 0.000000
vt 0.421416 1.000000
vt 0.421416 0.000000
vt 0.423143 1.000000
vt 0.423143 0.000000
vt 0.424870 1.000000
vt 0.424870 0.000000
vt 0.426598 1.000000
vt 0.426598 0.000000
vt 0.428325 1.000000
vt 0.428325 0.000000
vt 0.430052 1.000000
vt 0.430052 0.000000
vt 0.431779 1.000000
vt 0.431779 0.000000
vt 0.433506 1.000000
vt 0.433506 0.000000
vt 0.435233 1.000000
vt 0.435233 0.000000
vt 0.436960 1.000000
vt 0.436960 0.000000
vt 0.438687 1.000000
vt 0.438687 0.000000
vt 0.440415 1.000000
vt 0.440415 0.000000
vt 0.442142 1.000000
vt 0.442142 0.000000
vt 0.443869 1.000000
vt 0.443869 0.000000
vt 0.445596 1.000000
vt 0.445596 0.000000
vt 0.447323 1.000000
vt 0.447323 0.000000
vt 0.449050 1.000000
vt 0.449050 0.000000
vt 0.450777 1.000000
vt 0.450777 0.000000
vt 0.452504 1.000000
vt 0.452504 0.000000
vt 0.454231 1.000000
vt 0.454231 0.000000
vt 0.455959 1.000000
vt 0.455959 0.000000
vt 0.457686 1.000000
vt 0.457686 0.000000
vt 0.459413 1.000000
vt 0.459413 0.000000
vt 0.461140 1.000000
vt 0.461140 0.000000
vt 0.462867 1.000000
vt 0.462867 0.000000
vt 0.464594 1.000000
vt 0.464594 0.000000
vt 0.466321 1.000000
vt 0.466321 0.000000
vt 0.468048 1.000000
vt 0.468048 0.000000
vt 0.469775 1.000000
vt 0.469775 0.000000
vt 0.471503 1.000000
vt 0.471503 0.000000
vt 0.473230 1.000000
vt 0.473230 0.000000
vt 0.474957 1.000000
vt 0.474957 0.000000
vt 0.476684 1.000000
vt 0.476684 0.000000
vt 0.478411 1.000000
vt 0.478411 0.000000
vt 0.480138 1.000000
vt 0.480138 0.000000
vt 0.481865 1.000000
vt 0.481865 0.000000
vt 0.483592 1.000000
vt 0.483592 0.000000
vt 0.485320 1.000000
vt 0.485320 0.000000
vt 0.487047 1.000000
vt 0.487047 0.000000
vt 0.488774 1.000000
vt 0.488774 0.000000
vt 0.490501 1.000000
vt 0.490501 0.000000
vt 0.492228 1.000000
vt 0.492228 0.000000
vt 0.493955 1.000000
vt 0.493955 0.000000
vt 0.495682 1.000000
vt 0.495682 0.000000
vt 0.497409 1.000000
vt 0.497409 0.000000
vt 0.499136 1.000000
vt 0.499136 0.000000
vt 0.500864 1.000000
vt 0.500864 0.000000
vt 0.502591 1.000000
vt 0.502591 0.000000
vt 0.504318 1.000000
vt 0.504318 0.000000
vt 0.506045 1.000000
vt 0.506045 0.000000
vt 0.507772 1.000000
vt 0.507772 0.000000
vt 0.509499 1.000000
vt 0.509499 0.000000
vt 0.511226 1.000000
vt 0.511226 0.000000
vt 0.512953 1.000000
vt 0.512953 0.000000
vt 0.514681 1.000000
vt 0.514681 0.000000
vt 0.516408 1.000000
vt 0.516408 0.000000
vt 0.518135 1.000000
vt 0.518135 0.000000
vt 0.519862 1.000000
vt 0.519862 0.000000
vt 0.521589 1.000000
vt 0.521589 0.000000
vt 0.523316 1.000000
vt 0.523316 0.000000
vt 0.525043 1.000000
vt 0.525043 0.000000
vt 0.526770 1.000000
vt 0.526770 0.000000
vt 0.528497 1.000000
vt 0.528497 0.000000
vt 0.530225 1.000000
vt 0.530225 0.000000
vt 0.531952 1.000000
vt 0.531952 0.000000
vt 0.533679 1.000000
vt 0.533679 0.000000
vt 0.535406 1.000000
vt 0.535406 0.000000
vt 0.537133 1.000000
vt 0.537133 0.000000
vt 0.538860 1.000000
vt 0.538860 0.000000
vt 0.540587 1.000000
vt 0.540587 0.000000
vt 0.542314 1.000000
vt 0.542314 0.000000
vt 0.544041 1.000000
vt 0.544041 0.000000
vt 0.545769 1.000000
vt 0.545769 0.000000
vt 0.547496 1.000000
vt 0.547496 0.000000
vt 0.549223 1.000000
vt 0.549223 0.000000
vt 0.550950 1.000000
vt 0.550950 0.000000
vt 0.552677 1.000000
vt 0.552677 0.000000
vt 0.554404 1.000000
vt 0.554404 0.000000
vt 0.556131 1.000000
vt 0.556131 0.000000
vt 0.557858 1.000000
vt 0.557858 0.000000
vt 0.559586 1.000000
vt 0.559586 0.000000
vt 0.561313 1.000000
vt 0.561313 0.000000
vt 0.563040 1.000000
vt 0.563040 0.000000
vt 0.564767 1.000000
vt 0.564767 0.000000
vt 0.566494 1.000000
vt 0.566494 0.000000
vt 0.568221 1.000000
vt 0.568221 0.000000
vt 0.569948 1.000000
vt 0.569948 0.000000
vt 0.571675 1.000000
vt 0.571675 0.000000
vt 0.573402 1.000000
vt 0.573402 0.000000
vt 0.575130 1.000000
vt 0.575130 0.000000
vt 0.576857 1.000000
vt 0.576857 0.000000
vt 0.578584 1.000000
vt 0.578584 0.000000
vt 0.580311 1.000000
vt 0.580311 0.000000
vt 0.582038 1.000000
vt 0.582038 0.000000
vt 0.583765 1.000000
vt 0.583765 0.000000
vt 0.585492 1.000000
vt 0.585492 0.000000
vt 0.587219 1.000000
vt 0.587219 0.000000
vt 0.588946 1.000000
vt 0.588946 0.000000
vt 0.590674 1.000000
vt 0.590674 0.000000
vt 0.592401 1.000000
vt 0.592401 0.000000
vt 0.594128 1.000000
vt 0.594128 0.000000
vt 0.595855 1.000000
vt 0.595855 0.000000
vt 0.597582 1.000000
vt 0.597582 0.000000
vt 0.599309 1.000000
vt 0.599309 0.000000
vt 0.601036 1.000000
vt 0.601036 0.000000
vt 0.602763 1.000000
vt 0.602763 0.000000
vt 0.604491 1.000000
vt 0.604491 0.000000
vt 0.606218 1.000000
vt 0.606218 0.000000
vt 0.607945 1.000000
vt 0.607945 0.000000
vt 0.609672 1.000000
vt 0.609672 0.000000
vt 0.611399 1.000000
vt 0.611399 0.000000
vt 0.613126 1.000000
vt 0.613126 0.000000
vt 0.614853 1.000000
vt 0.614853 0.000000
vt 0.616580 1.000000
vt 0.616580 0.000000
vt 0.618307 1.000000
vt 0.618307 0.000000
vt 0.620035 1.000000
vt 0.620035 0.000000
vt 0.621762 1.000000
vt 0.621762 0.000000
vt 0.623489 1.000000
vt 0.623489 0.000000
vt 0.625216 1.000000
vt 0.625216 0.000000
vt 0.626943 1.000000
vt 0.626943 0.000000
vt 0.628670 1.000000
vt 0.628670 0.000000
vt 0.630397 1.000000
vt 0.630397 0.000000
vt 0.632124 1.000000
vt 0.632124 0.000000
vt 0.633851 1.000000
vt 0.633851 0.000000
vt 0.635579 1.000000
vt 0.635579 0.000000
vt 0.637306 1.000000
vt 0.637306 0.000000
vt 0.639033 1.000000
vt 0.639033 0.000000
vt 0.640760 1.000000
vt 0.640760 0.000000
vt 0.642487 1.000000
vt 0.642487 0.000000
vt 0.644214 1.000000
vt 0.644214 0.000000
vt 0.645941 1.000000
vt 0.645941 0.000000
vt 0.647668 1.000000
vt 0.647668 0.000000
vt 0.649396 1.000000
vt 0.649396 0.000000
vt 0.651123 1.000000
vt 0.651123 0.000000
vt 0.652850 1.000000
vt 0.652850 0.000000
vt 0.654577 1.000000
vt 0.654577 0.000000
vt 0.656304 1.000000
vt 0.656304 0.000000
vt 0.658031 1.000000
vt 0.658031 0.000000
vt 0.659758 1.000000
vt 0.659758 0.000000
vt 0.661485 1.000000
vt 0.661485 0.000000
vt 0.663212 1.000000
vt 0.663212 0.000000
vt 0.664940 1.000000
vt 0.664940 0.000000
vt 0.666667 1.000000
vt 0.666667 0.000000
vt 0.668394 1.000000
vt 0.668394 0.000000
vt 0.670121 1.000000
vt 0.670121 0.000000
vt 0.671848 1.000000
vt 0.671848 0.000000
vt 0.673575 1.000000
vt 0.673575 0.000000
vt 0.675302 1.000000
vt 0.675302 0.000000
vt 0.677029 1.000000
vt 0.677029 0.000000
vt 0.678756 1.000000
vt 0.678756 0.000000
vt 0.680484 1.000000
vt 0.680484 0.000000
vt 0.682211 1.000000
vt 0.682211 0.000000
vt 0.683938 1.000000
vt 0.683938 0.000000
vt 0.685665 1.000000
vt 0.685665 0.000000
vt 0.687392 1.000000
vt 0.687392 0.000000
vt 0.689119 1.000000
vt 0.689119 0.000000
vt 0.690846 1.000000
vt 0.690846 0.000000
vt 0.692573 1.000000
vt 0.692573 0.000000
vt 0.694301 1.000000
vt 0.694301 0.000000
vt 0.696028 1.000000
vt 0.696028 0.000000
vt 0.697755 1.000000
vt 0.697755 0.000000
vt 0.699482 1.000000
vt 0.699482 0.000000
vt 0.701209 1.000000
vt 0.701209 0.000000
vt 0.702936 1.000000
vt 0.702936 0.000000
vt 0.704663 1.000000
vt 0.704663 0.000000
vt 0.706390 1.000000
vt 0.706390 0.000000
vt 0.708117 1.000000
vt 0.708117 0.000000
vt 0.709845 1.000000
vt 0.709845 0.000000
vt 0.711572 1.000000
vt 0.711572 0.000000
vt 0.713299 1.000000
vt 0.713299 0.000000
vt 0.715026 1.000000
vt 0.715026 0.000000
vt 0.716753 1.000000
vt 0.716753 0.000000
vt 0.718480 1.000000
vt 0.718480 0.000000
vt 0.720207 1.000000
vt 0.720207 0.000000
vt 0.721934 1.000000
vt 0.721934 0.000000
vt 0.723661 1.000000
vt 0.723661 0.000000
vt 0.725389 1.000000
vt 0.725389 0.000000
vt 0.727116 1.000000
vt 0.727116 0.000000
vt 0.728843 1.000000
vt 0.728843 0.000000
vt 0.730570 1.000000
vt 0.730570 0.000000
vt 0.732297 1.000000
vt 0.732297 0.000000
vt 0.734024 1.000000
vt 0.734024 0.000000
vt 0.735751 1.000000
vt 0.735751 0.000000
vt 0.737478 1.000000
vt 0.737478 0.000000
vt 0.739206 1.000000
vt 0.739206 0.000000
vt 0.740933 1.000000
vt 0.740933 0.000000
vt 0.742660 1.000000
vt 0.742660 0.000000
vt 0.744387 1.000000
vt 0.744387 0.000000
vt 0.746114 1.000000
vt 0.746114 0.000000
vt 0.747841 1.000000
vt 0.747841 0.000000
vt 0.749568 1.000000
vt 0.749568 0.000000
vt 0.751295 1.000000
vt 0.751295 0.000000
vt 0.753022 1.000000
vt 0.753022 0.000000
vt 0.754750 1.000000
vt 0.754750 0.000000
vt 0.756477 1.000000
vt 0.756477 0.000000
vt 0.758204 1.000000
vt 0.758204 0.000000
vt 0.759931 1.000000
vt 0.759931 0.000000
vt 0.761658 1.000000
vt 0.761658 0.000000
vt 0.763385 1.000000
vt 0.763385 0.000000
vt 0.765112 1.000000
vt 0.765112 0.000000
vt 0.766839 1.000000
vt 0.766839 0.000000
vt 0.768566 1.000000
vt 0.768566 0.000000
vt 0.770294 1.000000
vt 0.770294 0.000000
vt 0.772021 1.000000
vt 0.772021 0.000000
vt 0.773748 1.000000
vt 0.773748 0.000000
vt 0.775475 1.000000
vt 0.775475 0.000000
vt 0.777202 1.000000
vt 0.777202 0.000000
vt 0.778929 1.000000
vt 0.778929 0.000000
vt 0.780656 1.000000
vt 0.780656 0.000000
vt 0.782383 1.000000
vt 0.782383 0.000000
vt 0.784111 1.000000
vt 0.784111 0.000000
vt 0.785838 1.000000
vt 0.785838 0.000000
vt 0.787565 1.000000
vt 0.787565 0.000000
vt 0.789292 1.000000
vt 0.789292 0.000000
vt 0.791019 1.000000
vt 0.791019 0.000000
vt 0.792746 1.000000
vt 0.792746 0.000000
vt 0.794473 1.000000
vt 0.794473 0.000000
vt 0.796200 1.000000
vt 0.796200 0.000000
vt 0.797927 1.000000
vt 0.797927 0.000000
vt 0.799655 1.000000
vt 0.799655 0.000000
vt 0.801382 1.000000
vt 0.801382 0.000000
vt 0.803109 1.000000
vt 0.803109 0.000000
vt 0.804836 1.000000
vt 0.804836 0.000000
vt 0.806563 1.000000
vt 0.806563 0.000000
vt 0.808290 1.000000
vt 0.808290 0.000000
vt 0.810017 1.000000
vt 0.810017 0.000000
vt 0.811744 1.000000
vt 0.811744 0.000000
vt 0.813471 1.000000
vt 0.813471 0.000000
vt 0.815199 1.000000
vt 0.815199 0.000000
vt 0.816926 1.000000
vt 0.816926 0.000000
vt 0.818653 1.000000
vt 0.818653 0.000000
vt 0.820380 1.000000
vt 0.820380 0.000000
vt 0.822107 1.000000
vt 0.822107 0.000000
vt 0.823834 1.000000
vt 0.823834 0.000000
vt 0.825561 1.000000
vt 0.825561 0.000000
vt 0.827288 1.000000
vt 0.827288 0.000000
vt 0.829016 1.000000
vt 0.829016 0.000000
vt 0.830743 1.000000
vt 0.830743 0.000000
vt 0.832470 1.000000
vt 0.832470 0.000000
vt 0.834197 1.000000
vt 0.834197 0.000000
vt 0.835924 1.000000
vt 0.835924 0.000000
vt 0.837651 1.000000
vt 0.837651 0.000000
vt 0.839378 1.000000
vt 0.839378 0.000000
vt 0.841105 1.000000
vt 0.841105 0.000000
vt 0.842832 1.000000
vt 0.842832 0.000000
vt 0.844560 1.000000
vt 0.844560 0.000000
vt 0.846287 1.000000
vt 0.846287 0.000000
vt 0.848014 1.000000
vt 0.848014 0.000000
vt 0.849741 1.000000
vt 0.849741 0.000000
vt 0.851468 1.000000
vt 0.851468 0.000000
vt 0.853195 1.000000
vt 0.853195 0.000000
vt 0.854922 1.000000
vt 0.854922 0.000000
vt 0.856649 1.000000
vt 0.856649 0.000000
vt 0.858377 1.000000
vt 0.858377 0.000000
vt 0.860104 1.000000
vt 0.860104 0.000000
vt 0.861831 1.000000
vt 0.861831 0.000000
vt 0.863558 1.000000
vt 0.863558 0.000000
vt 0.865285 1.000000
vt 0.865285 0.000000
vt 0.867012 1.000000
vt 0.867012 0.000000
vt 0.868739 1.000000
vt 0.868739 0.000000
vt 0.870466 1.000000
vt 0.870466 0.000000
vt 0.872193 1.000000
vt 0.872193 0.000000
vt 0.873921 1.000000
vt 0.873921 0.000000
vt 0.875648 1.000000
vt 0.875648 0.000000
vt 0.877375 1.000000
vt 0.877375 0.000000
vt 0.879102 1.000000
vt 0.879102 0.000000
vt 0.880829 1.000000
vt 0.880829 0.000000
vt 0.882556 1.000000
vt 0.882556 0.000000
vt 0.884283 1.000000
vt 0.884283 0.000000
vt 0.886010 1.000000
vt 0.886010 0.000000
vt 0.887737 1.000000
vt 0.887737 0.000000
vt 0.889465 1.000000
vt 0.889465 0.000000
vt 0.891192 1.000000
vt 0.891192 0.000000
vt 0.892919 1.000000
vt 0.892919 0.000000
vt 0.894646 1.000000
vt 0.894646 0.000000
vt 0.896373 1.000000
vt 0.896373 0.000000
vt 0.898100 1.000000
vt 0.898100 0.000000
vt 0.899827 1.000000
vt 0.899827 0.000000
vt 0.901554 1.000000
vt 0.901554 0.000000
vt 0.903282 1.000000
vt 0.903282 0.000000
vt 0.905009 1.000000
vt 0.905009 0.000000
vt 0.906736 1.000000
vt 0.906736 0.000000
vt 0.908463 1.000000
vt 0.908463 0.000000
vt 0.910190 1.000000
vt 0.910190 0.000000
vt 0.911917 1.000000
vt 0.911917 0.000000
vt 0.913644 1.000000
vt 0.913644 0.000000
vt 0.915371 1.000000
vt 0.915371 0.000000
vt 0.917098 1.000000
vt 0.917098 0.000000
vt 0.918826 1.000000
vt 0.918826 0.000000
vt 0.920553 1.000000
vt 0.920553 0.000000
vt 0.922280 1.000000
vt 0.922280 0.000000
vt 0.924007 1.000000
vt 0.924007 0.000000
vt 0.925734 1.000000
vt 0.925734 0.000000
vt 0.927461 1.000000
vt 0.927461 0.000000
vt 0.929188 1.000000
vt 0.929188 0.000000
vt 0.930915 1.000000
vt 0.930915 0.000000
vt 0.932642 1.000000
vt 0.932642 0.000000
vt 0.934370 1.000000
vt 0.934370 0.000000
vt 0.936097 1.000000
vt 0.936097 0.000000
vt 0.937824 1.000000
vt 0.937824 0.000000
vt 0.939551 1.000000
vt 0.939551 0.000000
vt 0.941278 1.000000
vt 0.941278 0.000000
vt 0.943005 1.000000
vt 0.943005 0.000000
vt 0.944732 1.000000
vt 0.944732 0.000000
vt 0.946459 1.000000
vt 0.946459 0.000000
vt 0.948187 1.000000
vt 0.948187 0.000000
vt 0.949914 1.000000
vt 0.949914 0.000000
vt 0.951641 1.000000
vt 0.951641 0.000000
vt 0.953368 1.000000
vt 0.953368 0.000000
vt 0.955095 1.000000
vt 0.955095 0.000000
vt 0.956822 1.000000
vt 0.956822 0.000000
vt 0.958549 1.000000
vt 0.958549 0.000000
vt 0.960276 1.000000
vt 0.960276 0.000000
vt 0.962003 1.000000
vt 0.962003 0.000000
vt 0.963731 1.000000
vt 0.963731 0.000000
vt 0.965458 1.000000
vt 0.965458 0.000000
vt 0.967185 1.000000
vt 0.967185 0.000000
vt 0.968912 1.000000
vt 0.968912 0.000000
vt 0.970639 1.000000
vt 0.970639 0.000000
vt 0.972366 1.000000
vt 0.972366 0.000000
vt 0.974093 1.000000
vt 0.974093 0.000000
vt 0.975820 1.000000
vt 0.975820 0.000000
vt 0.977547 1.000000
vt 0.977547 0.000000
vt 0.979275 1.000000
vt 0.979275 0.000000
vt 0.981002 1.000000
vt 0.981002 0.000000
vt 0.982729 1.000000
vt 0.982729 0.000000
vt 0.984456 1.000000
vt 0.984456 0.000000
vt 0.986183 1.000000
vt 0.986183 0.000000
vt 0.987910 1.000000
vt 0.987910 0.000000
vt 0.989637 1.000000
vt 0.989637 0.000000
vt 0.991364 1.000000
vt 0.991364 0.000000
vt 0.993092 1.000000
vt 0.993092 0.000000
vt 0.994819 1.000000
vt 0.994819 0.000000
vt 0.996546 1.000000
vt 0.996546 0.000000
vt 0.998273 1.000000
vt 0.998273 0.000000
vt 0.503460 0.000000
vt 0.501730 0.000000
vt 0.498270 0.000000
vt 0.505190 0.000000
vt 0.496540 0.000000
vt 0.506920 0.000000
vt 0.494810 0.000000
vt 0.591695 0.000000
vt 0.595156 0.000000
vt 0.593426 0.000000
vt 0.596886 0.000000
vt 0.589965 0.000000
vt 0.598616 0.000000
vt 0.588235 0.000000
vt 0.493080 0.000000
vt 0.600346 0.000000
vt 0.602076 0.000000
vt 0.491349 0.000000
vt 0.603806 0.000000
vt 0.489619 0.000000
vt 0.605536 0.000000
vt 0.508651 0.000000
vt 0.487889 0.000000
vt 0.607266 0.000000
vt 0.608997 0.000000
vt 0.486159 0.000000
vt 0.610727 0.000000
vt 0.484429 0.000000
vt 0.612457 0.000000
vt 0.482699 0.000000
vt 0.614187 0.000000
vt 0.510381 0.000000
vt 0.692042 0.000000
vt 0.695502 0.000000
vt 0.693772 0.000000
vt 0.413495 0.000000
vt 0.416955 0.000000
vt 0.415225 0.000000
vt 0.411765 0.000000
vt 0.410035 0.000000
vt 0.408305 0.000000
vt 0.406574 0.000000
vt 0.404844 0.000000
vt 0.403114 0.000000
vt 0.401384 0.000000
vt 0.418685 0.000000
vt 0.399654 0.000000
vt 0.397924 0.000000
vt 0.690311 0.000000
vt 0.396194 0.000000
vt 0.394464 0.000000
vt 0.392734 0.000000
vt 0.615917 0.000000
vt 0.391003 0.000000
vt 0.389273 0.000000
vt 0.420415 0.000000
vt 0.697232 0.000000
vt 0.387543 0.000000
vt 0.698962 0.000000
vt 0.700692 0.000000
vt 0.702422 0.000000
vt 0.385813 0.000000
vt 0.704152 0.000000
vt 0.705882 0.000000
vt 0.384083 0.000000
vt 0.512111 0.000000
vt 0.707612 0.000000
vt 0.688581 0.000000
vt 0.709343 0.000000
vt 0.382353 0.000000
vt 0.711073 0.000000
vt 0.712803 0.000000
vt 0.422145 0.000000
vt 0.714533 0.000000
vt 0.380623 0.000000
vt 0.716263 0.000000
vt 0.717993 0.000000
vt 0.378893 0.000000
vt 0.719723 0.000000
vt 0.721453 0.000000
vt 0.723183 0.000000
vt 0.617647 0.000000
vt 0.377163 0.000000
vt 0.724913 0.000000
vt 0.726644 0.000000
vt 0.728374 0.000000
vt 0.730104 0.000000
vt 0.375433 0.000000
vt 0.731834 0.000000
vt 0.733564 0.000000
vt 0.735294 0.000000
vt 0.373702 0.000000
vt 0.423875 0.000000
vt 0.737024 0.000000
vt 0.686851 0.000000
vt 0.738754 0.000000
vt 0.740484 0.000000
vt 0.371972 0.000000
vt 0.742215 0.000000
vt 0.743945 0.000000
vt 0.513841 0.000000
vt 0.745675 0.000000
vt 0.747405 0.000000
vt 0.425606 0.000000
vt 0.749135 0.000000
vt 0.619377 0.000000
vt 0.750865 0.000000
vt 0.823529 0.000000
vt 0.826990 0.000000
vt 0.825260 0.000000
vt 0.828720 0.000000
vt 0.830450 0.000000
vt 0.285467 0.000000
vt 0.288927 0.000000
vt 0.287197 0.000000
vt 0.832180 0.000000
vt 0.833910 0.000000
vt 0.752595 0.000000
vt 0.835640 0.000000
vt 0.837370 0.000000
vt 0.839100 0.000000
vt 0.685121 0.000000
vt 0.840830 0.000000
vt 0.842561 0.000000
vt 0.290657 0.000000
vt 0.283737 0.000000
vt 0.844291 0.000000
vt 0.754325 0.000000
vt 0.846021 0.000000
vt 0.847751 0.000000
vt 0.756055 0.000000
vt 0.282007 0.000000
vt 0.849481 0.000000
vt 0.757785 0.000000
vt 0.759516 0.000000
vt 0.427336 0.000000
vt 0.851211 0.000000
vt 0.280277 0.000000
vt 0.292388 0.000000
vt 0.852941 0.000000
vt 0.278547 0.000000
vt 0.515571 0.000000
vt 0.854671 0.000000
vt 0.276817 0.000000
vt 0.856401 0.000000
vt 0.621107 0.000000
vt 0.275086 0.000000
vt 0.858131 0.000000
vt 0.429066 0.000000
vt 0.294118 0.000000
vt 0.273356 0.000000
vt 0.859862 0.000000
vt 0.683391 0.000000
vt 0.861592 0.000000
vt 0.271626 0.000000
vt 0.863322 0.000000
vt 0.269896 0.000000
vt 0.865052 0.000000
vt 0.430796 0.000000
vt 0.295848 0.000000
vt 0.268166 0.000000
vt 0.866782 0.000000
vt 0.266436 0.000000
vt 0.517301 0.000000
vt 0.868512 0.000000
vt 0.870242 0.000000
vt 0.622837 0.000000
vt 0.264706 0.000000
vt 0.871972 0.000000
vt 0.432526 0.000000
vt 0.681661 0.000000
vt 0.873702 0.000000
vt 0.297578 0.000000
vt 0.434256 0.000000
vt 0.875433 0.000000
vt 0.435986 0.000000
vt 0.877163 0.000000
vt 0.437716 0.000000
vt 0.192042 0.000000
vt 0.195502 0.000000
vt 0.193772 0.000000
vt 0.197232 0.000000
vt 0.198962 0.000000
vt 0.953287 0.000000
vt 0.956747 0.000000
vt 0.955017 0.000000
vt 0.958477 0.000000
vt 0.951557 0.000000
vt 0.960208 0.000000
vt 0.949827 0.000000
vt 0.200692 0.000000
vt 0.961938 0.000000
vt 0.948097 0.000000
vt 0.963668 0.000000
vt 0.946367 0.000000
vt 0.965398 0.000000
vt 0.944637 0.000000
vt 0.967128 0.000000
vt 0.942907 0.000000
vt 0.941176 0.000000
vt 0.968858 0.000000
vt 0.939446 0.000000
vt 0.937716 0.000000
vt 0.970588 0.000000
vt 0.972318 0.000000
vt 0.974048 0.000000
vt 0.202422 0.000000
vt 0.975779 0.000000
vt 0.977509 0.000000
vt 0.979239 0.000000
vt 0.980969 0.000000
vt 0.982699 0.000000
vt 0.519031 0.000000
vt 0.878893 0.000000
vt 0.204152 0.000000
vt 0.205882 0.000000
vt 0.207612 0.000000
vt 0.624567 0.000000
vt 0.299308 0.000000
vt 0.190311 0.000000
vt 0.984429 0.000000
vt 0.209343 0.000000
vt 0.211073 0.000000
vt 0.212803 0.000000
vt 0.214533 0.000000
vt 0.216263 0.000000
vt 0.986159 0.000000
vt 0.679931 0.000000
vt 0.188581 0.000000
vt 0.880623 0.000000
vt 0.987889 0.000000
vt 0.186851 0.000000
vt 0.989619 0.000000
vt 0.882353 0.000000
vt 0.991349 0.000000
vt 0.185121 0.000000
vt 0.993080 0.000000
vt 0.884083 0.000000
vt 0.183391 0.000000
vt 0.301038 0.000000
vt 0.994810 0.000000
vt 0.181661 0.000000
vt 0.885813 0.000000
vt 0.996540 0.000000
vt 0.480969 0.000000
vt 0.887543 0.000000
vt 0.479239 0.000000
vt 0.520761 0.000000
vt 0.998270 0.000000
vt 0.626298 0.000000
vt 0.889273 0.000000
vt 0.179931 0.000000
vt 0.477509 0.000000
vt 0.678201 0.000000
vt 0.178201 0.000000
vt 0.475779 0.000000
vt 0.001730 0.000000
vt 0.176471 0.000000
vt 0.935986 0.000000
vt 0.302768 0.000000
vt 0.003460 0.000000
vt 0.005190 0.000000
vt 0.474048 0.000000
vt 0.174740 0.000000
vt 0.006920 0.000000
vt 0.008651 0.000000
vt 0.217993 0.000000
vt 0.010381 0.000000
vt 0.173010 0.000000
vt 0.012111 0.000000
vt 0.013841 0.000000
vt 0.472318 0.000000
vt 0.628028 0.000000
vt 0.015571 0.000000
vt 0.171280 0.000000
vt 0.522491 0.000000
vt 0.017301 0.000000
vt 0.169550 0.000000
vt 0.676471 0.000000
vt 0.167820 0.000000
vt 0.304498 0.000000
vt 0.019031 0.000000
vt 0.166090 0.000000
vt 0.164360 0.000000
vt 0.162630 0.000000
vt 0.020761 0.000000
vt 0.160900 0.000000
vt 0.159170 0.000000
vt 0.470588 0.000000
vt 0.157439 0.000000
vt 0.022491 0.000000
vt 0.155709 0.000000
vt 0.024221 0.000000
vt 0.153979 0.000000
vt 0.152249 0.000000
vt 0.150519 0.000000
vt 0.148789 0.000000
vt 0.025952 0.000000
vt 0.147059 0.000000
vt 0.468858 0.000000
vt 0.027682 0.000000
vt 0.934256 0.000000
vt 0.306228 0.000000
vt 0.145329 0.000000
vt 0.586505 0.000000
vt 0.629758 0.000000
vt 0.584775 0.000000
vt 0.583045 0.000000
vt 0.674740 0.000000
vt 0.029412 0.000000
vt 0.219723 0.000000
vt 0.524221 0.000000
vt 0.581315 0.000000
vt 0.467128 0.000000
vt 0.143599 0.000000
vt 0.579585 0.000000
vt 0.307958 0.000000
vt 0.439446 0.000000
vt 0.031142 0.000000
vt 0.577855 0.000000
vt 0.309689 0.000000
vt 0.465398 0.000000
vt 0.141869 0.000000
vt 0.576125 0.000000
vt 0.631488 0.000000
vt 0.574394 0.000000
vt 0.673010 0.000000
vt 0.032872 0.000000
vt 0.463668 0.000000
vt 0.572664 0.000000
vt 0.761246 0.000000
vt 0.525952 0.000000
vt 0.821799 0.000000
vt 0.140138 0.000000
vt 0.820069 0.000000
vt 0.633218 0.000000
vt 0.634948 0.000000
vt 0.636678 0.000000
vt 0.818339 0.000000
vt 0.638408 0.000000
vt 0.640138 0.000000
vt 0.671280 0.000000
vt 0.669550 0.000000
vt 0.641869 0.000000
vt 0.570934 0.000000
vt 0.667820 0.000000
vt 0.643599 0.000000
vt 0.370242 0.000000
vt 0.666090 0.000000
vt 0.816609 0.000000
vt 0.645329 0.000000
vt 0.368512 0.000000
vt 0.461938 0.000000
vt 0.664360 0.000000
vt 0.647059 0.000000
vt 0.662630 0.000000
vt 0.648789 0.000000
vt 0.660900 0.000000
vt 0.366782 0.000000
vt 0.650519 0.000000
vt 0.659170 0.000000
vt 0.652249 0.000000
vt 0.657439 0.000000
vt 0.653979 0.000000
vt 0.655709 0.000000
vt 0.814879 0.000000
vt 0.365052 0.000000
vt 0.569204 0.000000
vt 0.460208 0.000000
vt 0.458477 0.000000
vt 0.456747 0.000000
vt 0.455017 0.000000
vt 0.034602 0.000000
vt 0.453287 0.000000
vt 0.363322 0.000000
vt 0.451557 0.000000
vt 0.527682 0.000000
vt 0.567474 0.000000
vt 0.813149 0.000000
vt 0.441176 0.000000
vt 0.449827 0.000000
vt 0.529412 0.000000
vt 0.448097 0.000000
vt 0.531142 0.000000
vt 0.565744 0.000000
vt 0.446367 0.000000
vt 0.532872 0.000000
vt 0.564014 0.000000
vt 0.444637 0.000000
vt 0.442907 0.000000
vt 0.534602 0.000000
vt 0.562284 0.000000
vt 0.361592 0.000000
vt 0.560554 0.000000
vt 0.536332 0.000000
vt 0.558824 0.000000
vt 0.538062 0.000000
vt 0.557093 0.000000
vt 0.539792 0.000000
vt 0.555363 0.000000
vt 0.541523 0.000000
vt 0.553633 0.000000
vt 0.811419 0.000000
vt 0.551903 0.000000
vt 0.543253 0.000000
vt 0.550173 0.000000
vt 0.544983 0.000000
vt 0.548443 0.000000
vt 0.546713 0.000000
vt 0.359862 0.000000
vt 0.138408 0.000000
vt 0.809689 0.000000
vt 0.358131 0.000000
vt 0.356401 0.000000
vt 0.807958 0.000000
vt 0.262976 0.000000
vt 0.354671 0.000000
vt 0.261246 0.000000
vt 0.036332 0.000000
vt 0.806228 0.000000
vt 0.352941 0.000000
vt 0.762976 0.000000
vt 0.259516 0.000000
vt 0.764706 0.000000
vt 0.351211 0.000000
vt 0.766436 0.000000
vt 0.349481 0.000000
vt 0.768166 0.000000
vt 0.804498 0.000000
vt 0.347751 0.000000
vt 0.311419 0.000000
vt 0.769896 0.000000
vt 0.346021 0.000000
vt 0.313149 0.000000
vt 0.771626 0.000000
vt 0.344291 0.000000
vt 0.802768 0.000000
vt 0.314879 0.000000
vt 0.773356 0.000000
vt 0.257785 0.000000
vt 0.342561 0.000000
vt 0.801038 0.000000
vt 0.316609 0.000000
vt 0.775087 0.000000
vt 0.799308 0.000000
vt 0.340830 0.000000
vt 0.318339 0.000000
vt 0.797578 0.000000
vt 0.776817 0.000000
vt 0.795848 0.000000
vt 0.339100 0.000000
vt 0.320069 0.000000
vt 0.778547 0.000000
vt 0.136678 0.000000
vt 0.794118 0.000000
vt 0.792388 0.000000
vt 0.780277 0.000000
vt 0.321799 0.000000
vt 0.790657 0.000000
vt 0.337370 0.000000
vt 0.788927 0.000000
vt 0.782007 0.000000
vt 0.787197 0.000000
vt 0.783737 0.000000
vt 0.785467 0.000000
vt 0.323529 0.000000
vt 0.335640 0.000000
vt 0.325260 0.000000
vt 0.333910 0.000000
vt 0.326990 0.000000
vt 0.332180 0.000000
vt 0.328720 0.000000
vt 0.256055 0.000000
vt 0.330450 0.000000
vt 0.038062 0.000000
vt 0.254325 0.000000
vt 0.221453 0.000000
vt 0.252595 0.000000
vt 0.891003 0.000000
vt 0.932526 0.000000
vt 0.134948 0.000000
vt 0.039792 0.000000
vt 0.250865 0.000000
vt 0.249135 0.000000
vt 0.133218 0.000000
vt 0.041522 0.000000
vt 0.247405 0.000000
vt 0.043253 0.000000
vt 0.892734 0.000000
vt 0.894464 0.000000
vt 0.896194 0.000000
vt 0.245675 0.000000
vt 0.897924 0.000000
vt 0.899654 0.000000
vt 0.131488 0.000000
vt 0.901384 0.000000
vt 0.903114 0.000000
vt 0.930796 0.000000
vt 0.929066 0.000000
vt 0.927336 0.000000
vt 0.925606 0.000000
vt 0.923875 0.000000
vt 0.904844 0.000000
vt 0.922145 0.000000
vt 0.920415 0.000000
vt 0.906574 0.000000
vt 0.918685 0.000000
vt 0.243945 0.000000
vt 0.916955 0.000000
vt 0.908305 0.000000
vt 0.915225 0.000000
vt 0.910035 0.000000
vt 0.913495 0.000000
vt 0.911765 0.000000
vt 0.242215 0.000000
vt 0.129758 0.000000
vt 0.240484 0.000000
vt 0.238754 0.000000
vt 0.237024 0.000000
vt 0.235294 0.000000
vt 0.233564 0.000000
vt 0.231834 0.000000
vt 0.230104 0.000000
vt 0.228374 0.000000
vt 0.226644 0.000000
vt 0.223183 0.000000
vt 0.224913 0.000000
vt 0.128028 0.000000
vt 0.126298 0.000000
vt 0.124567 0.000000
vt 0.122837 0.000000
vt 0.121107 0.000000
vt 0.119377 0.000000
vt 0.117647 0.000000
vt 0.115917 0.000000
vt 0.114187 0.000000
vt 0.112457 0.000000
vt 0.110727 0.000000
vt 0.044983 0.000000
vt 0.108997 0.000000
vt 0.107266 0.000000
vt 0.105536 0.000000
vt 0.103806 0.000000
vt 0.102076 0.000000
vt 0.100346 0.000000
vt 0.098616 0.000000
vt 0.096886 0.000000
vt 0.095156 0.000000
vt 0.093426 0.000000
vt 0.091696 0.000000
vt 0.089965 0.000000
vt 0.046713 0.000000
vt 0.088235 0.000000
vt 0.048443 0.000000
vt 0.086505 0.000000
vt 0.084775 0.000000
vt 0.083045 0.000000
vt 0.081315 0.000000
vt 0.079585 0.000000
vt 0.077855 0.000000
vt 0.076125 0.000000
vt 0.074394 0.000000
vt 0.072664 0.000000
vt 0.070934 0.000000
vt 0.050173 0.000000
vt 0.069204 0.000000
vt 0.067474 0.000000
vt 0.051903 0.000000
vt 0.065744 0.000000
vt 0.053633 0.000000
vt 0.064014 0.000000
vt 0.055363 0.000000
vt 0.062284 0.000000
vt 0.057093 0.000000
vt 0.060554 0.000000
vt 0.058824 0.000000
vt 0.580175 0.000000
vt 0.586006 0.000000
vt 0.583090 0.000000
vt 0.577259 0.000000
vt 0.574344 0.000000
vt 0.571429 0.000000
vt 0.588921 0.000000
vt 0.568513 0.000000
vt 0.565598 0.000000
vt 0.562682 0.000000
vt 0.559767 0.000000
vt 0.591837 0.000000
vt 0.556851 0.000000
vt 0.553936 0.000000
vt 0.551020 0.000000
vt 0.548105 0.000000
vt 0.545189 0.000000
vt 0.542274 0.000000
vt 0.594752 0.000000
vt 0.539359 0.000000
vt 0.597668 0.000000
vt 0.536443 0.000000
vt 0.600583 0.000000
vt 0.533528 0.000000
vt 0.603499 0.000000
vt 0.530612 0.000000
vt 0.606414 0.000000
vt 0.609329 0.000000
vt 0.527697 0.000000
vt 0.612245 0.000000
vt 0.524781 0.000000
vt 0.615160 0.000000
vt 0.521866 0.000000
vt 0.618076 0.000000
vt 0.620991 0.000000
vt 0.518950 0.000000
vt 0.623907 0.000000
vt 0.626822 0.000000
vt 0.516035 0.000000
vt 0.781341 0.000000
vt 0.778426 0.000000
vt 0.775510 0.000000
vt 0.772595 0.000000
vt 0.784257 0.000000
vt 0.769679 0.000000
vt 0.787172 0.000000
vt 0.790087 0.000000
vt 0.766764 0.000000
vt 0.629738 0.000000
vt 0.793003 0.000000
vt 0.763848 0.000000
vt 0.795918 0.000000
vt 0.798834 0.000000
vt 0.801749 0.000000
vt 0.804665 0.000000
vt 0.807580 0.000000
vt 0.760933 0.000000
vt 0.632653 0.000000
vt 0.810496 0.000000
vt 0.813411 0.000000
vt 0.513120 0.000000
vt 0.816327 0.000000
vt 0.758017 0.000000
vt 0.819242 0.000000
vt 0.635568 0.000000
vt 0.822157 0.000000
vt 0.825073 0.000000
vt 0.755102 0.000000
vt 0.827988 0.000000
vt 0.638484 0.000000
vt 0.830904 0.000000
vt 0.752187 0.000000
vt 0.833819 0.000000
vt 0.510204 0.000000
vt 0.749271 0.000000
vt 0.836735 0.000000
vt 0.641399 0.000000
vt 0.507289 0.000000
vt 0.839650 0.000000
vt 0.746356 0.000000
vt 0.504373 0.000000
vt 0.842566 0.000000
vt 0.644315 0.000000
vt 0.743440 0.000000
vt 0.845481 0.000000
vt 0.501458 0.000000
vt 0.647230 0.000000
vt 0.848396 0.000000
vt 0.740525 0.000000
vt 0.851312 0.000000
vt 0.650146 0.000000
vt 0.737609 0.000000
vt 0.498542 0.000000
vt 0.854227 0.000000
vt 0.857143 0.000000
vt 0.734694 0.000000
vt 0.653061 0.000000
vt 0.860058 0.000000
vt 0.495627 0.000000
vt 0.731778 0.000000
vt 0.862974 0.000000
vt 0.655977 0.000000
vt 0.728863 0.000000
vt 0.658892 0.000000
vt 0.865889 0.000000
vt 0.661808 0.000000
vt 0.664723 0.000000
vt 0.725947 0.000000
vt 0.492711 0.000000
vt 0.667638 0.000000
vt 0.670554 0.000000
vt 0.868805 0.000000
vt 0.673469 0.000000
vt 0.723032 0.000000
vt 0.676385 0.000000
vt 0.679300 0.000000
vt 0.682216 0.000000
vt 0.685131 0.000000
vt 0.720117 0.000000
vt 0.717201 0.000000
vt 0.714286 0.000000
vt 0.711370 0.000000
vt 0.708455 0.000000
vt 0.705539 0.000000
vt 0.702624 0.000000
vt 0.699708 0.000000
vt 0.688047 0.000000
vt 0.696793 0.000000
vt 0.693878 0.000000
vt 0.690962 0.000000
vt 0.871720 0.000000
vt 0.489796 0.000000
vt 0.874636 0.000000
vt 0.486880 0.000000
vt 0.877551 0.000000
vt 0.880466 0.000000
vt 0.483965 0.000000
vt 0.883382 0.000000
vt 0.886297 0.000000
vt 0.481050 0.000000
vt 0.889213 0.000000
vt 0.478134 0.000000
vt 0.892128 0.000000
vt 0.475219 0.000000
vt 0.895044 0.000000
vt 0.897959 0.000000
vt 0.900875 0.000000
vt 0.903790 0.000000
vt 0.906706 0.000000
vt 0.909621 0.000000
vt 0.472303 0.000000
vt 0.912536 0.000000
vt 0.915452 0.000000
vt 0.918367 0.000000
vt 0.921283 0.000000
vt 0.924198 0.000000
vt 0.927114 0.000000
vt 0.469388 0.000000
vt 0.930029 0.000000
vt 0.932945 0.000000
vt 0.935860 0.000000
vt 0.938776 0.000000
vt 0.941691 0.000000
vt 0.466472 0.000000
vt 0.944606 0.000000
vt 0.463557 0.000000
vt 0.947522 0.000000
vt 0.460641 0.000000
vt 0.950437 0.000000
vt 0.457726 0.000000
vt 0.953353 0.000000
vt 0.454811 0.000000
vt 0.956268 0.000000
vt 0.451895 0.000000
vt 0.448980 0.000000
vt 0.959184 0.000000
vt 0.446064 0.000000
vt 0.443149 0.000000
vt 0.962099 0.000000
vt 0.440233 0.000000
vt 0.437318 0.000000
vt 0.965015 0.000000
vt 0.434402 0.000000
vt 0.431487 0.000000
vt 0.428571 0.000000
vt 0.967930 0.000000
vt 0.425656 0.000000
vt 0.422741 0.000000
vt 0.419825 0.000000
vt 0.416910 0.000000
vt 0.413994 0.000000
vt 0.970845 0.000000
vt 0.411079 0.000000
vt 0.408163 0.000000
vt 0.405248 0.000000
vt 0.402332 0.000000
vt 0.399417 0.000000
vt 0.396501 0.000000
vt 0.393586 0.000000
vt 0.973761 0.000000
vt 0.390671 0.000000
vt 0.387755 0.000000
vt 0.384840 0.000000
vt 0.381924 0.000000
vt 0.379009 0.000000
vt 0.376093 0.000000
vt 0.373178 0.000000
vt 0.370262 0.000000
vt 0.367347 0.000000
vt 0.364432 0.000000
vt 0.361516 0.000000
vt 0.358601 0.000000
vt 0.976676 0.000000
vt 0.355685 0.000000
vt 0.352770 0.000000
vt 0.349854 0.000000
vt 0.346939 0.000000
vt 0.979592 0.000000
vt 0.344023 0.000000
vt 0.341108 0.000000
vt 0.982507 0.000000
vt 0.338192 0.000000
vt 0.335277 0.000000
vt 0.985423 0.000000
vt 0.332362 0.000000
vt 0.329446 0.000000
vt 0.988338 0.000000
vt 0.326531 0.000000
vt 0.323615 0.000000
vt 0.320700 0.000000
vt 0.991254 0.000000
vt 0.154519 0.000000
vt 0.160350 0.000000
vt 0.157434 0.000000
vt 0.163265 0.000000
vt 0.166181 0.000000
vt 0.169096 0.000000
vt 0.172012 0.000000
vt 0.174927 0.000000
vt 0.177843 0.000000
vt 0.180758 0.000000
vt 0.183673 0.000000
vt 0.186589 0.000000
vt 0.189504 0.000000
vt 0.192420 0.000000
vt 0.195335 0.000000
vt 0.317784 0.000000
vt 0.314869 0.000000
vt 0.994169 0.000000
vt 0.311953 0.000000
vt 0.309038 0.000000
vt 0.151604 0.000000
vt 0.306122 0.000000
vt 0.997085 0.000000
vt 0.303207 0.000000
vt 0.300292 0.000000
vt 0.297376 0.000000
vt 0.294461 0.000000
vt 0.148688 0.000000
vt 0.198251 0.000000
vt 0.291545 0.000000
vt 0.201166 0.000000
vt 0.288630 0.000000
vt 0.002915 0.000000
vt 0.005831 0.000000
vt 0.008746 0.000000
vt 0.011662 0.000000
vt 0.014577 0.000000
vt 0.017493 0.000000
vt 0.020408 0.000000
vt 0.204082 0.000000
vt 0.285714 0.000000
vt 0.145773 0.000000
vt 0.206997 0.000000
vt 0.282799 0.000000
vt 0.209913 0.000000
vt 0.279883 0.000000
vt 0.212828 0.000000
vt 0.276968 0.000000
vt 0.023324 0.000000
vt 0.215743 0.000000
vt 0.274052 0.000000
vt 0.218659 0.000000
vt 0.271137 0.000000
vt 0.142857 0.000000
vt 0.221574 0.000000
vt 0.268222 0.000000
vt 0.265306 0.000000
vt 0.224490 0.000000
vt 0.262391 0.000000
vt 0.259475 0.000000
vt 0.256560 0.000000
vt 0.253644 0.000000
vt 0.250729 0.000000
vt 0.247813 0.000000
vt 0.227405 0.000000
vt 0.244898 0.000000
vt 0.241983 0.000000
vt 0.239067 0.000000
vt 0.236152 0.000000
vt 0.230321 0.000000
vt 0.233236 0.000000
vt 0.026239 0.000000
vt 0.139942 0.000000
vt 0.029155 0.000000
vt 0.137026 0.000000
vt 0.032070 0.000000
vt 0.134111 0.000000
vt 0.034985 0.000000
vt 0.037901 0.000000
vt 0.131195 0.000000
vt 0.040816 0.000000
vt 0.128280 0.000000
vt 0.043732 0.000000
vt 0.125364 0.000000
vt 0.046647 0.000000
vt 0.122449 0.000000
vt 0.049563 0.000000
vt 0.119534 0.000000
vt 0.116618 0.000000
vt 0.113703 0.000000
vt 0.110787 0.000000
vt 0.052478 0.000000
vt 0.107872 0.000000
vt 0.104956 0.000000
vt 0.055394 0.000000
vt 0.102041 0.000000
vt 0.099125 0.000000
vt 0.058309 0.000000
vt 0.096210 0.000000
vt 0.061224 0.000000
vt 0.093294 0.000000
vt 0.090379 0.000000
vt 0.064140 0.000000
vt 0.087464 0.000000
vt 0.084548 0.000000
vt 0.067055 0.000000
vt 0.081633 0.000000
vt 0.069971 0.000000
vt 0.078717 0.000000
vt 0.075802 0.000000
vt 0.072886 0.000000
vt 0.002907 1.000000
vt 0.002907 0.000000
vt 0.005814 1.000000
vt 0.005814 0.000000
vt 0.008721 1.000000
vt 0.008721 0.000000
vt 0.011628 1.000000
vt 0.011628 0.000000
vt 0.014535 1.000000
vt 0.014535 0.000000
vt 0.017442 1.000000
vt 0.017442 0.000000
vt 0.020349 1.000000
vt 0.020349 0.000000
vt 0.023256 1.000000
vt 0.023256 0.000000
vt 0.026163 1.000000
vt 0.026163 0.000000
vt 0.029070 1.000000
vt 0.029070 0.000000
vt 0.031977 1.000000
vt 0.031977 0.000000
vt 0.034884 1.000000
vt 0.034884 0.000000
vt 0.037791 1.000000
vt 0.037791 0.000000
vt 0.040698 1.000000
vt 0.040698 0.000000
vt 0.043605 1.000000
vt 0.043605 0.000000
vt 0.046512 1.000000
vt 0.046512 0.000000
vt 0.049419 1.000000
vt 0.049419 0.000000
vt 0.052326 1.000000
vt 0.052326 0.000000
vt 0.055233 1.000000
vt 0.055233 0.000000
vt 0.058140 1.000000
vt 0.058140 0.000000
vt 0.061047 1.000000
vt 0.061047 0.000000
vt 0.063953 1.000000
vt 0.063953 0.000000
vt 0.066860 1.000000
vt 0.066860 0.000000
vt 0.069767 1.000000
vt 0.069767 0.000000
vt 0.072674 1.000000
vt 0.072674 0.000000
vt 0.075581 1.000000
vt 0.075581 0.000000
vt 0.078488 1.000000
vt 0.078488 0.000000
vt 0.081395 1.000000
vt 0.081395 0.000000
vt 0.084302 1.000000
vt 0.084302 0.000000
vt 0.087209 1.000000
vt 0.087209 0.000000
vt 0.090116 1.000000
vt 0.090116 0.000000
vt 0.093023 1.000000
vt 0.093023 0.000000
vt 0.095930 1.000000
vt 0.095930 0.000000
vt 0.098837 1.000000
vt 0.098837 0.000000
vt 0.101744 1.000000
vt 0.101744 0.000000
vt 0.104651 1.000000
vt 0.104651 0.000000
vt 0.107558 1.000000
vt 0.107558 0.000000
vt 0.110465 1.000000
vt 0.110465 0.000000
vt 0.113372 1.000000
vt 0.113372 0.000000
vt 0.116279 1.000000
vt 0.116279 0.000000
vt 0.119186 1.000000
vt 0.119186 0.000000
vt 0.122093 1.000000
vt 0.122093 0.000000
vt 0.127907 1.000000
vt 0.127907 0.000000
vt 0.130814 1.000000
vt 0.130814 0.000000
vt 0.133721 1.000000
vt 0.133721 0.000000
vt 0.136628 1.000000
vt 0.136628 0.000000
vt 0.139535 1.000000
vt 0.139535 0.000000
vt 0.142442 1.000000
vt 0.142442 0.000000
vt 0.145349 1.000000
vt 0.145349 0.000000
vt 0.148256 1.000000
vt 0.148256 0.000000
vt 0.151163 1.000000
vt 0.151163 0.000000
vt 0.154070 1.000000
vt 0.154070 0.000000
vt 0.156977 1.000000
vt 0.156977 0.000000
vt 0.159884 1.000000
vt 0.159884 0.000000
vt 0.162791 1.000000
vt 0.162791 0.000000
vt 0.165698 1.000000
vt 0.165698 0.000000
vt 0.168605 1.000000
vt 0.168605 0.000000
vt 0.171512 1.000000
vt 0.171512 0.000000
vt 0.174419 1.000000
vt 0.174419 0.000000
vt 0.177326 1.000000
vt 0.177326 0.000000
vt 0.180233 1.000000
vt 0.180233 0.000000
vt 0.183140 1.000000
vt 0.183140 0.000000
vt 0.186047 1.000000
vt 0.186047 0.000000
vt 0.188953 1.000000
vt 0.188953 0.000000
vt 0.191860 1.000000
vt 0.191860 0.000000
vt 0.194767 1.000000
vt 0.194767 0.000000
vt 0.197674 1.000000
vt 0.197674 0.000000
vt 0.200581 1.000000
vt 0.200581 0.000000
vt 0.203488 1.000000
vt 0.203488 0.000000
vt 0.206395 1.000000
vt 0.206395 0.000000
vt 0.209302 1.000000
vt 0.209302 0.000000
vt 0.212209 1.000000
vt 0.212209 0.000000
vt 0.215116 1.000000
vt 0.215116 0.000000
vt 0.218023 1.000000
vt 0.218023 0.000000
vt 0.220930 1.000000
vt 0.220930 0.000000
vt 0.223837 1.000000
vt 0.223837 0.000000
vt 0.226744 1.000000
vt 0.226744 0.000000
vt 0.229651 1.000000
vt 0.229651 0.000000
vt 0.232558 1.000000
vt 0.232558 0.000000
vt 0.235465 1.000000
vt 0.235465 0.000000
vt 0.238372 1.000000
vt 0.238372 0.000000
vt 0.241279 1.000000
vt 0.241279 0.000000
vt 0.244186 1.000000
vt 0.244186 0.000000
vt 0.247093 1.000000
vt 0.247093 0.000000
vt 0.252907 1.000000
vt 0.252907 0.000000
vt 0.255814 1.000000
vt 0.255814 0.000000
vt 0.258721 1.000000
vt 0.258721 0.000000
vt 0.261628 1.000000
vt 0.261628 0.000000
vt 0.264535 1.000000
vt 0.264535 0.000000
vt 0.267442 1.000000
vt 0.267442 0.000000
vt 0.270349 1.000000
vt 0.270349 0.000000
vt 0.273256 1.000000
vt 0.273256 0.000000
vt 0.276163 1.000000
vt 0.276163 0.000000
vt 0.279070 1.000000
vt 0.279070 0.000000
vt 0.281977 1.000000
vt 0.281977 0.000000
vt 0.284884 1.000000
vt 0.284884 0.000000
vt 0.287791 1.000000
vt 0.287791 0.000000
vt 0.290698 1.000000
vt 0.290698 0.000000
vt 0.293605 1.000000
vt 0.293605 0.000000
vt 0.296512 1.000000
vt 0.296512 0.000000
vt 0.299419 1.000000
vt 0.299419 0.000000
vt 0.302326 1.000000
vt 0.302326 0.000000
vt 0.305233 1.000000
vt 0.305233 0.000000
vt 0.308140 1.000000
vt 0.308140 0.000000
vt 0.311047 1.000000
vt 0.311047 0.000000
vt 0.313953 1.000000
vt 0.313953 0.000000
vt 0.316860 1.000000
vt 0.316860 0.000000
vt 0.319767 1.000000
vt 0.319767 0.000000
vt 0.322674 1.000000
vt 0.322674 0.000000
vt 0.325581 1.000000
vt 0.325581 0.000000
vt 0.328488 1.000000
vt 0.328488 0.000000
vt 0.331395 1.000000
vt 0.331395 0.000000
vt 0.334302 1.000000
vt 0.334302 0.000000
vt 0.337209 1.000000
vt 0.337209 0.000000
vt 0.340116 1.000000
vt 0.340116 0.000000
vt 0.343023 1.000000
vt 0.343023 0.000000
vt 0.345930 1.000000
vt 0.345930 0.000000
vt 0.348837 1.000000
vt 0.348837 0.000000
vt 0.351744 1.000000
vt 0.351744 0.000000
vt 0.354651 1.000000
vt 0.354651 0.000000
vt 0.357558 1.000000
vt 0.357558 0.000000
vt 0.360465 1.000000
vt 0.360465 0.000000
vt 0.363372 1.000000
vt 0.363372 0.000000
vt 0.366279 1.000000
vt 0.366279 0.000000
vt 0.369186 1.000000
vt 0.369186 0.000000
vt 0.372093 1.000000
vt 0.372093 0.000000
vt 0.377907 1.000000
vt 0.377907 0.000000
vt 0.380814 1.000000
vt 0.380814 0.000000
vt 0.383721 1.000000
vt 0.383721 0.000000
vt 0.386628 1.000000
vt 0.386628 0.000000
vt 0.389535 1.000000
vt 0.389535 0.000000
vt 0.392442 1.000000
vt 0.392442 0.000000
vt 0.395349 1.000000
vt 0.395349 0.000000
vt 0.398256 1.000000
vt 0.398256 0.000000
vt 0.401163 1.000000
vt 0.401163 0.000000
vt 0.404070 1.000000
vt 0.404070 0.000000
vt 0.406977 1.000000
vt 0.406977 0.000000
vt 0.409884 1.000000
vt 0.409884 0.000000
vt 0.412791 1.000000
vt 0.412791 0.000000
vt 0.415698 1.000000
vt 0.415698 0.000000
vt 0.418605 1.000000
vt 0.418605 0.000000
vt 0.421512 1.000000
vt 0.421512 0.000000
vt 0.424419 1.000000
vt 0.424419 0.000000
vt 0.427326 1.000000
vt 0.427326 0.000000
vt 0.430233 1.000000
vt 0.430233 0.000000
vt 0.433140 1.000000
vt 0.433140 0.000000
vt 0.436047 1.000000
vt 0.436047 0.000000
vt 0.438953 1.000000
vt 0.438953 0.000000
vt 0.441860 1.000000
vt 0.441860 0.000000
vt 0.444767 1.000000
vt 0.444767 0.000000
vt 0.447674 1.000000
vt 0.447674 0.000000
vt 0.450581 1.000000
vt 0.450581 0.000000
vt 0.453488 1.000000
vt 0.453488 0.000000
vt 0.456395 1.000000
vt 0.456395 0.000000
vt 0.459302 1.000000
vt 0.459302 0.000000
vt 0.462209 1.000000
vt 0.462209 0.000000
vt 0.465116 1.000000
vt 0.465116 0.000000
vt 0.468023 1.000000
vt 0.468023 0.000000
vt 0.470930 1.000000
vt 0.470930 0.000000
vt 0.473837 1.000000
vt 0.473837 0.000000
vt 0.476744 1.000000
vt 0.476744 0.000000
vt 0.479651 1.000000
vt 0.479651 0.000000
vt 0.482558 1.000000
vt 0.482558 0.000000
vt 0.485465 1.000000
vt 0.485465 0.000000
vt 0.488372 1.000000
vt 0.488372 0.000000
vt 0.491279 1.000000
vt 0.491279 0.000000
vt 0.494186 1.000000
vt 0.494186 0.000000
vt 0.497093 1.000000
vt 0.497093 0.000000
vt 0.502907 1.000000
vt 0.502907 0.000000
vt 0.505814 1.000000
vt 0.505814 0.000000
vt 0.508721 1.000000
vt 0.508721 0.000000
vt 0.511628 1.000000
vt 0.511628 0.000000
vt 0.514535 1.000000
vt 0.514535 0.000000
vt 0.517442 1.000000
vt 0.517442 0.000000
vt 0.520349 1.000000
vt 0.520349 0.000000
vt 0.523256 1.000000
vt 0.523256 0.000000
vt 0.526163 1.000000
vt 0.526163 0.000000
vt 0.529070 1.000000
vt 0.529070 0.000000
vt 0.531977 1.000000
vt 0.531977 0.000000
vt 0.534884 1.000000
vt 0.534884 0.000000
vt 0.537791 1.000000
vt 0.537791 0.000000
vt 0.540698 1.000000
vt 0.540698 0.000000
vt 0.543605 1.000000
vt 0.543605 0.000000
vt 0.546512 1.000000
vt 0.546512 0.000000
vt 0.549419 1.000000
vt 0.549419 0.000000
vt 0.552326 1.000000
vt 0.552326 0.000000
vt 0.555233 1.000000
vt 0.555233 0.000000
vt 0.558140 1.000000
vt 0.558140 0.000000
vt 0.561047 1.000000
vt 0.561047 0.000000
vt 0.563953 1.000000
vt 0.563953 0.000000
vt 0.566860 1.000000
vt 0.566860 0.000000
vt 0.569767 1.000000
vt 0.569767 0.000000
vt 0.572674 1.000000
vt 0.572674 0.000000
vt 0.575581 1.000000
vt 0.575581 0.000000
vt 0.578488 1.000000
vt 0.578488 0.000000
vt 0.581395 1.000000
vt 0.581395 0.000000
vt 0.584302 1.000000
vt 0.584302 0.000000
vt 0.587209 1.000000
vt 0.587209 0.000000
vt 0.590116 1.000000
vt 0.590116 0.000000
vt 0.593023 1.000000
vt 0.593023 0.000000
vt 0.595930 1.000000
vt 0.595930 0.000000
vt 0.598837 1.000000
vt 0.598837 0.000000
vt 0.601744 1.000000
vt 0.601744 0.000000
vt 0.604651 1.000000
vt 0.604651 0.000000
vt 0.607558 1.000000
vt 0.607558 0.000000
vt 0.610465 1.000000
vt 0.610465 0.000000
vt 0.613372 1.000000
vt 0.613372 0.000000
vt 0.616279 1.000000
vt 0.616279 0.000000
vt 0.619186 1.000000
vt 0.619186 0.000000
vt 0.622093 1.000000
vt 0.622093 0.000000
vt 0.627907 1.000000
vt 0.627907 0.000000
vt 0.630814 1.000000
vt 0.630814 0.000000
vt 0.633721 1.000000
vt 0.633721 0.000000
vt 0.636628 1.000000
vt 0.636628 0.000000
vt 0.639535 1.000000
vt 0.639535 0.000000
vt 0.642442 1.000000
vt 0.642442 0.000000
vt 0.645349 1.000000
vt 0.645349 0.000000
vt 0.648256 1.000000
vt 0.648256 0.000000
vt 0.651163 1.000000
vt 0.651163 0.000000
vt 0.654070 1.000000
vt 0.654070 0.000000
vt 0.656977 1.000000
vt 0.656977 0.000000
vt 0.659884 1.000000
vt 0.659884 0.000000
vt 0.662791 1.000000
vt 0.662791 0.000000
vt 0.665698 1.000000
vt 0.665698 0.000000
vt 0.668605 1.000000
vt 0.668605 0.000000
vt 0.671512 1.000000
vt 0.671512 0.000000
vt 0.674419 1.000000
vt 0.674419 0.000000
vt 0.677326 1.000000
vt 0.677326 0.000000
vt 0.680233 1.000000
vt 0.680233 0.000000
vt 0.683140 1.000000
vt 0.683140 0.000000
vt 0.686047 1.000000
vt 0.686047 0.000000
vt 0.688953 1.000000
vt 0.688953 0.000000
vt 0.691860 1.000000
vt 0.691860 0.000000
vt 0.694767 1.000000
vt 0.694767 0.000000
vt 0.697674 1.000000
vt 0.697674 0.000000
vt 0.700581 1.000000
vt 0.700581 0.000000
vt 0.703488 1.000000
vt 0.703488 0.000000
vt 0.706395 1.000000
vt 0.706395 0.000000
vt 0.709302 1.000000
vt 0.709302 0.000000
vt 0.712209 1.000000
vt 0.712209 0.000000
vt 0.715116 1.000000
vt 0.715116 0.000000
vt 0.718023 1.000000
vt 0.718023 0.000000
vt 0.720930 1.000000
vt 0.720930 0.000000
vt 0.723837 1.000000
vt 0.723837 0.000000
vt 0.726744 1.000000
vt 0.726744 0.000000
vt 0.729651 1.000000
vt 0.729651 0.000000
vt 0.732558 1.000000
vt 0.732558 0.000000
vt 0.735465 1.000000
vt 0.735465 0.000000
vt 0.738372 1.000000
vt 0.738372 0.000000
vt 0.741279 1.000000
vt 0.741279 0.000000
vt 0.744186 1.000000
vt 0.744186 0.000000
vt 0.747093 1.000000
vt 0.747093 0.000000
vt 0.752907 1.000000
vt 0.752907 0.000000
vt 0.755814 1.000000
vt 0.755814 0.000000
vt 0.758721 1.000000
vt 0.758721 0.000000
vt 0.761628 1.000000
vt 0.761628 0.000000
vt 0.764535 1.000000
vt 0.764535 0.000000
vt 0.767442 1.000000
vt 0.767442 0.000000
vt 0.770349 1.000000
vt 0.770349 0.000000
vt 0.773256 1.000000
vt 0.773256 0.000000
vt 0.776163 1.000000
vt 0.776163 0.000000
vt 0.779070 1.000000
vt 0.779070 0.000000
vt 0.781977 1.000000
vt 0.781977 0.000000
vt 0.784884 1.000000
vt 0.784884 0.000000
vt 0.787791 1.000000
vt 0.787791 0.000000
vt 0.790698 1.000000
vt 0.790698 0.000000
vt 0.793605 1.000000
vt 0.793605 0.000000
vt 0.796512 1.000000
vt 0.796512 0.000000
vt 0.799419 1.000000
vt 0.799419 0.000000
vt 0.802326 1.000000
vt 0.802326 0.000000
vt 0.805233 1.000000
vt 0.805233 0.000000
vt 0.808140 1.000000
vt 0.808140 0.000000
vt 0.811047 1.000000
vt 0.811047 0.000000
vt 0.813953 1.000000
vt 0.813953 0.000000
vt 0.816860 1.000000
vt 0.816860 0.000000
vt 0.819767 1.000000
vt 0.819767 0.000000
vt 0.822674 1.000000
vt 0.822674 0.000000
vt 0.825581 1.000000
vt 0.825581 0.000000
vt 0.828488 1.000000
vt 0.828488 0.000000
vt 0.831395 1.000000
vt 0.831395 0.000000
vt 0.834302 1.000000
vt 0.834302 0.000000
vt 0.837209 1.000000
vt 0.837209 0.000000
vt 0.840116 1.000000
vt 0.840116 0.000000
vt 0.843023 1.000000
vt 0.843023 0.000000
vt 0.845930 1.000000
vt 0.845930 0.000000
vt 0.848837 1.000000
vt 0.848837 0.000000
vt 0.851744 1.000000
vt 0.851744 0.000000
vt 0.854651 1.000000
vt 0.854651 0.000000
vt 0.857558 1.000000
vt 0.857558 0.000000
vt 0.860465 1.000000
vt 0.860465 0.000000
vt 0.863372 1.000000
vt 0.863372 0.000000
vt 0.866279 1.000000
vt 0.866279 0.000000
vt 0.869186 1.000000
vt 0.869186 0.000000
vt 0.872093 1.000000
vt 0.872093 0.000000
vt 0.877907 1.000000
vt 0.877907 0.000000
vt 0.880814 1.000000
vt 0.880814 0.000000
vt 0.883721 1.000000
vt 0.883721 0.000000
vt 0.886628 1.000000
vt 0.886628 0.000000
vt 0.889535 1.000000
vt 0.889535 0.000000
vt 0.892442 1.000000
vt 0.892442 0.000000
vt 0.895349 1.000000
vt 0.895349 0.000000
vt 0.898256 1.000000
vt 0.898256 0.000000
vt 0.901163 1.000000
vt 0.901163 0.000000
vt 0.904070 1.000000
vt 0.904070 0.000000
vt 0.906977 1.000000
vt 0.906977 0.000000
vt 0.909884 1.000000
vt 0.909884 0.000000
vt 0.912791 1.000000
vt 0.912791 0.000000
vt 0.915698 1.000000
vt 0.915698 0.000000
vt 0.918605 1.000000
vt 0.918605 0.000000
vt 0.921512 1.000000
vt 0.921512 0.000000
vt 0.924419 1.000000
vt 0.924419 0.000000
vt 0.927326 1.000000
vt 0.927326 0.000000
vt 0.930233 1.000000
vt 0.930233 0.000000
vt 0.933140 1.000000
vt 0.933140 0.000000
vt 0.936047 1.000000
vt 0.936047 0.000000
vt 0.938953 1.000000
vt 0.938953 0.000000
vt 0.941860 1.000000
vt 0.941860 0.000000
vt 0.944767 1.000000
vt 0.944767 0.000000
vt 0.947674 1.000000
vt 0.947674 0.000000
vt 0.950581 1.000000
vt 0.950581 0.000000
vt 0.953488 1.000000
vt 0.953488 0.000000
vt 0.956395 1.000000
vt 0.956395 0.000000
vt 0.959302 1.000000
vt 0.959302 0.000000
vt 0.962209 1.000000
vt 0.962209 0.000000
vt 0.965116 1.000000
vt 0.965116 0.000000
vt 0.968023 1.000000
vt 0.968023 0.000000
vt 0.970930 1.000000
vt 0.970930 0.000000
vt 0.973837 1.000000
vt 0.973837 0.000000
vt 0.976744 1.000000
vt 0.976744 0.000000
vt 0.979651 1.000000
vt 0.979651 0.000000
vt 0.982558 1.000000
vt 0.982558 0.000000
vt 0.985465 1.000000
vt 0.985465 0.000000
vt 0.988372 1.000000
vt 0.988372 0.000000
vt 0.991279 1.000000
vt 0.991279 0.000000
vt 0.994186 1.000000
vt 0.994186 0.000000
vt 0.997093 1.000000
vt 0.997093 0.000000
vt 0.566474 0.000000
vt 0.578035 0.000000
vt 0.572254 0.000000
vt 0.560694 0.000000
vt 0.583815 0.000000
vt 0.751445 0.000000
vt 0.763006 0.000000
vt 0.757225 0.000000
vt 0.745665 0.000000
vt 0.768786 0.000000
vt 0.739884 0.000000
vt 0.774566 0.000000
vt 0.734104 0.000000
vt 0.780347 0.000000
vt 0.728324 0.000000
vt 0.786127 0.000000
vt 0.722543 0.000000
vt 0.791907 0.000000
vt 0.716763 0.000000
vt 0.710983 0.000000
vt 0.797688 0.000000
vt 0.705202 0.000000
vt 0.699422 0.000000
vt 0.803468 0.000000
vt 0.693642 0.000000
vt 0.809249 0.000000
vt 0.687861 0.000000
vt 0.815029 0.000000
vt 0.682081 0.000000
vt 0.676301 0.000000
vt 0.820809 0.000000
vt 0.670520 0.000000
vt 0.589595 0.000000
vt 0.826590 0.000000
vt 0.664740 0.000000
vt 0.595376 0.000000
vt 0.658960 0.000000
vt 0.601156 0.000000
vt 0.653179 0.000000
vt 0.606936 0.000000
vt 0.647399 0.000000
vt 0.641618 0.000000
vt 0.612717 0.000000
vt 0.832370 0.000000
vt 0.635838 0.000000
vt 0.618497 0.000000
vt 0.630058 0.000000
vt 0.624277 0.000000
vt 0.838150 0.000000
vt 0.843931 0.000000
vt 0.849711 0.000000
vt 0.855491 0.000000
vt 0.861272 0.000000
vt 0.867052 0.000000
vt 0.872832 0.000000
vt 0.878613 0.000000
vt 0.884393 0.000000
vt 0.890173 0.000000
vt 0.895954 0.000000
vt 0.901734 0.000000
vt 0.907514 0.000000
vt 0.913295 0.000000
vt 0.919075 0.000000
vt 0.924855 0.000000
vt 0.930636 0.000000
vt 0.300578 0.000000
vt 0.936416 0.000000
vt 0.294798 0.000000
vt 0.942197 0.000000
vt 0.306358 0.000000
vt 0.289017 0.000000
vt 0.312139 0.000000
vt 0.283237 0.000000
vt 0.317919 0.000000
vt 0.277457 0.000000
vt 0.323699 0.000000
vt 0.271676 0.000000
vt 0.947977 0.000000
vt 0.265896 0.000000
vt 0.260116 0.000000
vt 0.329480 0.000000
vt 0.254335 0.000000
vt 0.248555 0.000000
vt 0.335260 0.000000
vt 0.242775 0.000000
vt 0.554913 0.000000
vt 0.346821 0.000000
vt 0.341040 0.000000
vt 0.236994 0.000000
vt 0.231214 0.000000
vt 0.225434 0.000000
vt 0.219653 0.000000
vt 0.213873 0.000000
vt 0.953757 0.000000
vt 0.208092 0.000000
vt 0.352601 0.000000
vt 0.202312 0.000000
vt 0.358382 0.000000
vt 0.196532 0.000000
vt 0.364162 0.000000
vt 0.190751 0.000000
vt 0.959538 0.000000
vt 0.369942 0.000000
vt 0.184971 0.000000
vt 0.375723 0.000000
vt 0.179191 0.000000
vt 0.965318 0.000000
vt 0.381503 0.000000
vt 0.173410 0.000000
vt 0.387283 0.000000
vt 0.971098 0.000000
vt 0.393064 0.000000
vt 0.167630 0.000000
vt 0.976879 0.000000
vt 0.398844 0.000000
vt 0.161850 0.000000
vt 0.404624 0.000000
vt 0.982659 0.000000
vt 0.410405 0.000000
vt 0.156069 0.000000
vt 0.416185 0.000000
vt 0.421965 0.000000
vt 0.427746 0.000000
vt 0.433526 0.000000
vt 0.439306 0.000000
vt 0.150289 0.000000
vt 0.988439 0.000000
vt 0.445087 0.000000
vt 0.450867 0.000000
vt 0.456647 0.000000
vt 0.144509 0.000000
vt 0.462428 0.000000
vt 0.994220 0.000000
vt 0.138728 0.000000
vt 0.468208 0.000000
vt 0.132948 0.000000
vt 0.127168 0.000000
vt 0.121387 0.000000
vt 0.115607 0.000000
vt 0.473988 0.000000
vt 0.109827 0.000000
vt 0.104046 0.000000
vt 0.098266 0.000000
vt 0.092486 0.000000
vt 0.086705 0.000000
vt 0.479769 0.000000
vt 0.080925 0.000000
vt 0.075145 0.000000
vt 0.069364 0.000000
vt 0.063584 0.000000
vt 0.057803 0.000000
vt 0.549133 0.000000
vt 0.543353 0.000000
vt 0.537572 0.000000
vt 0.531792 0.000000
vt 0.520231 0.000000
vt 0.514451 0.000000
vt 0.502890 0.000000
vt 0.497110 0.000000
vt 0.491329 0.000000
vt 0.485549 0.000000
vt 0.052023 0.000000
vt 0.046243 0.000000
vt 0.040462 0.000000
vt 0.508671 0.000000
vt 0.526012 0.000000
vt 0.034682 0.000000
vt 0.028902 0.000000
vt 0.023121 0.000000
vt 0.017341 0.000000
vt 0.011561 0.000000
vt 0.005780 0.000000
vt 0.005747 1.000000
vt 0.005747 0.000000
vt 0.011494 1.000000
vt 0.011494 0.000000
vt 0.017241 1.000000
vt 0.017241 0.000000
vt 0.022989 1.000000
vt 0.022989 0.000000
vt 0.028736 1.000000
vt 0.028736 0.000000
vt 0.034483 1.000000
vt 0.034483 0.000000
vt 0.040230 1.000000
vt 0.040230 0.000000
vt 0.045977 1.000000
vt 0.045977 0.000000
vt 0.051724 1.000000
vt 0.051724 0.000000
vt 0.057471 1.000000
vt 0.057471 0.000000
vt 0.063218 1.000000
vt 0.063218 0.000000
vt 0.068966 1.000000
vt 0.068966 0.000000
vt 0.074713 1.000000
vt 0.074713 0.000000
vt 0.080460 1.000000
vt 0.080460 0.000000
vt 0.086207 1.000000
vt 0.086207 0.000000
vt 0.091954 1.000000
vt 0.091954 0.000000
vt 0.097701 1.000000
vt 0.097701 0.000000
vt 0.103448 1.000000
vt 0.103448 0.000000
vt 0.109195 1.000000
vt 0.109195 0.000000
vt 0.114943 1.000000
vt 0.114943 0.000000
vt 0.120690 1.000000
vt 0.120690 0.000000
vt 0.126437 1.000000
vt 0.126437 0.000000
vt 0.132184 1.000000
vt 0.132184 0.000000
vt 0.137931 1.000000
vt 0.137931 0.000000
vt 0.143678 1.000000
vt 0.143678 0.000000
vt 0.149425 1.000000
vt 0.149425 0.000000
vt 0.155172 1.000000
vt 0.155172 0.000000
vt 0.160920 1.000000
vt 0.160920 0.000000
vt 0.166667 1.000000
vt 0.166667 0.000000
vt 0.172414 1.000000
vt 0.172414 0.000000
vt 0.178161 1.000000
vt 0.178161 0.000000
vt 0.183908 1.000000
vt 0.183908 0.000000
vt 0.189655 1.000000
vt 0.189655 0.000000
vt 0.195402 1.000000
vt 0.195402 0.000000
vt 0.201149 1.000000
vt 0.201149 0.000000
vt 0.206897 1.000000
vt 0.206897 0.000000
vt 0.212644 1.000000
vt 0.212644 0.000000
vt 0.218391 1.000000
vt 0.218391 0.000000
vt 0.224138 1.000000
vt 0.224138 0.000000
vt 0.229885 1.000000
vt 0.229885 0.000000
vt 0.235632 1.000000
vt 0.235632 0.000000
vt 0.241379 1.000000
vt 0.241379 0.000000
vt 0.247126 1.000000
vt 0.247126 0.000000
vt 0.252874 1.000000
vt 0.252874 0.000000
vt 0.258621 1.000000
vt 0.258621 0.000000
vt 0.264368 1.000000
vt 0.264368 0.000000
vt 0.270115 1.000000
vt 0.270115 0.000000
vt 0.275862 1.000000
vt 0.275862 0.000000
vt 0.281609 1.000000
vt 0.281609 0.000000
vt 0.287356 1.000000
vt 0.287356 0.000000
vt 0.293103 1.000000
vt 0.293103 0.000000
vt 0.298851 1.000000
vt 0.298851 0.000000
vt 0.304598 1.000000
vt 0.304598 0.000000
vt 0.310345 1.000000
vt 0.310345 0.000000
vt 0.316092 1.000000
vt 0.316092 0.000000
vt 0.321839 1.000000
vt 0.321839 0.000000
vt 0.327586 1.000000
vt 0.327586 0.000000
vt 0.339080 1.000000
vt 0.339080 0.000000
vt 0.344828 1.000000
vt 0.344828 0.000000
vt 0.350575 1.000000
vt 0.350575 0.000000
vt 0.356322 1.000000
vt 0.356322 0.000000
vt 0.362069 1.000000
vt 0.362069 0.000000
vt 0.367816 1.000000
vt 0.367816 0.000000
vt 0.373563 1.000000
vt 0.373563 0.000000
vt 0.379310 1.000000
vt 0.379310 0.000000
vt 0.385057 1.000000
vt 0.385057 0.000000
vt 0.390805 1.000000
vt 0.390805 0.000000
vt 0.396552 1.000000
vt 0.396552 0.000000
vt 0.402299 1.000000
vt 0.402299 0.000000
vt 0.408046 1.000000
vt 0.408046 0.000000
vt 0.413793 1.000000
vt 0.413793 0.000000
vt 0.419540 1.000000
vt 0.419540 0.000000
vt 0.425287 1.000000
vt 0.425287 0.000000
vt 0.431034 1.000000
vt 0.431034 0.000000
vt 0.436782 1.000000
vt 0.436782 0.000000
vt 0.442529 1.000000
vt 0.442529 0.000000
vt 0.448276 1.000000
vt 0.448276 0.000000
vt 0.454023 1.000000
vt 0.454023 0.000000
vt 0.459770 1.000000
vt 0.459770 0.000000
vt 0.465517 1.000000
vt 0.465517 0.000000
vt 0.471264 1.000000
vt 0.471264 0.000000
vt 0.477012 1.000000
vt 0.477012 0.000000
vt 0.482759 1.000000
vt 0.482759 0.000000
vt 0.488506 1.000000
vt 0.488506 0.000000
vt 0.494253 1.000000
vt 0.494253 0.000000
vt 0.505747 1.000000
vt 0.505747 0.000000
vt 0.511494 1.000000
vt 0.511494 0.000000
vt 0.517241 1.000000
vt 0.517241 0.000000
vt 0.522988 1.000000
vt 0.522988 0.000000
vt 0.528736 1.000000
vt 0.528736 0.000000
vt 0.534483 1.000000
vt 0.534483 0.000000
vt 0.540230 1.000000
vt 0.540230 0.000000
vt 0.545977 1.000000
vt 0.545977 0.000000
vt 0.551724 1.000000
vt 0.551724 0.000000
vt 0.557471 1.000000
vt 0.557471 0.000000
vt 0.563218 1.000000
vt 0.563218 0.000000
vt 0.568965 1.000000
vt 0.568965 0.000000
vt 0.574713 1.000000
vt 0.574713 0.000000
vt 0.580460 1.000000
vt 0.580460 0.000000
vt 0.586207 1.000000
vt 0.586207 0.000000
vt 0.591954 1.000000
vt 0.591954 0.000000
vt 0.597701 1.000000
vt 0.597701 0.000000
vt 0.603448 1.000000
vt 0.603448 0.000000
vt 0.609195 1.000000
vt 0.609195 0.000000
vt 0.614943 1.000000
vt 0.614943 0.000000
vt 0.620690 1.000000
vt 0.620690 0.000000
vt 0.626437 1.000000
vt 0.626437 0.000000
vt 0.632184 1.000000
vt 0.632184 0.000000
vt 0.637931 1.000000
vt 0.637931 0.000000
vt 0.643678 1.000000
vt 0.643678 0.000000
vt 0.649425 1.000000
vt 0.649425 0.000000
vt 0.655172 1.000000
vt 0.655172 0.000000
vt 0.660920 1.000000
vt 0.660920 0.000000
vt 0.672414 1.000000
vt 0.672414 0.000000
vt 0.678161 1.000000
vt 0.678161 0.000000
vt 0.683908 1.000000
vt 0.683908 0.000000
vt 0.689655 1.000000
vt 0.689655 0.000000
vt 0.695402 1.000000
vt 0.695402 0.000000
vt 0.701149 1.000000
vt 0.701149 0.000000
vt 0.706897 1.000000
vt 0.706897 0.000000
vt 0.712644 1.000000
vt 0.712644 0.000000
vt 0.718391 1.000000
vt 0.718391 0.000000
vt 0.724138 1.000000
vt 0.724138 0.000000
vt 0.729885 1.000000
vt 0.729885 0.000000
vt 0.735632 1.000000
vt 0.735632 0.000000
vt 0.741379 1.000000
vt 0.741379 0.000000
vt 0.747126 1.000000
vt 0.747126 0.000000
vt 0.752874 1.000000
vt 0.752874 0.000000
vt 0.758621 1.000000
vt 0.758621 0.000000
vt 0.764368 1.000000
vt 0.764368 0.000000
vt 0.770115 1.000000
vt 0.770115 0.000000
vt 0.775862 1.000000
vt 0.775862 0.000000
vt 0.781609 1.000000
vt 0.781609 0.000000
vt 0.787356 1.000000
vt 0.787356 0.000000
vt 0.793103 1.000000
vt 0.793103 0.000000
vt 0.798851 1.000000
vt 0.798851 0.000000
vt 0.804598 1.000000
vt 0.804598 0.000000
vt 0.810345 1.000000
vt 0.810345 0.000000
vt 0.816092 1.000000
vt 0.816092 0.000000
vt 0.821839 1.000000
vt 0.821839 0.000000
vt 0.827586 1.000000
vt 0.827586 0.000000
vt 0.833333 1.000000
vt 0.833333 0.000000
vt 0.839080 1.000000
vt 0.839080 0.000000
vt 0.844828 1.000000
vt 0.844828 0.000000
vt 0.850575 1.000000
vt 0.850575 0.000000
vt 0.856322 1.000000
vt 0.856322 0.000000
vt 0.862069 1.000000
vt 0.862069 0.000000
vt 0.867816 1.000000
vt 0.867816 0.000000
vt 0.873563 1.000000
vt 0.873563 0.000000
vt 0.879310 1.000000
vt 0.879310 0.000000
vt 0.885057 1.000000
vt 0.885057 0.000000
vt 0.890805 1.000000
vt 0.890805 0.000000
vt 0.896552 1.000000
vt 0.896552 0.000000
vt 0.902299 1.000000
vt 0.902299 0.000000
vt 0.908046 1.000000
vt 0.908046 0.000000
vt 0.913793 1.000000
vt 0.913793 0.000000
vt 0.919540 1.000000
vt 0.919540 0.000000
vt 0.925287 1.000000
vt 0.925287 0.000000
vt 0.931035 1.000000
vt 0.931035 0.000000
vt 0.936782 1.000000
vt 0.936782 0.000000
vt 0.942529 1.000000
vt 0.942529 0.000000
vt 0.948276 1.000000
vt 0.948276 0.000000
vt 0.954023 1.000000
vt 0.954023 0.000000
vt 0.959770 1.000000
vt 0.959770 0.000000
vt 0.965517 1.000000
vt 0.965517 0.000000
vt 0.971264 1.000000
vt 0.971264 0.000000
vt 0.977012 1.000000
vt 0.977012 0.000000
vt 0.982759 1.000000
vt 0.982759 0.000000
vt 0.988506 1.000000
vt 0.988506 0.000000
vt 0.994253 1.000000
vt 0.994253 0.000000
vt 0.434483 0.000000
vt 0.441379 0.000000
vt 0.437931 0.000000
vt 0.444828 0.000000
vt 0.427586 0.000000
vt 0.451724 0.000000
vt 0.424138 0.000000
vt 0.455172 0.000000
vt 0.420690 0.000000
vt 0.458621 0.000000
vt 0.417241 0.000000
vt 0.462069 0.000000
vt 0.468966 0.000000
vt 0.472414 0.000000
vt 0.475862 0.000000
vt 0.410345 0.000000
vt 0.479310 0.000000
vt 0.486207 0.000000
vt 0.489655 0.000000
vt 0.406897 0.000000
vt 0.493103 0.000000
vt 0.496552 0.000000
vt 0.403448 0.000000
vt 0.503448 0.000000
vt 0.506897 0.000000
vt 0.510345 0.000000
vt 0.513793 0.000000
vt 0.520690 0.000000
vt 0.393103 0.000000
vt 0.524138 0.000000
vt 0.527586 0.000000
vt 0.389655 0.000000
vt 0.531034 0.000000
vt 0.386207 0.000000
vt 0.537931 0.000000
vt 0.382759 0.000000
vt 0.858621 0.000000
vt 0.855172 0.000000
vt 0.541379 0.000000
vt 0.865517 0.000000
vt 0.851724 0.000000
vt 0.868966 0.000000
vt 0.848276 0.000000
vt 0.872414 0.000000
vt 0.875862 0.000000
vt 0.841379 0.000000
vt 0.882759 0.000000
vt 0.837931 0.000000
vt 0.886207 0.000000
vt 0.889655 0.000000
vt 0.834483 0.000000
vt 0.893103 0.000000
vt 0.544828 0.000000
vt 0.831034 0.000000
vt 0.903448 0.000000
vt 0.906897 0.000000
vt 0.910345 0.000000
vt 0.824138 0.000000
vt 0.548276 0.000000
vt 0.917241 0.000000
vt 0.920690 0.000000
vt 0.820690 0.000000
vt 0.924138 0.000000
vt 0.927586 0.000000
vt 0.817241 0.000000
vt 0.375862 0.000000
vt 0.813793 0.000000
vt 0.934483 0.000000
vt 0.937931 0.000000
vt 0.555172 0.000000
vt 0.941379 0.000000
vt 0.806897 0.000000
vt 0.944828 0.000000
vt 0.372414 0.000000
vt 0.803448 0.000000
vt 0.558621 0.000000
vt 0.951724 0.000000
vt 0.955172 0.000000
vt 0.562069 0.000000
vt 0.796552 0.000000
vt 0.368966 0.000000
vt 0.958621 0.000000
vt 0.789655 0.000000
vt 0.786207 0.000000
vt 0.782759 0.000000
vt 0.962069 0.000000
vt 0.779310 0.000000
vt 0.565517 0.000000
vt 0.772414 0.000000
vt 0.768966 0.000000
vt 0.765517 0.000000
vt 0.968966 0.000000
vt 0.972414 0.000000
vt 0.762069 0.000000
vt 0.975862 0.000000
vt 0.979310 0.000000
vt 0.986207 0.000000
vt 0.989655 0.000000
vt 0.993103 0.000000
vt 0.996552 0.000000
vt 0.755172 0.000000
vt 0.365517 0.000000
vt 0.572414 0.000000
vt 0.575862 0.000000
vt 0.579310 0.000000
vt 0.358621 0.000000
vt 0.582759 0.000000
vt 0.355172 0.000000
vt 0.589655 0.000000
vt 0.593103 0.000000
vt 0.351724 0.000000
vt 0.596552 0.000000
vt 0.606897 0.000000
vt 0.610345 0.000000
vt 0.613793 0.000000
vt 0.617241 0.000000
vt 0.675862 0.000000
vt 0.668966 0.000000
vt 0.679310 0.000000
vt 0.682759 0.000000
vt 0.665517 0.000000
vt 0.662069 0.000000
vt 0.686207 0.000000
vt 0.658621 0.000000
vt 0.651724 0.000000
vt 0.648276 0.000000
vt 0.644828 0.000000
vt 0.624138 0.000000
vt 0.641379 0.000000
vt 0.693103 0.000000
vt 0.634483 0.000000
vt 0.627586 0.000000
vt 0.631034 0.000000
vt 0.696552 0.000000
vt 0.703448 0.000000
vt 0.710345 0.000000
vt 0.713793 0.000000
vt 0.717241 0.000000
vt 0.348276 0.000000
vt 0.720690 0.000000
vt 0.727586 0.000000
vt 0.127586 0.000000
vt 0.124138 0.000000
vt 0.117241 0.000000
vt 0.131034 0.000000
vt 0.113793 0.000000
vt 0.110345 0.000000
vt 0.134483 0.000000
vt 0.106897 0.000000
vt 0.096552 0.000000
vt 0.093103 0.000000
vt 0.141379 0.000000
vt 0.089655 0.000000
vt 0.082759 0.000000
vt 0.079310 0.000000
vt 0.144828 0.000000
vt 0.148276 0.000000
vt 0.151724 0.000000
vt 0.158621 0.000000
vt 0.341379 0.000000
vt 0.162069 0.000000
vt 0.165517 0.000000
vt 0.075862 0.000000
vt 0.168966 0.000000
vt 0.731034 0.000000
vt 0.072414 0.000000
vt 0.734483 0.000000
vt 0.337931 0.000000
vt 0.737931 0.000000
vt 0.065517 0.000000
vt 0.062069 0.000000
vt 0.175862 0.000000
vt 0.058621 0.000000
vt 0.334483 0.000000
vt 0.744828 0.000000
vt 0.055172 0.000000
vt 0.748276 0.000000
vt 0.331034 0.000000
vt 0.048276 0.000000
vt 0.179310 0.000000
vt 0.751724 0.000000
vt 0.044828 0.000000
vt 0.041379 0.000000
vt 0.003448 0.000000
vt 0.006897 0.000000
vt 0.037931 0.000000
vt 0.010345 0.000000
vt 0.013793 0.000000
vt 0.031034 0.000000
vt 0.020690 0.000000
vt 0.027586 0.000000
vt 0.024138 0.000000
vt 0.324138 0.000000
vt 0.182759 0.000000
vt 0.320690 0.000000
vt 0.186207 0.000000
vt 0.317241 0.000000
vt 0.313793 0.000000
vt 0.306897 0.000000
vt 0.193103 0.000000
vt 0.303448 0.000000
vt 0.196552 0.000000
vt 0.296552 0.000000
vt 0.289655 0.000000
vt 0.286207 0.000000
vt 0.203448 0.000000
vt 0.282759 0.000000
vt 0.279310 0.000000
vt 0.272414 0.000000
vt 0.268966 0.000000
vt 0.210345 0.000000
vt 0.213793 0.000000
vt 0.265517 0.000000
vt 0.217241 0.000000
vt 0.220690 0.000000
vt 0.262069 0.000000
vt 0.227586 0.000000
vt 0.255172 0.000000
vt 0.231034 0.000000
vt 0.251724 0.000000
vt 0.234483 0.000000
vt 0.237931 0.000000
vt 0.244828 0.000000
vt 0.248276 0.000000
vt 0.004566 1.000000
vt 0.004566 0.000000
vt 0.009132 1.000000
vt 0.009132 0.000000
vt 0.013699 1.000000
vt 0.018265 1.000000
vt 0.018265 0.000000
vt 0.022831 1.000000
vt 0.022831 0.000000
vt 0.027397 1.000000
vt 0.031963 1.000000
vt 0.031963 0.000000
vt 0.036530 1.000000
vt 0.036530 0.000000
vt 0.041096 1.000000
vt 0.045662 1.000000
vt 0.045662 0.000000
vt 0.050228 1.000000
vt 0.050228 0.000000
vt 0.054795 1.000000
vt 0.059361 1.000000
vt 0.059361 0.000000
vt 0.063927 1.000000
vt 0.063927 0.000000
vt 0.068493 1.000000
vt 0.073059 1.000000
vt 0.073059 0.000000
vt 0.077626 1.000000
vt 0.077626 0.000000
vt 0.082192 1.000000
vt 0.086758 1.000000
vt 0.086758 0.000000
vt 0.091324 1.000000
vt 0.091324 0.000000
vt 0.095890 1.000000
vt 0.100457 1.000000
vt 0.100457 0.000000
vt 0.105023 1.000000
vt 0.105023 0.000000
vt 0.109589 1.000000
vt 0.114155 1.000000
vt 0.114155 0.000000
vt 0.118721 1.000000
vt 0.118721 0.000000
vt 0.123288 1.000000
vt 0.127854 1.000000
vt 0.127854 0.000000
vt 0.132420 1.000000
vt 0.132420 0.000000
vt 0.136986 1.000000
vt 0.141553 1.000000
vt 0.141553 0.000000
vt 0.146119 1.000000
vt 0.146119 0.000000
vt 0.150685 1.000000
vt 0.155251 1.000000
vt 0.155251 0.000000
vt 0.159817 1.000000
vt 0.159817 0.000000
vt 0.164384 1.000000
vt 0.168950 1.000000
vt 0.168950 0.000000
vt 0.173516 1.000000
vt 0.173516 0.000000
vt 0.178082 1.000000
vt 0.182648 1.000000
vt 0.182648 0.000000
vt 0.187215 1.000000
vt 0.187215 0.000000
vt 0.191781 1.000000
vt 0.196347 1.000000
vt 0.196347 0.000000
vt 0.200913 1.000000
vt 0.200913 0.000000
vt 0.205479 1.000000
vt 0.210046 1.000000
vt 0.210046 0.000000
vt 0.214612 1.000000
vt 0.214612 0.000000
vt 0.219178 1.000000
vt 0.223744 1.000000
vt 0.223744 0.000000
vt 0.228310 1.000000
vt 0.228310 0.000000
vt 0.232877 1.000000
vt 0.237443 1.000000
vt 0.237443 0.000000
vt 0.242009 1.000000
vt 0.242009 0.000000
vt 0.246575 1.000000
vt 0.251142 1.000000
vt 0.251142 0.000000
vt 0.255708 1.000000
vt 0.255708 0.000000
vt 0.260274 1.000000
vt 0.264840 1.000000
vt 0.264840 0.000000
vt 0.269406 1.000000
vt 0.269406 0.000000
vt 0.273973 1.000000
vt 0.278539 1.000000
vt 0.278539 0.000000
vt 0.283105 1.000000
vt 0.283105 0.000000
vt 0.287671 1.000000
vt 0.292237 1.000000
vt 0.292237 0.000000
vt 0.296804 1.000000
vt 0.296804 0.000000
vt 0.301370 1.000000
vt 0.305936 1.000000
vt 0.305936 0.000000
vt 0.310502 1.000000
vt 0.310502 0.000000
vt 0.315068 1.000000
vt 0.319635 1.000000
vt 0.319635 0.000000
vt 0.324201 1.000000
vt 0.324201 0.000000
vt 0.328767 1.000000
vt 0.337900 1.000000
vt 0.337900 0.000000
vt 0.342466 1.000000
vt 0.347032 1.000000
vt 0.347032 0.000000
vt 0.351598 1.000000
vt 0.351598 0.000000
vt 0.356164 1.000000
vt 0.360731 1.000000
vt 0.360731 0.000000
vt 0.365297 1.000000
vt 0.365297 0.000000
vt 0.369863 1.000000
vt 0.374429 1.000000
vt 0.374429 0.000000
vt 0.378995 1.000000
vt 0.378995 0.000000
vt 0.383562 1.000000
vt 0.388128 1.000000
vt 0.388128 0.000000
vt 0.392694 1.000000
vt 0.392694 0.000000
vt 0.397260 1.000000
vt 0.401826 1.000000
vt 0.401826 0.000000
vt 0.406393 1.000000
vt 0.406393 0.000000
vt 0.410959 1.000000
vt 0.415525 1.000000
vt 0.415525 0.000000
vt 0.420091 1.000000
vt 0.420091 0.000000
vt 0.424658 1.000000
vt 0.429224 1.000000
vt 0.429224 0.000000
vt 0.433790 1.000000
vt 0.433790 0.000000
vt 0.438356 1.000000
vt 0.442922 1.000000
vt 0.442922 0.000000
vt 0.447489 1.000000
vt 0.447489 0.000000
vt 0.452055 1.000000
vt 0.456621 1.000000
vt 0.456621 0.000000
vt 0.461187 1.000000
vt 0.461187 0.000000
vt 0.465753 1.000000
vt 0.470320 1.000000
vt 0.470320 0.000000
vt 0.474886 1.000000
vt 0.474886 0.000000
vt 0.479452 1.000000
vt 0.484018 1.000000
vt 0.484018 0.000000
vt 0.488584 1.000000
vt 0.488584 0.000000
vt 0.493151 1.000000
vt 0.497717 1.000000
vt 0.497717 0.000000
vt 0.502283 1.000000
vt 0.502283 0.000000
vt 0.506849 1.000000
vt 0.511416 1.000000
vt 0.511416 0.000000
vt 0.515982 1.000000
vt 0.515982 0.000000
vt 0.520548 1.000000
vt 0.525114 1.000000
vt 0.525114 0.000000
vt 0.529680 1.000000
vt 0.529680 0.000000
vt 0.534247 1.000000
vt 0.538813 1.000000
vt 0.538813 0.000000
vt 0.543379 1.000000
vt 0.543379 0.000000
vt 0.547945 1.000000
vt 0.552511 1.000000
vt 0.552511 0.000000
vt 0.557078 1.000000
vt 0.557078 0.000000
vt 0.561644 1.000000
vt 0.566210 1.000000
vt 0.566210 0.000000
vt 0.570776 1.000000
vt 0.570776 0.000000
vt 0.575342 1.000000
vt 0.579909 1.000000
vt 0.579909 0.000000
vt 0.584475 1.000000
vt 0.584475 0.000000
vt 0.589041 1.000000
vt 0.593607 1.000000
vt 0.593607 0.000000
vt 0.598173 1.000000
vt 0.598173 0.000000
vt 0.602740 1.000000
vt 0.607306 1.000000
vt 0.607306 0.000000
vt 0.611872 1.000000
vt 0.611872 0.000000
vt 0.616438 1.000000
vt 0.621005 1.000000
vt 0.621005 0.000000
vt 0.625571 1.000000
vt 0.625571 0.000000
vt 0.630137 1.000000
vt 0.634703 1.000000
vt 0.634703 0.000000
vt 0.639269 1.000000
vt 0.639269 0.000000
vt 0.643836 1.000000
vt 0.648402 1.000000
vt 0.648402 0.000000
vt 0.652968 1.000000
vt 0.652968 0.000000
vt 0.657534 1.000000
vt 0.662100 1.000000
vt 0.662100 0.000000
vt 0.671233 1.000000
vt 0.675799 1.000000
vt 0.675799 0.000000
vt 0.680365 1.000000
vt 0.680365 0.000000
vt 0.684932 1.000000
vt 0.689498 1.000000
vt 0.689498 0.000000
vt 0.694064 1.000000
vt 0.694064 0.000000
vt 0.698630 1.000000
vt 0.703196 1.000000
vt 0.703196 0.000000
vt 0.707763 1.000000
vt 0.707763 0.000000
vt 0.712329 1.000000
vt 0.716895 1.000000
vt 0.716895 0.000000
vt 0.721461 1.000000
vt 0.721461 0.000000
vt 0.726027 1.000000
vt 0.730594 1.000000
vt 0.730594 0.000000
vt 0.735160 1.000000
vt 0.735160 0.000000
vt 0.739726 1.000000
vt 0.744292 1.000000
vt 0.744292 0.000000
vt 0.748858 1.000000
vt 0.748858 0.000000
vt 0.753425 1.000000
vt 0.757991 1.000000
vt 0.757991 0.000000
vt 0.762557 1.000000
vt 0.762557 0.000000
vt 0.767123 1.000000
vt 0.771689 1.000000
vt 0.771689 0.000000
vt 0.776256 1.000000
vt 0.776256 0.000000
vt 0.780822 1.000000
vt 0.785388 1.000000
vt 0.785388 0.000000
vt 0.789954 1.000000
vt 0.789954 0.000000
vt 0.794521 1.000000
vt 0.799087 1.000000
vt 0.799087 0.000000
vt 0.803653 1.000000
vt 0.803653 0.000000
vt 0.808219 1.000000
vt 0.812785 1.000000
vt 0.812785 0.000000
vt 0.817352 1.000000
vt 0.817352 0.000000
vt 0.821918 1.000000
vt 0.826484 1.000000
vt 0.826484 0.000000
vt 0.831050 1.000000
vt 0.831050 0.000000
vt 0.835616 1.000000
vt 0.840183 1.000000
vt 0.840183 0.000000
vt 0.844749 1.000000
vt 0.844749 0.000000
vt 0.849315 1.000000
vt 0.853881 1.000000
vt 0.853881 0.000000
vt 0.858447 1.000000
vt 0.858447 0.000000
vt 0.863014 1.000000
vt 0.867580 1.000000
vt 0.867580 0.000000
vt 0.872146 1.000000
vt 0.872146 0.000000
vt 0.876712 1.000000
vt 0.881279 1.000000
vt 0.881279 0.000000
vt 0.885845 1.000000
vt 0.885845 0.000000
vt 0.890411 1.000000
vt 0.894977 1.000000
vt 0.894977 0.000000
vt 0.899543 1.000000
vt 0.899543 0.000000
vt 0.904110 1.000000
vt 0.908676 1.000000
vt 0.908676 0.000000
vt 0.913242 1.000000
vt 0.913242 0.000000
vt 0.917808 1.000000
vt 0.922374 1.000000
vt 0.922374 0.000000
vt 0.926941 1.000000
vt 0.926941 0.000000
vt 0.931507 1.000000
vt 0.936073 1.000000
vt 0.936073 0.000000
vt 0.940639 1.000000
vt 0.940639 0.000000
vt 0.945205 1.000000
vt 0.949772 1.000000
vt 0.949772 0.000000
vt 0.954338 1.000000
vt 0.954338 0.000000
vt 0.958904 1.000000
vt 0.963470 1.000000
vt 0.963470 0.000000
vt 0.968037 1.000000
vt 0.968037 0.000000
vt 0.972603 1.000000
vt 0.977169 1.000000
vt 0.977169 0.000000
vt 0.981735 1.000000
vt 0.981735 0.000000
vt 0.986301 1.000000
vt 0.990868 1.000000
vt 0.990868 0.000000
vt 0.995434 1.000000
vt 0.995434 0.000000
vt 0.013889 1.000000
vt 0.013889 0.000000
vt 0.027778 1.000000
vt 0.027778 0.000000
vt 0.041667 1.000000
vt 0.041667 0.000000
vt 0.055556 1.000000
vt 0.055556 0.000000
vt 0.069444 1.000000
vt 0.069444 0.000000
vt 0.083333 1.000000
vt 0.083333 0.000000
vt 0.097222 1.000000
vt 0.097222 0.000000
vt 0.111111 1.000000
vt 0.111111 0.000000
vt 0.138889 1.000000
vt 0.138889 0.000000
vt 0.152778 1.000000
vt 0.152778 0.000000
vt 0.180556 1.000000
vt 0.180556 0.000000
vt 0.194444 1.000000
vt 0.194444 0.000000
vt 0.208333 1.000000
vt 0.208333 0.000000
vt 0.222222 1.000000
vt 0.222222 0.000000
vt 0.236111 1.000000
vt 0.236111 0.000000
vt 0.263889 1.000000
vt 0.263889 0.000000
vt 0.277778 1.000000
vt 0.277778 0.000000
vt 0.291667 1.000000
vt 0.291667 0.000000
vt 0.305556 1.000000
vt 0.305556 0.000000
vt 0.319444 1.000000
vt 0.319444 0.000000
vt 0.347222 1.000000
vt 0.347222 0.000000
vt 0.361111 1.000000
vt 0.361111 0.000000
vt 0.388889 1.000000
vt 0.388889 0.000000
vt 0.402778 1.000000
vt 0.402778 0.000000
vt 0.416667 1.000000
vt 0.416667 0.000000
vt 0.430556 1.000000
vt 0.430556 0.000000
vt 0.444444 1.000000
vt 0.444444 0.000000
vt 0.458333 1.000000
vt 0.458333 0.000000
vt 0.472222 1.000000
vt 0.472222 0.000000
vt 0.486111 1.000000
vt 0.486111 0.000000
vt 0.513889 1.000000
vt 0.513889 0.000000
vt 0.527778 1.000000
vt 0.527778 0.000000
vt 0.541667 1.000000
vt 0.541667 0.000000
vt 0.555556 1.000000
vt 0.555556 0.000000
vt 0.569444 1.000000
vt 0.569444 0.000000
vt 0.583333 1.000000
vt 0.583333 0.000000
vt 0.597222 1.000000
vt 0.597222 0.000000
vt 0.611111 1.000000
vt 0.611111 0.000000
vt 0.638889 1.000000
vt 0.638889 0.000000
vt 0.652778 1.000000
vt 0.652778 0.000000
vt 0.680556 1.000000
vt 0.680556 0.000000
vt 0.694444 1.000000
vt 0.694444 0.000000
vt 0.708333 1.000000
vt 0.708333 0.000000
vt 0.722222 1.000000
vt 0.722222 0.000000
vt 0.736111 1.000000
vt 0.736111 0.000000
vt 0.763889 1.000000
vt 0.763889 0.000000
vt 0.777778 1.000000
vt 0.777778 0.000000
vt 0.791667 1.000000
vt 0.791667 0.000000
vt 0.805556 1.000000
vt 0.805556 0.000000
vt 0.819444 1.000000
vt 0.819444 0.000000
vt 0.847222 1.000000
vt 0.847222 0.000000
vt 0.861111 1.000000
vt 0.861111 0.000000
vt 0.888889 1.000000
vt 0.888889 0.000000
vt 0.902778 1.000000
vt 0.902778 0.000000
vt 0.916667 1.000000
vt 0.916667 0.000000
vt 0.930556 1.000000
vt 0.930556 0.000000
vt 0.944444 1.000000
vt 0.944444 0.000000
vt 0.958333 1.000000
vt 0.958333 0.000000
vt 0.972222 1.000000
vt 0.972222 0.000000
vt 0.986111 1.000000
vt 0.986111 0.000000
vt 0.641026 0.000000
vt 0.692308 0.000000
vt 0.717949 0.000000
vt 0.615385 0.000000
vt 0.589744 0.000000
vt 0.564103 0.000000
vt 0.538462 0.000000
vt 0.512821 0.000000
vt 0.487179 0.000000
vt 0.461538 0.000000
vt 0.435897 0.000000
vt 0.410256 0.000000
vt 0.384615 0.000000
vt 0.358974 0.000000
vt 0.307692 0.000000
vt 0.282051 0.000000
vt 0.256410 0.000000
vt 0.230769 0.000000
vt 0.205128 0.000000
vt 0.179487 0.000000
vt 0.153846 0.000000
vt 0.128205 0.000000
vt 0.743590 0.000000
vt 0.769231 0.000000
vt 0.794872 0.000000
vt 0.102564 0.000000
vt 0.820513 0.000000
vt 0.846154 0.000000
vt 0.871795 0.000000
vt 0.076923 0.000000
vt 0.897436 0.000000
vt 0.923077 0.000000
vt 0.051282 0.000000
vt 0.948718 0.000000
vt 0.974359 0.000000
vt 0.025641 0.000000
vt 0.025000 1.000000
vt 0.025000 0.000000
vt 0.050000 1.000000
vt 0.050000 0.000000
vt 0.075000 1.000000
vt 0.075000 0.000000
vt 0.100000 1.000000
vt 0.150000 1.000000
vt 0.150000 0.000000
vt 0.175000 1.000000
vt 0.175000 0.000000
vt 0.200000 1.000000
vt 0.225000 1.000000
vt 0.225000 0.000000
vt 0.275000 1.000000
vt 0.275000 0.000000
vt 0.300000 1.000000
vt 0.325000 1.000000
vt 0.325000 0.000000
vt 0.350000 1.000000
vt 0.350000 0.000000
vt 0.400000 1.000000
vt 0.425000 1.000000
vt 0.425000 0.000000
vt 0.450000 1.000000
vt 0.450000 0.000000
vt 0.475000 1.000000
vt 0.475000 0.000000
vt 0.525000 1.000000
vt 0.525000 0.000000
vt 0.550000 1.000000
vt 0.550000 0.000000
vt 0.575000 1.000000
vt 0.575000 0.000000
vt 0.600000 1.000000
vt 0.650000 1.000000
vt 0.650000 0.000000
vt 0.675000 1.000000
vt 0.675000 0.000000
vt 0.700000 1.000000
vt 0.725000 1.000000
vt 0.725000 0.000000
vt 0.775000 1.000000
vt 0.775000 0.000000
vt 0.800000 1.000000
vt 0.825000 1.000000
vt 0.825000 0.000000
vt 0.850000 1.000000
vt 0.850000 0.000000
vt 0.900000 1.000000
vt 0.925000 1.000000
vt 0.925000 0.000000
vt 0.950000 1.000000
vt 0.950000 0.000000
vt 0.975000 1.000000
vt 0.975000 0.000000
vt 0.961538 0.000000
vt 0.884615 0.000000
vt 0.807692 0.000000
vt 0.730769 0.000000
vt 0.653846 0.000000
vt 0.576923 0.000000
vt 0.038462 0.000000
vt 0.423077 0.000000
vt 0.115385 0.000000
vt 0.346154 0.000000
vt 0.269231 0.000000
vt 0.192308 0.000000
vt 0.037037 1.000000
vt 0.037037 0.000000
vt 0.074074 1.000000
vt 0.074074 0.000000
vt 0.148148 1.000000
vt 0.148148 0.000000
vt 0.185185 1.000000
vt 0.185185 0.000000
vt 0.259259 1.000000
vt 0.259259 0.000000
vt 0.296296 1.000000
vt 0.296296 0.000000
vt 0.370370 1.000000
vt 0.370370 0.000000
vt 0.407407 1.000000
vt 0.407407 0.000000
vt 0.481481 1.000000
vt 0.481481 0.000000
vt 0.518519 1.000000
vt 0.518519 0.000000
vt 0.592593 1.000000
vt 0.592593 0.000000
vt 0.629630 1.000000
vt 0.629630 0.000000
vt 0.703704 1.000000
vt 0.703704 0.000000
vt 0.740741 1.000000
vt 0.740741 0.000000
vt 0.814815 1.000000
vt 0.814815 0.000000
vt 0.851852 1.000000
vt 0.851852 0.000000
vt 0.925926 1.000000
vt 0.925926 0.000000
vt 0.962963 1.000000
vt 0.962963 0.000000
s 0
g off
g shell_logo_Material_rouge
usemtl Material_rouge
f 119/1/1 121/2/1 120/3/1
f 119/1/1 122/4/1 121/2/1
f 118/5/1 122/4/1 119/1/1
f 118/5/1 123/6/1 122/4/1
f 117/7/1 123/6/1 118/5/1
f 117/7/1 124/8/1 123/6/1
f 116/9/1 124/8/1 117/7/1
f 116/9/1 125/10/1 124/8/1
f 115/11/1 125/10/1 116/9/1
f 114/12/1 125/10/1 115/11/1
f 114/12/1 126/13/1 125/10/1
f 113/14/1 126/13/1 114/12/1
f 112/15/1 126/13/1 113/14/1
f 112/15/1 127/16/1 126/13/1
f 111/17/1 127/16/1 112/15/1
f 110/18/1 127/16/1 111/17/1
f 110/18/1 128/19/1 127/16/1
f 109/20/1 441/21/1 110/18/1
f 441/21/1 387/22/1 110/18/1
f 387/22/1 128/19/1 110/18/1
f 108/23/1 442/24/1 109/20/1
f 442/24/1 441/21/1 109/20/1
f 440/25/1 387/22/1 441/21/1
f 108/23/1 443/26/1 442/24/1
f 439/27/1 387/22/1 440/25/1
f 108/23/1 444/28/1 443/26/1
f 438/29/1 390/30/1 439/27/1
f 390/30/1 389/31/1 439/27/1
f 389/31/1 388/32/1 439/27/1
f 388/32/1 387/22/1 439/27/1
f 108/23/1 445/33/1 444/28/1
f 386/34/1 128/19/1 387/22/1
f 385/35/1 128/19/1 386/34/1
f 438/29/1 391/36/1 390/30/1
f 108/23/1 446/37/1 445/33/1
f 384/38/1 128/19/1 385/35/1
f 383/39/1 128/19/1 384/38/1
f 108/23/1 447/40/1 446/37/1
f 382/41/1 128/19/1 383/39/1
f 382/41/1 129/42/1 128/19/1
f 107/43/1 447/40/1 108/23/1
f 107/43/1 448/44/1 447/40/1
f 381/45/1 129/42/1 382/41/1
f 437/46/1 391/36/1 438/29/1
f 107/43/1 449/47/1 448/44/1
f 380/48/1 129/42/1 381/45/1
f 380/48/1 130/49/1 129/42/1
f 379/50/1 130/49/1 380/48/1
f 107/43/1 450/51/1 449/47/1
f 379/50/1 131/52/1 130/49/1
f 106/53/1 450/51/1 107/43/1
f 378/54/1 131/52/1 379/50/1
f 106/53/1 451/55/1 450/51/1
f 378/54/1 132/56/1 131/52/1
f 377/57/1 132/56/1 378/54/1
f 106/53/1 491/58/1 451/55/1
f 491/58/1 452/59/1 451/55/1
f 377/57/1 133/60/1 132/56/1
f 105/61/1 491/58/1 106/53/1
f 377/57/1 134/62/1 133/60/1
f 376/63/1 330/64/1 377/57/1
f 330/64/1 134/62/1 377/57/1
f 436/65/1 391/36/1 437/46/1
f 330/64/1 135/66/1 134/62/1
f 104/67/1 491/58/1 105/61/1
f 376/63/1 331/68/1 330/64/1
f 329/69/1 135/66/1 330/64/1
f 329/69/1 136/70/1 135/66/1
f 104/67/1 492/71/1 491/58/1
f 490/72/2 452/59/2 491/58/2
f 104/67/1 493/73/1 492/71/1
f 104/67/1 494/74/1 493/73/1
f 104/67/1 495/75/1 494/74/1
f 104/67/1 496/76/1 495/75/1
f 104/67/1 497/77/1 496/76/1
f 104/67/1 498/78/1 497/77/1
f 329/69/1 137/79/1 136/70/1
f 104/67/1 499/80/1 498/78/1
f 489/81/1 452/59/1 490/72/1
f 104/67/1 500/82/1 499/80/1
f 104/67/1 501/83/1 500/82/1
f 376/63/1 332/84/1 331/68/1
f 103/85/1 501/83/1 104/67/1
f 103/85/1 502/86/1 501/83/1
f 103/85/1 503/87/1 502/86/1
f 103/85/1 504/88/1 503/87/1
f 329/69/1 138/89/1 137/79/1
f 375/90/1 332/84/1 376/63/1
f 103/85/1 505/91/1 504/88/1
f 102/92/1 505/91/1 103/85/1
f 102/92/1 506/93/1 505/91/1
f 329/69/1 139/94/1 138/89/1
f 488/95/1 452/59/1 489/81/1
f 328/96/1 139/94/1 329/69/1
f 102/92/1 507/97/1 506/93/1
f 327/98/1 139/94/1 328/96/1
f 326/99/1 139/94/1 327/98/1
f 326/99/1 140/100/1 139/94/1
f 101/101/1 507/97/1 102/92/1
f 325/102/1 140/100/1 326/99/1
f 101/101/1 508/103/1 507/97/1
f 324/104/1 140/100/1 325/102/1
f 323/105/1 140/100/1 324/104/1
f 101/101/1 509/106/1 508/103/1
f 435/107/1 391/36/1 436/65/1
f 322/108/1 140/100/1 323/105/1
f 322/108/1 141/109/1 140/100/1
f 375/90/1 333/110/1 332/84/1
f 321/111/1 141/109/1 322/108/1
f 100/112/1 509/106/1 101/101/1
f 100/112/1 510/113/1 509/106/1
f 320/114/1 141/109/1 321/111/1
f 319/115/1 141/109/1 320/114/1
f 319/115/1 142/116/1 141/109/1
f 487/117/1 452/59/1 488/95/1
f 318/118/1 142/116/1 319/115/1
f 100/112/1 511/119/1 510/113/1
f 317/120/1 142/116/1 318/118/1
f 99/121/1 511/119/1 100/112/1
f 316/122/1 142/116/1 317/120/1
f 99/121/1 512/123/1 511/119/1
f 315/124/1 142/116/1 316/122/1
f 315/124/1 143/125/1 142/116/1
f 314/126/1 143/125/1 315/124/1
f 313/127/1 143/125/1 314/126/1
f 374/128/1 333/110/1 375/90/1
f 99/121/1 513/129/1 512/123/1
f 312/130/1 143/125/1 313/127/1
f 98/131/1 513/129/1 99/121/1
f 311/132/1 143/125/1 312/130/1
f 311/132/1 144/133/1 143/125/1
f 310/134/1 144/133/1 311/132/1
f 309/135/1 144/133/1 310/134/1
f 98/131/1 514/136/1 513/129/1
f 308/137/1 144/133/1 309/135/1
f 307/138/1 144/133/1 308/137/1
f 97/139/1 514/136/1 98/131/1
f 307/138/1 145/140/1 144/133/1
f 306/141/1 145/140/1 307/138/1
f 97/139/1 515/142/1 514/136/1
f 486/143/1 452/59/1 487/117/1
f 305/144/1 145/140/1 306/141/1
f 374/128/1 334/145/1 333/110/1
f 304/146/1 145/140/1 305/144/1
f 303/147/1 145/140/1 304/146/1
f 303/147/1 146/148/1 145/140/1
f 97/139/1 565/149/1 515/142/1
f 565/149/1 516/150/1 515/142/1
f 96/151/1 565/149/1 97/139/1
f 302/152/1 146/148/1 303/147/1
f 301/153/1 146/148/1 302/152/1
f 301/153/1 147/154/1 146/148/1
f 434/155/1 391/36/1 435/107/1
f 95/156/1 565/149/1 96/151/1
f 300/157/1 147/154/1 301/153/1
f 300/157/1 148/158/1 147/154/1
f 299/159/1 148/158/1 300/157/1
f 94/160/1 565/149/1 95/156/1
f 485/161/1 452/59/1 486/143/1
f 299/159/1 149/162/1 148/158/1
f 298/163/1 149/162/1 299/159/1
f 373/164/1 334/145/1 374/128/1
f 93/165/1 565/149/1 94/160/1
f 297/166/1 254/167/1 298/163/1
f 254/167/1 149/162/1 298/163/1
f 254/167/1 150/168/1 149/162/1
f 297/166/1 255/169/1 254/167/1
f 253/170/1 150/168/1 254/167/1
f 252/171/1 150/168/1 253/170/1
f 251/172/1 150/168/1 252/171/1
f 93/165/1 566/173/1 565/149/1
f 564/174/1 516/150/1 565/149/1
f 250/175/1 150/168/1 251/172/1
f 249/176/1 150/168/1 250/175/1
f 296/177/1 255/169/1 297/166/1
f 248/178/1 150/168/1 249/176/1
f 247/179/1 150/168/1 248/178/1
f 92/180/1 566/173/1 93/165/1
f 246/181/1 150/168/1 247/179/1
f 246/181/1 151/182/1 150/168/1
f 373/164/1 335/183/1 334/145/1
f 245/184/1 151/182/1 246/181/1
f 244/185/1 151/182/1 245/184/1
f 563/186/1 516/150/1 564/174/1
f 92/180/1 567/187/1 566/173/1
f 243/188/1 151/182/1 244/185/1
f 295/189/3 255/169/3 296/177/3
f 242/190/1 151/182/1 243/188/1
f 241/191/1 151/182/1 242/190/1
f 294/192/4 255/169/4 295/189/4
f 241/191/1 152/193/1 151/182/1
f 91/194/1 567/187/1 92/180/1
f 91/194/1 568/195/1 567/187/1
f 240/196/1 152/193/1 241/191/1
f 293/197/1 255/169/1 294/192/1
f 292/198/1 255/169/1 293/197/1
f 484/199/1 452/59/1 485/161/1
f 239/200/1 152/193/1 240/196/1
f 91/194/1 569/201/1 568/195/1
f 239/200/1 1/202/1 152/193/1
f 562/203/1 516/150/1 563/186/1
f 238/204/1 1/202/1 239/200/1
f 90/205/1 569/201/1 91/194/1
f 90/205/1 570/206/1 569/201/1
f 433/207/1 391/36/1 434/155/1
f 237/208/1 1/202/1 238/204/1
f 90/205/1 571/209/1 570/206/1
f 236/210/1 1/202/1 237/208/1
f 372/211/1 335/183/1 373/164/1
f 89/212/1 571/209/1 90/205/1
f 236/210/1 2/213/1 1/202/1
f 89/212/1 572/214/1 571/209/1
f 235/215/1 2/213/1 236/210/1
f 483/216/1 452/59/1 484/199/1
f 561/217/1 516/150/1 562/203/1
f 89/212/1 573/218/1 572/214/1
f 234/219/1 2/213/1 235/215/1
f 372/211/1 336/220/1 335/183/1
f 88/221/1 573/218/1 89/212/1
f 233/222/1 2/213/1 234/219/1
f 88/221/1 574/223/1 573/218/1
f 233/222/1 3/224/1 2/213/1
f 232/225/1 3/224/1 233/222/1
f 88/221/1 575/226/1 574/223/1
f 87/227/1 575/226/1 88/221/1
f 231/228/1 3/224/1 232/225/1
f 482/229/1 452/59/1 483/216/1
f 560/230/1 516/150/1 561/217/1
f 87/227/1 576/231/1 575/226/1
f 230/232/1 3/224/1 231/228/1
f 86/233/1 576/231/1 87/227/1
f 230/232/1 4/234/1 3/224/1
f 86/233/1 577/235/1 576/231/1
f 432/236/1 391/36/1 433/207/1
f 229/237/1 4/234/1 230/232/1
f 228/238/1 4/234/1 229/237/1
f 371/239/1 336/220/1 372/211/1
f 86/233/1 619/240/1 577/235/1
f 619/240/1 578/241/1 577/235/1
f 227/242/1 4/234/1 228/238/1
f 481/243/1 452/59/1 482/229/1
f 85/244/1 619/240/1 86/233/1
f 371/239/1 337/245/1 336/220/1
f 226/246/1 4/234/1 227/242/1
f 226/246/1 5/247/1 4/234/1
f 559/248/1 516/150/1 560/230/1
f 84/249/1 619/240/1 85/244/1
f 480/250/1 452/59/1 481/243/1
f 225/251/1 5/247/1 226/246/1
f 225/251/1 6/252/1 5/247/1
f 479/253/1 452/59/1 480/250/1
f 224/254/1 179/255/1 225/251/1
f 179/255/1 178/256/1 225/251/1
f 178/256/1 6/252/1 225/251/1
f 83/257/1 619/240/1 84/249/1
f 478/258/1 452/59/1 479/253/1
f 83/257/1 620/259/1 619/240/1
f 618/260/1 578/241/1 619/240/1
f 617/261/1 578/241/1 618/260/1
f 616/262/1 578/241/1 617/261/1
f 224/254/1 180/263/1 179/255/1
f 177/264/3 6/252/3 178/256/3
f 224/254/1 181/265/1 180/263/1
f 176/266/1 6/252/1 177/264/1
f 224/254/1 182/267/1 181/265/1
f 615/268/1 578/241/1 616/262/1
f 175/269/1 6/252/1 176/266/1
f 224/254/1 183/270/1 182/267/1
f 174/271/1 6/252/1 175/269/1
f 224/254/1 184/272/1 183/270/1
f 173/273/1 6/252/1 174/271/1
f 224/254/1 185/274/1 184/272/1
f 172/275/1 6/252/1 173/273/1
f 224/254/1 186/276/1 185/274/1
f 224/254/1 187/277/1 186/276/1
f 171/278/1 6/252/1 172/275/1
f 224/254/1 188/279/1 187/277/1
f 224/254/1 189/280/1 188/279/1
f 170/281/1 6/252/1 171/278/1
f 169/282/1 6/252/1 170/281/1
f 168/283/1 6/252/1 169/282/1
f 614/284/1 578/241/1 615/268/1
f 167/285/1 6/252/1 168/283/1
f 166/286/1 6/252/1 167/285/1
f 165/287/1 6/252/1 166/286/1
f 164/288/1 6/252/1 165/287/1
f 163/289/1 6/252/1 164/288/1
f 431/290/1 391/36/1 432/236/1
f 223/291/1 189/280/1 224/254/1
f 613/292/1 578/241/1 614/284/1
f 82/293/1 620/259/1 83/257/1
f 612/294/1 578/241/1 613/292/1
f 611/295/1 578/241/1 612/294/1
f 370/296/1 337/245/1 371/239/1
f 558/297/1 516/150/1 559/248/1
f 82/293/1 621/298/1 620/259/1
f 162/299/1 6/252/1 163/289/1
f 610/300/1 578/241/1 611/295/1
f 609/301/1 578/241/1 610/300/1
f 608/302/1 578/241/1 609/301/1
f 162/299/1 7/303/1 6/252/1
f 607/304/1 578/241/1 608/302/1
f 606/305/1 578/241/1 607/304/1
f 161/306/1 7/303/1 162/299/1
f 370/296/1 338/307/1 337/245/1
f 82/293/1 622/308/1 621/298/1
f 222/309/1 189/280/1 223/291/1
f 160/310/1 7/303/1 161/306/1
f 81/311/1 622/308/1 82/293/1
f 81/311/1 623/312/1 622/308/1
f 159/313/1 7/303/1 160/310/1
f 221/314/1 189/280/1 222/309/1
f 158/315/1 7/303/1 159/313/1
f 158/315/1 8/316/1 7/303/1
f 81/311/1 624/317/1 623/312/1
f 80/318/1 624/317/1 81/311/1
f 157/319/1 8/316/1 158/315/1
f 220/320/1 189/280/1 221/314/1
f 80/318/1 625/321/1 624/317/1
f 557/322/1 516/150/1 558/297/1
f 156/323/1 8/316/1 157/319/1
f 80/318/1 626/324/1 625/321/1
f 219/325/1 189/280/1 220/320/1
f 155/326/1 8/316/1 156/323/1
f 79/327/1 626/324/1 80/318/1
f 478/258/1 453/328/1 452/59/1
f 155/326/1 9/329/1 8/316/1
f 218/330/1 189/280/1 219/325/1
f 478/258/1 454/331/1 453/328/1
f 430/332/1 391/36/1 431/290/1
f 154/333/1 9/329/1 155/326/1
f 369/334/1 338/307/1 370/296/1
f 217/335/1 189/280/1 218/330/1
f 79/327/1 627/336/1 626/324/1
f 78/337/1 627/336/1 79/327/1
f 478/258/1 455/338/1 454/331/1
f 153/339/1 9/329/1 154/333/1
f 369/334/1 339/340/1 338/307/1
f 77/341/1 627/336/1 78/337/1
f 77/341/1 628/342/1 627/336/1
f 731/343/1 9/329/1 153/339/1
f 478/258/1 456/344/1 455/338/1
f 76/345/1 628/342/1 77/341/1
f 730/346/1 9/329/1 731/343/1
f 76/345/1 629/347/1 628/342/1
f 217/335/1 190/348/1 189/280/1
f 556/349/1 516/150/1 557/322/1
f 730/346/1 10/350/1 9/329/1
f 729/351/1 10/350/1 730/346/1
f 728/352/1 10/350/1 729/351/1
f 75/353/1 629/347/1 76/345/1
f 478/258/1 457/354/1 456/344/1
f 75/353/1 630/355/1 629/347/1
f 727/356/1 10/350/1 728/352/1
f 726/357/1 10/350/1 727/356/1
f 605/358/1 578/241/1 606/305/1
f 74/359/1 630/355/1 75/353/1
f 725/360/1 10/350/1 726/357/1
f 74/359/1 631/361/1 630/355/1
f 724/362/1 10/350/1 725/360/1
f 723/363/1 10/350/1 724/362/1
f 73/364/1 631/361/1 74/359/1
f 478/258/1 458/365/1 457/354/1
f 723/363/1 11/366/1 10/350/1
f 368/367/1 339/340/1 369/334/1
f 722/368/1 11/366/1 723/363/1
f 73/364/1 632/369/1 631/361/1
f 429/370/1 391/36/1 430/332/1
f 721/371/1 11/366/1 722/368/1
f 73/364/1 633/372/1 632/369/1
f 368/367/1 340/373/1 339/340/1
f 73/364/1 634/374/1 633/372/1
f 72/375/1 634/374/1 73/364/1
f 555/376/1 516/150/1 556/349/1
f 720/377/1 11/366/1 721/371/1
f 72/375/1 635/378/1 634/374/1
f 72/375/1 636/379/1 635/378/1
f 72/375/1 637/380/1 636/379/1
f 719/381/1 11/366/1 720/377/1
f 72/375/1 638/382/1 637/380/1
f 72/375/1 639/383/1 638/382/1
f 478/258/1 459/384/1 458/365/1
f 72/375/1 640/385/1 639/383/1
f 718/386/1 11/366/1 719/381/1
f 71/387/1 640/385/1 72/375/1
f 71/387/1 641/388/1 640/385/1
f 717/389/1 11/366/1 718/386/1
f 71/387/1 642/390/1 641/388/1
f 71/387/1 643/391/1 642/390/1
f 71/387/1 644/392/1 643/391/1
f 71/387/1 645/393/1 644/392/1
f 716/394/1 11/366/1 717/389/1
f 70/395/1 645/393/1 71/387/1
f 716/394/1 12/396/1 11/366/1
f 70/395/1 646/397/1 645/393/1
f 478/258/1 460/398/1 459/384/1
f 715/399/1 12/396/1 716/394/1
f 217/335/1 191/400/1 190/348/1
f 69/401/1 646/397/1 70/395/1
f 554/402/1 516/150/1 555/376/1
f 69/401/1 647/403/1 646/397/1
f 429/370/1 392/404/1 391/36/1
f 367/405/1 340/373/1 368/367/1
f 429/370/1 393/406/1 392/404/1
f 68/407/1 647/403/1 69/401/1
f 429/370/1 394/408/1 393/406/1
f 367/405/1 341/409/1 340/373/1
f 714/410/1 12/396/1 715/399/1
f 604/411/1 578/241/1 605/358/1
f 428/412/1 394/408/1 429/370/1
f 428/412/1 395/413/1 394/408/1
f 478/258/1 461/414/1 460/398/1
f 68/407/1 648/415/1 647/403/1
f 714/410/1 13/416/1 12/396/1
f 428/412/1 396/417/1 395/413/1
f 67/418/1 648/415/1 68/407/1
f 553/419/1 516/150/1 554/402/1
f 66/420/1 648/415/1 67/418/1
f 65/421/1 648/415/1 66/420/1
f 64/422/1 648/415/1 65/421/1
f 477/423/1 461/414/1 478/258/1
f 63/424/1 648/415/1 64/422/1
f 62/425/1 648/415/1 63/424/1
f 61/426/1 648/415/1 62/425/1
f 713/427/1 13/416/1 714/410/1
f 60/428/1 648/415/1 61/426/1
f 428/412/1 397/429/1 396/417/1
f 59/430/1 648/415/1 60/428/1
f 58/431/1 648/415/1 59/430/1
f 57/432/1 648/415/1 58/431/1
f 552/433/1 516/150/1 553/419/1
f 56/434/1 648/415/1 57/432/1
f 55/435/1 648/415/1 56/434/1
f 477/423/1 462/436/1 461/414/1
f 54/437/1 648/415/1 55/435/1
f 54/437/1 649/438/1 648/415/1
f 428/412/1 398/439/1 397/429/1
f 713/427/1 14/440/1 13/416/1
f 366/441/1 341/409/1 367/405/1
f 53/442/1 649/438/1 54/437/1
f 428/412/1 399/443/1 398/439/1
f 366/441/1 342/444/1 341/409/1
f 712/445/1 14/440/1 713/427/1
f 477/423/1 463/446/1 462/436/1
f 428/412/1 400/447/1 399/443/1
f 291/448/1 255/169/1 292/198/1
f 427/449/1 400/447/1 428/412/1
f 52/450/1 649/438/1 53/442/1
f 291/448/1 256/451/1 255/169/1
f 52/450/1 650/452/1 649/438/1
f 291/448/1 257/453/1 256/451/1
f 365/454/1 342/444/1 366/441/1
f 364/455/1 342/444/1 365/454/1
f 363/456/1 342/444/1 364/455/1
f 291/448/1 258/457/1 257/453/1
f 362/458/1 342/444/1 363/456/1
f 361/459/1 342/444/1 362/458/1
f 361/459/1 343/460/1 342/444/1
f 361/459/1 344/461/1 343/460/1
f 360/462/1 344/461/1 361/459/1
f 427/449/1 401/463/1 400/447/1
f 360/462/1 345/464/1 344/461/1
f 359/465/1 345/464/1 360/462/1
f 552/433/1 517/466/1 516/150/1
f 359/465/1 346/467/1 345/464/1
f 291/448/1 259/468/1 258/457/1
f 358/469/1 346/467/1 359/465/1
f 552/433/1 518/470/1 517/466/1
f 477/423/1 464/471/1 463/446/1
f 358/469/1 347/472/1 346/467/1
f 357/473/1 347/472/1 358/469/1
f 357/473/1 348/474/1 347/472/1
f 356/475/1 348/474/1 357/473/1
f 356/475/1 349/476/1 348/474/1
f 552/433/1 519/477/1 518/470/1
f 355/478/1 349/476/1 356/475/1
f 355/478/1 350/479/1 349/476/1
f 354/480/1 350/479/1 355/478/1
f 354/480/1 351/481/1 350/479/1
f 353/482/1 351/481/1 354/480/1
f 353/482/1 352/483/1 351/481/1
f 291/448/1 260/484/1 259/468/1
f 552/433/1 520/485/1 519/477/1
f 427/449/1 402/486/1 401/463/1
f 477/423/1 465/487/1 464/471/1
f 477/423/1 466/488/1 465/487/1
f 477/423/1 467/489/1 466/488/1
f 477/423/1 468/490/1 467/489/1
f 711/491/1 14/440/1 712/445/1
f 477/423/1 469/492/1 468/490/1
f 552/433/1 521/493/1 520/485/1
f 51/494/1 650/452/1 52/450/1
f 477/423/1 470/495/1 469/492/1
f 426/496/1 402/486/1 427/449/1
f 426/496/1 403/497/1 402/486/1
f 291/448/1 261/498/1 260/484/1
f 476/499/1 470/495/1 477/423/1
f 476/499/1 471/500/1 470/495/1
f 425/501/1 403/497/1 426/496/1
f 476/499/1 472/502/1 471/500/1
f 424/503/1 403/497/1 425/501/1
f 424/503/1 404/504/1 403/497/1
f 476/499/1 473/505/1 472/502/1
f 423/506/1 404/504/1 424/503/1
f 423/506/1 405/507/1 404/504/1
f 476/499/1 474/508/1 473/505/1
f 476/499/1 475/509/1 474/508/1
f 422/510/1 405/507/1 423/506/1
f 422/510/1 406/511/1 405/507/1
f 552/433/1 522/512/1 521/493/1
f 422/510/1 407/513/1 406/511/1
f 421/514/1 407/513/1 422/510/1
f 421/514/1 408/515/1 407/513/1
f 420/516/1 408/515/1 421/514/1
f 420/516/1 409/517/1 408/515/1
f 419/518/1 409/517/1 420/516/1
f 419/518/1 410/519/1 409/517/1
f 418/520/1 410/519/1 419/518/1
f 418/520/1 411/521/1 410/519/1
f 291/448/1 262/522/1 261/498/1
f 418/520/1 412/523/1 411/521/1
f 417/524/1 412/523/1 418/520/1
f 417/524/1 413/525/1 412/523/1
f 416/526/1 413/525/1 417/524/1
f 416/526/1 414/527/1 413/525/1
f 416/526/1 415/528/1 414/527/1
f 552/433/1 523/529/1 522/512/1
f 51/494/1 651/530/1 650/452/1
f 291/448/1 263/531/1 262/522/1
f 552/433/1 524/532/1 523/529/1
f 552/433/1 525/533/1 524/532/1
f 291/448/1 264/534/1 263/531/1
f 604/411/1 579/535/1 578/241/1
f 50/536/1 651/530/1 51/494/1
f 552/433/1 526/537/1 525/533/1
f 604/411/1 580/538/1 579/535/1
f 710/539/1 14/440/1 711/491/1
f 291/448/1 265/540/1 264/534/1
f 552/433/1 527/541/1 526/537/1
f 290/542/1 265/540/1 291/448/1
f 604/411/1 581/543/1 580/538/1
f 289/544/1 265/540/1 290/542/1
f 552/433/1 528/545/1 527/541/1
f 288/546/1 265/540/1 289/544/1
f 552/433/1 529/547/1 528/545/1
f 287/548/1 265/540/1 288/546/1
f 287/548/1 266/549/1 265/540/1
f 552/433/1 530/550/1 529/547/1
f 551/551/1 530/550/1 552/433/1
f 286/552/1 266/549/1 287/548/1
f 551/551/1 531/553/1 530/550/1
f 550/554/1 531/553/1 551/551/1
f 285/555/1 266/549/1 286/552/1
f 550/554/1 532/556/1 531/553/1
f 285/555/1 267/557/1 266/549/1
f 549/558/1 532/556/1 550/554/1
f 284/559/1 267/557/1 285/555/1
f 604/411/1 582/560/1 581/543/1
f 549/558/1 533/561/1 532/556/1
f 284/559/1 268/562/1 267/557/1
f 548/563/1 533/561/1 549/558/1
f 283/564/1 268/562/1 284/559/1
f 283/564/1 269/565/1 268/562/1
f 548/563/1 534/566/1 533/561/1
f 547/567/1 534/566/1 548/563/1
f 283/564/1 270/568/1 269/565/1
f 282/569/1 270/568/1 283/564/1
f 282/569/1 271/570/1 270/568/1
f 547/567/1 535/571/1 534/566/1
f 546/572/1 535/571/1 547/567/1
f 281/573/1 271/570/1 282/569/1
f 50/536/1 652/574/1 651/530/1
f 281/573/1 272/575/1 271/570/1
f 281/573/1 273/576/1 272/575/1
f 280/577/1 273/576/1 281/573/1
f 545/578/1 535/571/1 546/572/1
f 280/577/1 274/579/1 273/576/1
f 545/578/1 536/580/1 535/571/1
f 280/577/1 275/581/1 274/579/1
f 279/582/1 275/581/1 280/577/1
f 279/582/1 276/583/1 275/581/1
f 278/584/1 276/583/1 279/582/1
f 278/584/1 277/585/1 276/583/1
f 544/586/1 536/580/1 545/578/1
f 544/586/1 537/587/1 536/580/1
f 543/588/1 537/587/1 544/586/1
f 543/588/1 538/589/1 537/587/1
f 542/590/1 538/589/1 543/588/1
f 542/590/1 539/591/1 538/589/1
f 541/592/1 539/591/1 542/590/1
f 604/411/1 583/593/1 582/560/1
f 540/594/1 539/591/1 541/592/1
f 49/595/1 652/574/1 50/536/1
f 709/596/1 14/440/1 710/539/1
f 604/411/1 584/597/1 583/593/1
f 603/598/1 584/597/1 604/411/1
f 603/598/1 585/599/1 584/597/1
f 216/600/1 191/400/1 217/335/1
f 216/600/1 192/601/1 191/400/1
f 49/595/1 653/602/1 652/574/1
f 708/603/1 14/440/1 709/596/1
f 603/598/1 586/604/1 585/599/1
f 48/605/1 653/602/1 49/595/1
f 603/598/1 587/606/1 586/604/1
f 48/605/1 654/607/1 653/602/1
f 707/608/1 14/440/1 708/603/1
f 603/598/1 588/609/1 587/606/1
f 706/610/1 14/440/1 707/608/1
f 215/611/1 192/601/1 216/600/1
f 214/612/1 192/601/1 215/611/1
f 213/613/1 192/601/1 214/612/1
f 603/598/1 589/614/1 588/609/1
f 212/615/1 192/601/1 213/613/1
f 211/616/1 192/601/1 212/615/1
f 48/605/1 655/617/1 654/607/1
f 210/618/1 192/601/1 211/616/1
f 209/619/1 192/601/1 210/618/1
f 209/619/2 193/620/2 192/601/2
f 209/619/1 194/621/1 193/620/1
f 209/619/1 195/622/1 194/621/1
f 209/619/1 196/623/1 195/622/1
f 209/619/1 197/624/1 196/623/1
f 208/625/1 197/624/1 209/619/1
f 208/625/1 198/626/1 197/624/1
f 47/627/1 655/617/1 48/605/1
f 208/625/1 199/628/1 198/626/1
f 207/629/1 199/628/1 208/625/1
f 207/629/1 200/630/1 199/628/1
f 603/598/1 590/631/1 589/614/1
f 207/629/1 201/632/1 200/630/1
f 206/633/1 201/632/1 207/629/1
f 206/633/1 202/634/1 201/632/1
f 205/635/1 202/634/1 206/633/1
f 205/635/1 203/636/1 202/634/1
f 205/635/1 204/637/1 203/636/1
f 603/598/1 591/638/1 590/631/1
f 47/627/1 656/639/1 655/617/1
f 603/598/1 592/640/1 591/638/1
f 603/598/1 593/641/1 592/640/1
f 603/598/1 594/642/1 593/641/1
f 603/598/1 595/643/1 594/642/1
f 603/598/1 596/644/1 595/643/1
f 603/598/1 597/645/1 596/644/1
f 603/598/1 598/646/1 597/645/1
f 603/598/1 599/647/1 598/646/1
f 603/598/1 600/648/1 599/647/1
f 602/649/1 600/648/1 603/598/1
f 602/649/1 601/650/1 600/648/1
f 47/627/1 657/651/1 656/639/1
f 46/652/1 657/651/1 47/627/1
f 46/652/1 658/653/1 657/651/1
f 45/654/1 658/653/1 46/652/1
f 45/654/1 659/655/1 658/653/1
f 44/656/1 659/655/1 45/654/1
f 43/657/1 659/655/1 44/656/1
f 43/657/1 660/658/1 659/655/1
f 706/610/1 15/659/1 14/440/1
f 42/660/1 660/658/1 43/657/1
f 42/660/1 661/661/1 660/658/1
f 42/660/1 662/662/1 661/661/1
f 42/660/1 663/663/1 662/662/1
f 42/660/1 664/664/1 663/663/1
f 42/660/1 665/665/1 664/664/1
f 42/660/1 666/666/1 665/665/1
f 42/660/1 667/667/1 666/666/1
f 705/668/1 15/659/1 706/610/1
f 704/669/1 15/659/1 705/668/1
f 42/660/1 668/670/1 667/667/1
f 42/660/1 669/671/1 668/670/1
f 42/660/1 670/672/1 669/671/1
f 42/660/1 671/673/1 670/672/1
f 42/660/1 672/674/1 671/673/1
f 42/660/1 673/675/1 672/674/1
f 42/660/1 674/676/1 673/675/1
f 42/660/1 675/677/1 674/676/1
f 42/660/1 676/678/1 675/677/1
f 42/660/1 677/679/1 676/678/1
f 42/660/1 678/680/1 677/679/1
f 42/660/1 679/681/1 678/680/1
f 42/660/1 680/682/1 679/681/1
f 703/683/1 15/659/1 704/669/1
f 42/660/1 681/684/1 680/682/1
f 42/660/1 682/685/1 681/684/1
f 42/660/1 683/686/1 682/685/1
f 42/660/1 684/687/1 683/686/1
f 42/660/1 685/688/1 684/687/1
f 42/660/1 686/689/1 685/688/1
f 42/660/1 687/690/1 686/689/1
f 42/660/1 688/691/1 687/690/1
f 42/660/1 689/692/1 688/691/1
f 42/660/1 690/693/1 689/692/1
f 702/694/1 15/659/1 703/683/1
f 42/660/1 691/695/1 690/693/1
f 42/660/1 692/696/1 691/695/1
f 701/697/1 15/659/1 702/694/1
f 42/660/1 693/698/1 692/696/1
f 700/699/1 15/659/1 701/697/1
f 42/660/1 694/700/1 693/698/1
f 699/701/1 15/659/1 700/699/1
f 42/660/1 695/702/1 694/700/1
f 698/703/1 15/659/1 699/701/1
f 42/660/1 696/704/1 695/702/1
f 697/705/1 15/659/1 698/703/1
f 42/660/1 697/705/1 696/704/1
f 42/660/1 15/659/1 697/705/1
f 42/660/1 16/706/1 15/659/1
f 42/660/1 17/707/1 16/706/1
f 42/660/1 18/708/1 17/707/1
f 42/660/1 19/709/1 18/708/1
f 42/660/1 20/710/1 19/709/1
f 42/660/1 21/711/1 20/710/1
f 42/660/1 22/712/1 21/711/1
f 42/660/1 23/713/1 22/712/1
f 42/660/1 24/714/1 23/713/1
f 42/660/1 25/715/1 24/714/1
f 41/716/1 25/715/1 42/660/1
f 41/716/1 26/717/1 25/715/1
f 41/716/1 27/718/1 26/717/1
f 41/716/1 40/719/1 27/718/1
f 40/719/1 28/720/1 27/718/1
f 39/721/1 28/720/1 40/719/1
f 39/721/1 29/722/1 28/720/1
f 39/721/1 30/723/1 29/722/1
f 38/724/1 30/723/1 39/721/1
f 38/724/1 31/725/1 30/723/1
f 38/724/1 32/726/1 31/725/1
f 37/727/1 32/726/1 38/724/1
f 37/727/1 33/728/1 32/726/1
f 36/729/1 33/728/1 37/727/1
f 36/729/1 34/730/1 33/728/1
f 35/731/1 34/730/1 36/729/1
f 850/1/5 851/3/5 852/2/5
f 850/1/5 852/2/5 853/4/5
f 849/5/5 850/1/5 853/4/5
f 849/5/5 853/4/5 854/6/5
f 848/7/5 849/5/5 854/6/5
f 848/7/5 854/6/5 855/8/5
f 847/9/5 848/7/5 855/8/5
f 847/9/5 855/8/5 856/10/5
f 846/11/5 847/9/5 856/10/5
f 845/12/5 846/11/5 856/10/5
f 845/12/5 856/10/5 857/13/5
f 844/14/5 845/12/5 857/13/5
f 843/15/5 844/14/5 857/13/5
f 843/15/5 857/13/5 858/16/5
f 842/17/5 843/15/5 858/16/5
f 841/18/5 842/17/5 858/16/5
f 841/18/5 858/16/5 859/19/5
f 840/20/5 841/18/5 1172/21/5
f 1172/21/5 841/18/5 1118/22/5
f 1118/22/5 841/18/5 859/19/5
f 839/23/5 840/20/5 1173/24/5
f 1173/24/5 840/20/5 1172/21/5
f 1171/25/5 1172/21/5 1118/22/5
f 839/23/5 1173/24/5 1174/26/5
f 1170/27/5 1171/25/5 1118/22/5
f 839/23/5 1174/26/5 1175/28/5
f 1169/29/5 1170/27/5 1121/30/5
f 1121/30/5 1170/27/5 1120/31/5
f 1120/31/5 1170/27/5 1119/32/5
f 1119/32/5 1170/27/5 1118/22/5
f 839/23/5 1175/28/5 1176/33/5
f 1117/34/5 1118/22/5 859/19/5
f 1116/35/5 1117/34/5 859/19/5
f 1169/29/5 1121/30/5 1122/36/5
f 839/23/5 1176/33/5 1177/37/5
f 1115/38/5 1116/35/5 859/19/5
f 1114/39/5 1115/38/5 859/19/5
f 839/23/5 1177/37/5 1178/40/5
f 1113/41/5 1114/39/5 859/19/5
f 1113/41/5 859/19/5 860/42/5
f 838/43/5 839/23/5 1178/40/5
f 838/43/5 1178/40/5 1179/44/5
f 1112/45/5 1113/41/5 860/42/5
f 1168/46/5 1169/29/5 1122/36/5
f 838/43/5 1179/44/5 1180/47/5
f 1111/48/5 1112/45/5 860/42/5
f 1111/48/5 860/42/5 861/49/5
f 1110/50/5 1111/48/5 861/49/5
f 838/43/5 1180/47/5 1181/51/5
f 1110/50/5 861/49/5 862/52/5
f 837/53/5 838/43/5 1181/51/5
f 1109/54/5 1110/50/5 862/52/5
f 837/53/5 1181/51/5 1182/55/5
f 1109/54/5 862/52/5 863/56/5
f 1108/57/5 1109/54/5 863/56/5
f 837/53/5 1182/55/5 1222/58/5
f 1222/58/5 1182/55/5 1183/59/5
f 1108/57/5 863/56/5 864/60/5
f 836/61/5 837/53/5 1222/58/5
f 1108/57/5 864/60/5 865/62/5
f 1107/63/5 1108/57/5 1061/64/5
f 1061/64/5 1108/57/5 865/62/5
f 1167/65/5 1168/46/5 1122/36/5
f 1061/64/5 865/62/5 866/66/5
f 835/67/5 836/61/5 1222/58/5
f 1107/63/5 1061/64/5 1062/68/5
f 1060/69/5 1061/64/5 866/66/5
f 1060/69/5 866/66/5 867/70/5
f 835/67/5 1222/58/5 1223/71/5
f 1221/72/6 1222/58/6 1183/59/6
f 835/67/5 1223/71/5 1224/73/5
f 835/67/5 1224/73/5 1225/74/5
f 835/67/5 1225/74/5 1226/75/5
f 835/67/5 1226/75/5 1227/76/5
f 835/67/5 1227/76/5 1228/77/5
f 835/67/5 1228/77/5 1229/78/5
f 1060/69/5 867/70/5 868/79/5
f 835/67/5 1229/78/5 1230/80/5
f 1220/81/5 1221/72/5 1183/59/5
f 835/67/5 1230/80/5 1231/82/5
f 835/67/5 1231/82/5 1232/83/5
f 1107/63/5 1062/68/5 1063/84/5
f 834/85/5 835/67/5 1232/83/5
f 834/85/5 1232/83/5 1233/86/5
f 834/85/5 1233/86/5 1234/87/5
f 834/85/5 1234/87/5 1235/88/5
f 1060/69/5 868/79/5 869/89/5
f 1106/90/5 1107/63/5 1063/84/5
f 834/85/5 1235/88/5 1236/91/5
f 833/92/5 834/85/5 1236/91/5
f 833/92/5 1236/91/5 1237/93/5
f 1060/69/5 869/89/5 870/94/5
f 1219/95/5 1220/81/5 1183/59/5
f 1059/96/5 1060/69/5 870/94/5
f 833/92/5 1237/93/5 1238/97/5
f 1058/98/5 1059/96/5 870/94/5
f 1057/99/5 1058/98/5 870/94/5
f 1057/99/5 870/94/5 871/100/5
f 832/101/5 833/92/5 1238/97/5
f 1056/102/5 1057/99/5 871/100/5
f 832/101/5 1238/97/5 1239/103/5
f 1055/104/5 1056/102/5 871/100/5
f 1054/105/5 1055/104/5 871/100/5
f 832/101/5 1239/103/5 1240/106/5
f 1166/107/5 1167/65/5 1122/36/5
f 1053/108/5 1054/105/5 871/100/5
f 1053/108/5 871/100/5 872/109/5
f 1106/90/5 1063/84/5 1064/110/5
f 1052/111/5 1053/108/5 872/109/5
f 831/112/5 832/101/5 1240/106/5
f 831/112/5 1240/106/5 1241/113/5
f 1051/114/5 1052/111/5 872/109/5
f 1050/115/5 1051/114/5 872/109/5
f 1050/115/5 872/109/5 873/116/5
f 1218/117/5 1219/95/5 1183/59/5
f 1049/118/5 1050/115/5 873/116/5
f 831/112/5 1241/113/5 1242/119/5
f 1048/120/5 1049/118/5 873/116/5
f 830/121/5 831/112/5 1242/119/5
f 1047/122/5 1048/120/5 873/116/5
f 830/121/5 1242/119/5 1243/123/5
f 1046/124/5 1047/122/5 873/116/5
f 1046/124/5 873/116/5 874/125/5
f 1045/126/5 1046/124/5 874/125/5
f 1044/127/5 1045/126/5 874/125/5
f 1105/128/5 1106/90/5 1064/110/5
f 830/121/5 1243/123/5 1244/129/5
f 1043/130/5 1044/127/5 874/125/5
f 829/131/5 830/121/5 1244/129/5
f 1042/132/5 1043/130/5 874/125/5
f 1042/132/5 874/125/5 875/133/5
f 1041/134/5 1042/132/5 875/133/5
f 1040/135/5 1041/134/5 875/133/5
f 829/131/5 1244/129/5 1245/136/5
f 1039/137/5 1040/135/5 875/133/5
f 1038/138/5 1039/137/5 875/133/5
f 828/139/5 829/131/5 1245/136/5
f 1038/138/5 875/133/5 876/140/5
f 1037/141/5 1038/138/5 876/140/5
f 828/139/5 1245/136/5 1246/142/5
f 1217/143/5 1218/117/5 1183/59/5
f 1036/144/5 1037/141/5 876/140/5
f 1105/128/5 1064/110/5 1065/145/5
f 1035/146/5 1036/144/5 876/140/5
f 1034/147/5 1035/146/5 876/140/5
f 1034/147/5 876/140/5 877/148/5
f 828/139/5 1246/142/5 1296/149/5
f 1296/149/5 1246/142/5 1247/150/5
f 827/151/5 828/139/5 1296/149/5
f 1033/152/5 1034/147/5 877/148/5
f 1032/153/5 1033/152/5 877/148/5
f 1032/153/5 877/148/5 878/154/5
f 1165/155/5 1166/107/5 1122/36/5
f 826/156/5 827/151/5 1296/149/5
f 1031/157/5 1032/153/5 878/154/5
f 1031/157/5 878/154/5 879/158/5
f 1030/159/5 1031/157/5 879/158/5
f 825/160/5 826/156/5 1296/149/5
f 1216/161/5 1217/143/5 1183/59/5
f 1030/159/5 879/158/5 880/162/5
f 1029/163/5 1030/159/5 880/162/5
f 1104/164/5 1105/128/5 1065/145/5
f 824/165/5 825/160/5 1296/149/5
f 1028/166/5 1029/163/5 985/167/5
f 985/167/5 1029/163/5 880/162/5
f 985/167/5 880/162/5 881/168/5
f 1028/166/5 985/167/5 986/169/5
f 984/170/5 985/167/5 881/168/5
f 983/171/5 984/170/5 881/168/5
f 982/172/5 983/171/5 881/168/5
f 824/165/5 1296/149/5 1297/173/5
f 1295/174/5 1296/149/5 1247/150/5
f 981/175/5 982/172/5 881/168/5
f 980/176/5 981/175/5 881/168/5
f 1027/177/5 1028/166/5 986/169/5
f 979/178/5 980/176/5 881/168/5
f 978/179/5 979/178/5 881/168/5
f 823/180/5 824/165/5 1297/173/5
f 977/181/5 978/179/5 881/168/5
f 977/181/5 881/168/5 882/182/5
f 1104/164/5 1065/145/5 1066/183/5
f 976/184/5 977/181/5 882/182/5
f 975/185/5 976/184/5 882/182/5
f 1294/186/5 1295/174/5 1247/150/5
f 823/180/5 1297/173/5 1298/187/5
f 974/188/5 975/185/5 882/182/5
f 1026/189/7 1027/177/7 986/169/7
f 973/190/5 974/188/5 882/182/5
f 972/191/5 973/190/5 882/182/5
f 1025/192/8 1026/189/8 986/169/8
f 972/191/5 882/182/5 883/193/5
f 822/194/5 823/180/5 1298/187/5
f 822/194/5 1298/187/5 1299/195/5
f 971/196/5 972/191/5 883/193/5
f 1024/197/5 1025/192/5 986/169/5
f 1023/198/5 1024/197/5 986/169/5
f 1215/199/5 1216/161/5 1183/59/5
f 970/200/5 971/196/5 883/193/5
f 822/194/5 1299/195/5 1300/201/5
f 970/200/5 883/193/5 732/202/5
f 1293/203/5 1294/186/5 1247/150/5
f 969/204/5 970/200/5 732/202/5
f 821/205/5 822/194/5 1300/201/5
f 821/205/5 1300/201/5 1301/206/5
f 1164/207/5 1165/155/5 1122/36/5
f 968/208/5 969/204/5 732/202/5
f 821/205/5 1301/206/5 1302/209/5
f 967/210/5 968/208/5 732/202/5
f 1103/211/5 1104/164/5 1066/183/5
f 820/212/5 821/205/5 1302/209/5
f 967/210/5 732/202/5 733/213/5
f 820/212/5 1302/209/5 1303/214/5
f 966/215/5 967/210/5 733/213/5
f 1214/216/5 1215/199/5 1183/59/5
f 1292/217/5 1293/203/5 1247/150/5
f 820/212/5 1303/214/5 1304/218/5
f 965/219/5 966/215/5 733/213/5
f 1103/211/5 1066/183/5 1067/220/5
f 819/221/5 820/212/5 1304/218/5
f 964/222/5 965/219/5 733/213/5
f 819/221/5 1304/218/5 1305/223/5
f 964/222/5 733/213/5 734/224/5
f 963/225/5 964/222/5 734/224/5
f 819/221/5 1305/223/5 1306/226/5
f 818/227/5 819/221/5 1306/226/5
f 962/228/5 963/225/5 734/224/5
f 1213/229/5 1214/216/5 1183/59/5
f 1291/230/5 1292/217/5 1247/150/5
f 818/227/5 1306/226/5 1307/231/5
f 961/232/5 962/228/5 734/224/5
f 817/233/5 818/227/5 1307/231/5
f 961/232/5 734/224/5 735/234/5
f 817/233/5 1307/231/5 1308/235/5
f 1163/236/5 1164/207/5 1122/36/5
f 960/237/5 961/232/5 735/234/5
f 959/238/5 960/237/5 735/234/5
f 1102/239/5 1103/211/5 1067/220/5
f 817/233/5 1308/235/5 1350/240/5
f 1350/240/5 1308/235/5 1309/241/5
f 958/242/5 959/238/5 735/234/5
f 1212/243/5 1213/229/5 1183/59/5
f 816/244/5 817/233/5 1350/240/5
f 1102/239/5 1067/220/5 1068/245/5
f 957/246/5 958/242/5 735/234/5
f 957/246/5 735/234/5 736/247/5
f 1290/248/5 1291/230/5 1247/150/5
f 815/249/5 816/244/5 1350/240/5
f 1211/250/5 1212/243/5 1183/59/5
f 956/251/5 957/246/5 736/247/5
f 956/251/5 736/247/5 737/252/5
f 1210/253/5 1211/250/5 1183/59/5
f 955/254/5 956/251/5 910/255/5
f 910/255/5 956/251/5 909/256/5
f 909/256/5 956/251/5 737/252/5
f 814/257/5 815/249/5 1350/240/5
f 1209/258/5 1210/253/5 1183/59/5
f 814/257/5 1350/240/5 1351/259/5
f 1349/260/5 1350/240/5 1309/241/5
f 1348/261/5 1349/260/5 1309/241/5
f 1347/262/5 1348/261/5 1309/241/5
f 955/254/5 910/255/5 911/263/5
f 908/264/7 909/256/7 737/252/7
f 955/254/5 911/263/5 912/265/5
f 907/266/5 908/264/5 737/252/5
f 955/254/5 912/265/5 913/267/5
f 1346/268/5 1347/262/5 1309/241/5
f 906/269/5 907/266/5 737/252/5
f 955/254/5 913/267/5 914/270/5
f 905/271/5 906/269/5 737/252/5
f 955/254/5 914/270/5 915/272/5
f 904/273/5 905/271/5 737/252/5
f 955/254/5 915/272/5 916/274/5
f 903/275/5 904/273/5 737/252/5
f 955/254/5 916/274/5 917/276/5
f 955/254/5 917/276/5 918/277/5
f 902/278/5 903/275/5 737/252/5
f 955/254/5 918/277/5 919/279/5
f 955/254/5 919/279/5 920/280/5
f 901/281/5 902/278/5 737/252/5
f 900/282/5 901/281/5 737/252/5
f 899/283/5 900/282/5 737/252/5
f 1345/284/5 1346/268/5 1309/241/5
f 898/285/5 899/283/5 737/252/5
f 897/286/5 898/285/5 737/252/5
f 896/287/5 897/286/5 737/252/5
f 895/288/5 896/287/5 737/252/5
f 894/289/5 895/288/5 737/252/5
f 1162/290/5 1163/236/5 1122/36/5
f 954/291/5 955/254/5 920/280/5
f 1344/292/5 1345/284/5 1309/241/5
f 813/293/5 814/257/5 1351/259/5
f 1343/294/5 1344/292/5 1309/241/5
f 1342/295/5 1343/294/5 1309/241/5
f 1101/296/5 1102/239/5 1068/245/5
f 1289/297/5 1290/248/5 1247/150/5
f 813/293/5 1351/259/5 1352/298/5
f 893/299/5 894/289/5 737/252/5
f 1341/300/5 1342/295/5 1309/241/5
f 1340/301/5 1341/300/5 1309/241/5
f 1339/302/5 1340/301/5 1309/241/5
f 893/299/5 737/252/5 738/303/5
f 1338/304/5 1339/302/5 1309/241/5
f 1337/305/5 1338/304/5 1309/241/5
f 892/306/5 893/299/5 738/303/5
f 1101/296/5 1068/245/5 1069/307/5
f 813/293/5 1352/298/5 1353/308/5
f 953/309/5 954/291/5 920/280/5
f 891/310/5 892/306/5 738/303/5
f 812/311/5 813/293/5 1353/308/5
f 812/311/5 1353/308/5 1354/312/5
f 890/313/5 891/310/5 738/303/5
f 952/314/5 953/309/5 920/280/5
f 889/315/5 890/313/5 738/303/5
f 889/315/5 738/303/5 739/316/5
f 812/311/5 1354/312/5 1355/317/5
f 811/318/5 812/311/5 1355/317/5
f 888/319/5 889/315/5 739/316/5
f 951/320/5 952/314/5 920/280/5
f 811/318/5 1355/317/5 1356/321/5
f 1288/322/5 1289/297/5 1247/150/5
f 887/323/5 888/319/5 739/316/5
f 811/318/5 1356/321/5 1357/324/5
f 950/325/5 951/320/5 920/280/5
f 886/326/5 887/323/5 739/316/5
f 810/327/5 811/318/5 1357/324/5
f 1209/258/5 1183/59/5 1184/328/5
f 886/326/5 739/316/5 740/329/5
f 949/330/5 950/325/5 920/280/5
f 1209/258/5 1184/328/5 1185/331/5
f 1161/332/5 1162/290/5 1122/36/5
f 885/333/5 886/326/5 740/329/5
f 1100/334/5 1101/296/5 1069/307/5
f 948/335/5 949/330/5 920/280/5
f 810/327/5 1357/324/5 1358/336/5
f 809/337/5 810/327/5 1358/336/5
f 1209/258/5 1185/331/5 1186/338/5
f 884/339/5 885/333/5 740/329/5
f 1100/334/5 1069/307/5 1070/340/5
f 808/341/5 809/337/5 1358/336/5
f 808/341/5 1358/336/5 1359/342/5
f 1462/343/5 884/339/5 740/329/5
f 1209/258/5 1186/338/5 1187/344/5
f 807/345/5 808/341/5 1359/342/5
f 1461/346/5 1462/343/5 740/329/5
f 807/345/5 1359/342/5 1360/347/5
f 948/335/5 920/280/5 921/348/5
f 1287/349/5 1288/322/5 1247/150/5
f 1461/346/5 740/329/5 741/350/5
f 1460/351/5 1461/346/5 741/350/5
f 1459/352/5 1460/351/5 741/350/5
f 806/353/5 807/345/5 1360/347/5
f 1209/258/5 1187/344/5 1188/354/5
f 806/353/5 1360/347/5 1361/355/5
f 1458/356/5 1459/352/5 741/350/5
f 1457/357/5 1458/356/5 741/350/5
f 1336/358/5 1337/305/5 1309/241/5
f 805/359/5 806/353/5 1361/355/5
f 1456/360/5 1457/357/5 741/350/5
f 805/359/5 1361/355/5 1362/361/5
f 1455/362/5 1456/360/5 741/350/5
f 1454/363/5 1455/362/5 741/350/5
f 804/364/5 805/359/5 1362/361/5
f 1209/258/5 1188/354/5 1189/365/5
f 1454/363/5 741/350/5 742/366/5
f 1099/367/5 1100/334/5 1070/340/5
f 1453/368/5 1454/363/5 742/366/5
f 804/364/5 1362/361/5 1363/369/5
f 1160/370/5 1161/332/5 1122/36/5
f 1452/371/5 1453/368/5 742/366/5
f 804/364/5 1363/369/5 1364/372/5
f 1099/367/5 1070/340/5 1071/373/5
f 804/364/5 1364/372/5 1365/374/5
f 803/375/5 804/364/5 1365/374/5
f 1286/376/5 1287/349/5 1247/150/5
f 1451/377/5 1452/371/5 742/366/5
f 803/375/5 1365/374/5 1366/378/5
f 803/375/5 1366/378/5 1367/379/5
f 803/375/5 1367/379/5 1368/380/5
f 1450/381/5 1451/377/5 742/366/5
f 803/375/5 1368/380/5 1369/382/5
f 803/375/5 1369/382/5 1370/383/5
f 1209/258/5 1189/365/5 1190/384/5
f 803/375/5 1370/383/5 1371/385/5
f 1449/386/5 1450/381/5 742/366/5
f 802/387/5 803/375/5 1371/385/5
f 802/387/5 1371/385/5 1372/388/5
f 1448/389/5 1449/386/5 742/366/5
f 802/387/5 1372/388/5 1373/390/5
f 802/387/5 1373/390/5 1374/391/5
f 802/387/5 1374/391/5 1375/392/5
f 802/387/5 1375/392/5 1376/393/5
f 1447/394/5 1448/389/5 742/366/5
f 801/395/5 802/387/5 1376/393/5
f 1447/394/5 742/366/5 743/396/5
f 801/395/5 1376/393/5 1377/397/5
f 1209/258/5 1190/384/5 1191/398/5
f 1446/399/5 1447/394/5 743/396/5
f 948/335/5 921/348/5 922/400/5
f 800/401/5 801/395/5 1377/397/5
f 1285/402/5 1286/376/5 1247/150/5
f 800/401/5 1377/397/5 1378/403/5
f 1160/370/5 1122/36/5 1123/404/5
f 1098/405/5 1099/367/5 1071/373/5
f 1160/370/5 1123/404/5 1124/406/5
f 799/407/5 800/401/5 1378/403/5
f 1160/370/5 1124/406/5 1125/408/5
f 1098/405/5 1071/373/5 1072/409/5
f 1445/410/5 1446/399/5 743/396/5
f 1335/411/5 1336/358/5 1309/241/5
f 1159/412/5 1160/370/5 1125/408/5
f 1159/412/5 1125/408/5 1126/413/5
f 1209/258/5 1191/398/5 1192/414/5
f 799/407/5 1378/403/5 1379/415/5
f 1445/410/5 743/396/5 744/416/5
f 1159/412/5 1126/413/5 1127/417/5
f 798/418/5 799/407/5 1379/415/5
f 1284/419/5 1285/402/5 1247/150/5
f 797/420/5 798/418/5 1379/415/5
f 796/421/5 797/420/5 1379/415/5
f 795/422/5 796/421/5 1379/415/5
f 1208/423/5 1209/258/5 1192/414/5
f 794/424/5 795/422/5 1379/415/5
f 793/425/5 794/424/5 1379/415/5
f 792/426/5 793/425/5 1379/415/5
f 1444/427/5 1445/410/5 744/416/5
f 791/428/5 792/426/5 1379/415/5
f 1159/412/5 1127/417/5 1128/429/5
f 790/430/5 791/428/5 1379/415/5
f 789/431/5 790/430/5 1379/415/5
f 788/432/5 789/431/5 1379/415/5
f 1283/433/5 1284/419/5 1247/150/5
f 787/434/5 788/432/5 1379/415/5
f 786/435/5 787/434/5 1379/415/5
f 1208/423/5 1192/414/5 1193/436/5
f 785/437/5 786/435/5 1379/415/5
f 785/437/5 1379/415/5 1380/438/5
f 1159/412/5 1128/429/5 1129/439/5
f 1444/427/5 744/416/5 745/440/5
f 1097/441/5 1098/405/5 1072/409/5
f 784/442/5 785/437/5 1380/438/5
f 1159/412/5 1129/439/5 1130/443/5
f 1097/441/5 1072/409/5 1073/444/5
f 1443/445/5 1444/427/5 745/440/5
f 1208/423/5 1193/436/5 1194/446/5
f 1159/412/5 1130/443/5 1131/447/5
f 1022/448/5 1023/198/5 986/169/5
f 1158/449/5 1159/412/5 1131/447/5
f 783/450/5 784/442/5 1380/438/5
f 1022/448/5 986/169/5 987/451/5
f 783/450/5 1380/438/5 1381/452/5
f 1022/448/5 987/451/5 988/453/5
f 1096/454/5 1097/441/5 1073/444/5
f 1095/455/5 1096/454/5 1073/444/5
f 1094/456/5 1095/455/5 1073/444/5
f 1022/448/5 988/453/5 989/457/5
f 1093/458/5 1094/456/5 1073/444/5
f 1092/459/5 1093/458/5 1073/444/5
f 1092/459/5 1073/444/5 1074/460/5
f 1092/459/5 1074/460/5 1075/461/5
f 1091/462/5 1092/459/5 1075/461/5
f 1158/449/5 1131/447/5 1132/463/5
f 1091/462/5 1075/461/5 1076/464/5
f 1090/465/5 1091/462/5 1076/464/5
f 1283/433/5 1247/150/5 1248/466/5
f 1090/465/5 1076/464/5 1077/467/5
f 1022/448/5 989/457/5 990/468/5
f 1089/469/5 1090/465/5 1077/467/5
f 1283/433/5 1248/466/5 1249/470/5
f 1208/423/5 1194/446/5 1195/471/5
f 1089/469/5 1077/467/5 1078/472/5
f 1088/473/5 1089/469/5 1078/472/5
f 1088/473/5 1078/472/5 1079/474/5
f 1087/475/5 1088/473/5 1079/474/5
f 1087/475/5 1079/474/5 1080/476/5
f 1283/433/5 1249/470/5 1250/477/5
f 1086/478/5 1087/475/5 1080/476/5
f 1086/478/5 1080/476/5 1081/479/5
f 1085/480/5 1086/478/5 1081/479/5
f 1085/480/5 1081/479/5 1082/481/5
f 1084/482/5 1085/480/5 1082/481/5
f 1084/482/5 1082/481/5 1083/483/5
f 1022/448/5 990/468/5 991/484/5
f 1283/433/5 1250/477/5 1251/485/5
f 1158/449/5 1132/463/5 1133/486/5
f 1208/423/5 1195/471/5 1196/487/5
f 1208/423/5 1196/487/5 1197/488/5
f 1208/423/5 1197/488/5 1198/489/5
f 1208/423/5 1198/489/5 1199/490/5
f 1442/491/5 1443/445/5 745/440/5
f 1208/423/5 1199/490/5 1200/492/5
f 1283/433/5 1251/485/5 1252/493/5
f 782/494/5 783/450/5 1381/452/5
f 1208/423/5 1200/492/5 1201/495/5
f 1157/496/5 1158/449/5 1133/486/5
f 1157/496/5 1133/486/5 1134/497/5
f 1022/448/5 991/484/5 992/498/5
f 1207/499/5 1208/423/5 1201/495/5
f 1207/499/5 1201/495/5 1202/500/5
f 1156/501/5 1157/496/5 1134/497/5
f 1207/499/5 1202/500/5 1203/502/5
f 1155/503/5 1156/501/5 1134/497/5
f 1155/503/5 1134/497/5 1135/504/5
f 1207/499/5 1203/502/5 1204/505/5
f 1154/506/5 1155/503/5 1135/504/5
f 1154/506/5 1135/504/5 1136/507/5
f 1207/499/5 1204/505/5 1205/508/5
f 1207/499/5 1205/508/5 1206/509/5
f 1153/510/5 1154/506/5 1136/507/5
f 1153/510/5 1136/507/5 1137/511/5
f 1283/433/5 1252/493/5 1253/512/5
f 1153/510/5 1137/511/5 1138/513/5
f 1152/514/5 1153/510/5 1138/513/5
f 1152/514/5 1138/513/5 1139/515/5
f 1151/516/5 1152/514/5 1139/515/5
f 1151/516/5 1139/515/5 1140/517/5
f 1150/518/5 1151/516/5 1140/517/5
f 1150/518/5 1140/517/5 1141/519/5
f 1149/520/5 1150/518/5 1141/519/5
f 1149/520/5 1141/519/5 1142/521/5
f 1022/448/5 992/498/5 993/522/5
f 1149/520/5 1142/521/5 1143/523/5
f 1148/524/5 1149/520/5 1143/523/5
f 1148/524/5 1143/523/5 1144/525/5
f 1147/526/5 1148/524/5 1144/525/5
f 1147/526/5 1144/525/5 1145/527/5
f 1147/526/5 1145/527/5 1146/528/5
f 1283/433/5 1253/512/5 1254/529/5
f 782/494/5 1381/452/5 1382/530/5
f 1022/448/5 993/522/5 994/531/5
f 1283/433/5 1254/529/5 1255/532/5
f 1283/433/5 1255/532/5 1256/533/5
f 1022/448/5 994/531/5 995/534/5
f 1335/411/5 1309/241/5 1310/535/5
f 781/536/5 782/494/5 1382/530/5
f 1283/433/5 1256/533/5 1257/537/5
f 1335/411/5 1310/535/5 1311/538/5
f 1441/539/5 1442/491/5 745/440/5
f 1022/448/5 995/534/5 996/540/5
f 1283/433/5 1257/537/5 1258/541/5
f 1021/542/5 1022/448/5 996/540/5
f 1335/411/5 1311/538/5 1312/543/5
f 1020/544/5 1021/542/5 996/540/5
f 1283/433/5 1258/541/5 1259/545/5
f 1019/546/5 1020/544/5 996/540/5
f 1283/433/5 1259/545/5 1260/547/5
f 1018/548/5 1019/546/5 996/540/5
f 1018/548/5 996/540/5 997/549/5
f 1283/433/5 1260/547/5 1261/550/5
f 1282/551/5 1283/433/5 1261/550/5
f 1017/552/5 1018/548/5 997/549/5
f 1282/551/5 1261/550/5 1262/553/5
f 1281/554/5 1282/551/5 1262/553/5
f 1016/555/5 1017/552/5 997/549/5
f 1281/554/5 1262/553/5 1263/556/5
f 1016/555/5 997/549/5 998/557/5
f 1280/558/5 1281/554/5 1263/556/5
f 1015/559/5 1016/555/5 998/557/5
f 1335/411/5 1312/543/5 1313/560/5
f 1280/558/5 1263/556/5 1264/561/5
f 1015/559/5 998/557/5 999/562/5
f 1279/563/5 1280/558/5 1264/561/5
f 1014/564/5 1015/559/5 999/562/5
f 1014/564/5 999/562/5 1000/565/5
f 1279/563/5 1264/561/5 1265/566/5
f 1278/567/5 1279/563/5 1265/566/5
f 1014/564/5 1000/565/5 1001/568/5
f 1013/569/5 1014/564/5 1001/568/5
f 1013/569/5 1001/568/5 1002/570/5
f 1278/567/5 1265/566/5 1266/571/5
f 1277/572/5 1278/567/5 1266/571/5
f 1012/573/5 1013/569/5 1002/570/5
f 781/536/5 1382/530/5 1383/574/5
f 1012/573/5 1002/570/5 1003/575/5
f 1012/573/5 1003/575/5 1004/576/5
f 1011/577/5 1012/573/5 1004/576/5
f 1276/578/5 1277/572/5 1266/571/5
f 1011/577/5 1004/576/5 1005/579/5
f 1276/578/5 1266/571/5 1267/580/5
f 1011/577/5 1005/579/5 1006/581/5
f 1010/582/5 1011/577/5 1006/581/5
f 1010/582/5 1006/581/5 1007/583/5
f 1009/584/5 1010/582/5 1007/583/5
f 1009/584/5 1007/583/5 1008/585/5
f 1275/586/5 1276/578/5 1267/580/5
f 1275/586/5 1267/580/5 1268/587/5
f 1274/588/5 1275/586/5 1268/587/5
f 1274/588/5 1268/587/5 1269/589/5
f 1273/590/5 1274/588/5 1269/589/5
f 1273/590/5 1269/589/5 1270/591/5
f 1272/592/5 1273/590/5 1270/591/5
f 1335/411/5 1313/560/5 1314/593/5
f 1271/594/5 1272/592/5 1270/591/5
f 780/595/5 781/536/5 1383/574/5
f 1440/596/5 1441/539/5 745/440/5
f 1335/411/5 1314/593/5 1315/597/5
f 1334/598/5 1335/411/5 1315/597/5
f 1334/598/5 1315/597/5 1316/599/5
f 947/600/5 948/335/5 922/400/5
f 947/600/5 922/400/5 923/601/5
f 780/595/5 1383/574/5 1384/602/5
f 1439/603/5 1440/596/5 745/440/5
f 1334/598/5 1316/599/5 1317/604/5
f 779/605/5 780/595/5 1384/602/5
f 1334/598/5 1317/604/5 1318/606/5
f 779/605/5 1384/602/5 1385/607/5
f 1438/608/5 1439/603/5 745/440/5
f 1334/598/5 1318/606/5 1319/609/5
f 1437/610/5 1438/608/5 745/440/5
f 946/611/5 947/600/5 923/601/5
f 945/612/5 946/611/5 923/601/5
f 944/613/5 945/612/5 923/601/5
f 1334/598/5 1319/609/5 1320/614/5
f 943/615/5 944/613/5 923/601/5
f 942/616/5 943/615/5 923/601/5
f 779/605/5 1385/607/5 1386/617/5
f 941/618/5 942/616/5 923/601/5
f 940/619/5 941/618/5 923/601/5
f 940/619/6 923/601/6 924/620/6
f 940/619/5 924/620/5 925/621/5
f 940/619/5 925/621/5 926/622/5
f 940/619/5 926/622/5 927/623/5
f 940/619/5 927/623/5 928/624/5
f 939/625/5 940/619/5 928/624/5
f 939/625/5 928/624/5 929/626/5
f 778/627/5 779/605/5 1386/617/5
f 939/625/5 929/626/5 930/628/5
f 938/629/5 939/625/5 930/628/5
f 938/629/5 930/628/5 931/630/5
f 1334/598/5 1320/614/5 1321/631/5
f 938/629/5 931/630/5 932/632/5
f 937/633/5 938/629/5 932/632/5
f 937/633/5 932/632/5 933/634/5
f 936/635/5 937/633/5 933/634/5
f 936/635/5 933/634/5 934/636/5
f 936/635/5 934/636/5 935/637/5
f 1334/598/5 1321/631/5 1322/638/5
f 778/627/5 1386/617/5 1387/639/5
f 1334/598/5 1322/638/5 1323/640/5
f 1334/598/5 1323/640/5 1324/641/5
f 1334/598/5 1324/641/5 1325/642/5
f 1334/598/5 1325/642/5 1326/643/5
f 1334/598/5 1326/643/5 1327/644/5
f 1334/598/5 1327/644/5 1328/645/5
f 1334/598/5 1328/645/5 1329/646/5
f 1334/598/5 1329/646/5 1330/647/5
f 1334/598/5 1330/647/5 1331/648/5
f 1333/649/5 1334/598/5 1331/648/5
f 1333/649/5 1331/648/5 1332/650/5
f 778/627/5 1387/639/5 1388/651/5
f 777/652/5 778/627/5 1388/651/5
f 777/652/5 1388/651/5 1389/653/5
f 776/654/5 777/652/5 1389/653/5
f 776/654/5 1389/653/5 1390/655/5
f 775/656/5 776/654/5 1390/655/5
f 774/657/5 775/656/5 1390/655/5
f 774/657/5 1390/655/5 1391/658/5
f 1437/610/5 745/440/5 746/659/5
f 773/660/5 774/657/5 1391/658/5
f 773/660/5 1391/658/5 1392/661/5
f 773/660/5 1392/661/5 1393/662/5
f 773/660/5 1393/662/5 1394/663/5
f 773/660/5 1394/663/5 1395/664/5
f 773/660/5 1395/664/5 1396/665/5
f 773/660/5 1396/665/5 1397/666/5
f 773/660/5 1397/666/5 1398/667/5
f 1436/668/5 1437/610/5 746/659/5
f 1435/669/5 1436/668/5 746/659/5
f 773/660/5 1398/667/5 1399/670/5
f 773/660/5 1399/670/5 1400/671/5
f 773/660/5 1400/671/5 1401/672/5
f 773/660/5 1401/672/5 1402/673/5
f 773/660/5 1402/673/5 1403/674/5
f 773/660/5 1403/674/5 1404/675/5
f 773/660/5 1404/675/5 1405/676/5
f 773/660/5 1405/676/5 1406/677/5
f 773/660/5 1406/677/5 1407/678/5
f 773/660/5 1407/678/5 1408/679/5
f 773/660/5 1408/679/5 1409/680/5
f 773/660/5 1409/680/5 1410/681/5
f 773/660/5 1410/681/5 1411/682/5
f 1434/683/5 1435/669/5 746/659/5
f 773/660/5 1411/682/5 1412/684/5
f 773/660/5 1412/684/5 1413/685/5
f 773/660/5 1413/685/5 1414/686/5
f 773/660/5 1414/686/5 1415/687/5
f 773/660/5 1415/687/5 1416/688/5
f 773/660/5 1416/688/5 1417/689/5
f 773/660/5 1417/689/5 1418/690/5
f 773/660/5 1418/690/5 1419/691/5
f 773/660/5 1419/691/5 1420/692/5
f 773/660/5 1420/692/5 1421/693/5
f 1433/694/5 1434/683/5 746/659/5
f 773/660/5 1421/693/5 1422/695/5
f 773/660/5 1422/695/5 1423/696/5
f 1432/697/5 1433/694/5 746/659/5
f 773/660/5 1423/696/5 1424/698/5
f 1431/699/5 1432/697/5 746/659/5
f 773/660/5 1424/698/5 1425/700/5
f 1430/701/5 1431/699/5 746/659/5
f 773/660/5 1425/700/5 1426/702/5
f 1429/703/5 1430/701/5 746/659/5
f 773/660/5 1426/702/5 1427/704/5
f 1428/705/5 1429/703/5 746/659/5
f 773/660/5 1427/704/5 1428/705/5
f 773/660/5 1428/705/5 746/659/5
f 773/660/5 746/659/5 747/706/5
f 773/660/5 747/706/5 748/707/5
f 773/660/5 748/707/5 749/708/5
f 773/660/5 749/708/5 750/709/5
f 773/660/5 750/709/5 751/710/5
f 773/660/5 751/710/5 752/711/5
f 773/660/5 752/711/5 753/712/5
f 773/660/5 753/712/5 754/713/5
f 773/660/5 754/713/5 755/714/5
f 773/660/5 755/714/5 756/715/5
f 772/716/5 773/660/5 756/715/5
f 772/716/5 756/715/5 757/717/5
f 772/716/5 757/717/5 758/718/5
f 772/716/5 758/718/5 771/719/5
f 771/719/5 758/718/5 759/720/5
f 770/721/5 771/719/5 759/720/5
f 770/721/5 759/720/5 760/722/5
f 770/721/5 760/722/5 761/723/5
f 769/724/5 770/721/5 761/723/5
f 769/724/5 761/723/5 762/725/5
f 769/724/5 762/725/5 763/726/5
f 768/727/5 769/724/5 763/726/5
f 768/727/5 763/726/5 764/728/5
f 767/729/5 768/727/5 764/728/5
f 767/729/5 764/728/5 765/730/5
f 766/731/5 767/729/5 765/730/5
s 1463
f 1464/732/9 1466/733/10 1465/734/10 1463/202/9
f 1466/733/10 1468/735/11 1467/736/11 1465/734/10
f 1468/735/11 1470/737/12 1469/738/12 1467/736/11
f 1470/737/12 1472/739/13 1471/740/13 1469/738/12
f 1472/739/13 1474/741/14 1473/742/14 1471/740/13
f 1474/741/14 1476/743/15 1475/744/15 1473/742/14
f 1476/743/15 1478/745/16 1477/746/16 1475/744/15
f 1478/745/16 1480/747/17 1479/748/17 1477/746/16
f 1480/747/17 1482/749/18 1481/750/18 1479/748/17
f 1482/749/18 1484/751/19 1483/752/19 1481/750/18
f 1484/751/19 1486/753/20 1485/754/20 1483/752/19
f 1486/753/20 1488/755/21 1487/756/21 1485/754/20
f 1488/755/21 1490/757/22 1489/758/22 1487/756/21
f 1490/757/22 1492/759/23 1491/760/23 1489/758/22
f 1492/759/23 1494/761/24 1493/762/24 1491/760/23
f 1494/761/24 1496/763/24 1495/764/24 1493/762/24
f 1496/763/24 1498/765/24 1497/766/24 1495/764/24
f 1498/765/24 1500/767/24 1499/768/24 1497/766/24
f 1500/767/24 1502/769/24 1501/770/24 1499/768/24
f 1502/769/24 1504/771/24 1503/772/24 1501/770/24
f 1504/771/24 1506/773/24 1505/774/24 1503/772/24
f 1506/773/24 1508/775/24 1507/776/24 1505/774/24
f 1508/775/24 1510/777/24 1509/778/24 1507/776/24
f 1510/777/24 1512/779/24 1511/780/24 1509/778/24
f 1512/779/24 1514/781/24 1513/782/24 1511/780/24
f 1514/781/24 1516/783/25 1515/784/25 1513/782/24
f 1516/783/25 1518/785/26 1517/786/26 1515/784/25
f 1518/785/26 1520/787/27 1519/788/27 1517/786/26
f 1520/787/27 1522/789/28 1521/790/28 1519/788/27
f 1522/789/28 1524/791/29 1523/792/29 1521/790/28
f 1524/791/29 1526/793/30 1525/794/30 1523/792/29
f 1526/793/30 1528/795/31 1527/796/31 1525/794/30
f 1528/795/31 1530/797/32 1529/798/32 1527/796/31
f 1530/797/32 1532/799/33 1531/800/33 1529/798/32
f 1532/799/33 1534/801/34 1533/802/34 1531/800/33
f 1534/801/34 1536/803/35 1535/804/35 1533/802/34
f 1536/803/35 1538/805/36 1537/806/36 1535/804/35
f 1538/805/36 1540/807/37 1539/808/37 1537/806/36
f 1540/807/37 1542/809/38 1541/810/38 1539/808/37
f 1542/809/38 1544/811/39 1543/812/39 1541/810/38
f 1544/811/39 1546/813/40 1545/814/40 1543/812/39
f 1546/813/40 1548/815/41 1547/816/41 1545/814/40
f 1548/815/41 1550/817/42 1549/818/42 1547/816/41
f 1550/817/42 1552/819/43 1551/820/43 1549/818/42
f 1552/819/43 1554/821/43 1553/822/43 1551/820/43
f 1554/821/43 1556/823/43 1555/824/43 1553/822/43
f 1556/823/43 1558/825/43 1557/826/43 1555/824/43
f 1558/825/43 1560/827/43 1559/828/43 1557/826/43
f 1560/827/43 1562/829/43 1561/830/43 1559/828/43
f 1562/829/43 1564/831/43 1563/832/43 1561/830/43
f 1564/831/43 1566/833/43 1565/834/43 1563/832/43
f 1566/833/43 1568/835/43 1567/836/43 1565/834/43
f 1568/835/43 1570/837/43 1569/838/43 1567/836/43
f 1570/837/43 1572/839/43 1571/840/43 1569/838/43
f 1572/839/43 1574/841/44 1573/842/44 1571/840/43
f 1574/841/44 1576/843/45 1575/844/45 1573/842/44
f 1576/843/45 1578/845/46 1577/846/46 1575/844/45
f 1578/845/46 1580/847/47 1579/848/47 1577/846/46
f 1580/847/47 1582/849/48 1581/850/48 1579/848/47
f 1582/849/48 1584/851/49 1583/852/49 1581/850/48
f 1584/851/49 1586/853/50 1585/854/50 1583/852/49
f 1586/853/50 1588/855/51 1587/856/51 1585/854/50
f 1588/855/51 1590/857/52 1589/858/52 1587/856/51
f 1590/857/52 1592/859/53 1591/860/53 1589/858/52
f 1592/859/53 1594/861/54 1593/862/54 1591/860/53
f 1594/861/54 1596/863/55 1595/864/55 1593/862/54
f 1596/863/55 1598/865/56 1597/866/56 1595/864/55
f 1598/865/56 1600/867/57 1599/868/57 1597/866/56
f 1600/867/57 1602/869/58 1601/870/58 1599/868/57
f 1602/869/58 1604/871/59 1603/872/59 1601/870/58
f 1604/871/59 1606/873/60 1605/874/60 1603/872/59
f 1606/873/60 1608/875/61 1607/876/61 1605/874/60
f 1608/875/61 1610/877/62 1609/878/62 1607/876/61
f 1610/877/62 1612/879/63 1611/880/63 1609/878/62
f 1612/879/63 1614/881/64 1613/882/64 1611/880/63
f 1614/881/64 1616/883/65 1615/441/65 1613/882/64
f 1616/883/65 1618/884/66 1617/885/66 1615/441/65
f 1618/884/66 1620/886/67 1619/887/67 1617/885/66
f 1620/886/67 1622/888/68 1621/889/68 1619/887/67
f 1622/888/68 1624/890/69 1623/891/69 1621/889/68
f 1624/890/69 1626/892/70 1625/893/70 1623/891/69
f 1626/892/70 1628/894/71 1627/895/71 1625/893/70
f 1628/894/71 1630/896/72 1629/897/72 1627/895/71
f 1630/896/72 1632/898/73 1631/899/73 1629/897/72
f 1632/898/73 1634/900/74 1633/901/74 1631/899/73
f 1634/900/74 1636/902/75 1635/903/75 1633/901/74
f 1636/902/75 1638/904/76 1637/905/76 1635/903/75
f 1638/904/76 1640/906/77 1639/907/77 1637/905/76
f 1640/906/77 1642/908/78 1641/909/78 1639/907/77
f 1642/908/78 1644/910/79 1643/911/79 1641/909/78
f 1644/910/79 1646/912/80 1645/913/80 1643/911/79
f 1646/912/80 1648/914/81 1647/915/81 1645/913/80
f 1648/914/81 1650/916/82 1649/917/82 1647/915/81
f 1650/916/82 1652/918/83 1651/919/83 1649/917/82
f 1652/918/83 1654/920/84 1653/921/84 1651/919/83
f 1654/920/84 1656/922/85 1655/923/85 1653/921/84
f 1656/922/85 1658/924/86 1657/925/86 1655/923/85
f 1658/924/86 1660/926/87 1659/927/87 1657/925/86
f 1660/926/87 1662/928/88 1661/929/88 1659/927/87
f 1662/928/88 1664/930/89 1663/931/89 1661/929/88
f 1664/930/89 1666/932/90 1665/933/90 1663/931/89
f 1666/932/90 1668/934/91 1667/935/91 1665/933/90
f 1668/934/91 1670/936/92 1669/937/92 1667/935/91
f 1670/936/92 1672/938/93 1671/939/93 1669/937/92
f 1672/938/93 1674/940/94 1673/941/94 1671/939/93
f 1674/940/94 1676/942/95 1675/943/95 1673/941/94
f 1676/942/95 1678/944/96 1677/945/96 1675/943/95
f 1678/944/96 1680/946/97 1679/947/97 1677/945/96
f 1680/946/97 1682/948/98 1681/949/98 1679/947/97
f 1682/948/98 1684/950/99 1683/951/99 1681/949/98
f 1684/950/99 1686/952/100 1685/953/100 1683/951/99
f 1686/952/100 1688/954/101 1687/955/101 1685/953/100
f 1688/954/101 1690/956/102 1689/957/102 1687/955/101
f 1690/956/102 1692/958/103 1691/959/103 1689/957/102
f 1692/958/103 1694/960/104 1693/961/104 1691/959/103
f 1694/960/104 1696/962/105 1695/963/105 1693/961/104
f 1696/962/105 1698/964/106 1697/965/106 1695/963/105
f 1698/964/106 1700/966/107 1699/967/107 1697/965/106
f 1700/966/107 1702/968/108 1701/969/108 1699/967/107
f 1702/968/108 1704/970/109 1703/971/109 1701/969/108
f 1704/970/109 1706/972/110 1705/973/110 1703/971/109
f 1706/972/110 1708/974/111 1707/975/111 1705/973/110
f 1708/974/111 1710/976/112 1709/977/112 1707/975/111
f 1710/976/112 1712/978/113 1711/979/113 1709/977/112
f 1712/978/113 1714/980/114 1713/981/114 1711/979/113
f 1714/980/114 1716/982/115 1715/983/115 1713/981/114
f 1716/982/115 1718/984/116 1717/985/116 1715/983/115
f 1718/984/116 1720/986/117 1719/987/117 1717/985/116
f 1720/986/117 1722/988/118 1721/989/118 1719/987/117
f 1722/988/118 1724/990/119 1723/991/119 1721/989/118
f 1724/990/119 1726/992/120 1725/993/120 1723/991/119
f 1726/992/120 1728/994/121 1727/995/121 1725/993/120
f 1728/994/121 1730/996/122 1729/997/122 1727/995/121
f 1730/996/122 1732/998/123 1731/999/123 1729/997/122
f 1732/998/123 1734/1000/124 1733/1001/124 1731/999/123
f 1734/1000/124 1736/1002/125 1735/1003/125 1733/1001/124
f 1736/1002/125 1738/1004/126 1737/1005/126 1735/1003/125
f 1738/1004/126 1740/1006/127 1739/1007/127 1737/1005/126
f 1740/1006/127 1742/1008/128 1741/1009/128 1739/1007/127
f 1742/1008/128 1744/1010/129 1743/1011/129 1741/1009/128
f 1744/1010/129 1746/1012/130 1745/1013/130 1743/1011/129
f 1746/1012/130 1748/1014/131 1747/1015/131 1745/1013/130
f 1748/1014/131 1750/1016/132 1749/1017/132 1747/1015/131
f 1750/1016/132 1752/1018/133 1751/1019/133 1749/1017/132
f 1752/1018/133 1754/1020/134 1753/1021/134 1751/1019/133
f 1754/1020/134 1756/1022/135 1755/1023/135 1753/1021/134
f 1756/1022/135 1758/1024/136 1757/1025/136 1755/1023/135
f 1758/1024/136 1760/1026/137 1759/1027/137 1757/1025/136
f 1760/1026/137 1762/1028/138 1761/1029/138 1759/1027/137
f 1762/1028/138 1764/1030/139 1763/1031/139 1761/1029/138
f 1764/1030/139 1766/1032/140 1765/1033/140 1763/1031/139
f 1766/1032/140 1464/1034/9 1463/343/9 1765/1033/140
s 1464
f 1768/732/141 1770/1035/142 1769/1036/142 1767/202/141
f 1770/1035/142 1772/1037/143 1771/1038/143 1769/1036/142
f 1772/1037/143 1774/1039/144 1773/1040/144 1771/1038/143
f 1774/1039/144 1776/1041/145 1775/1042/145 1773/1040/144
f 1776/1041/145 1778/1043/146 1777/1044/146 1775/1042/145
f 1778/1043/146 1780/1045/147 1779/1046/147 1777/1044/146
f 1780/1045/147 1782/1047/148 1781/1048/148 1779/1046/147
f 1782/1047/148 1784/1049/149 1783/1050/149 1781/1048/148
f 1784/1049/149 1786/1051/150 1785/1052/150 1783/1050/149
f 1786/1051/150 1788/1053/151 1787/1054/151 1785/1052/150
f 1788/1053/151 1790/1055/152 1789/1056/152 1787/1054/151
f 1790/1055/152 1792/1057/153 1791/1058/153 1789/1056/152
f 1792/1057/153 1794/1059/154 1793/1060/154 1791/1058/153
f 1794/1059/154 1796/1061/155 1795/1062/155 1793/1060/154
f 1796/1061/155 1798/1063/155 1797/1064/155 1795/1062/155
f 1798/1063/155 1800/1065/154 1799/1066/154 1797/1064/155
f 1800/1065/154 1802/1067/154 1801/1068/154 1799/1066/154
f 1802/1067/154 1804/1069/154 1803/1070/154 1801/1068/154
f 1804/1069/154 1806/1071/155 1805/1072/155 1803/1070/154
f 1806/1071/155 1808/1073/156 1807/1074/156 1805/1072/155
f 1808/1073/156 1810/1075/156 1809/1076/156 1807/1074/156
f 1810/1075/156 1812/1077/157 1811/1078/157 1809/1076/156
f 1812/1077/157 1814/1079/158 1813/1080/158 1811/1078/157
f 1814/1079/158 1816/1081/159 1815/1082/159 1813/1080/158
f 1816/1081/159 1818/1083/160 1817/1084/160 1815/1082/159
f 1818/1083/160 1820/1085/161 1819/1086/161 1817/1084/160
f 1820/1085/161 1822/1087/162 1821/1088/162 1819/1086/161
f 1822/1087/162 1824/1089/163 1823/1090/163 1821/1088/162
f 1824/1089/163 1826/1091/164 1825/1092/164 1823/1090/163
f 1826/1091/164 1828/1093/165 1827/1094/165 1825/1092/164
f 1828/1093/165 1830/1095/166 1829/1096/166 1827/1094/165
f 1830/1095/166 1832/1097/167 1831/1098/167 1829/1096/166
f 1832/1097/167 1834/1099/168 1833/1100/168 1831/1098/167
f 1834/1099/168 1836/1101/169 1835/1102/169 1833/1100/168
f 1836/1101/169 1838/1103/170 1837/1104/170 1835/1102/169
f 1838/1103/170 1840/1105/171 1839/1106/171 1837/1104/170
f 1840/1105/171 1842/1107/172 1841/1108/172 1839/1106/171
f 1842/1107/172 1844/1109/173 1843/1110/173 1841/1108/172
f 1844/1109/173 1846/1111/174 1845/1112/174 1843/1110/173
f 1846/1111/174 1848/1113/175 1847/1114/175 1845/1112/174
f 1848/1113/175 1850/1115/176 1849/1116/176 1847/1114/175
f 1850/1115/176 1852/1117/177 1851/1118/177 1849/1116/176
f 1852/1117/177 1854/1119/178 1853/1120/178 1851/1118/177
f 1854/1119/178 1856/1121/178 1855/1122/178 1853/1120/178
f 1856/1121/178 1858/1123/179 1857/1124/179 1855/1122/178
f 1858/1123/179 1860/1125/178 1859/1126/178 1857/1124/179
f 1860/1125/178 1862/1127/178 1861/1128/178 1859/1126/178
f 1862/1127/178 1864/1129/177 1863/1130/177 1861/1128/178
f 1864/1129/177 1866/1131/180 1865/1132/180 1863/1130/177
f 1866/1131/180 1868/1133/181 1867/1134/181 1865/1132/180
f 1868/1133/181 1870/1135/182 1869/1136/182 1867/1134/181
f 1870/1135/182 1872/1137/183 1871/1138/183 1869/1136/182
f 1872/1137/183 1874/1139/184 1873/1140/184 1871/1138/183
f 1874/1139/184 1876/1141/185 1875/1142/185 1873/1140/184
f 1876/1141/185 1878/1143/186 1877/1144/186 1875/1142/185
f 1878/1143/186 1880/1145/187 1879/1146/187 1877/1144/186
f 1880/1145/187 1882/1147/188 1881/1148/188 1879/1146/187
f 1882/1147/188 1884/1149/189 1883/1150/189 1881/1148/188
f 1884/1149/189 1886/1151/190 1885/1152/190 1883/1150/189
f 1886/1151/190 1888/1153/191 1887/1154/191 1885/1152/190
f 1888/1153/191 1890/1155/192 1889/1156/192 1887/1154/191
f 1890/1155/192 1892/1157/193 1891/1158/193 1889/1156/192
f 1892/1157/193 1894/1159/194 1893/1160/194 1891/1158/193
f 1894/1159/194 1896/1161/195 1895/1162/195 1893/1160/194
f 1896/1161/195 1898/1163/196 1897/1164/196 1895/1162/195
f 1898/1163/196 1900/1165/197 1899/1166/197 1897/1164/196
f 1900/1165/197 1902/1167/197 1901/1168/197 1899/1166/197
f 1902/1167/197 1904/1169/197 1903/1170/197 1901/1168/197
f 1904/1169/197 1906/1171/197 1905/1172/197 1903/1170/197
f 1906/1171/197 1908/1173/197 1907/1174/197 1905/1172/197
f 1908/1173/197 1910/1175/197 1909/1176/197 1907/1174/197
f 1910/1175/197 1912/1177/197 1911/1178/197 1909/1176/197
f 1912/1177/197 1914/1179/197 1913/1180/197 1911/1178/197
f 1914/1179/197 1916/1181/197 1915/1182/197 1913/1180/197
f 1916/1181/197 1918/1183/197 1917/1184/197 1915/1182/197
f 1918/1183/197 1920/1185/197 1919/1186/197 1917/1184/197
f 1920/1185/197 1922/1187/198 1921/1188/198 1919/1186/197
f 1922/1187/198 1924/1189/199 1923/1190/199 1921/1188/198
f 1924/1189/199 1926/1191/200 1925/1192/200 1923/1190/199
f 1926/1191/200 1928/1193/201 1927/1194/201 1925/1192/200
f 1928/1193/201 1930/1195/202 1929/1196/202 1927/1194/201
f 1930/1195/202 1932/1197/203 1931/1198/203 1929/1196/202
f 1932/1197/203 1934/1199/204 1933/1200/204 1931/1198/203
f 1934/1199/204 1936/1201/205 1935/1202/205 1933/1200/204
f 1936/1201/205 1938/1203/206 1937/1204/206 1935/1202/205
f 1938/1203/206 1940/1205/207 1939/1206/207 1937/1204/206
f 1940/1205/207 1942/1207/208 1941/1208/208 1939/1206/207
f 1942/1207/208 1944/1209/209 1943/1210/209 1941/1208/208
f 1944/1209/209 1946/1211/210 1945/1212/210 1943/1210/209
f 1946/1211/210 1948/1213/211 1947/1214/211 1945/1212/210
f 1948/1213/211 1950/1215/212 1949/1216/212 1947/1214/211
f 1950/1215/212 1952/1217/213 1951/1218/213 1949/1216/212
f 1952/1217/213 1954/1219/214 1953/1220/214 1951/1218/213
f 1954/1219/214 1956/1221/215 1955/1222/215 1953/1220/214
f 1956/1221/215 1958/1223/216 1957/1224/216 1955/1222/215
f 1958/1223/216 1960/1225/217 1959/1226/217 1957/1224/216
f 1960/1225/217 1962/1227/218 1961/1228/218 1959/1226/217
f 1962/1227/218 1964/1229/219 1963/1230/219 1961/1228/218
f 1964/1229/219 1966/1231/220 1965/1232/220 1963/1230/219
f 1966/1231/220 1968/1233/221 1967/1234/221 1965/1232/220
f 1968/1233/221 1970/1235/222 1969/1236/222 1967/1234/221
f 1970/1235/222 1972/1237/223 1971/1238/223 1969/1236/222
f 1972/1237/223 1974/1239/224 1973/1240/224 1971/1238/223
f 1974/1239/224 1976/1241/224 1975/1242/224 1973/1240/224
f 1976/1241/224 1978/1243/225 1977/1244/225 1975/1242/224
f 1978/1243/225 1980/1245/224 1979/1246/224 1977/1244/225
f 1980/1245/224 1982/1247/224 1981/1248/224 1979/1246/224
f 1982/1247/224 1984/1249/224 1983/1250/224 1981/1248/224
f 1984/1249/224 1986/1251/224 1985/1252/224 1983/1250/224
f 1986/1251/224 1988/1253/224 1987/1254/224 1985/1252/224
f 1988/1253/224 1990/1255/224 1989/1256/224 1987/1254/224
f 1990/1255/224 1992/1257/224 1991/1258/224 1989/1256/224
f 1992/1257/224 1994/1259/224 1993/1260/224 1991/1258/224
f 1994/1259/224 1996/1261/226 1995/1262/226 1993/1260/224
f 1996/1261/226 1998/1263/227 1997/1264/227 1995/1262/226
f 1998/1263/227 2000/1265/228 1999/1266/228 1997/1264/227
f 2000/1265/228 2002/1267/229 2001/1268/229 1999/1266/228
f 2002/1267/229 2004/1269/230 2003/1270/230 2001/1268/229
f 2004/1269/230 2006/1271/231 2005/1272/231 2003/1270/230
f 2006/1271/231 2008/1273/232 2007/1274/232 2005/1272/231
f 2008/1273/232 2010/1275/233 2009/1276/233 2007/1274/232
f 2010/1275/233 2012/1277/234 2011/1278/234 2009/1276/233
f 2012/1277/234 2014/1279/235 2013/1280/235 2011/1278/234
f 2014/1279/235 2016/1281/236 2015/1282/236 2013/1280/235
f 2016/1281/236 2018/1283/237 2017/1284/237 2015/1282/236
f 2018/1283/237 2020/1285/238 2019/1286/238 2017/1284/237
f 2020/1285/238 2022/1287/239 2021/1288/239 2019/1286/238
f 2022/1287/239 2024/1289/240 2023/1290/240 2021/1288/239
f 2024/1289/240 2026/1291/241 2025/1292/241 2023/1290/240
f 2026/1291/241 2028/1293/242 2027/1294/242 2025/1292/241
f 2028/1293/242 2030/1295/243 2029/1296/243 2027/1294/242
f 2030/1295/243 2032/1297/244 2031/1298/244 2029/1296/243
f 2032/1297/244 2034/1299/245 2033/1300/245 2031/1298/244
f 2034/1299/245 2036/1301/246 2035/1302/246 2033/1300/245
f 2036/1301/246 2038/1303/247 2037/1304/247 2035/1302/246
f 2038/1303/247 2040/1305/248 2039/1306/248 2037/1304/247
f 2040/1305/248 2042/1307/249 2041/1308/249 2039/1306/248
f 2042/1307/249 2044/1309/250 2043/1310/250 2041/1308/249
f 2044/1309/250 2046/1311/251 2045/1312/251 2043/1310/250
f 2046/1311/251 2048/1313/252 2047/1314/252 2045/1312/251
f 2048/1313/252 2050/1315/253 2049/1316/253 2047/1314/252
f 2050/1315/253 2052/1317/253 2051/1318/253 2049/1316/253
f 2052/1317/253 2054/1319/253 2053/1320/253 2051/1318/253
f 2054/1319/253 2056/1321/253 2055/1322/253 2053/1320/253
f 2056/1321/253 2058/1323/253 2057/1324/253 2055/1322/253
f 2058/1323/253 2060/1325/253 2059/1326/253 2057/1324/253
f 2060/1325/253 2062/1327/253 2061/1328/253 2059/1326/253
f 2062/1327/253 2064/1329/253 2063/1330/253 2061/1328/253
f 2064/1329/253 2066/1331/253 2065/1332/253 2063/1330/253
f 2066/1331/253 2068/1333/253 2067/1334/253 2065/1332/253
f 2068/1333/253 2070/1335/253 2069/1336/253 2067/1334/253
f 2070/1335/253 2072/1337/254 2071/1338/254 2069/1336/253
f 2072/1337/254 2074/1339/255 2073/1340/255 2071/1338/254
f 2074/1339/255 2076/1341/256 2075/1342/256 2073/1340/255
f 2076/1341/256 2078/1343/257 2077/1344/257 2075/1342/256
f 2078/1343/257 2080/1345/258 2079/1346/258 2077/1344/257
f 2080/1345/258 2082/1347/259 2081/1348/259 2079/1346/258
f 2082/1347/259 2084/1349/260 2083/1350/260 2081/1348/259
f 2084/1349/260 2086/1351/261 2085/1352/261 2083/1350/260
f 2086/1351/261 2088/1353/262 2087/1354/262 2085/1352/261
f 2088/1353/262 2090/1355/263 2089/1356/263 2087/1354/262
f 2090/1355/263 2092/1357/264 2091/1358/264 2089/1356/263
f 2092/1357/264 2094/1359/265 2093/1360/265 2091/1358/264
f 2094/1359/265 2096/1361/266 2095/1362/266 2093/1360/265
f 2096/1361/266 2098/1363/267 2097/1364/267 2095/1362/266
f 2098/1363/267 2100/1365/268 2099/1366/268 2097/1364/267
f 2100/1365/268 2102/1367/269 2101/1368/269 2099/1366/268
f 2102/1367/269 2104/1369/270 2103/1370/270 2101/1368/269
f 2104/1369/270 2106/1371/271 2105/1372/271 2103/1370/270
f 2106/1371/271 2108/1373/272 2107/1374/272 2105/1372/271
f 2108/1373/272 2110/1375/273 2109/1376/273 2107/1374/272
f 2110/1375/273 2112/1377/274 2111/1378/274 2109/1376/273
f 2112/1377/274 2114/1379/275 2113/1380/275 2111/1378/274
f 2114/1379/275 2116/1381/276 2115/1382/276 2113/1380/275
f 2116/1381/276 2118/1383/277 2117/1384/277 2115/1382/276
f 2118/1383/277 2120/1385/278 2119/1386/278 2117/1384/277
f 2120/1385/278 2122/1387/279 2121/1388/279 2119/1386/278
f 2122/1387/279 2124/1389/280 2123/1390/280 2121/1388/279
f 2124/1389/280 2126/1391/280 2125/1392/280 2123/1390/280
f 2126/1391/280 2128/1393/280 2127/1394/280 2125/1392/280
f 2128/1393/280 2130/1395/280 2129/1396/280 2127/1394/280
f 2130/1395/280 2132/1397/280 2131/1398/280 2129/1396/280
f 2132/1397/280 2134/1399/280 2133/1400/280 2131/1398/280
f 2134/1399/280 2136/1401/280 2135/1402/280 2133/1400/280
f 2136/1401/280 2138/1403/280 2137/1404/280 2135/1402/280
f 2138/1403/280 2140/1405/280 2139/1406/280 2137/1404/280
f 2140/1405/280 2142/1407/280 2141/1408/280 2139/1406/280
f 2142/1407/280 2144/1409/280 2143/1410/280 2141/1408/280
f 2144/1409/280 2146/1411/281 2145/1412/281 2143/1410/280
f 2146/1411/281 2148/1413/282 2147/1414/282 2145/1412/281
f 2148/1413/282 2150/1415/283 2149/1416/283 2147/1414/282
f 2150/1415/283 2152/1417/284 2151/1418/284 2149/1416/283
f 2152/1417/284 2154/1419/285 2153/1420/285 2151/1418/284
f 2154/1419/285 2156/1421/286 2155/1422/286 2153/1420/285
f 2156/1421/286 2158/1423/287 2157/1424/287 2155/1422/286
f 2158/1423/287 2160/1425/288 2159/1426/288 2157/1424/287
f 2160/1425/288 2162/1427/289 2161/1428/289 2159/1426/288
f 2162/1427/289 2164/1429/290 2163/1430/290 2161/1428/289
f 2164/1429/290 2166/1431/291 2165/1432/291 2163/1430/290
f 2166/1431/291 2168/1433/292 2167/1434/292 2165/1432/291
f 2168/1433/292 2170/1435/293 2169/1436/293 2167/1434/292
f 2170/1435/293 2172/1437/294 2171/1438/294 2169/1436/293
f 2172/1437/294 2174/1439/295 2173/1440/295 2171/1438/294
f 2174/1439/295 2176/1441/296 2175/1442/296 2173/1440/295
f 2176/1441/296 2178/1443/297 2177/1444/297 2175/1442/296
f 2178/1443/297 2180/1445/298 2179/1446/298 2177/1444/297
f 2180/1445/298 2182/1447/299 2181/1448/299 2179/1446/298
f 2182/1447/299 2184/1449/300 2183/1450/300 2181/1448/299
f 2184/1449/300 2186/1451/301 2185/1452/301 2183/1450/300
f 2186/1451/301 2188/1453/302 2187/1454/302 2185/1452/301
f 2188/1453/302 2190/1455/303 2189/1456/303 2187/1454/302
f 2190/1455/303 2192/1457/304 2191/1458/304 2189/1456/303
f 2192/1457/304 2194/1459/305 2193/1460/305 2191/1458/304
f 2194/1459/305 2196/1461/306 2195/1462/306 2193/1460/305
f 2196/1461/306 2198/1463/306 2197/1464/306 2195/1462/306
f 2198/1463/306 2200/1465/306 2199/1466/306 2197/1464/306
f 2200/1465/306 2202/1467/306 2201/1468/306 2199/1466/306
f 2202/1467/306 2204/1469/306 2203/1470/306 2201/1468/306
f 2204/1469/306 2206/1471/306 2205/1472/306 2203/1470/306
f 2206/1471/306 2208/1473/306 2207/1474/306 2205/1472/306
f 2208/1473/306 2210/1475/306 2209/1476/306 2207/1474/306
f 2210/1475/306 2212/1477/306 2211/1478/306 2209/1476/306
f 2212/1477/306 2214/1479/306 2213/1480/306 2211/1478/306
f 2214/1479/306 2216/1481/306 2215/1482/306 2213/1480/306
f 2216/1481/306 2218/1483/307 2217/1484/307 2215/1482/306
f 2218/1483/307 2220/1485/308 2219/1486/308 2217/1484/307
f 2220/1485/308 2222/1487/309 2221/1488/309 2219/1486/308
f 2222/1487/309 2224/1489/310 2223/1490/310 2221/1488/309
f 2224/1489/310 2226/1491/311 2225/1492/311 2223/1490/310
f 2226/1491/311 2228/1493/312 2227/1494/312 2225/1492/311
f 2228/1493/312 2230/1495/313 2229/1496/313 2227/1494/312
f 2230/1495/313 2232/1497/314 2231/1498/314 2229/1496/313
f 2232/1497/314 2234/1499/315 2233/1500/315 2231/1498/314
f 2234/1499/315 2236/1501/316 2235/1502/316 2233/1500/315
f 2236/1501/316 2238/1503/317 2237/1504/317 2235/1502/316
f 2238/1503/317 2240/1505/318 2239/1506/318 2237/1504/317
f 2240/1505/318 2242/1507/319 2241/1508/319 2239/1506/318
f 2242/1507/319 2244/1509/320 2243/1510/320 2241/1508/319
f 2244/1509/320 2246/1511/321 2245/1512/321 2243/1510/320
f 2246/1511/321 2248/1513/322 2247/1514/322 2245/1512/321
f 2248/1513/322 2250/1515/322 2249/1516/322 2247/1514/322
f 2250/1515/322 2252/1517/322 2251/1518/322 2249/1516/322
f 2252/1517/322 2254/1519/322 2253/1520/322 2251/1518/322
f 2254/1519/322 2256/1521/322 2255/1522/322 2253/1520/322
f 2256/1521/322 2258/1523/322 2257/1524/322 2255/1522/322
f 2258/1523/322 2260/1525/322 2259/1526/322 2257/1524/322
f 2260/1525/322 2262/1527/322 2261/1528/322 2259/1526/322
f 2262/1527/322 2264/1529/322 2263/1530/322 2261/1528/322
f 2264/1529/322 2266/1531/322 2265/1532/322 2263/1530/322
f 2266/1531/322 2268/1533/323 2267/1534/323 2265/1532/322
f 2268/1533/323 2270/1535/324 2269/1536/324 2267/1534/323
f 2270/1535/324 2272/1537/325 2271/1538/325 2269/1536/324
f 2272/1537/325 2274/1539/326 2273/1540/326 2271/1538/325
f 2274/1539/326 2276/1541/327 2275/1542/327 2273/1540/326
f 2276/1541/327 2278/1543/328 2277/1544/328 2275/1542/327
f 2278/1543/328 2280/1545/329 2279/1546/329 2277/1544/328
f 2280/1545/329 2282/1547/330 2281/1548/330 2279/1546/329
f 2282/1547/330 2284/1549/331 2283/1550/331 2281/1548/330
f 2284/1549/331 2286/1551/332 2285/1552/332 2283/1550/331
f 2286/1551/332 2288/1553/333 2287/1554/333 2285/1552/332
f 2288/1553/333 2290/1555/334 2289/1556/334 2287/1554/333
f 2290/1555/334 2292/1557/335 2291/1558/335 2289/1556/334
f 2292/1557/335 2294/1559/336 2293/1560/336 2291/1558/335
f 2294/1559/336 2296/1561/337 2295/1562/337 2293/1560/336
f 2296/1561/337 2298/1563/338 2297/1564/338 2295/1562/337
f 2298/1563/338 2300/1565/339 2299/1566/339 2297/1564/338
f 2300/1565/339 2302/1567/340 2301/1568/340 2299/1566/339
f 2302/1567/340 2304/1569/341 2303/1570/341 2301/1568/340
f 2304/1569/341 2306/1571/342 2305/1572/342 2303/1570/341
f 2306/1571/342 2308/1573/343 2307/1574/343 2305/1572/342
f 2308/1573/343 2310/1575/344 2309/1576/344 2307/1574/343
f 2310/1575/344 2312/1577/345 2311/1578/345 2309/1576/344
f 2312/1577/345 2314/1579/346 2313/1580/346 2311/1578/345
f 2314/1579/346 2316/1581/347 2315/1582/347 2313/1580/346
f 2316/1581/347 2318/1583/348 2317/1584/348 2315/1582/347
f 2318/1583/348 2320/1585/348 2319/1586/348 2317/1584/348
f 2320/1585/348 2322/1587/348 2321/1588/348 2319/1586/348
f 2322/1587/348 2324/1589/348 2323/1590/348 2321/1588/348
f 2324/1589/348 2326/1591/348 2325/1592/348 2323/1590/348
f 2326/1591/348 2328/1593/348 2327/1594/348 2325/1592/348
f 2328/1593/348 2330/1595/348 2329/1596/348 2327/1594/348
f 2330/1595/348 2332/1597/348 2331/1598/348 2329/1596/348
f 2332/1597/348 2334/1599/348 2333/1600/348 2331/1598/348
f 2334/1599/348 2336/1601/348 2335/1602/348 2333/1600/348
f 2336/1601/348 2338/1603/348 2337/1604/348 2335/1602/348
f 2338/1603/348 2340/1605/349 2339/1606/349 2337/1604/348
f 2340/1605/349 2342/1607/350 2341/1608/350 2339/1606/349
f 2342/1607/350 2344/1609/351 2343/1610/351 2341/1608/350
f 2344/1609/351 2346/1611/352 2345/1612/352 2343/1610/351
f 2346/1611/352 2348/1613/353 2347/1614/353 2345/1612/352
f 2348/1613/353 2350/1615/354 2349/1616/354 2347/1614/353
f 2350/1615/354 2352/1617/355 2351/1618/355 2349/1616/354
f 2352/1617/355 2354/1619/356 2353/1620/356 2351/1618/355
f 2354/1619/356 2356/1621/357 2355/1622/357 2353/1620/356
f 2356/1621/357 2358/1623/358 2357/1624/358 2355/1622/357
f 2358/1623/358 2360/1625/359 2359/1626/359 2357/1624/358
f 2360/1625/359 2362/1627/360 2361/1628/360 2359/1626/359
f 2362/1627/360 2364/1629/361 2363/1630/361 2361/1628/360
f 2364/1629/361 2366/1631/362 2365/1632/362 2363/1630/361
f 2366/1631/362 2368/1633/363 2367/1634/363 2365/1632/362
f 2368/1633/363 2370/1635/363 2369/1636/363 2367/1634/363
f 2370/1635/363 2372/1637/363 2371/1638/363 2369/1636/363
f 2372/1637/363 2374/1639/363 2373/1640/363 2371/1638/363
f 2374/1639/363 2376/1641/363 2375/1642/363 2373/1640/363
f 2376/1641/363 2378/1643/363 2377/1644/363 2375/1642/363
f 2378/1643/363 2380/1645/363 2379/1646/363 2377/1644/363
f 2380/1645/363 2382/1647/363 2381/1648/363 2379/1646/363
f 2382/1647/363 2384/1649/363 2383/1650/363 2381/1648/363
f 2384/1649/363 2386/1651/363 2385/1652/363 2383/1650/363
f 2386/1651/363 2388/1653/363 2387/1654/363 2385/1652/363
f 2388/1653/363 2390/1655/364 2389/1656/364 2387/1654/363
f 2390/1655/364 2392/1657/280 2391/1658/280 2389/1656/364
f 2392/1657/280 2394/1659/365 2393/1660/365 2391/1658/280
f 2394/1659/365 2396/1661/366 2395/1662/366 2393/1660/365
f 2396/1661/366 2398/1663/367 2397/1664/367 2395/1662/366
f 2398/1663/367 2400/1665/368 2399/1666/368 2397/1664/367
f 2400/1665/368 2402/1667/369 2401/1668/369 2399/1666/368
f 2402/1667/369 2404/1669/370 2403/1670/370 2401/1668/369
f 2404/1669/370 2406/1671/371 2405/1672/371 2403/1670/370
f 2406/1671/371 2408/1673/372 2407/1674/372 2405/1672/371
f 2408/1673/372 2410/1675/373 2409/1676/373 2407/1674/372
f 2410/1675/373 2412/1677/374 2411/1678/374 2409/1676/373
f 2412/1677/374 2414/1679/375 2413/1680/375 2411/1678/374
f 2414/1679/375 2416/1681/376 2415/1682/376 2413/1680/375
f 2416/1681/376 2418/1683/377 2417/1684/377 2415/1682/376
f 2418/1683/377 2420/1685/378 2419/1686/378 2417/1684/377
f 2420/1685/378 2422/1687/379 2421/1688/379 2419/1686/378
f 2422/1687/379 2424/1689/380 2423/1690/380 2421/1688/379
f 2424/1689/380 2426/1691/380 2425/1692/380 2423/1690/380
f 2426/1691/380 2428/1693/380 2427/1694/380 2425/1692/380
f 2428/1693/380 2430/1695/380 2429/1696/380 2427/1694/380
f 2430/1695/380 2432/1697/380 2431/1698/380 2429/1696/380
f 2432/1697/380 2434/1699/380 2433/1700/380 2431/1698/380
f 2434/1699/380 2436/1701/380 2435/1702/380 2433/1700/380
f 2436/1701/380 2438/1703/380 2437/1704/380 2435/1702/380
f 2438/1703/380 2440/1705/380 2439/1706/380 2437/1704/380
f 2440/1705/380 2442/1707/380 2441/1708/380 2439/1706/380
f 2442/1707/380 2444/1709/381 2443/1710/381 2441/1708/380
f 2444/1709/381 2446/1711/382 2445/1712/382 2443/1710/381
f 2446/1711/382 2448/1713/383 2447/1714/383 2445/1712/382
f 2448/1713/383 2450/1715/384 2449/1716/384 2447/1714/383
f 2450/1715/384 2452/1717/385 2451/1718/385 2449/1716/384
f 2452/1717/385 2454/1719/386 2453/1720/386 2451/1718/385
f 2454/1719/386 2456/1721/387 2455/1722/387 2453/1720/386
f 2456/1721/387 2458/1723/388 2457/1724/388 2455/1722/387
f 2458/1723/388 2460/1725/389 2459/1726/389 2457/1724/388
f 2460/1725/389 2462/1727/390 2461/1728/390 2459/1726/389
f 2462/1727/390 2464/1729/391 2463/1730/391 2461/1728/390
f 2464/1729/391 2466/1731/392 2465/1732/392 2463/1730/391
f 2466/1731/392 2468/1733/393 2467/1734/393 2465/1732/392
f 2468/1733/393 2470/1735/394 2469/1736/394 2467/1734/393
f 2470/1735/394 2472/1737/395 2471/1738/395 2469/1736/394
f 2472/1737/395 2474/1739/396 2473/1740/396 2471/1738/395
f 2474/1739/396 2476/1741/397 2475/1742/397 2473/1740/396
f 2476/1741/397 2478/1743/398 2477/1744/398 2475/1742/397
f 2478/1743/398 2480/1745/399 2479/1746/399 2477/1744/398
f 2480/1745/399 2482/1747/400 2481/1748/400 2479/1746/399
f 2482/1747/400 2484/1749/401 2483/1750/401 2481/1748/400
f 2484/1749/401 2486/1751/402 2485/1752/402 2483/1750/401
f 2486/1751/402 2488/1753/403 2487/1754/403 2485/1752/402
f 2488/1753/403 2490/1755/404 2489/1756/404 2487/1754/403
f 2490/1755/404 2492/1757/405 2491/1758/405 2489/1756/404
f 2492/1757/405 2494/1759/406 2493/1760/406 2491/1758/405
f 2494/1759/406 2496/1761/407 2495/1762/407 2493/1760/406
f 2496/1761/407 2498/1763/407 2497/1764/407 2495/1762/407
f 2498/1763/407 2500/1765/407 2499/1766/407 2497/1764/407
f 2500/1765/407 2502/1767/407 2501/1768/407 2499/1766/407
f 2502/1767/407 2504/1769/407 2503/1770/407 2501/1768/407
f 2504/1769/407 2506/1771/407 2505/1772/407 2503/1770/407
f 2506/1771/407 2508/1773/407 2507/1774/407 2505/1772/407
f 2508/1773/407 2510/1775/407 2509/1776/407 2507/1774/407
f 2510/1775/407 2512/1777/407 2511/1778/407 2509/1776/407
f 2512/1777/407 2514/1779/407 2513/1780/407 2511/1778/407
f 2514/1779/407 2516/1781/407 2515/1782/407 2513/1780/407
f 2516/1781/407 2518/1783/408 2517/1784/408 2515/1782/407
f 2518/1783/408 2520/1785/409 2519/1786/409 2517/1784/408
f 2520/1785/409 2522/1787/410 2521/1788/410 2519/1786/409
f 2522/1787/410 2524/1789/411 2523/1790/411 2521/1788/410
f 2524/1789/411 2526/1791/412 2525/1792/412 2523/1790/411
f 2526/1791/412 2528/1793/413 2527/1794/413 2525/1792/412
f 2528/1793/413 2530/1795/414 2529/1796/414 2527/1794/413
f 2530/1795/414 2532/1797/415 2531/1798/415 2529/1796/414
f 2532/1797/415 2534/1799/416 2533/1800/416 2531/1798/415
f 2534/1799/416 2536/1801/417 2535/1802/417 2533/1800/416
f 2536/1801/417 2538/1803/418 2537/1804/418 2535/1802/417
f 2538/1803/418 2540/1805/419 2539/1806/419 2537/1804/418
f 2540/1805/419 2542/1807/420 2541/1808/420 2539/1806/419
f 2542/1807/420 2544/1809/421 2543/1810/421 2541/1808/420
f 2544/1809/421 2546/1811/422 2545/1812/422 2543/1810/421
f 2546/1811/422 2548/1813/423 2547/1814/423 2545/1812/422
f 2548/1813/423 2550/1815/424 2549/1816/424 2547/1814/423
f 2550/1815/424 2552/1817/425 2551/1818/425 2549/1816/424
f 2552/1817/425 2554/1819/426 2553/1820/426 2551/1818/425
f 2554/1819/426 2556/1821/427 2555/1822/427 2553/1820/426
f 2556/1821/427 2558/1823/428 2557/1824/428 2555/1822/427
f 2558/1823/428 2560/1825/429 2559/1826/429 2557/1824/428
f 2560/1825/429 2562/1827/430 2561/1828/430 2559/1826/429
f 2562/1827/430 2564/1829/431 2563/1830/431 2561/1828/430
f 2564/1829/431 2566/1831/432 2565/1832/432 2563/1830/431
f 2566/1831/432 2568/1833/433 2567/1834/433 2565/1832/432
f 2568/1833/433 2570/1835/434 2569/1836/434 2567/1834/433
f 2570/1835/434 2572/1837/434 2571/1838/434 2569/1836/434
f 2572/1837/434 2574/1839/434 2573/1840/434 2571/1838/434
f 2574/1839/434 2576/1841/434 2575/1842/434 2573/1840/434
f 2576/1841/434 2578/1843/434 2577/1844/434 2575/1842/434
f 2578/1843/434 2580/1845/434 2579/1846/434 2577/1844/434
f 2580/1845/434 2582/1847/434 2581/1848/434 2579/1846/434
f 2582/1847/434 2584/1849/434 2583/1850/434 2581/1848/434
f 2584/1849/434 2586/1851/434 2585/1852/434 2583/1850/434
f 2586/1851/434 2588/1853/434 2587/1854/434 2585/1852/434
f 2588/1853/434 2590/1855/434 2589/1856/434 2587/1854/434
f 2590/1855/434 2592/1857/435 2591/1858/435 2589/1856/434
f 2592/1857/435 2594/1859/436 2593/1860/436 2591/1858/435
f 2594/1859/436 2596/1861/437 2595/1862/437 2593/1860/436
f 2596/1861/437 2598/1863/438 2597/1864/438 2595/1862/437
f 2598/1863/438 2600/1865/439 2599/1866/439 2597/1864/438
f 2600/1865/439 2602/1867/440 2601/1868/440 2599/1866/439
f 2602/1867/440 2604/1869/441 2603/1870/441 2601/1868/440
f 2604/1869/441 2606/1871/442 2605/1872/442 2603/1870/441
f 2606/1871/442 2608/1873/443 2607/1874/443 2605/1872/442
f 2608/1873/443 2610/1875/444 2609/1876/444 2607/1874/443
f 2610/1875/444 2612/1877/445 2611/1878/445 2609/1876/444
f 2612/1877/445 2614/1879/446 2613/1880/446 2611/1878/445
f 2614/1879/446 2616/1881/447 2615/1882/447 2613/1880/446
f 2616/1881/447 2618/1883/448 2617/1884/448 2615/1882/447
f 2618/1883/448 2620/1885/449 2619/1886/449 2617/1884/448
f 2620/1885/449 2622/1887/450 2621/1888/450 2619/1886/449
f 2622/1887/450 2624/1889/450 2623/1890/450 2621/1888/450
f 2624/1889/450 2626/1891/450 2625/1892/450 2623/1890/450
f 2626/1891/450 2628/1893/450 2627/1894/450 2625/1892/450
f 2628/1893/450 2630/1895/450 2629/1896/450 2627/1894/450
f 2630/1895/450 2632/1897/450 2631/1898/450 2629/1896/450
f 2632/1897/450 2634/1899/450 2633/1900/450 2631/1898/450
f 2634/1899/450 2636/1901/450 2635/1902/450 2633/1900/450
f 2636/1901/450 2638/1903/450 2637/1904/450 2635/1902/450
f 2638/1903/450 2640/1905/450 2639/1906/450 2637/1904/450
f 2640/1905/450 2642/1907/451 2641/1908/451 2639/1906/450
f 2642/1907/451 2644/1909/452 2643/1910/452 2641/1908/451
f 2644/1909/452 2646/1911/453 2645/1912/453 2643/1910/452
f 2646/1911/453 2648/1913/454 2647/1914/454 2645/1912/453
f 2648/1913/454 2650/1915/455 2649/1916/455 2647/1914/454
f 2650/1915/455 2652/1917/456 2651/1918/456 2649/1916/455
f 2652/1917/456 2654/1919/457 2653/1920/457 2651/1918/456
f 2654/1919/457 2656/1921/458 2655/1922/458 2653/1920/457
f 2656/1921/458 2658/1923/459 2657/1924/459 2655/1922/458
f 2658/1923/459 2660/1925/460 2659/1926/460 2657/1924/459
f 2660/1925/460 2662/1927/461 2661/1928/461 2659/1926/460
f 2662/1927/461 2664/1929/462 2663/1930/462 2661/1928/461
f 2664/1929/462 2666/1931/463 2665/1932/463 2663/1930/462
f 2666/1931/463 2668/1933/464 2667/1934/464 2665/1932/463
f 2668/1933/464 2670/1935/465 2669/1936/465 2667/1934/464
f 2670/1935/465 2672/1937/466 2671/1938/466 2669/1936/465
f 2672/1937/466 2674/1939/467 2673/1940/467 2671/1938/466
f 2674/1939/467 2676/1941/468 2675/1942/468 2673/1940/467
f 2676/1941/468 2678/1943/469 2677/1944/469 2675/1942/468
f 2678/1943/469 2680/1945/470 2679/1946/470 2677/1944/469
f 2680/1945/470 2682/1947/470 2681/1948/470 2679/1946/470
f 2682/1947/470 2684/1949/471 2683/1950/471 2681/1948/470
f 2684/1949/471 2686/1951/471 2685/1952/471 2683/1950/471
f 2686/1951/471 2688/1953/471 2687/1954/471 2685/1952/471
f 2688/1953/471 2690/1955/471 2689/1956/471 2687/1954/471
f 2690/1955/471 2692/1957/471 2691/1958/471 2689/1956/471
f 2692/1957/471 2694/1959/470 2693/1960/470 2691/1958/471
f 2694/1959/470 2696/1961/471 2695/1962/471 2693/1960/470
f 2696/1961/471 2698/1963/471 2697/1964/471 2695/1962/471
f 2698/1963/471 2700/1965/472 2699/1966/472 2697/1964/471
f 2700/1965/472 2702/1967/473 2701/1968/473 2699/1966/472
f 2702/1967/473 2704/1969/474 2703/1970/474 2701/1968/473
f 2704/1969/474 2706/1971/475 2705/1972/475 2703/1970/474
f 2706/1971/475 2708/1973/476 2707/1974/476 2705/1972/475
f 2708/1973/476 2710/1975/477 2709/1976/477 2707/1974/476
f 2710/1975/477 2712/1977/478 2711/1978/478 2709/1976/477
f 2712/1977/478 2714/1979/479 2713/1980/479 2711/1978/478
f 2714/1979/479 2716/1981/480 2715/1982/480 2713/1980/479
f 2716/1981/480 2718/1983/481 2717/1984/481 2715/1982/480
f 2718/1983/481 2720/1985/482 2719/1986/482 2717/1984/481
f 2720/1985/482 2722/1987/483 2721/1988/483 2719/1986/482
f 2722/1987/483 2724/1989/484 2723/1990/484 2721/1988/483
f 2724/1989/484 2726/1991/485 2725/1992/485 2723/1990/484
f 2726/1991/485 2728/1993/486 2727/1994/486 2725/1992/485
f 2728/1993/486 2730/1995/487 2729/1996/487 2727/1994/486
f 2730/1995/487 2732/1997/488 2731/1998/488 2729/1996/487
f 2732/1997/488 2734/1999/489 2733/2000/489 2731/1998/488
f 2734/1999/489 2736/2001/490 2735/2002/490 2733/2000/489
f 2736/2001/490 2738/2003/491 2737/2004/491 2735/2002/490
f 2738/2003/491 2740/2005/492 2739/2006/492 2737/2004/491
f 2740/2005/492 2742/2007/493 2741/2008/493 2739/2006/492
f 2742/2007/493 2744/2009/494 2743/2010/494 2741/2008/493
f 2744/2009/494 2746/2011/495 2745/2012/495 2743/2010/494
f 2746/2011/495 2748/2013/496 2747/2014/496 2745/2012/495
f 2748/2013/496 2750/2015/497 2749/2016/497 2747/2014/496
f 2750/2015/497 2752/2017/497 2751/2018/497 2749/2016/497
f 2752/2017/497 2754/2019/497 2753/2020/497 2751/2018/497
f 2754/2019/497 2756/2021/497 2755/2022/497 2753/2020/497
f 2756/2021/497 2758/2023/497 2757/2024/497 2755/2022/497
f 2758/2023/497 2760/2025/497 2759/2026/497 2757/2024/497
f 2760/2025/497 2762/2027/497 2761/2028/497 2759/2026/497
f 2762/2027/497 2764/2029/497 2763/2030/497 2761/2028/497
f 2764/2029/497 2766/2031/497 2765/2032/497 2763/2030/497
f 2766/2031/497 2768/2033/497 2767/2034/497 2765/2032/497
f 2768/2033/497 2770/2035/497 2769/2036/497 2767/2034/497
f 2770/2035/497 2772/2037/498 2771/2038/498 2769/2036/497
f 2772/2037/498 2774/2039/499 2773/2040/499 2771/2038/498
f 2774/2039/499 2776/2041/499 2775/2042/499 2773/2040/499
f 2776/2041/499 2778/2043/499 2777/2044/499 2775/2042/499
f 2778/2043/499 2780/2045/499 2779/2046/499 2777/2044/499
f 2780/2045/499 2782/2047/499 2781/2048/499 2779/2046/499
f 2782/2047/499 2784/2049/499 2783/2050/499 2781/2048/499
f 2784/2049/499 2786/2051/499 2785/2052/499 2783/2050/499
f 2786/2051/499 2788/2053/499 2787/2054/499 2785/2052/499
f 2788/2053/499 2790/2055/499 2789/2056/499 2787/2054/499
f 2790/2055/499 2792/2057/499 2791/2058/499 2789/2056/499
f 2792/2057/499 2794/2059/499 2793/2060/499 2791/2058/499
f 2794/2059/499 2796/2061/500 2795/2062/500 2793/2060/499
f 2796/2061/500 2798/2063/501 2797/2064/501 2795/2062/500
f 2798/2063/501 2800/2065/501 2799/2066/501 2797/2064/501
f 2800/2065/501 2802/2067/501 2801/2068/501 2799/2066/501
f 2802/2067/501 2804/2069/501 2803/2070/501 2801/2068/501
f 2804/2069/501 2806/2071/501 2805/2072/501 2803/2070/501
f 2806/2071/501 2808/2073/501 2807/2074/501 2805/2072/501
f 2808/2073/501 2810/2075/501 2809/2076/501 2807/2074/501
f 2810/2075/501 2812/2077/501 2811/2078/501 2809/2076/501
f 2812/2077/501 2814/2079/501 2813/2080/501 2811/2078/501
f 2814/2079/501 2816/2081/501 2815/2082/501 2813/2080/501
f 2816/2081/501 2818/2083/501 2817/2084/501 2815/2082/501
f 2818/2083/501 2820/2085/502 2819/2086/502 2817/2084/501
f 2820/2085/502 2822/2087/503 2821/2088/503 2819/2086/502
f 2822/2087/503 2824/2089/504 2823/2090/504 2821/2088/503
f 2824/2089/504 2826/2091/505 2825/2092/505 2823/2090/504
f 2826/2091/505 2828/2093/506 2827/2094/506 2825/2092/505
f 2828/2093/506 2830/2095/507 2829/2096/507 2827/2094/506
f 2830/2095/507 2832/2097/508 2831/2098/508 2829/2096/507
f 2832/2097/508 2834/2099/509 2833/2100/509 2831/2098/508
f 2834/2099/509 2836/2101/510 2835/2102/510 2833/2100/509
f 2836/2101/510 2838/2103/511 2837/2104/511 2835/2102/510
f 2838/2103/511 2840/2105/512 2839/2106/512 2837/2104/511
f 2840/2105/512 2842/2107/513 2841/2108/513 2839/2106/512
f 2842/2107/513 2844/2109/514 2843/2110/514 2841/2108/513
f 2844/2109/514 2846/2111/515 2845/2112/515 2843/2110/514
f 2846/2111/515 2848/2113/516 2847/2114/516 2845/2112/515
f 2848/2113/516 2850/2115/517 2849/2116/517 2847/2114/516
f 2850/2115/517 2852/2117/518 2851/2118/518 2849/2116/517
f 2852/2117/518 2854/2119/519 2853/2120/519 2851/2118/518
f 2854/2119/519 2856/2121/520 2855/2122/520 2853/2120/519
f 2856/2121/520 2858/2123/521 2857/2124/521 2855/2122/520
f 2858/2123/521 2860/2125/522 2859/2126/522 2857/2124/521
f 2860/2125/522 2862/2127/523 2861/2128/523 2859/2126/522
f 2862/2127/523 2864/2129/524 2863/2130/524 2861/2128/523
f 2864/2129/524 2866/2131/525 2865/2132/525 2863/2130/524
f 2866/2131/525 2868/2133/526 2867/2134/526 2865/2132/525
f 2868/2133/526 2870/2135/527 2869/2136/527 2867/2134/526
f 2870/2135/527 2872/2137/528 2871/2138/528 2869/2136/527
f 2872/2137/528 2874/2139/529 2873/2140/529 2871/2138/528
f 2874/2139/529 2876/2141/530 2875/2142/530 2873/2140/529
f 2876/2141/530 2878/2143/531 2877/2144/531 2875/2142/530
f 2878/2143/531 2880/2145/531 2879/2146/531 2877/2144/531
f 2880/2145/531 2882/2147/531 2881/2148/531 2879/2146/531
f 2882/2147/531 2884/2149/531 2883/2150/531 2881/2148/531
f 2884/2149/531 2886/2151/531 2885/2152/531 2883/2150/531
f 2886/2151/531 2888/2153/531 2887/2154/531 2885/2152/531
f 2888/2153/531 2890/2155/531 2889/2156/531 2887/2154/531
f 2890/2155/531 2892/2157/531 2891/2158/531 2889/2156/531
f 2892/2157/531 2894/2159/531 2893/2160/531 2891/2158/531
f 2894/2159/531 2896/2161/531 2895/2162/531 2893/2160/531
f 2896/2161/531 2898/2163/531 2897/2164/531 2895/2162/531
f 2898/2163/531 2900/2165/532 2899/2166/532 2897/2164/531
f 2900/2165/532 2902/2167/533 2901/2168/533 2899/2166/532
f 2902/2167/533 2904/2169/534 2903/2170/534 2901/2168/533
f 2904/2169/534 2906/2171/535 2905/2172/535 2903/2170/534
f 2906/2171/535 2908/2173/536 2907/2174/536 2905/2172/535
f 2908/2173/536 2910/2175/537 2909/2176/537 2907/2174/536
f 2910/2175/537 2912/2177/538 2911/2178/538 2909/2176/537
f 2912/2177/538 2914/2179/539 2913/2180/539 2911/2178/538
f 2914/2179/539 2916/2181/540 2915/2182/540 2913/2180/539
f 2916/2181/540 2918/2183/541 2917/2184/541 2915/2182/540
f 2918/2183/541 2920/2185/542 2919/2186/542 2917/2184/541
f 2920/2185/542 2922/2187/543 2921/2188/543 2919/2186/542
f 2922/2187/543 2924/2189/544 2923/2190/544 2921/2188/543
f 2924/2189/544 1768/1034/141 1767/343/141 2923/2190/544
s 0
f 5440/2767/1 5442/2768/1 5441/2769/1
f 5439/2770/1 5442/2768/1 5440/2767/1
f 5438/2771/1 5442/2768/1 5439/2770/1
f 5437/2772/1 5442/2768/1 5438/2771/1
f 5437/2772/1 5443/2773/1 5442/2768/1
f 5436/2774/1 5443/2773/1 5437/2772/1
f 5435/2775/1 5443/2773/1 5436/2774/1
f 5434/2776/1 5443/2773/1 5435/2775/1
f 5433/2777/1 5443/2773/1 5434/2776/1
f 5433/2777/1 5444/2778/1 5443/2773/1
f 5432/2779/1 5444/2778/1 5433/2777/1
f 5431/2780/1 5444/2778/1 5432/2779/1
f 5430/2781/1 5444/2778/1 5431/2780/1
f 5429/2782/1 5444/2778/1 5430/2781/1
f 5428/2783/1 5444/2778/1 5429/2782/1
f 5427/2784/1 5444/2778/1 5428/2783/1
f 5427/2784/1 5445/2785/1 5444/2778/1
f 5426/2786/1 5445/2785/1 5427/2784/1
f 5426/2786/1 5446/2787/1 5445/2785/1
f 5425/2788/1 5446/2787/1 5426/2786/1
f 5425/2788/1 5447/2789/1 5446/2787/1
f 5424/2790/1 5447/2789/1 5425/2788/1
f 5424/2790/1 5448/2791/1 5447/2789/1
f 5423/2792/1 5448/2791/1 5424/2790/1
f 5423/2792/1 5449/2793/1 5448/2791/1
f 5423/2792/1 5450/2794/1 5449/2793/1
f 5422/2795/1 5450/2794/1 5423/2792/1
f 5422/2795/1 5451/2796/1 5450/2794/1
f 5421/2797/1 5451/2796/1 5422/2795/1
f 5421/2797/1 5452/2798/1 5451/2796/1
f 5420/2799/1 5452/2798/1 5421/2797/1
f 5420/2799/1 5453/2800/1 5452/2798/1
f 5420/2799/1 5454/2801/1 5453/2800/1
f 5419/2802/1 5454/2801/1 5420/2799/1
f 5419/2802/1 5455/2803/1 5454/2801/1
f 5419/2802/1 5456/2804/1 5455/2803/1
f 5418/2805/1 5509/2806/1 5419/2802/1
f 5509/2806/1 5508/2807/1 5419/2802/1
f 5508/2807/1 5507/2808/1 5419/2802/1
f 5507/2808/1 5456/2804/1 5419/2802/1
f 5506/2809/1 5456/2804/1 5507/2808/1
f 5418/2805/1 5510/2810/1 5509/2806/1
f 5505/2811/1 5456/2804/1 5506/2809/1
f 5418/2805/1 5511/2812/1 5510/2810/1
f 5418/2805/1 5512/2813/1 5511/2812/1
f 5504/2814/1 5456/2804/1 5505/2811/1
f 5504/2814/1 5457/2815/1 5456/2804/1
f 5418/2805/1 5513/2816/1 5512/2813/1
f 5503/2817/1 5457/2815/1 5504/2814/1
f 5418/2805/1 5514/2818/1 5513/2816/1
f 5418/2805/1 5515/2819/1 5514/2818/1
f 5418/2805/1 5516/2820/1 5515/2819/1
f 5418/2805/1 5517/2821/1 5516/2820/1
f 5418/2805/1 5518/2822/1 5517/2821/1
f 5502/2823/1 5457/2815/1 5503/2817/1
f 5502/2823/1 5458/2824/1 5457/2815/1
f 5418/2805/1 5519/2825/1 5518/2822/1
f 5418/2805/1 5520/2826/1 5519/2825/1
f 5417/2827/1 5520/2826/1 5418/2805/1
f 5417/2827/1 5521/2828/1 5520/2826/1
f 5501/2829/1 5458/2824/1 5502/2823/1
f 5417/2827/1 5522/2830/1 5521/2828/1
f 5501/2829/1 5459/2831/1 5458/2824/1
f 5417/2827/1 5523/2832/1 5522/2830/1
f 5417/2827/1 5524/2833/1 5523/2832/1
f 5500/2834/1 5459/2831/1 5501/2829/1
f 5417/2827/1 5525/2835/1 5524/2833/1
f 5500/2834/1 5460/2836/1 5459/2831/1
f 5417/2827/1 5526/2837/1 5525/2835/1
f 5499/2838/1 5460/2836/1 5500/2834/1
f 5417/2827/1 5527/2839/1 5526/2837/1
f 5416/2840/1 5527/2839/1 5417/2827/1
f 5498/2841/1 5460/2836/1 5499/2838/1
f 5416/2840/1 5528/2842/1 5527/2839/1
f 5498/2841/1 5461/2843/1 5460/2836/1
f 5415/2844/1 5528/2842/1 5416/2840/1
f 5415/2844/1 5529/2845/1 5528/2842/1
f 5497/2846/1 5461/2843/1 5498/2841/1
f 5414/2847/1 5529/2845/1 5415/2844/1
f 5414/2847/1 5530/2848/1 5529/2845/1
f 5497/2846/1 5462/2849/1 5461/2843/1
f 5496/2850/1 5462/2849/1 5497/2846/1
f 5414/2847/1 5531/2851/1 5530/2848/1
f 5413/2852/1 5531/2851/1 5414/2847/1
f 5496/2850/1 5463/2853/1 5462/2849/1
f 5413/2852/1 5532/2854/1 5531/2851/1
f 5495/2855/1 5463/2853/1 5496/2850/1
f 5413/2852/1 5533/2856/1 5532/2854/1
f 5495/2855/1 5464/2857/1 5463/2853/1
f 5494/2858/1 5464/2857/1 5495/2855/1
f 5412/2859/1 5533/2856/1 5413/2852/1
f 5412/2859/1 5534/2860/1 5533/2856/1
f 5412/2859/1 5535/2861/1 5534/2860/1
f 5493/2862/1 5464/2857/1 5494/2858/1
f 5493/2862/1 5465/2863/1 5464/2857/1
f 5412/2859/1 5536/2864/1 5535/2861/1
f 5411/2865/1 5536/2864/1 5412/2859/1
f 5492/2866/1 5465/2863/1 5493/2862/1
f 5411/2865/1 5537/2867/1 5536/2864/1
f 5492/2866/1 5466/2868/1 5465/2863/1
f 5491/2869/1 5466/2868/1 5492/2866/1
f 5491/2869/1 5467/2870/1 5466/2868/1
f 5411/2865/1 5538/2871/1 5537/2867/1
f 5491/2869/1 5468/2872/1 5467/2870/1
f 5491/2869/1 5469/2873/1 5468/2872/1
f 5490/2874/1 5469/2873/1 5491/2869/1
f 5410/2875/1 5538/2871/1 5411/2865/1
f 5490/2874/1 5470/2876/1 5469/2873/1
f 5490/2874/1 5471/2877/1 5470/2876/1
f 5410/2875/1 5539/2878/1 5538/2871/1
f 5490/2874/1 5472/2879/1 5471/2877/1
f 5489/2880/1 5472/2879/1 5490/2874/1
f 5489/2880/1 5473/2881/1 5472/2879/1
f 5489/2880/1 5474/2882/1 5473/2881/1
f 5489/2880/1 5475/2883/1 5474/2882/1
f 5489/2880/1 5476/2884/1 5475/2883/1
f 5488/2885/1 5476/2884/1 5489/2880/1
f 5487/2886/1 5476/2884/1 5488/2885/1
f 5486/2887/1 5476/2884/1 5487/2886/1
f 5485/2888/1 5476/2884/1 5486/2887/1
f 5484/2889/1 5476/2884/1 5485/2888/1
f 5483/2890/1 5476/2884/1 5484/2889/1
f 5482/2891/1 5476/2884/1 5483/2890/1
f 5481/2892/1 5476/2884/1 5482/2891/1
f 5481/2892/1 5477/2893/1 5476/2884/1
f 5480/2894/1 5477/2893/1 5481/2892/1
f 5479/2895/950 5477/2893/950 5480/2894/950
f 5478/2896/951 5477/2893/951 5479/2895/951
f 5410/2875/1 5540/2897/1 5539/2878/1
f 5409/2898/1 5540/2897/1 5410/2875/1
f 5409/2898/1 5541/2899/1 5540/2897/1
f 5408/2900/1 5541/2899/1 5409/2898/1
f 5408/2900/1 5542/2901/1 5541/2899/1
f 5408/2900/1 5543/2902/1 5542/2901/1
f 5407/2903/1 5543/2902/1 5408/2900/1
f 5407/2903/1 5544/2904/1 5543/2902/1
f 5407/2903/1 5545/2905/1 5544/2904/1
f 5406/2906/1 5545/2905/1 5407/2903/1
f 5406/2906/1 5546/2907/1 5545/2905/1
f 5405/2908/1 5546/2907/1 5406/2906/1
f 5405/2908/1 5547/2909/1 5546/2907/1
f 5404/2910/1 5547/2909/1 5405/2908/1
f 5404/2910/1 5548/2911/1 5547/2909/1
f 5404/2910/1 5549/2912/1 5548/2911/1
f 5404/2910/1 5550/2913/1 5549/2912/1
f 5404/2910/1 5551/2914/1 5550/2913/1
f 5404/2910/1 5552/2915/1 5551/2914/1
f 5404/2910/1 5553/2916/1 5552/2915/1
f 5403/2917/1 5553/2916/1 5404/2910/1
f 5403/2917/1 5554/2918/1 5553/2916/1
f 5403/2917/1 5555/2919/1 5554/2918/1
f 5403/2917/1 5556/2920/1 5555/2919/1
f 5403/2917/1 5557/2921/1 5556/2920/1
f 5403/2917/1 5558/2922/1 5557/2921/1
f 5403/2917/1 5559/2923/1 5558/2922/1
f 5402/2924/1 5559/2923/1 5403/2917/1
f 5402/2924/1 5560/2925/1 5559/2923/1
f 5402/2924/1 5561/2926/1 5560/2925/1
f 5402/2924/1 5562/2927/1 5561/2926/1
f 5402/2924/1 5563/2928/1 5562/2927/1
f 5402/2924/1 5564/2929/1 5563/2928/1
f 5401/2930/1 5564/2929/1 5402/2924/1
f 5401/2930/1 5565/2931/1 5564/2929/1
f 5400/2932/1 5565/2931/1 5401/2930/1
f 5400/2932/1 5566/2933/1 5565/2931/1
f 5399/2934/1 5566/2933/1 5400/2932/1
f 5399/2934/1 5567/2935/1 5566/2933/1
f 5398/2936/1 5567/2935/1 5399/2934/1
f 5398/2936/1 5568/2937/1 5567/2935/1
f 5397/2938/1 5568/2937/1 5398/2936/1
f 5397/2938/1 5569/2939/1 5568/2937/1
f 5396/2940/1 5569/2939/1 5397/2938/1
f 5395/2941/1 5569/2939/1 5396/2940/1
f 5395/2941/1 5570/2942/1 5569/2939/1
f 5394/2943/1 5570/2942/1 5395/2941/1
f 5393/2944/1 5570/2942/1 5394/2943/1
f 5393/2944/1 5571/2945/1 5570/2942/1
f 5392/2946/1 5571/2945/1 5393/2944/1
f 5391/2947/1 5571/2945/1 5392/2946/1
f 5391/2947/1 5572/2948/1 5571/2945/1
f 5390/2949/1 5572/2948/1 5391/2947/1
f 5389/2950/1 5572/2948/1 5390/2949/1
f 5388/2951/1 5572/2948/1 5389/2950/1
f 5388/2951/1 5573/2952/1 5572/2948/1
f 5387/2953/1 5573/2952/1 5388/2951/1
f 5386/2954/1 5573/2952/1 5387/2953/1
f 5385/2955/1 5573/2952/1 5386/2954/1
f 5384/2956/1 5573/2952/1 5385/2955/1
f 5383/2957/1 5573/2952/1 5384/2956/1
f 5383/2957/1 5574/2958/1 5573/2952/1
f 5382/2959/1 5574/2958/1 5383/2957/1
f 5381/2960/1 5574/2958/1 5382/2959/1
f 5380/2961/1 5574/2958/1 5381/2960/1
f 5379/2962/1 5574/2958/1 5380/2961/1
f 5378/2963/1 5574/2958/1 5379/2962/1
f 5377/2964/1 5574/2958/1 5378/2963/1
f 5376/2965/1 5574/2958/1 5377/2964/1
f 5376/2965/1 5575/2966/1 5574/2958/1
f 5375/2967/1 5575/2966/1 5376/2965/1
f 5374/2968/1 5575/2966/1 5375/2967/1
f 5373/2969/1 5575/2966/1 5374/2968/1
f 5372/2970/1 5575/2966/1 5373/2969/1
f 5371/2971/1 5575/2966/1 5372/2970/1
f 5370/2972/1 5575/2966/1 5371/2971/1
f 5369/2973/1 5575/2966/1 5370/2972/1
f 5368/2974/1 5575/2966/1 5369/2973/1
f 5367/2975/1 5575/2966/1 5368/2974/1
f 5366/2976/1 5575/2966/1 5367/2975/1
f 5365/2977/1 5575/2966/1 5366/2976/1
f 5364/2978/1 5575/2966/1 5365/2977/1
f 5364/2978/1 5576/2979/1 5575/2966/1
f 5363/2980/1 5576/2979/1 5364/2978/1
f 5362/2981/1 5576/2979/1 5363/2980/1
f 5361/2982/1 5576/2979/1 5362/2981/1
f 5360/2983/1 5576/2979/1 5361/2982/1
f 5360/2983/1 5577/2984/1 5576/2979/1
f 5359/2985/1 5577/2984/1 5360/2983/1
f 5358/2986/1 5577/2984/1 5359/2985/1
f 5358/2986/1 5578/2987/1 5577/2984/1
f 5357/2988/1 5578/2987/1 5358/2986/1
f 5356/2989/1 5578/2987/1 5357/2988/1
f 5356/2989/1 5579/2990/1 5578/2987/1
f 5355/2991/1 5579/2990/1 5356/2989/1
f 5354/2992/1 5579/2990/1 5355/2991/1
f 5354/2992/1 5580/2993/1 5579/2990/1
f 5353/2994/1 5580/2993/1 5354/2992/1
f 5352/2995/1 5580/2993/1 5353/2994/1
f 5351/2996/1 5580/2993/1 5352/2995/1
f 5351/2996/1 5581/2997/1 5580/2993/1
f 5294/2998/1 5296/2999/1 5295/3000/1
f 5294/2998/1 5297/3001/1 5296/2999/1
f 5294/2998/1 5298/3002/1 5297/3001/1
f 5294/2998/1 5299/3003/1 5298/3002/1
f 5294/2998/1 5300/3004/1 5299/3003/1
f 5294/2998/1 5301/3005/1 5300/3004/1
f 5294/2998/1 5302/3006/1 5301/3005/1
f 5294/2998/1 5303/3007/1 5302/3006/1
f 5294/2998/1 5304/3008/1 5303/3007/1
f 5294/2998/1 5305/3009/1 5304/3008/1
f 5294/2998/1 5306/3010/1 5305/3009/1
f 5294/2998/1 5307/3011/1 5306/3010/1
f 5294/2998/1 5308/3012/1 5307/3011/1
f 5350/3013/1 5581/2997/1 5351/2996/1
f 5349/3014/1 5581/2997/1 5350/3013/1
f 5349/3014/1 5582/3015/1 5581/2997/1
f 5348/3016/1 5582/3015/1 5349/3014/1
f 5347/3017/1 5582/3015/1 5348/3016/1
f 5293/3018/1 5308/3012/1 5294/2998/1
f 5346/3019/1 5582/3015/1 5347/3017/1
f 5346/3019/1 5583/3020/1 5582/3015/1
f 5345/3021/1 5583/3020/1 5346/3019/1
f 5344/3022/1 5583/3020/1 5345/3021/1
f 5344/3022/1 5584/343/1 5583/3020/1
f 5343/3023/1 5584/343/1 5344/3022/1
f 5342/3024/1 5584/343/1 5343/3023/1
f 5292/3025/1 5308/3012/1 5293/3018/1
f 5342/3024/1 5241/202/1 5584/343/1
f 5292/3025/1 5309/3026/1 5308/3012/1
f 5341/3027/1 5241/202/1 5342/3024/1
f 5292/3025/1 5310/3028/1 5309/3026/1
f 5340/3029/1 5241/202/1 5341/3027/1
f 5340/3029/1 5242/3030/1 5241/202/1
f 5340/3029/1 5243/3031/1 5242/3030/1
f 5340/3029/1 5244/3032/1 5243/3031/1
f 5340/3029/1 5245/3033/1 5244/3032/1
f 5340/3029/1 5246/3034/1 5245/3033/1
f 5340/3029/1 5247/3035/1 5246/3034/1
f 5340/3029/1 5248/3036/1 5247/3035/1
f 5292/3025/1 5311/3037/1 5310/3028/1
f 5339/3038/1 5248/3036/1 5340/3029/1
f 5291/3039/1 5311/3037/1 5292/3025/1
f 5291/3039/1 5312/3040/1 5311/3037/1
f 5338/3041/1 5248/3036/1 5339/3038/1
f 5291/3039/1 5313/3042/1 5312/3040/1
f 5337/3043/1 5248/3036/1 5338/3041/1
f 5291/3039/1 5314/3044/1 5313/3042/1
f 5336/3045/1 5248/3036/1 5337/3043/1
f 5336/3045/1 5249/3046/1 5248/3036/1
f 5291/3039/1 5315/3047/1 5314/3044/1
f 5335/3048/1 5249/3046/1 5336/3045/1
f 5291/3039/1 5316/3049/1 5315/3047/1
f 5334/3050/1 5249/3046/1 5335/3048/1
f 5290/3051/1 5316/3049/1 5291/3039/1
f 5290/3051/1 5317/3052/1 5316/3049/1
f 5333/3053/1 5249/3046/1 5334/3050/1
f 5332/3054/1 5249/3046/1 5333/3053/1
f 5290/3051/1 5318/3055/1 5317/3052/1
f 5331/3056/1 5249/3046/1 5332/3054/1
f 5330/3057/1 5249/3046/1 5331/3056/1
f 5329/3058/1 5249/3046/1 5330/3057/1
f 5328/3059/1 5249/3046/1 5329/3058/1
f 5327/3060/1 5249/3046/1 5328/3059/1
f 5326/3061/1 5249/3046/1 5327/3060/1
f 5290/3051/1 5319/3062/1 5318/3055/1
f 5325/3063/1 5249/3046/1 5326/3061/1
f 5324/3064/1 5249/3046/1 5325/3063/1
f 5323/3065/1 5249/3046/1 5324/3064/1
f 5322/3066/1 5249/3046/1 5323/3065/1
f 5290/3051/1 5320/3067/1 5319/3062/1
f 5321/3068/1 5249/3046/1 5322/3066/1
f 5320/3067/1 5249/3046/1 5321/3068/1
f 5290/3051/1 5249/3046/1 5320/3067/1
f 5290/3051/1 5250/3069/1 5249/3046/1
f 5289/3070/1 5250/3069/1 5290/3051/1
f 5289/3070/1 5251/3071/1 5250/3069/1
f 5288/3072/1 5251/3071/1 5289/3070/1
f 5288/3072/1 5252/3073/1 5251/3071/1
f 5287/3074/1 5252/3073/1 5288/3072/1
f 5287/3074/1 5253/3075/1 5252/3073/1
f 5287/3074/1 5254/3076/1 5253/3075/1
f 5286/3077/1 5254/3076/1 5287/3074/1
f 5286/3077/1 5255/3078/1 5254/3076/1
f 5285/3079/1 5255/3078/1 5286/3077/1
f 5285/3079/1 5256/3080/1 5255/3078/1
f 5284/3081/1 5256/3080/1 5285/3079/1
f 5284/3081/1 5257/3082/1 5256/3080/1
f 5283/3083/1 5257/3082/1 5284/3081/1
f 5283/3083/1 5258/3084/1 5257/3082/1
f 5282/3085/1 5258/3084/1 5283/3083/1
f 5281/3086/1 5258/3084/1 5282/3085/1
f 5280/3087/1 5258/3084/1 5281/3086/1
f 5279/3088/1 5258/3084/1 5280/3087/1
f 5279/3088/1 5259/3089/1 5258/3084/1
f 5278/3090/1 5259/3089/1 5279/3088/1
f 5277/3091/1 5259/3089/1 5278/3090/1
f 5277/3091/1 5260/3092/1 5259/3089/1
f 5276/3093/1 5260/3092/1 5277/3091/1
f 5275/3094/1 5260/3092/1 5276/3093/1
f 5275/3094/1 5261/3095/1 5260/3092/1
f 5274/3096/1 5261/3095/1 5275/3094/1
f 5274/3096/1 5262/3097/1 5261/3095/1
f 5273/3098/1 5262/3097/1 5274/3096/1
f 5272/3099/1 5262/3097/1 5273/3098/1
f 5272/3099/1 5263/3100/1 5262/3097/1
f 5271/3101/1 5263/3100/1 5272/3099/1
f 5270/3102/1 5263/3100/1 5271/3101/1
f 5270/3102/1 5264/3103/1 5263/3100/1
f 5269/3104/1 5264/3103/1 5270/3102/1
f 5269/3104/1 5265/3105/1 5264/3103/1
f 5268/3106/1 5265/3105/1 5269/3104/1
f 5267/3107/1 5265/3105/1 5268/3106/1
f 5267/3107/1 5266/3108/1 5265/3105/1
f 5784/2767/5 5785/2769/5 5786/2768/5
f 5783/2770/5 5784/2767/5 5786/2768/5
f 5782/2771/5 5783/2770/5 5786/2768/5
f 5781/2772/5 5782/2771/5 5786/2768/5
f 5781/2772/5 5786/2768/5 5787/2773/5
f 5780/2774/5 5781/2772/5 5787/2773/5
f 5779/2775/5 5780/2774/5 5787/2773/5
f 5778/2776/5 5779/2775/5 5787/2773/5
f 5777/2777/5 5778/2776/5 5787/2773/5
f 5777/2777/5 5787/2773/5 5788/2778/5
f 5776/2779/5 5777/2777/5 5788/2778/5
f 5775/2780/5 5776/2779/5 5788/2778/5
f 5774/2781/5 5775/2780/5 5788/2778/5
f 5773/2782/5 5774/2781/5 5788/2778/5
f 5772/2783/5 5773/2782/5 5788/2778/5
f 5771/2784/5 5772/2783/5 5788/2778/5
f 5771/2784/5 5788/2778/5 5789/2785/5
f 5770/2786/5 5771/2784/5 5789/2785/5
f 5770/2786/5 5789/2785/5 5790/2787/5
f 5769/2788/5 5770/2786/5 5790/2787/5
f 5769/2788/5 5790/2787/5 5791/2789/5
f 5768/2790/5 5769/2788/5 5791/2789/5
f 5768/2790/5 5791/2789/5 5792/2791/5
f 5767/2792/5 5768/2790/5 5792/2791/5
f 5767/2792/5 5792/2791/5 5793/2793/5
f 5767/2792/5 5793/2793/5 5794/2794/5
f 5766/2795/5 5767/2792/5 5794/2794/5
f 5766/2795/5 5794/2794/5 5795/2796/5
f 5765/2797/5 5766/2795/5 5795/2796/5
f 5765/2797/5 5795/2796/5 5796/2798/5
f 5764/2799/5 5765/2797/5 5796/2798/5
f 5764/2799/5 5796/2798/5 5797/2800/5
f 5764/2799/5 5797/2800/5 5798/2801/5
f 5763/2802/5 5764/2799/5 5798/2801/5
f 5763/2802/5 5798/2801/5 5799/2803/5
f 5763/2802/5 5799/2803/5 5800/2804/5
f 5762/2805/5 5763/2802/5 5853/2806/5
f 5853/2806/5 5763/2802/5 5852/2807/5
f 5852/2807/5 5763/2802/5 5851/2808/5
f 5851/2808/5 5763/2802/5 5800/2804/5
f 5850/2809/5 5851/2808/5 5800/2804/5
f 5762/2805/5 5853/2806/5 5854/2810/5
f 5849/2811/5 5850/2809/5 5800/2804/5
f 5762/2805/5 5854/2810/5 5855/2812/5
f 5762/2805/5 5855/2812/5 5856/2813/5
f 5848/2814/5 5849/2811/5 5800/2804/5
f 5848/2814/5 5800/2804/5 5801/2815/5
f 5762/2805/5 5856/2813/5 5857/2816/5
f 5847/2817/5 5848/2814/5 5801/2815/5
f 5762/2805/5 5857/2816/5 5858/2818/5
f 5762/2805/5 5858/2818/5 5859/2819/5
f 5762/2805/5 5859/2819/5 5860/2820/5
f 5762/2805/5 5860/2820/5 5861/2821/5
f 5762/2805/5 5861/2821/5 5862/2822/5
f 5846/2823/5 5847/2817/5 5801/2815/5
f 5846/2823/5 5801/2815/5 5802/2824/5
f 5762/2805/5 5862/2822/5 5863/2825/5
f 5762/2805/5 5863/2825/5 5864/2826/5
f 5761/2827/5 5762/2805/5 5864/2826/5
f 5761/2827/5 5864/2826/5 5865/2828/5
f 5845/2829/5 5846/2823/5 5802/2824/5
f 5761/2827/5 5865/2828/5 5866/2830/5
f 5845/2829/5 5802/2824/5 5803/2831/5
f 5761/2827/5 5866/2830/5 5867/2832/5
f 5761/2827/5 5867/2832/5 5868/2833/5
f 5844/2834/5 5845/2829/5 5803/2831/5
f 5761/2827/5 5868/2833/5 5869/2835/5
f 5844/2834/5 5803/2831/5 5804/2836/5
f 5761/2827/5 5869/2835/5 5870/2837/5
f 5843/2838/5 5844/2834/5 5804/2836/5
f 5761/2827/5 5870/2837/5 5871/2839/5
f 5760/2840/5 5761/2827/5 5871/2839/5
f 5842/2841/5 5843/2838/5 5804/2836/5
f 5760/2840/5 5871/2839/5 5872/2842/5
f 5842/2841/5 5804/2836/5 5805/2843/5
f 5759/2844/5 5760/2840/5 5872/2842/5
f 5759/2844/5 5872/2842/5 5873/2845/5
f 5841/2846/5 5842/2841/5 5805/2843/5
f 5758/2847/5 5759/2844/5 5873/2845/5
f 5758/2847/5 5873/2845/5 5874/2848/5
f 5841/2846/5 5805/2843/5 5806/2849/5
f 5840/2850/5 5841/2846/5 5806/2849/5
f 5758/2847/5 5874/2848/5 5875/2851/5
f 5757/2852/5 5758/2847/5 5875/2851/5
f 5840/2850/5 5806/2849/5 5807/2853/5
f 5757/2852/5 5875/2851/5 5876/2854/5
f 5839/2855/5 5840/2850/5 5807/2853/5
f 5757/2852/5 5876/2854/5 5877/2856/5
f 5839/2855/5 5807/2853/5 5808/2857/5
f 5838/2858/5 5839/2855/5 5808/2857/5
f 5756/2859/5 5757/2852/5 5877/2856/5
f 5756/2859/5 5877/2856/5 5878/2860/5
f 5756/2859/5 5878/2860/5 5879/2861/5
f 5837/2862/5 5838/2858/5 5808/2857/5
f 5837/2862/5 5808/2857/5 5809/2863/5
f 5756/2859/5 5879/2861/5 5880/2864/5
f 5755/2865/5 5756/2859/5 5880/2864/5
f 5836/2866/5 5837/2862/5 5809/2863/5
f 5755/2865/5 5880/2864/5 5881/2867/5
f 5836/2866/5 5809/2863/5 5810/2868/5
f 5835/2869/5 5836/2866/5 5810/2868/5
f 5835/2869/5 5810/2868/5 5811/2870/5
f 5755/2865/5 5881/2867/5 5882/2871/5
f 5835/2869/5 5811/2870/5 5812/2872/5
f 5835/2869/5 5812/2872/5 5813/2873/5
f 5834/2874/5 5835/2869/5 5813/2873/5
f 5754/2875/5 5755/2865/5 5882/2871/5
f 5834/2874/5 5813/2873/5 5814/2876/5
f 5834/2874/5 5814/2876/5 5815/2877/5
f 5754/2875/5 5882/2871/5 5883/2878/5
f 5834/2874/5 5815/2877/5 5816/2879/5
f 5833/2880/5 5834/2874/5 5816/2879/5
f 5833/2880/5 5816/2879/5 5817/2881/5
f 5833/2880/5 5817/2881/5 5818/2882/5
f 5833/2880/5 5818/2882/5 5819/2883/5
f 5833/2880/5 5819/2883/5 5820/2884/5
f 5832/2885/5 5833/2880/5 5820/2884/5
f 5831/2886/5 5832/2885/5 5820/2884/5
f 5830/2887/5 5831/2886/5 5820/2884/5
f 5829/2888/5 5830/2887/5 5820/2884/5
f 5828/2889/5 5829/2888/5 5820/2884/5
f 5827/2890/5 5828/2889/5 5820/2884/5
f 5826/2891/5 5827/2890/5 5820/2884/5
f 5825/2892/5 5826/2891/5 5820/2884/5
f 5825/2892/5 5820/2884/5 5821/2893/5
f 5824/2894/5 5825/2892/5 5821/2893/5
f 5823/2895/952 5824/2894/952 5821/2893/952
f 5822/2896/953 5823/2895/953 5821/2893/953
f 5754/2875/5 5883/2878/5 5884/2897/5
f 5753/2898/5 5754/2875/5 5884/2897/5
f 5753/2898/5 5884/2897/5 5885/2899/5
f 5752/2900/5 5753/2898/5 5885/2899/5
f 5752/2900/5 5885/2899/5 5886/2901/5
f 5752/2900/5 5886/2901/5 5887/2902/5
f 5751/2903/5 5752/2900/5 5887/2902/5
f 5751/2903/5 5887/2902/5 5888/2904/5
f 5751/2903/5 5888/2904/5 5889/2905/5
f 5750/2906/5 5751/2903/5 5889/2905/5
f 5750/2906/5 5889/2905/5 5890/2907/5
f 5749/2908/5 5750/2906/5 5890/2907/5
f 5749/2908/5 5890/2907/5 5891/2909/5
f 5748/2910/5 5749/2908/5 5891/2909/5
f 5748/2910/5 5891/2909/5 5892/2911/5
f 5748/2910/5 5892/2911/5 5893/2912/5
f 5748/2910/5 5893/2912/5 5894/2913/5
f 5748/2910/5 5894/2913/5 5895/2914/5
f 5748/2910/5 5895/2914/5 5896/2915/5
f 5748/2910/5 5896/2915/5 5897/2916/5
f 5747/2917/5 5748/2910/5 5897/2916/5
f 5747/2917/5 5897/2916/5 5898/2918/5
f 5747/2917/5 5898/2918/5 5899/2919/5
f 5747/2917/5 5899/2919/5 5900/2920/5
f 5747/2917/5 5900/2920/5 5901/2921/5
f 5747/2917/5 5901/2921/5 5902/2922/5
f 5747/2917/5 5902/2922/5 5903/2923/5
f 5746/2924/5 5747/2917/5 5903/2923/5
f 5746/2924/5 5903/2923/5 5904/2925/5
f 5746/2924/5 5904/2925/5 5905/2926/5
f 5746/2924/5 5905/2926/5 5906/2927/5
f 5746/2924/5 5906/2927/5 5907/2928/5
f 5746/2924/5 5907/2928/5 5908/2929/5
f 5745/2930/5 5746/2924/5 5908/2929/5
f 5745/2930/5 5908/2929/5 5909/2931/5
f 5744/2932/5 5745/2930/5 5909/2931/5
f 5744/2932/5 5909/2931/5 5910/2933/5
f 5743/2934/5 5744/2932/5 5910/2933/5
f 5743/2934/5 5910/2933/5 5911/2935/5
f 5742/2936/5 5743/2934/5 5911/2935/5
f 5742/2936/5 5911/2935/5 5912/2937/5
f 5741/2938/5 5742/2936/5 5912/2937/5
f 5741/2938/5 5912/2937/5 5913/2939/5
f 5740/2940/5 5741/2938/5 5913/2939/5
f 5739/2941/5 5740/2940/5 5913/2939/5
f 5739/2941/5 5913/2939/5 5914/2942/5
f 5738/2943/5 5739/2941/5 5914/2942/5
f 5737/2944/5 5738/2943/5 5914/2942/5
f 5737/2944/5 5914/2942/5 5915/2945/5
f 5736/2946/5 5737/2944/5 5915/2945/5
f 5735/2947/5 5736/2946/5 5915/2945/5
f 5735/2947/5 5915/2945/5 5916/2948/5
f 5734/2949/5 5735/2947/5 5916/2948/5
f 5733/2950/5 5734/2949/5 5916/2948/5
f 5732/2951/5 5733/2950/5 5916/2948/5
f 5732/2951/5 5916/2948/5 5917/2952/5
f 5731/2953/5 5732/2951/5 5917/2952/5
f 5730/2954/5 5731/2953/5 5917/2952/5
f 5729/2955/5 5730/2954/5 5917/2952/5
f 5728/2956/5 5729/2955/5 5917/2952/5
f 5727/2957/5 5728/2956/5 5917/2952/5
f 5727/2957/5 5917/2952/5 5918/2958/5
f 5726/2959/5 5727/2957/5 5918/2958/5
f 5725/2960/5 5726/2959/5 5918/2958/5
f 5724/2961/5 5725/2960/5 5918/2958/5
f 5723/2962/5 5724/2961/5 5918/2958/5
f 5722/2963/5 5723/2962/5 5918/2958/5
f 5721/2964/5 5722/2963/5 5918/2958/5
f 5720/2965/5 5721/2964/5 5918/2958/5
f 5720/2965/5 5918/2958/5 5919/2966/5
f 5719/2967/5 5720/2965/5 5919/2966/5
f 5718/2968/5 5719/2967/5 5919/2966/5
f 5717/2969/5 5718/2968/5 5919/2966/5
f 5716/2970/5 5717/2969/5 5919/2966/5
f 5715/2971/5 5716/2970/5 5919/2966/5
f 5714/2972/5 5715/2971/5 5919/2966/5
f 5713/2973/5 5714/2972/5 5919/2966/5
f 5712/2974/5 5713/2973/5 5919/2966/5
f 5711/2975/5 5712/2974/5 5919/2966/5
f 5710/2976/5 5711/2975/5 5919/2966/5
f 5709/2977/5 5710/2976/5 5919/2966/5
f 5708/2978/5 5709/2977/5 5919/2966/5
f 5708/2978/5 5919/2966/5 5920/2979/5
f 5707/2980/5 5708/2978/5 5920/2979/5
f 5706/2981/5 5707/2980/5 5920/2979/5
f 5705/2982/5 5706/2981/5 5920/2979/5
f 5704/2983/5 5705/2982/5 5920/2979/5
f 5704/2983/5 5920/2979/5 5921/2984/5
f 5703/2985/5 5704/2983/5 5921/2984/5
f 5702/2986/5 5703/2985/5 5921/2984/5
f 5702/2986/5 5921/2984/5 5922/2987/5
f 5701/2988/5 5702/2986/5 5922/2987/5
f 5700/2989/5 5701/2988/5 5922/2987/5
f 5700/2989/5 5922/2987/5 5923/2990/5
f 5699/2991/5 5700/2989/5 5923/2990/5
f 5698/2992/5 5699/2991/5 5923/2990/5
f 5698/2992/5 5923/2990/5 5924/2993/5
f 5697/2994/5 5698/2992/5 5924/2993/5
f 5696/2995/5 5697/2994/5 5924/2993/5
f 5695/2996/5 5696/2995/5 5924/2993/5
f 5695/2996/5 5924/2993/5 5925/2997/5
f 5638/2998/5 5639/3000/5 5640/2999/5
f 5638/2998/5 5640/2999/5 5641/3001/5
f 5638/2998/5 5641/3001/5 5642/3002/5
f 5638/2998/5 5642/3002/5 5643/3003/5
f 5638/2998/5 5643/3003/5 5644/3004/5
f 5638/2998/5 5644/3004/5 5645/3005/5
f 5638/2998/5 5645/3005/5 5646/3006/5
f 5638/2998/5 5646/3006/5 5647/3007/5
f 5638/2998/5 5647/3007/5 5648/3008/5
f 5638/2998/5 5648/3008/5 5649/3009/5
f 5638/2998/5 5649/3009/5 5650/3010/5
f 5638/2998/5 5650/3010/5 5651/3011/5
f 5638/2998/5 5651/3011/5 5652/3012/5
f 5694/3013/5 5695/2996/5 5925/2997/5
f 5693/3014/5 5694/3013/5 5925/2997/5
f 5693/3014/5 5925/2997/5 5926/3015/5
f 5692/3016/5 5693/3014/5 5926/3015/5
f 5691/3017/5 5692/3016/5 5926/3015/5
f 5637/3018/5 5638/2998/5 5652/3012/5
f 5690/3019/5 5691/3017/5 5926/3015/5
f 5690/3019/5 5926/3015/5 5927/3020/5
f 5689/3021/5 5690/3019/5 5927/3020/5
f 5688/3022/5 5689/3021/5 5927/3020/5
f 5688/3022/5 5927/3020/5 5928/343/5
f 5687/3023/5 5688/3022/5 5928/343/5
f 5686/3024/5 5687/3023/5 5928/343/5
f 5636/3025/5 5637/3018/5 5652/3012/5
f 5686/3024/5 5928/343/5 5585/202/5
f 5636/3025/5 5652/3012/5 5653/3026/5
f 5685/3027/5 5686/3024/5 5585/202/5
f 5636/3025/5 5653/3026/5 5654/3028/5
f 5684/3029/5 5685/3027/5 5585/202/5
f 5684/3029/5 5585/202/5 5586/3030/5
f 5684/3029/5 5586/3030/5 5587/3031/5
f 5684/3029/5 5587/3031/5 5588/3032/5
f 5684/3029/5 5588/3032/5 5589/3033/5
f 5684/3029/5 5589/3033/5 5590/3034/5
f 5684/3029/5 5590/3034/5 5591/3035/5
f 5684/3029/5 5591/3035/5 5592/3036/5
f 5636/3025/5 5654/3028/5 5655/3037/5
f 5683/3038/5 5684/3029/5 5592/3036/5
f 5635/3039/5 5636/3025/5 5655/3037/5
f 5635/3039/5 5655/3037/5 5656/3040/5
f 5682/3041/5 5683/3038/5 5592/3036/5
f 5635/3039/5 5656/3040/5 5657/3042/5
f 5681/3043/5 5682/3041/5 5592/3036/5
f 5635/3039/5 5657/3042/5 5658/3044/5
f 5680/3045/5 5681/3043/5 5592/3036/5
f 5680/3045/5 5592/3036/5 5593/3046/5
f 5635/3039/5 5658/3044/5 5659/3047/5
f 5679/3048/5 5680/3045/5 5593/3046/5
f 5635/3039/5 5659/3047/5 5660/3049/5
f 5678/3050/5 5679/3048/5 5593/3046/5
f 5634/3051/5 5635/3039/5 5660/3049/5
f 5634/3051/5 5660/3049/5 5661/3052/5
f 5677/3053/5 5678/3050/5 5593/3046/5
f 5676/3054/5 5677/3053/5 5593/3046/5
f 5634/3051/5 5661/3052/5 5662/3055/5
f 5675/3056/5 5676/3054/5 5593/3046/5
f 5674/3057/5 5675/3056/5 5593/3046/5
f 5673/3058/5 5674/3057/5 5593/3046/5
f 5672/3059/5 5673/3058/5 5593/3046/5
f 5671/3060/5 5672/3059/5 5593/3046/5
f 5670/3061/5 5671/3060/5 5593/3046/5
f 5634/3051/5 5662/3055/5 5663/3062/5
f 5669/3063/5 5670/3061/5 5593/3046/5
f 5668/3064/5 5669/3063/5 5593/3046/5
f 5667/3065/5 5668/3064/5 5593/3046/5
f 5666/3066/5 5667/3065/5 5593/3046/5
f 5634/3051/5 5663/3062/5 5664/3067/5
f 5665/3068/5 5666/3066/5 5593/3046/5
f 5664/3067/5 5665/3068/5 5593/3046/5
f 5634/3051/5 5664/3067/5 5593/3046/5
f 5634/3051/5 5593/3046/5 5594/3069/5
f 5633/3070/5 5634/3051/5 5594/3069/5
f 5633/3070/5 5594/3069/5 5595/3071/5
f 5632/3072/5 5633/3070/5 5595/3071/5
f 5632/3072/5 5595/3071/5 5596/3073/5
f 5631/3074/5 5632/3072/5 5596/3073/5
f 5631/3074/5 5596/3073/5 5597/3075/5
f 5631/3074/5 5597/3075/5 5598/3076/5
f 5630/3077/5 5631/3074/5 5598/3076/5
f 5630/3077/5 5598/3076/5 5599/3078/5
f 5629/3079/5 5630/3077/5 5599/3078/5
f 5629/3079/5 5599/3078/5 5600/3080/5
f 5628/3081/5 5629/3079/5 5600/3080/5
f 5628/3081/5 5600/3080/5 5601/3082/5
f 5627/3083/5 5628/3081/5 5601/3082/5
f 5627/3083/5 5601/3082/5 5602/3084/5
f 5626/3085/5 5627/3083/5 5602/3084/5
f 5625/3086/5 5626/3085/5 5602/3084/5
f 5624/3087/5 5625/3086/5 5602/3084/5
f 5623/3088/5 5624/3087/5 5602/3084/5
f 5623/3088/5 5602/3084/5 5603/3089/5
f 5622/3090/5 5623/3088/5 5603/3089/5
f 5621/3091/5 5622/3090/5 5603/3089/5
f 5621/3091/5 5603/3089/5 5604/3092/5
f 5620/3093/5 5621/3091/5 5604/3092/5
f 5619/3094/5 5620/3093/5 5604/3092/5
f 5619/3094/5 5604/3092/5 5605/3095/5
f 5618/3096/5 5619/3094/5 5605/3095/5
f 5618/3096/5 5605/3095/5 5606/3097/5
f 5617/3098/5 5618/3096/5 5606/3097/5
f 5616/3099/5 5617/3098/5 5606/3097/5
f 5616/3099/5 5606/3097/5 5607/3100/5
f 5615/3101/5 5616/3099/5 5607/3100/5
f 5614/3102/5 5615/3101/5 5607/3100/5
f 5614/3102/5 5607/3100/5 5608/3103/5
f 5613/3104/5 5614/3102/5 5608/3103/5
f 5613/3104/5 5608/3103/5 5609/3105/5
f 5612/3106/5 5613/3104/5 5609/3105/5
f 5611/3107/5 5612/3106/5 5609/3105/5
f 5611/3107/5 5609/3105/5 5610/3108/5
s 3304
f 5930/732/954 5932/3109/955 5931/3110/955 5929/202/954
f 5932/3109/955 5934/3111/956 5933/3112/956 5931/3110/955
f 5934/3111/956 5936/3113/957 5935/3114/957 5933/3112/956
f 5936/3113/957 5938/3115/958 5937/3116/958 5935/3114/957
f 5938/3115/958 5940/3117/959 5939/3118/959 5937/3116/958
f 5940/3117/959 5942/3119/960 5941/3120/960 5939/3118/959
f 5942/3119/960 5944/3121/961 5943/3122/961 5941/3120/960
f 5944/3121/961 5946/3123/962 5945/3124/962 5943/3122/961
f 5946/3123/962 5948/3125/963 5947/3126/963 5945/3124/962
f 5948/3125/963 5950/3127/964 5949/3128/964 5947/3126/963
f 5950/3127/964 5952/3129/965 5951/3130/965 5949/3128/964
f 5952/3129/965 5954/3131/966 5953/3132/966 5951/3130/965
f 5954/3131/966 5956/3133/967 5955/3134/967 5953/3132/966
f 5956/3133/967 5958/3135/968 5957/3136/968 5955/3134/967
f 5958/3135/968 5960/3137/969 5959/3138/969 5957/3136/968
f 5960/3137/969 5962/3139/970 5961/3140/970 5959/3138/969
f 5962/3139/970 5964/3141/971 5963/3142/971 5961/3140/970
f 5964/3141/971 5966/3143/972 5965/3144/972 5963/3142/971
f 5966/3143/972 5968/3145/973 5967/3146/973 5965/3144/972
f 5968/3145/973 5970/3147/974 5969/3148/974 5967/3146/973
f 5970/3147/974 5972/3149/975 5971/3150/975 5969/3148/974
f 5972/3149/975 5974/3151/976 5973/3152/976 5971/3150/975
f 5974/3151/976 5976/3153/977 5975/3154/977 5973/3152/976
f 5976/3153/977 5978/3155/978 5977/3156/978 5975/3154/977
f 5978/3155/978 5980/3157/979 5979/3158/979 5977/3156/978
f 5980/3157/979 5982/3159/980 5981/3160/980 5979/3158/979
f 5982/3159/980 5984/3161/981 5983/3162/981 5981/3160/980
f 5984/3161/981 5986/3163/982 5985/3164/982 5983/3162/981
f 5986/3163/982 5988/3165/983 5987/3166/983 5985/3164/982
f 5988/3165/983 5990/3167/984 5989/3168/984 5987/3166/983
f 5990/3167/984 5992/3169/985 5991/3170/985 5989/3168/984
f 5992/3169/985 5994/3171/986 5993/3172/986 5991/3170/985
f 5994/3171/986 5996/3173/985 5995/3174/985 5993/3172/986
f 5996/3173/985 5998/3175/985 5997/3176/985 5995/3174/985
f 5998/3175/985 6000/3177/985 5999/3178/985 5997/3176/985
f 6000/3177/985 6002/3179/985 6001/3180/985 5999/3178/985
f 6002/3179/985 6004/3181/985 6003/3182/985 6001/3180/985
f 6004/3181/985 6006/3183/985 6005/3184/985 6003/3182/985
f 6006/3183/985 6008/3185/985 6007/3186/985 6005/3184/985
f 6008/3185/985 6010/3187/986 6009/3188/986 6007/3186/985
f 6010/3187/986 6012/3189/985 6011/3190/985 6009/3188/986
f 6012/3189/985 6014/3191/987 6013/3192/987 6011/3190/985
f 6014/3191/987 6016/769/988 6015/770/988 6013/3192/987
f 6016/769/988 6018/3193/989 6017/3194/989 6015/770/988
f 6018/3193/989 6020/3195/990 6019/3196/990 6017/3194/989
f 6020/3195/990 6022/3197/991 6021/3198/991 6019/3196/990
f 6022/3197/991 6024/3199/992 6023/3200/992 6021/3198/991
f 6024/3199/992 6026/3201/993 6025/3202/993 6023/3200/992
f 6026/3201/993 6028/3203/994 6027/3204/994 6025/3202/993
f 6028/3203/994 6030/3205/995 6029/3206/995 6027/3204/994
f 6030/3205/995 6032/3207/996 6031/3208/996 6029/3206/995
f 6032/3207/996 6034/3209/997 6033/3210/997 6031/3208/996
f 6034/3209/997 6036/3211/141 6035/3212/141 6033/3210/997
f 6036/3211/141 6038/3213/998 6037/3214/998 6035/3212/141
f 6038/3213/998 6040/3215/999 6039/3216/999 6037/3214/998
f 6040/3215/999 6042/3217/999 6041/3218/999 6039/3216/999
f 6042/3217/999 6044/3219/999 6043/3220/999 6041/3218/999
f 6044/3219/999 6046/3221/999 6045/3222/999 6043/3220/999
f 6046/3221/999 6048/3223/999 6047/3224/999 6045/3222/999
f 6048/3223/999 6050/3225/999 6049/3226/999 6047/3224/999
f 6050/3225/999 6052/3227/999 6051/3228/999 6049/3226/999
f 6052/3227/999 6054/3229/999 6053/3230/999 6051/3228/999
f 6054/3229/999 6056/3231/999 6055/3232/999 6053/3230/999
f 6056/3231/999 6058/3233/999 6057/3234/999 6055/3232/999
f 6058/3233/999 6060/3235/999 6059/3236/999 6057/3234/999
f 6060/3235/999 6062/3237/1000 6061/3238/1000 6059/3236/999
f 6062/3237/1000 6064/3239/1001 6063/3240/1001 6061/3238/1000
f 6064/3239/1001 6066/3241/1002 6065/3242/1002 6063/3240/1001
f 6066/3241/1002 6068/3243/1003 6067/3244/1003 6065/3242/1002
f 6068/3243/1003 6070/3245/1004 6069/3246/1004 6067/3244/1003
f 6070/3245/1004 6072/3247/1005 6071/3248/1005 6069/3246/1004
f 6072/3247/1005 6074/3249/1006 6073/3250/1006 6071/3248/1005
f 6074/3249/1006 6076/3251/1007 6075/3252/1007 6073/3250/1006
f 6076/3251/1007 6078/3253/1008 6077/3254/1008 6075/3252/1007
f 6078/3253/1008 6080/3255/1009 6079/3256/1009 6077/3254/1008
f 6080/3255/1009 6082/3257/1010 6081/3258/1010 6079/3256/1009
f 6082/3257/1010 6084/3259/1011 6083/3260/1011 6081/3258/1010
f 6084/3259/1011 6086/3261/1012 6085/3262/1012 6083/3260/1011
f 6086/3261/1012 6088/3263/1013 6087/3264/1013 6085/3262/1012
f 6088/3263/1013 6090/3265/1014 6089/3266/1014 6087/3264/1013
f 6090/3265/1014 6092/3267/1014 6091/3268/1014 6089/3266/1014
f 6092/3267/1014 6094/3269/1014 6093/3270/1014 6091/3268/1014
f 6094/3269/1014 6096/3271/1014 6095/3272/1014 6093/3270/1014
f 6096/3271/1014 6098/3273/1014 6097/3274/1014 6095/3272/1014
f 6098/3273/1014 6100/3275/1014 6099/3276/1014 6097/3274/1014
f 6100/3275/1014 6102/807/1014 6101/808/1014 6099/3276/1014
f 6102/807/1014 6104/3277/1014 6103/3278/1014 6101/808/1014
f 6104/3277/1014 6106/3279/1014 6105/3280/1014 6103/3278/1014
f 6106/3279/1014 6108/3281/1014 6107/3282/1014 6105/3280/1014
f 6108/3281/1014 6110/3283/1014 6109/3284/1014 6107/3282/1014
f 6110/3283/1014 6112/3285/1015 6111/3286/1015 6109/3284/1014
f 6112/3285/1015 6114/3287/1016 6113/3288/1016 6111/3286/1015
f 6114/3287/1016 6116/3289/1017 6115/3290/1017 6113/3288/1016
f 6116/3289/1017 6118/3291/1018 6117/3292/1018 6115/3290/1017
f 6118/3291/1018 6120/3293/1019 6119/3294/1019 6117/3292/1018
f 6120/3293/1019 6122/3295/1020 6121/3296/1020 6119/3294/1019
f 6122/3295/1020 6124/3297/1021 6123/3298/1021 6121/3296/1020
f 6124/3297/1021 6126/3299/1022 6125/3300/1022 6123/3298/1021
f 6126/3299/1022 6128/3301/1023 6127/3302/1023 6125/3300/1022
f 6128/3301/1023 6130/3303/1024 6129/3304/1024 6127/3302/1023
f 6130/3303/1024 6132/3305/1025 6131/3306/1025 6129/3304/1024
f 6132/3305/1025 6134/3307/1026 6133/3308/1026 6131/3306/1025
f 6134/3307/1026 6136/3309/1027 6135/3310/1027 6133/3308/1026
f 6136/3309/1027 6138/3311/1028 6137/3312/1028 6135/3310/1027
f 6138/3311/1028 6140/3313/1029 6139/3314/1029 6137/3312/1028
f 6140/3313/1029 6142/3315/1030 6141/3316/1030 6139/3314/1029
f 6142/3315/1030 6144/3317/1031 6143/3318/1031 6141/3316/1030
f 6144/3317/1031 6146/3319/1032 6145/3320/1032 6143/3318/1031
f 6146/3319/1032 6148/3321/1033 6147/3322/1033 6145/3320/1032
f 6148/3321/1033 6150/3323/1034 6149/3324/1034 6147/3322/1033
f 6150/3323/1034 6152/3325/1035 6151/3326/1035 6149/3324/1034
f 6152/3325/1035 6154/3327/1036 6153/3328/1036 6151/3326/1035
f 6154/3327/1036 6156/3329/1037 6155/3330/1037 6153/3328/1036
f 6156/3329/1037 6158/3331/1038 6157/3332/1038 6155/3330/1037
f 6158/3331/1038 6160/3333/1039 6159/3334/1039 6157/3332/1038
f 6160/3333/1039 6162/3335/1040 6161/3336/1040 6159/3334/1039
f 6162/3335/1040 6164/3337/1041 6163/3338/1041 6161/3336/1040
f 6164/3337/1041 6166/3339/1042 6165/3340/1042 6163/3338/1041
f 6166/3339/1042 6168/3341/1043 6167/3342/1043 6165/3340/1042
f 6168/3341/1043 6170/3343/1044 6169/3344/1044 6167/3342/1043
f 6170/3343/1044 6172/3345/1045 6171/3346/1045 6169/3344/1044
f 6172/3345/1045 6174/3347/1046 6173/3348/1046 6171/3346/1045
f 6174/3347/1046 6176/3349/1047 6175/3350/1047 6173/3348/1046
f 6176/3349/1047 6178/3351/1048 6177/3352/1048 6175/3350/1047
f 6178/3351/1048 6180/3353/1049 6179/3354/1049 6177/3352/1048
f 6180/3353/1049 6182/3355/1050 6181/3356/1050 6179/3354/1049
f 6182/3355/1050 6184/3357/1051 6183/3358/1051 6181/3356/1050
f 6184/3357/1051 6186/3359/1052 6185/3360/1052 6183/3358/1051
f 6186/3359/1052 6188/845/1052 6187/846/1052 6185/3360/1052
f 6188/845/1052 6190/3361/1052 6189/3362/1052 6187/846/1052
f 6190/3361/1052 6192/3363/1052 6191/3364/1052 6189/3362/1052
f 6192/3363/1052 6194/3365/1052 6193/3366/1052 6191/3364/1052
f 6194/3365/1052 6196/3367/1052 6195/3368/1052 6193/3366/1052
f 6196/3367/1052 6198/3369/1052 6197/3370/1052 6195/3368/1052
f 6198/3369/1052 6200/3371/1052 6199/3372/1052 6197/3370/1052
f 6200/3371/1052 6202/3373/1052 6201/3374/1052 6199/3372/1052
f 6202/3373/1052 6204/3375/1052 6203/3376/1052 6201/3374/1052
f 6204/3375/1052 6206/3377/1052 6205/3378/1052 6203/3376/1052
f 6206/3377/1052 6208/3379/1053 6207/3380/1053 6205/3378/1052
f 6208/3379/1053 6210/3381/1054 6209/3382/1054 6207/3380/1053
f 6210/3381/1054 6212/3383/1055 6211/3384/1055 6209/3382/1054
f 6212/3383/1055 6214/3385/1056 6213/3386/1056 6211/3384/1055
f 6214/3385/1056 6216/3387/1057 6215/3388/1057 6213/3386/1056
f 6216/3387/1057 6218/3389/1058 6217/3390/1058 6215/3388/1057
f 6218/3389/1058 6220/3391/1059 6219/3392/1059 6217/3390/1058
f 6220/3391/1059 6222/3393/1060 6221/3394/1060 6219/3392/1059
f 6222/3393/1060 6224/3395/1061 6223/3396/1061 6221/3394/1060
f 6224/3395/1061 6226/3397/1062 6225/3398/1062 6223/3396/1061
f 6226/3397/1062 6228/3399/1063 6227/3400/1063 6225/3398/1062
f 6228/3399/1063 6230/3401/1064 6229/3402/1064 6227/3400/1063
f 6230/3401/1064 6232/3403/1065 6231/3404/1065 6229/3402/1064
f 6232/3403/1065 6234/3405/1066 6233/3406/1066 6231/3404/1065
f 6234/3405/1066 6236/3407/1067 6235/3408/1067 6233/3406/1066
f 6236/3407/1067 6238/3409/1068 6237/3410/1068 6235/3408/1067
f 6238/3409/1068 6240/3411/1069 6239/3412/1069 6237/3410/1068
f 6240/3411/1069 6242/3413/1070 6241/3414/1070 6239/3412/1069
f 6242/3413/1070 6244/3415/52 6243/3416/52 6241/3414/1070
f 6244/3415/52 6246/3417/151 6245/3418/151 6243/3416/52
f 6246/3417/151 6248/3419/1071 6247/3420/1071 6245/3418/151
f 6248/3419/1071 6250/3421/1072 6249/3422/1072 6247/3420/1071
f 6250/3421/1072 6252/3423/1073 6251/3424/1073 6249/3422/1072
f 6252/3423/1073 6254/3425/1074 6253/3426/1074 6251/3424/1073
f 6254/3425/1074 6256/3427/1075 6255/3428/1075 6253/3426/1074
f 6256/3427/1075 6258/3429/1076 6257/3430/1076 6255/3428/1075
f 6258/3429/1076 6260/3431/1077 6259/3432/1077 6257/3430/1076
f 6260/3431/1077 6262/3433/1077 6261/3434/1077 6259/3432/1077
f 6262/3433/1077 6264/3435/1077 6263/3436/1077 6261/3434/1077
f 6264/3435/1077 6266/3437/1077 6265/3438/1077 6263/3436/1077
f 6266/3437/1077 6268/3439/1077 6267/3440/1077 6265/3438/1077
f 6268/3439/1077 6270/3441/1077 6269/3442/1077 6267/3440/1077
f 6270/3441/1077 6272/3443/1077 6271/3444/1077 6269/3442/1077
f 6272/3443/1077 6274/883/1077 6273/441/1077 6271/3444/1077
f 6274/883/1077 6276/3445/1077 6275/3446/1077 6273/441/1077
f 6276/3445/1077 6278/3447/1077 6277/3448/1077 6275/3446/1077
f 6278/3447/1077 6280/3449/1077 6279/3450/1077 6277/3448/1077
f 6280/3449/1077 6282/3451/1078 6281/3452/1078 6279/3450/1077
f 6282/3451/1078 6284/3453/1079 6283/3454/1079 6281/3452/1078
f 6284/3453/1079 6286/3455/1080 6285/3456/1080 6283/3454/1079
f 6286/3455/1080 6288/3457/1081 6287/3458/1081 6285/3456/1080
f 6288/3457/1081 6290/3459/1082 6289/3460/1082 6287/3458/1081
f 6290/3459/1082 6292/3461/1083 6291/3462/1083 6289/3460/1082
f 6292/3461/1083 6294/3463/1084 6293/3464/1084 6291/3462/1083
f 6294/3463/1084 6296/3465/1085 6295/3466/1085 6293/3464/1084
f 6296/3465/1085 6298/3467/1086 6297/3468/1086 6295/3466/1085
f 6298/3467/1086 6300/3469/1087 6299/3470/1087 6297/3468/1086
f 6300/3469/1087 6302/3471/1088 6301/3472/1088 6299/3470/1087
f 6302/3471/1088 6304/3473/1089 6303/3474/1089 6301/3472/1088
f 6304/3473/1089 6306/3475/1090 6305/3476/1090 6303/3474/1089
f 6306/3475/1090 6308/3477/1091 6307/3478/1091 6305/3476/1090
f 6308/3477/1091 6310/3479/1091 6309/3480/1091 6307/3478/1091
f 6310/3479/1091 6312/3481/1091 6311/3482/1091 6309/3480/1091
f 6312/3481/1091 6314/3483/1091 6313/3484/1091 6311/3482/1091
f 6314/3483/1091 6316/3485/1091 6315/3486/1091 6313/3484/1091
f 6316/3485/1091 6318/3487/1091 6317/3488/1091 6315/3486/1091
f 6318/3487/1091 6320/3489/1091 6319/3490/1091 6317/3488/1091
f 6320/3489/1091 6322/3491/1091 6321/3492/1091 6319/3490/1091
f 6322/3491/1091 6324/3493/1091 6323/3494/1091 6321/3492/1091
f 6324/3493/1091 6326/3495/1091 6325/3496/1091 6323/3494/1091
f 6326/3495/1091 6328/3497/1091 6327/3498/1091 6325/3496/1091
f 6328/3497/1091 6330/3499/757 6329/3500/757 6327/3498/1091
f 6330/3499/757 6332/3501/1092 6331/3502/1092 6329/3500/757
f 6332/3501/1092 6334/3503/1093 6333/3504/1093 6331/3502/1092
f 6334/3503/1093 6336/3505/1094 6335/3506/1094 6333/3504/1093
f 6336/3505/1094 6338/3507/1095 6337/3508/1095 6335/3506/1094
f 6338/3507/1095 6340/3509/1096 6339/3510/1096 6337/3508/1095
f 6340/3509/1096 6342/3511/1097 6341/3512/1097 6339/3510/1096
f 6342/3511/1097 6344/3513/1098 6343/3514/1098 6341/3512/1097
f 6344/3513/1098 6346/3515/669 6345/3516/669 6343/3514/1098
f 6346/3515/669 6348/3517/1099 6347/3518/1099 6345/3516/669
f 6348/3517/1099 6350/3519/825 6349/3520/825 6347/3518/1099
f 6350/3519/825 6352/3521/1100 6351/3522/1100 6349/3520/825
f 6352/3521/1100 6354/3523/1101 6353/3524/1101 6351/3522/1100
f 6354/3523/1101 6356/3525/1102 6355/3526/1102 6353/3524/1101
f 6356/3525/1102 6358/3527/1103 6357/3528/1103 6355/3526/1102
f 6358/3527/1103 6360/920/1104 6359/921/1104 6357/3528/1103
f 6360/920/1104 6362/3529/1105 6361/3530/1105 6359/921/1104
f 6362/3529/1105 6364/3531/1106 6363/3532/1106 6361/3530/1105
f 6364/3531/1106 6366/3533/1107 6365/3534/1107 6363/3532/1106
f 6366/3533/1107 6368/3535/1108 6367/3536/1108 6365/3534/1107
f 6368/3535/1108 6370/3537/1109 6369/3538/1109 6367/3536/1108
f 6370/3537/1109 6372/3539/1110 6371/3540/1110 6369/3538/1109
f 6372/3539/1110 6374/3541/1111 6373/3542/1111 6371/3540/1110
f 6374/3541/1111 6376/3543/1112 6375/3544/1112 6373/3542/1111
f 6376/3543/1112 6378/3545/1113 6377/3546/1113 6375/3544/1112
f 6378/3545/1113 6380/3547/1114 6379/3548/1114 6377/3546/1113
f 6380/3547/1114 6382/3549/1115 6381/3550/1115 6379/3548/1114
f 6382/3549/1115 6384/3551/1116 6383/3552/1116 6381/3550/1115
f 6384/3551/1116 6386/3553/1117 6385/3554/1117 6383/3552/1116
f 6386/3553/1117 6388/3555/1118 6387/3556/1118 6385/3554/1117
f 6388/3555/1118 6390/3557/1119 6389/3558/1119 6387/3556/1118
f 6390/3557/1119 6392/3559/1120 6391/3560/1120 6389/3558/1119
f 6392/3559/1120 6394/3561/1121 6393/3562/1121 6391/3560/1120
f 6394/3561/1121 6396/3563/1122 6395/3564/1122 6393/3562/1121
f 6396/3563/1122 6398/3565/1123 6397/3566/1123 6395/3564/1122
f 6398/3565/1123 6400/3567/1124 6399/3568/1124 6397/3566/1123
f 6400/3567/1124 6402/3569/1125 6401/3570/1125 6399/3568/1124
f 6402/3569/1125 6404/3571/1126 6403/3572/1126 6401/3570/1125
f 6404/3571/1126 6406/3573/1126 6405/3574/1126 6403/3572/1126
f 6406/3573/1126 6408/3575/1126 6407/3576/1126 6405/3574/1126
f 6408/3575/1126 6410/3577/1126 6409/3578/1126 6407/3576/1126
f 6410/3577/1126 6412/3579/1126 6411/3580/1126 6409/3578/1126
f 6412/3579/1126 6414/3581/1126 6413/3582/1126 6411/3580/1126
f 6414/3581/1126 6416/3583/1126 6415/3584/1126 6413/3582/1126
f 6416/3583/1126 6418/3585/1126 6417/3586/1126 6415/3584/1126
f 6418/3585/1126 6420/3587/1126 6419/3588/1126 6417/3586/1126
f 6420/3587/1126 6422/3589/1126 6421/3590/1126 6419/3588/1126
f 6422/3589/1126 6424/3591/1126 6423/3592/1126 6421/3590/1126
f 6424/3591/1126 6426/3593/1127 6425/3594/1127 6423/3592/1126
f 6426/3593/1127 6428/3595/41 6427/3596/41 6425/3594/1127
f 6428/3595/41 6430/3597/1128 6429/3598/1128 6427/3596/41
f 6430/3597/1128 6432/3599/1129 6431/3600/1129 6429/3598/1128
f 6432/3599/1129 6434/3601/1130 6433/3602/1130 6431/3600/1129
f 6434/3601/1130 6436/3603/1131 6435/3604/1131 6433/3602/1130
f 6436/3603/1131 6438/3605/1132 6437/3606/1132 6435/3604/1131
f 6438/3605/1132 6440/3607/1133 6439/3608/1133 6437/3606/1132
f 6440/3607/1133 6442/3609/1134 6441/3610/1134 6439/3608/1133
f 6442/3609/1134 6444/3611/1135 6443/3612/1135 6441/3610/1134
f 6444/3611/1135 6446/958/1041 6445/959/1041 6443/3612/1135
f 6446/958/1041 6448/3613/1136 6447/3614/1136 6445/959/1041
f 6448/3613/1136 6450/3615/1137 6449/3616/1137 6447/3614/1136
f 6450/3615/1137 6452/3617/1138 6451/3618/1138 6449/3616/1137
f 6452/3617/1138 6454/3619/1139 6453/3620/1139 6451/3618/1138
f 6454/3619/1139 6456/3621/1140 6455/3622/1140 6453/3620/1139
f 6456/3621/1140 6458/3623/1141 6457/3624/1141 6455/3622/1140
f 6458/3623/1141 6460/3625/1142 6459/3626/1142 6457/3624/1141
f 6460/3625/1142 6462/3627/1143 6461/3628/1143 6459/3626/1142
f 6462/3627/1143 6464/3629/1144 6463/3630/1144 6461/3628/1143
f 6464/3629/1144 6466/3631/1145 6465/3632/1145 6463/3630/1144
f 6466/3631/1145 6468/3633/1146 6467/3634/1146 6465/3632/1145
f 6468/3633/1146 6470/3635/1147 6469/3636/1147 6467/3634/1146
f 6470/3635/1147 6472/3637/1148 6471/3638/1148 6469/3636/1147
f 6472/3637/1148 6474/3639/1149 6473/3640/1149 6471/3638/1148
f 6474/3639/1149 6476/3641/1150 6475/3642/1150 6473/3640/1149
f 6476/3641/1150 6478/3643/1151 6477/3644/1151 6475/3642/1150
f 6478/3643/1151 6480/3645/1152 6479/3646/1152 6477/3644/1151
f 6480/3645/1152 6482/3647/1153 6481/3648/1153 6479/3646/1152
f 6482/3647/1153 6484/3649/1154 6483/3650/1154 6481/3648/1153
f 6484/3649/1154 6486/3651/1155 6485/3652/1155 6483/3650/1154
f 6486/3651/1155 6488/3653/1156 6487/3654/1156 6485/3652/1155
f 6488/3653/1156 6490/3655/1157 6489/3656/1157 6487/3654/1156
f 6490/3655/1157 6492/3657/1158 6491/3658/1158 6489/3656/1157
f 6492/3657/1158 6494/3659/1159 6493/3660/1159 6491/3658/1158
f 6494/3659/1159 6496/3661/1160 6495/3662/1160 6493/3660/1159
f 6496/3661/1160 6498/3663/1161 6497/3664/1161 6495/3662/1160
f 6498/3663/1161 6500/3665/1162 6499/3666/1162 6497/3664/1161
f 6500/3665/1162 6502/3667/1163 6501/3668/1163 6499/3666/1162
f 6502/3667/1163 6504/3669/1164 6503/3670/1164 6501/3668/1163
f 6504/3669/1164 6506/3671/1165 6505/3672/1165 6503/3670/1164
f 6506/3671/1165 6508/3673/1166 6507/3674/1166 6505/3672/1165
f 6508/3673/1166 6510/3675/1167 6509/3676/1167 6507/3674/1166
f 6510/3675/1167 6512/3677/1168 6511/3678/1168 6509/3676/1167
f 6512/3677/1168 6514/3679/1169 6513/3680/1169 6511/3678/1168
f 6514/3679/1169 6516/3681/1170 6515/3682/1170 6513/3680/1169
f 6516/3681/1170 6518/3683/1171 6517/3684/1171 6515/3682/1170
f 6518/3683/1171 6520/3685/1172 6519/3686/1172 6517/3684/1171
f 6520/3685/1172 6522/3687/1173 6521/3688/1173 6519/3686/1172
f 6522/3687/1173 6524/3689/1174 6523/3690/1174 6521/3688/1173
f 6524/3689/1174 6526/3691/1175 6525/3692/1175 6523/3690/1174
f 6526/3691/1175 6528/3693/1176 6527/3694/1176 6525/3692/1175
f 6528/3693/1176 6530/3695/1177 6529/3696/1177 6527/3694/1176
f 6530/3695/1177 6532/996/1178 6531/997/1178 6529/3696/1177
f 6532/996/1178 6534/3697/1179 6533/3698/1179 6531/997/1178
f 6534/3697/1179 6536/3699/1180 6535/3700/1180 6533/3698/1179
f 6536/3699/1180 6538/3701/1181 6537/3702/1181 6535/3700/1180
f 6538/3701/1181 6540/3703/1182 6539/3704/1182 6537/3702/1181
f 6540/3703/1182 6542/3705/1183 6541/3706/1183 6539/3704/1182
f 6542/3705/1183 6544/3707/1184 6543/3708/1184 6541/3706/1183
f 6544/3707/1184 6546/3709/1185 6545/3710/1185 6543/3708/1184
f 6546/3709/1185 6548/3711/1186 6547/3712/1186 6545/3710/1185
f 6548/3711/1186 6550/3713/1186 6549/3714/1186 6547/3712/1186
f 6550/3713/1186 6552/3715/1186 6551/3716/1186 6549/3714/1186
f 6552/3715/1186 6554/3717/1186 6553/3718/1186 6551/3716/1186
f 6554/3717/1186 6556/3719/1186 6555/3720/1186 6553/3718/1186
f 6556/3719/1186 6558/3721/1186 6557/3722/1186 6555/3720/1186
f 6558/3721/1186 6560/3723/1186 6559/3724/1186 6557/3722/1186
f 6560/3723/1186 6562/3725/1186 6561/3726/1186 6559/3724/1186
f 6562/3725/1186 6564/3727/1186 6563/3728/1186 6561/3726/1186
f 6564/3727/1186 6566/3729/1186 6565/3730/1186 6563/3728/1186
f 6566/3729/1186 6568/3731/1186 6567/3732/1186 6565/3730/1186
f 6568/3731/1186 6570/3733/1187 6569/3734/1187 6567/3732/1186
f 6570/3733/1187 6572/3735/1188 6571/3736/1188 6569/3734/1187
f 6572/3735/1188 6574/3737/1189 6573/3738/1189 6571/3736/1188
f 6574/3737/1189 6576/3739/1190 6575/3740/1190 6573/3738/1189
f 6576/3739/1190 6578/3741/1191 6577/3742/1191 6575/3740/1190
f 6578/3741/1191 6580/3743/1192 6579/3744/1192 6577/3742/1191
f 6580/3743/1192 6582/3745/1193 6581/3746/1193 6579/3744/1192
f 6582/3745/1193 6584/3747/1194 6583/3748/1194 6581/3746/1193
f 6584/3747/1194 6586/3749/1195 6585/3750/1195 6583/3748/1194
f 6586/3749/1195 6588/3751/1196 6587/3752/1196 6585/3750/1195
f 6588/3751/1196 6590/3753/1197 6589/3754/1197 6587/3752/1196
f 6590/3753/1197 6592/3755/1198 6591/3756/1198 6589/3754/1197
f 6592/3755/1198 6594/3757/1199 6593/3758/1199 6591/3756/1198
f 6594/3757/1199 6596/3759/1200 6595/3760/1200 6593/3758/1199
f 6596/3759/1200 6598/3761/1201 6597/3762/1201 6595/3760/1200
f 6598/3761/1201 6600/3763/1202 6599/3764/1202 6597/3762/1201
f 6600/3763/1202 6602/3765/1203 6601/3766/1203 6599/3764/1202
f 6602/3765/1203 6604/3767/1204 6603/3768/1204 6601/3766/1203
f 6604/3767/1204 6606/3769/1205 6605/3770/1205 6603/3768/1204
f 6606/3769/1205 6608/3771/1206 6607/3772/1206 6605/3770/1205
f 6608/3771/1206 6610/3773/1207 6609/3774/1207 6607/3772/1206
f 6610/3773/1207 6612/3775/1208 6611/3776/1208 6609/3774/1207
f 6612/3775/1208 6614/3777/1209 6613/3778/1209 6611/3776/1208
f 6614/3777/1209 6616/3779/1210 6615/3780/1210 6613/3778/1209
f 6616/3779/1210 5930/1034/954 5929/343/954 6615/3780/1210
s 0
f 6715/3781/1 6717/3782/1 6716/3783/1
f 6714/3784/1 6717/3782/1 6715/3781/1
f 6714/3784/1 6718/3785/1 6717/3782/1
f 6747/3786/1 6749/3787/1 6748/3788/1
f 6746/3789/1 6749/3787/1 6747/3786/1
f 6746/3789/1 6750/3790/1 6749/3787/1
f 6745/3791/1 6750/3790/1 6746/3789/1
f 6745/3791/1 6751/3792/1 6750/3790/1
f 6744/3793/1 6751/3792/1 6745/3791/1
f 6744/3793/1 6752/3794/1 6751/3792/1
f 6743/3795/1 6752/3794/1 6744/3793/1
f 6743/3795/1 6753/3796/1 6752/3794/1
f 6742/3797/1 6753/3796/1 6743/3795/1
f 6742/3797/1 6754/3798/1 6753/3796/1
f 6741/3799/1 6754/3798/1 6742/3797/1
f 6740/3800/1 6754/3798/1 6741/3799/1
f 6740/3800/1 6755/3801/1 6754/3798/1
f 6739/3802/1 6755/3801/1 6740/3800/1
f 6738/3803/1 6755/3801/1 6739/3802/1
f 6738/3803/1 6756/3804/1 6755/3801/1
f 6737/3805/1 6756/3804/1 6738/3803/1
f 6737/3805/1 6757/3806/1 6756/3804/1
f 6736/3807/1 6757/3806/1 6737/3805/1
f 6736/3807/1 6758/3808/1 6757/3806/1
f 6735/3809/1 6758/3808/1 6736/3807/1
f 6734/3810/1 6758/3808/1 6735/3809/1
f 6734/3810/1 6759/3811/1 6758/3808/1
f 6733/3812/1 6759/3811/1 6734/3810/1
f 6714/3784/1 6719/3813/1 6718/3785/1
f 6733/3812/1 6760/3814/1 6759/3811/1
f 6732/3815/1 6760/3814/1 6733/3812/1
f 6714/3784/1 6720/3816/1 6719/3813/1
f 6731/3817/1 6760/3814/1 6732/3815/1
f 6714/3784/1 6721/3818/1 6720/3816/1
f 6730/3819/1 6760/3814/1 6731/3817/1
f 6714/3784/1 6722/3820/1 6721/3818/1
f 6729/3821/1 6760/3814/1 6730/3819/1
f 6728/3822/1 6760/3814/1 6729/3821/1
f 6714/3784/1 6723/3823/1 6722/3820/1
f 6728/3822/1 6761/3824/1 6760/3814/1
f 6727/3825/1 6761/3824/1 6728/3822/1
f 6714/3784/1 6724/3826/1 6723/3823/1
f 6726/3827/1 6761/3824/1 6727/3825/1
f 6714/3784/1 6725/3828/1 6724/3826/1
f 6725/3828/1 6761/3824/1 6726/3827/1
f 6714/3784/1 6761/3824/1 6725/3828/1
f 6714/3784/1 6762/3829/1 6761/3824/1
f 6714/3784/1 6763/3830/1 6762/3829/1
f 6714/3784/1 6764/3831/1 6763/3830/1
f 6714/3784/1 6765/3832/1 6764/3831/1
f 6714/3784/1 6766/3833/1 6765/3832/1
f 6714/3784/1 6767/3834/1 6766/3833/1
f 6714/3784/1 6768/3835/1 6767/3834/1
f 6714/3784/1 6769/3836/1 6768/3835/1
f 6714/3784/1 6770/3837/1 6769/3836/1
f 6714/3784/1 6771/3838/1 6770/3837/1
f 6714/3784/1 6772/3839/1 6771/3838/1
f 6714/3784/1 6773/3840/1 6772/3839/1
f 6714/3784/1 6774/3841/1 6773/3840/1
f 6714/3784/1 6775/3842/1 6774/3841/1
f 6714/3784/1 6776/3843/1 6775/3842/1
f 6714/3784/1 6777/3844/1 6776/3843/1
f 6714/3784/1 6778/3845/1 6777/3844/1
f 6714/3784/1 6669/3846/1 6778/3845/1
f 6669/3846/1 6779/3847/1 6778/3845/1
f 6669/3846/1 6668/3848/1 6779/3847/1
f 6668/3848/1 6780/3849/1 6779/3847/1
f 6714/3784/1 6670/3850/1 6669/3846/1
f 6667/3851/1 6780/3849/1 6668/3848/1
f 6714/3784/1 6671/3852/1 6670/3850/1
f 6666/3853/1 6780/3849/1 6667/3851/1
f 6714/3784/1 6672/3854/1 6671/3852/1
f 6665/3855/1 6780/3849/1 6666/3853/1
f 6714/3784/1 6673/3856/1 6672/3854/1
f 6664/3857/1 6780/3849/1 6665/3855/1
f 6664/3857/1 6781/3858/1 6780/3849/1
f 6663/3859/1 6781/3858/1 6664/3857/1
f 6662/3860/1 6781/3858/1 6663/3859/1
f 6714/3784/1 6674/3861/1 6673/3856/1
f 6661/3862/1 6781/3858/1 6662/3860/1
f 6660/3863/1 6781/3858/1 6661/3862/1
f 6714/3784/1 6675/3864/1 6674/3861/1
f 6659/3865/1 6781/3858/1 6660/3863/1
f 6713/3866/1 6677/3867/1 6714/3784/1
f 6677/3867/1 6676/3868/1 6714/3784/1
f 6676/3868/1 6675/3864/1 6714/3784/1
f 6658/3869/1 6781/3858/1 6659/3865/1
f 6657/3870/1 6781/3858/1 6658/3869/1
f 6656/3871/1 6781/3858/1 6657/3870/1
f 6655/3872/1 6781/3858/1 6656/3871/1
f 6654/3873/1 6781/3858/1 6655/3872/1
f 6654/3873/1 6782/3874/1 6781/3858/1
f 6653/3875/1 6782/3874/1 6654/3873/1
f 6713/3866/1 6678/3876/1 6677/3867/1
f 6652/3877/1 6782/3874/1 6653/3875/1
f 6713/3866/1 6679/3878/1 6678/3876/1
f 6651/3879/1 6782/3874/1 6652/3877/1
f 6713/3866/1 6680/3880/1 6679/3878/1
f 6650/3881/1 6782/3874/1 6651/3879/1
f 6650/3881/1 6783/3882/1 6782/3874/1
f 6713/3866/1 6681/3883/1 6680/3880/1
f 6649/3884/1 6783/3882/1 6650/3881/1
f 6713/3866/1 6682/3885/1 6681/3883/1
f 6648/3886/1 6783/3882/1 6649/3884/1
f 6648/3886/1 6784/3887/1 6783/3882/1
f 6713/3866/1 6683/3888/1 6682/3885/1
f 6647/3889/1 6784/3887/1 6648/3886/1
f 6713/3866/1 6684/3890/1 6683/3888/1
f 6647/3889/1 6785/3891/1 6784/3887/1
f 6713/3866/1 6685/3892/1 6684/3890/1
f 6646/3893/1 6785/3891/1 6647/3889/1
f 6646/3893/1 6786/3894/1 6785/3891/1
f 6713/3866/1 6686/3895/1 6685/3892/1
f 6645/3896/1 6786/3894/1 6646/3893/1
f 6713/3866/1 6687/3897/1 6686/3895/1
f 6645/3896/1 6787/3898/1 6786/3894/1
f 6713/3866/1 6688/3899/1 6687/3897/1
f 6644/3900/1 6787/3898/1 6645/3896/1
f 6713/3866/1 6689/3901/1 6688/3899/1
f 6713/3866/1 6690/3902/1 6689/3901/1
f 6713/3866/1 6691/3903/1 6690/3902/1
f 6713/3866/1 6692/3904/1 6691/3903/1
f 6713/3866/1 6693/3905/1 6692/3904/1
f 6643/3906/1 6787/3898/1 6644/3900/1
f 6643/3906/1 6788/3907/1 6787/3898/1
f 6713/3866/1 6694/3908/1 6693/3905/1
f 6713/3866/1 6695/3909/1 6694/3908/1
f 6713/3866/1 6696/3910/1 6695/3909/1
f 6642/3911/1 6788/3907/1 6643/3906/1
f 6713/3866/1 6697/3912/1 6696/3910/1
f 6642/3911/1 6789/3913/1 6788/3907/1
f 6641/3914/1 6789/3913/1 6642/3911/1
f 6713/3866/1 6698/3915/1 6697/3912/1
f 6640/3916/1 6789/3913/1 6641/3914/1
f 6639/3917/1 6789/3913/1 6640/3916/1
f 6638/3918/1 6789/3913/1 6639/3917/1
f 6637/3919/1 6789/3913/1 6638/3918/1
f 6713/3866/1 6699/3920/1 6698/3915/1
f 6636/3921/1 6789/3913/1 6637/3919/1
f 6635/3922/1 6789/3913/1 6636/3921/1
f 6634/3923/1 6789/3913/1 6635/3922/1
f 6633/3924/1 6789/3913/1 6634/3923/1
f 6633/3924/1 6790/343/1 6789/3913/1
f 6632/3925/1 6790/343/1 6633/3924/1
f 6713/3866/1 6700/3926/1 6699/3920/1
f 6631/3927/1 6790/343/1 6632/3925/1
f 6630/3928/1 6790/343/1 6631/3927/1
f 6629/3929/1 6790/343/1 6630/3928/1
f 6628/3930/1 6790/343/1 6629/3929/1
f 6627/3931/1 6790/343/1 6628/3930/1
f 6713/3866/1 6712/3932/1 6700/3926/1
f 6712/3932/1 6711/3933/1 6700/3926/1
f 6711/3933/1 6710/3934/1 6700/3926/1
f 6710/3934/1 6709/3935/1 6700/3926/1
f 6709/3935/1 6707/3936/1 6700/3926/1
f 6707/3936/1 6706/3937/1 6700/3926/1
f 6706/3937/1 6704/3938/1 6700/3926/1
f 6704/3938/1 6703/3939/1 6700/3926/1
f 6703/3939/1 6702/3940/1 6700/3926/1
f 6702/3940/1 6701/3941/1 6700/3926/1
f 6626/3942/1 6790/343/1 6627/3931/1
f 6625/3943/1 6790/343/1 6626/3942/1
f 6624/3944/1 6790/343/1 6625/3943/1
f 6706/3937/1 6705/3945/1 6704/3938/1
f 6709/3935/1 6708/3946/1 6707/3936/1
f 6623/3947/1 6790/343/1 6624/3944/1
f 6623/3947/1 6617/202/1 6790/343/1
f 6622/3948/1 6617/202/1 6623/3947/1
f 6621/3949/1 6617/202/1 6622/3948/1
f 6620/3950/1 6617/202/1 6621/3949/1
f 6619/3951/3 6617/202/3 6620/3950/3
f 6618/3952/1 6617/202/1 6619/3951/1
f 6889/3781/5 6890/3783/5 6891/3782/5
f 6888/3784/5 6889/3781/5 6891/3782/5
f 6888/3784/5 6891/3782/5 6892/3785/5
f 6921/3786/5 6922/3788/5 6923/3787/5
f 6920/3789/5 6921/3786/5 6923/3787/5
f 6920/3789/5 6923/3787/5 6924/3790/5
f 6919/3791/5 6920/3789/5 6924/3790/5
f 6919/3791/5 6924/3790/5 6925/3792/5
f 6918/3793/5 6919/3791/5 6925/3792/5
f 6918/3793/5 6925/3792/5 6926/3794/5
f 6917/3795/5 6918/3793/5 6926/3794/5
f 6917/3795/5 6926/3794/5 6927/3796/5
f 6916/3797/5 6917/3795/5 6927/3796/5
f 6916/3797/5 6927/3796/5 6928/3798/5
f 6915/3799/5 6916/3797/5 6928/3798/5
f 6914/3800/5 6915/3799/5 6928/3798/5
f 6914/3800/5 6928/3798/5 6929/3801/5
f 6913/3802/5 6914/3800/5 6929/3801/5
f 6912/3803/5 6913/3802/5 6929/3801/5
f 6912/3803/5 6929/3801/5 6930/3804/5
f 6911/3805/5 6912/3803/5 6930/3804/5
f 6911/3805/5 6930/3804/5 6931/3806/5
f 6910/3807/5 6911/3805/5 6931/3806/5
f 6910/3807/5 6931/3806/5 6932/3808/5
f 6909/3809/5 6910/3807/5 6932/3808/5
f 6908/3810/5 6909/3809/5 6932/3808/5
f 6908/3810/5 6932/3808/5 6933/3811/5
f 6907/3812/5 6908/3810/5 6933/3811/5
f 6888/3784/5 6892/3785/5 6893/3813/5
f 6907/3812/5 6933/3811/5 6934/3814/5
f 6906/3815/5 6907/3812/5 6934/3814/5
f 6888/3784/5 6893/3813/5 6894/3816/5
f 6905/3817/5 6906/3815/5 6934/3814/5
f 6888/3784/5 6894/3816/5 6895/3818/5
f 6904/3819/5 6905/3817/5 6934/3814/5
f 6888/3784/5 6895/3818/5 6896/3820/5
f 6903/3821/5 6904/3819/5 6934/3814/5
f 6902/3822/5 6903/3821/5 6934/3814/5
f 6888/3784/5 6896/3820/5 6897/3823/5
f 6902/3822/5 6934/3814/5 6935/3824/5
f 6901/3825/5 6902/3822/5 6935/3824/5
f 6888/3784/5 6897/3823/5 6898/3826/5
f 6900/3827/5 6901/3825/5 6935/3824/5
f 6888/3784/5 6898/3826/5 6899/3828/5
f 6899/3828/5 6900/3827/5 6935/3824/5
f 6888/3784/5 6899/3828/5 6935/3824/5
f 6888/3784/5 6935/3824/5 6936/3829/5
f 6888/3784/5 6936/3829/5 6937/3830/5
f 6888/3784/5 6937/3830/5 6938/3831/5
f 6888/3784/5 6938/3831/5 6939/3832/5
f 6888/3784/5 6939/3832/5 6940/3833/5
f 6888/3784/5 6940/3833/5 6941/3834/5
f 6888/3784/5 6941/3834/5 6942/3835/5
f 6888/3784/5 6942/3835/5 6943/3836/5
f 6888/3784/5 6943/3836/5 6944/3837/5
f 6888/3784/5 6944/3837/5 6945/3838/5
f 6888/3784/5 6945/3838/5 6946/3839/5
f 6888/3784/5 6946/3839/5 6947/3840/5
f 6888/3784/5 6947/3840/5 6948/3841/5
f 6888/3784/5 6948/3841/5 6949/3842/5
f 6888/3784/5 6949/3842/5 6950/3843/5
f 6888/3784/5 6950/3843/5 6951/3844/5
f 6888/3784/5 6951/3844/5 6952/3845/5
f 6888/3784/5 6952/3845/5 6843/3846/5
f 6843/3846/5 6952/3845/5 6953/3847/5
f 6843/3846/5 6953/3847/5 6842/3848/5
f 6842/3848/5 6953/3847/5 6954/3849/5
f 6888/3784/5 6843/3846/5 6844/3850/5
f 6841/3851/5 6842/3848/5 6954/3849/5
f 6888/3784/5 6844/3850/5 6845/3852/5
f 6840/3853/5 6841/3851/5 6954/3849/5
f 6888/3784/5 6845/3852/5 6846/3854/5
f 6839/3855/5 6840/3853/5 6954/3849/5
f 6888/3784/5 6846/3854/5 6847/3856/5
f 6838/3857/5 6839/3855/5 6954/3849/5
f 6838/3857/5 6954/3849/5 6955/3858/5
f 6837/3859/5 6838/3857/5 6955/3858/5
f 6836/3860/5 6837/3859/5 6955/3858/5
f 6888/3784/5 6847/3856/5 6848/3861/5
f 6835/3862/5 6836/3860/5 6955/3858/5
f 6834/3863/5 6835/3862/5 6955/3858/5
f 6888/3784/5 6848/3861/5 6849/3864/5
f 6833/3865/5 6834/3863/5 6955/3858/5
f 6887/3866/5 6888/3784/5 6851/3867/5
f 6851/3867/5 6888/3784/5 6850/3868/5
f 6850/3868/5 6888/3784/5 6849/3864/5
f 6832/3869/5 6833/3865/5 6955/3858/5
f 6831/3870/5 6832/3869/5 6955/3858/5
f 6830/3871/5 6831/3870/5 6955/3858/5
f 6829/3872/5 6830/3871/5 6955/3858/5
f 6828/3873/5 6829/3872/5 6955/3858/5
f 6828/3873/5 6955/3858/5 6956/3874/5
f 6827/3875/5 6828/3873/5 6956/3874/5
f 6887/3866/5 6851/3867/5 6852/3876/5
f 6826/3877/5 6827/3875/5 6956/3874/5
f 6887/3866/5 6852/3876/5 6853/3878/5
f 6825/3879/5 6826/3877/5 6956/3874/5
f 6887/3866/5 6853/3878/5 6854/3880/5
f 6824/3881/5 6825/3879/5 6956/3874/5
f 6824/3881/5 6956/3874/5 6957/3882/5
f 6887/3866/5 6854/3880/5 6855/3883/5
f 6823/3884/5 6824/3881/5 6957/3882/5
f 6887/3866/5 6855/3883/5 6856/3885/5
f 6822/3886/5 6823/3884/5 6957/3882/5
f 6822/3886/5 6957/3882/5 6958/3887/5
f 6887/3866/5 6856/3885/5 6857/3888/5
f 6821/3889/5 6822/3886/5 6958/3887/5
f 6887/3866/5 6857/3888/5 6858/3890/5
f 6821/3889/5 6958/3887/5 6959/3891/5
f 6887/3866/5 6858/3890/5 6859/3892/5
f 6820/3893/5 6821/3889/5 6959/3891/5
f 6820/3893/5 6959/3891/5 6960/3894/5
f 6887/3866/5 6859/3892/5 6860/3895/5
f 6819/3896/5 6820/3893/5 6960/3894/5
f 6887/3866/5 6860/3895/5 6861/3897/5
f 6819/3896/5 6960/3894/5 6961/3898/5
f 6887/3866/5 6861/3897/5 6862/3899/5
f 6818/3900/5 6819/3896/5 6961/3898/5
f 6887/3866/5 6862/3899/5 6863/3901/5
f 6887/3866/5 6863/3901/5 6864/3902/5
f 6887/3866/5 6864/3902/5 6865/3903/5
f 6887/3866/5 6865/3903/5 6866/3904/5
f 6887/3866/5 6866/3904/5 6867/3905/5
f 6817/3906/5 6818/3900/5 6961/3898/5
f 6817/3906/5 6961/3898/5 6962/3907/5
f 6887/3866/5 6867/3905/5 6868/3908/5
f 6887/3866/5 6868/3908/5 6869/3909/5
f 6887/3866/5 6869/3909/5 6870/3910/5
f 6816/3911/5 6817/3906/5 6962/3907/5
f 6887/3866/5 6870/3910/5 6871/3912/5
f 6816/3911/5 6962/3907/5 6963/3913/5
f 6815/3914/5 6816/3911/5 6963/3913/5
f 6887/3866/5 6871/3912/5 6872/3915/5
f 6814/3916/5 6815/3914/5 6963/3913/5
f 6813/3917/5 6814/3916/5 6963/3913/5
f 6812/3918/5 6813/3917/5 6963/3913/5
f 6811/3919/5 6812/3918/5 6963/3913/5
f 6887/3866/5 6872/3915/5 6873/3920/5
f 6810/3921/5 6811/3919/5 6963/3913/5
f 6809/3922/5 6810/3921/5 6963/3913/5
f 6808/3923/5 6809/3922/5 6963/3913/5
f 6807/3924/5 6808/3923/5 6963/3913/5
f 6807/3924/5 6963/3913/5 6964/343/5
f 6806/3925/5 6807/3924/5 6964/343/5
f 6887/3866/5 6873/3920/5 6874/3926/5
f 6805/3927/5 6806/3925/5 6964/343/5
f 6804/3928/5 6805/3927/5 6964/343/5
f 6803/3929/5 6804/3928/5 6964/343/5
f 6802/3930/5 6803/3929/5 6964/343/5
f 6801/3931/5 6802/3930/5 6964/343/5
f 6887/3866/5 6874/3926/5 6886/3932/5
f 6886/3932/5 6874/3926/5 6885/3933/5
f 6885/3933/5 6874/3926/5 6884/3934/5
f 6884/3934/5 6874/3926/5 6883/3935/5
f 6883/3935/5 6874/3926/5 6881/3936/5
f 6881/3936/5 6874/3926/5 6880/3937/5
f 6880/3937/5 6874/3926/5 6878/3938/5
f 6878/3938/5 6874/3926/5 6877/3939/5
f 6877/3939/5 6874/3926/5 6876/3940/5
f 6876/3940/5 6874/3926/5 6875/3941/5
f 6800/3942/5 6801/3931/5 6964/343/5
f 6799/3943/5 6800/3942/5 6964/343/5
f 6798/3944/5 6799/3943/5 6964/343/5
f 6880/3937/5 6878/3938/5 6879/3945/5
f 6883/3935/5 6881/3936/5 6882/3946/5
f 6797/3947/5 6798/3944/5 6964/343/5
f 6797/3947/5 6964/343/5 6791/202/5
f 6796/3948/5 6797/3947/5 6791/202/5
f 6795/3949/5 6796/3948/5 6791/202/5
f 6794/3950/5 6795/3949/5 6791/202/5
f 6793/3951/7 6794/3950/7 6791/202/7
f 6792/3952/5 6793/3951/5 6791/202/5
s 3649
f 6966/732/1211 6968/3953/1212 6967/3954/1212 6965/202/1211
f 6968/3953/1212 6970/3955/1213 6969/3956/1213 6967/3954/1212
f 6970/3955/1213 6972/3957/1214 6971/3958/1214 6969/3956/1213
f 6972/3957/1214 6974/3959/1215 6973/3960/1215 6971/3958/1214
f 6974/3959/1215 6976/3961/1216 6975/3962/1216 6973/3960/1215
f 6976/3961/1216 6978/3963/1217 6977/3964/1217 6975/3962/1216
f 6978/3963/1217 6980/3965/1218 6979/3966/1218 6977/3964/1217
f 6980/3965/1218 6982/3967/1219 6981/3968/1219 6979/3966/1218
f 6982/3967/1219 6984/3969/1220 6983/3970/1220 6981/3968/1219
f 6984/3969/1220 6986/3971/1221 6985/3972/1221 6983/3970/1220
f 6986/3971/1221 6988/3973/1222 6987/3974/1222 6985/3972/1221
f 6988/3973/1222 6990/3975/1223 6989/3976/1223 6987/3974/1222
f 6990/3975/1223 6992/3977/1224 6991/3978/1224 6989/3976/1223
f 6992/3977/1224 6994/3979/1225 6993/3980/1225 6991/3978/1224
f 6994/3979/1225 6996/3981/1226 6995/3982/1226 6993/3980/1225
f 6996/3981/1226 6998/3983/1227 6997/3984/1227 6995/3982/1226
f 6998/3983/1227 7000/3985/1128 6999/3986/1128 6997/3984/1227
f 7000/3985/1128 7002/3987/1228 7001/3988/1228 6999/3986/1128
f 7002/3987/1228 7004/3989/1229 7003/3990/1229 7001/3988/1228
f 7004/3989/1229 7006/3991/1230 7005/3992/1230 7003/3990/1229
f 7006/3991/1230 7008/3993/1231 7007/3994/1231 7005/3992/1230
f 7008/3993/1231 7010/3995/1232 7009/3996/1232 7007/3994/1231
f 7010/3995/1232 7012/3997/1233 7011/3998/1233 7009/3996/1232
f 7012/3997/1233 7014/3999/1234 7013/4000/1234 7011/3998/1233
f 7014/3999/1234 7016/4001/1235 7015/4002/1235 7013/4000/1234
f 7016/4001/1235 7018/4003/1235 7017/4004/1235 7015/4002/1235
f 7018/4003/1235 7020/4005/1235 7019/4006/1235 7017/4004/1235
f 7020/4005/1235 7022/4007/1235 7021/4008/1235 7019/4006/1235
f 7022/4007/1235 7024/4009/1235 7023/4010/1235 7021/4008/1235
f 7024/4009/1235 7026/4011/1235 7025/4012/1235 7023/4010/1235
f 7026/4011/1235 7028/4013/1235 7027/4014/1235 7025/4012/1235
f 7028/4013/1235 7030/4015/1235 7029/4016/1235 7027/4014/1235
f 7030/4015/1235 7032/4017/1235 7031/4018/1235 7029/4016/1235
f 7032/4017/1235 7034/4019/1235 7033/4020/1235 7031/4018/1235
f 7034/4019/1235 7036/4021/1235 7035/4022/1235 7033/4020/1235
f 7036/4021/1235 7038/4023/1236 7037/4024/1236 7035/4022/1235
f 7038/4023/1236 7040/4025/1237 7039/4026/1237 7037/4024/1236
f 7040/4025/1237 7042/4027/1238 7041/4028/1238 7039/4026/1237
f 7042/4027/1238 7044/4029/1239 7043/4030/1239 7041/4028/1238
f 7044/4029/1239 7046/4031/581 7045/4032/581 7043/4030/1239
f 7046/4031/581 7048/4033/1240 7047/4034/1240 7045/4032/581
f 7048/4033/1240 7050/4035/1241 7049/4036/1241 7047/4034/1240
f 7050/4035/1241 7052/4037/1242 7051/4038/1242 7049/4036/1241
f 7052/4037/1242 7054/4039/1243 7053/4040/1243 7051/4038/1242
f 7054/4039/1243 7056/4041/1244 7055/4042/1244 7053/4040/1243
f 7056/4041/1244 7058/4043/1245 7057/4044/1245 7055/4042/1244
f 7058/4043/1245 7060/4045/1246 7059/4046/1246 7057/4044/1245
f 7060/4045/1246 7062/4047/1247 7061/4048/1247 7059/4046/1246
f 7062/4047/1247 7064/4049/1248 7063/4050/1248 7061/4048/1247
f 7064/4049/1248 7066/4051/1249 7065/4052/1249 7063/4050/1248
f 7066/4051/1249 7068/4053/1250 7067/4054/1250 7065/4052/1249
f 7068/4053/1250 7070/4055/1251 7069/4056/1251 7067/4054/1250
f 7070/4055/1251 7072/4057/1252 7071/4058/1252 7069/4056/1251
f 7072/4057/1252 7074/4059/1253 7073/4060/1253 7071/4058/1252
f 7074/4059/1253 7076/4061/1254 7075/4062/1254 7073/4060/1253
f 7076/4061/1254 7078/4063/1255 7077/4064/1255 7075/4062/1254
f 7078/4063/1255 7080/4065/1256 7079/4066/1256 7077/4064/1255
f 7080/4065/1256 7082/1419/1257 7081/1420/1257 7079/4066/1256
f 7082/1419/1257 7084/4067/1258 7083/4068/1258 7081/1420/1257
f 7084/4067/1258 7086/4069/1259 7085/4070/1259 7083/4068/1258
f 7086/4069/1259 7088/4071/1260 7087/4072/1260 7085/4070/1259
f 7088/4071/1260 7090/4073/1260 7089/4074/1260 7087/4072/1260
f 7090/4073/1260 7092/4075/1260 7091/4076/1260 7089/4074/1260
f 7092/4075/1260 7094/4077/1260 7093/4078/1260 7091/4076/1260
f 7094/4077/1260 7096/4079/1260 7095/4080/1260 7093/4078/1260
f 7096/4079/1260 7098/4081/1260 7097/4082/1260 7095/4080/1260
f 7098/4081/1260 7100/4083/1260 7099/4084/1260 7097/4082/1260
f 7100/4083/1260 7102/4085/1260 7101/4086/1260 7099/4084/1260
f 7102/4085/1260 7104/4087/1260 7103/4088/1260 7101/4086/1260
f 7104/4087/1260 7106/4089/1260 7105/4090/1260 7103/4088/1260
f 7106/4089/1260 7108/4091/1260 7107/4092/1260 7105/4090/1260
f 7108/4091/1260 7110/4093/1261 7109/4094/1261 7107/4092/1260
f 7110/4093/1261 7112/4095/1262 7111/4096/1262 7109/4094/1261
f 7112/4095/1262 7114/4097/1262 7113/4098/1262 7111/4096/1262
f 7114/4097/1262 7116/4099/1262 7115/4100/1262 7113/4098/1262
f 7116/4099/1262 7118/4101/1262 7117/4102/1262 7115/4100/1262
f 7118/4101/1262 7120/4103/1262 7119/4104/1262 7117/4102/1262
f 7120/4103/1262 7122/4105/1262 7121/4106/1262 7119/4104/1262
f 7122/4105/1262 7124/4107/1262 7123/4108/1262 7121/4106/1262
f 7124/4107/1262 7126/4109/1262 7125/4110/1262 7123/4108/1262
f 7126/4109/1262 7128/4111/1262 7127/4112/1262 7125/4110/1262
f 7128/4111/1262 7130/4113/1262 7129/4114/1262 7127/4112/1262
f 7130/4113/1262 7132/4115/1262 7131/4116/1262 7129/4114/1262
f 7132/4115/1262 7134/4117/170 7133/4118/170 7131/4116/1262
f 7134/4117/170 7136/4119/1263 7135/4120/1263 7133/4118/170
f 7136/4119/1263 7138/4121/1263 7137/4122/1263 7135/4120/1263
f 7138/4121/1263 7140/883/1263 7139/441/1263 7137/4122/1263
f 7140/883/1263 7142/4123/1263 7141/4124/1263 7139/441/1263
f 7142/4123/1263 7144/4125/1263 7143/4126/1263 7141/4124/1263
f 7144/4125/1263 7146/4127/1263 7145/4128/1263 7143/4126/1263
f 7146/4127/1263 7148/4129/1263 7147/4130/1263 7145/4128/1263
f 7148/4129/1263 7150/4131/1263 7149/4132/1263 7147/4130/1263
f 7150/4131/1263 7152/4133/1263 7151/4134/1263 7149/4132/1263
f 7152/4133/1263 7154/4135/1263 7153/4136/1263 7151/4134/1263
f 7154/4135/1263 7156/4137/1263 7155/4138/1263 7153/4136/1263
f 7156/4137/1263 7158/4139/1264 7157/4140/1264 7155/4138/1263
f 7158/4139/1264 7160/4141/1265 7159/4142/1265 7157/4140/1264
f 7160/4141/1265 7162/4143/1266 7161/4144/1266 7159/4142/1265
f 7162/4143/1266 7164/4145/1267 7163/4146/1267 7161/4144/1266
f 7164/4145/1267 7166/4147/1268 7165/4148/1268 7163/4146/1267
f 7166/4147/1268 7168/4149/1269 7167/4150/1269 7165/4148/1268
f 7168/4149/1269 7170/4151/1270 7169/4152/1270 7167/4150/1269
f 7170/4151/1270 7172/4153/1271 7171/4154/1271 7169/4152/1270
f 7172/4153/1271 7174/4155/1272 7173/4156/1272 7171/4154/1271
f 7174/4155/1272 7176/4157/1273 7175/4158/1273 7173/4156/1272
f 7176/4157/1273 7178/4159/1274 7177/4160/1274 7175/4158/1273
f 7178/4159/1274 7180/4161/1275 7179/4162/1275 7177/4160/1274
f 7180/4161/1275 7182/4163/1276 7181/4164/1276 7179/4162/1275
f 7182/4163/1276 7184/4165/1277 7183/4166/1277 7181/4164/1276
f 7184/4165/1277 7186/4167/1278 7185/4168/1278 7183/4166/1277
f 7186/4167/1278 7188/4169/1279 7187/4170/1279 7185/4168/1278
f 7188/4169/1279 7190/4171/1280 7189/4172/1280 7187/4170/1279
f 7190/4171/1280 7192/4173/1281 7191/4174/1281 7189/4172/1280
f 7192/4173/1281 7194/4175/1282 7193/4176/1282 7191/4174/1281
f 7194/4175/1282 7196/4177/1282 7195/4178/1282 7193/4176/1282
f 7196/4177/1282 7198/1805/1282 7197/1806/1282 7195/4178/1282
f 7198/1805/1282 7200/4179/1282 7199/4180/1282 7197/1806/1282
f 7200/4179/1282 7202/4181/1282 7201/4182/1282 7199/4180/1282
f 7202/4181/1282 7204/4183/1282 7203/4184/1282 7201/4182/1282
f 7204/4183/1282 7206/4185/1282 7205/4186/1282 7203/4184/1282
f 7206/4185/1282 7208/4187/1282 7207/4188/1282 7205/4186/1282
f 7208/4187/1282 7210/4189/1282 7209/4190/1282 7207/4188/1282
f 7210/4189/1282 7212/4191/1282 7211/4192/1282 7209/4190/1282
f 7212/4191/1282 7214/4193/1282 7213/4194/1282 7211/4192/1282
f 7214/4193/1282 7216/4195/1283 7215/4196/1283 7213/4194/1282
f 7216/4195/1283 7218/4197/1284 7217/4198/1284 7215/4196/1283
f 7218/4197/1284 7220/4199/1285 7219/4200/1285 7217/4198/1284
f 7220/4199/1285 7222/4201/1286 7221/4202/1286 7219/4200/1285
f 7222/4201/1286 7224/4203/1287 7223/4204/1287 7221/4202/1286
f 7224/4203/1287 7226/4205/1288 7225/4206/1288 7223/4204/1287
f 7226/4205/1288 7228/4207/1289 7227/4208/1289 7225/4206/1288
f 7228/4207/1289 7230/4209/1290 7229/4210/1290 7227/4208/1289
f 7230/4209/1290 7232/4211/1291 7231/4212/1291 7229/4210/1290
f 7232/4211/1291 7234/4213/1292 7233/4214/1292 7231/4212/1291
f 7234/4213/1292 7236/4215/1293 7235/4216/1293 7233/4214/1292
f 7236/4215/1293 7238/4217/1294 7237/4218/1294 7235/4216/1293
f 7238/4217/1294 7240/4219/1295 7239/4220/1295 7237/4218/1294
f 7240/4219/1295 7242/4221/1296 7241/4222/1296 7239/4220/1295
f 7242/4221/1296 7244/4223/1297 7243/4224/1297 7241/4222/1296
f 7244/4223/1297 7246/4225/1298 7245/4226/1298 7243/4224/1297
f 7246/4225/1298 7248/4227/1299 7247/4228/1299 7245/4226/1298
f 7248/4227/1299 7250/4229/1300 7249/4230/1300 7247/4228/1299
f 7250/4229/1300 7252/4231/1301 7251/4232/1301 7249/4230/1300
f 7252/4231/1301 7254/4233/1302 7253/4234/1302 7251/4232/1301
f 7254/4233/1302 7256/4235/1303 7255/4236/1303 7253/4234/1302
f 7256/4235/1303 7258/4237/1304 7257/4238/1304 7255/4236/1303
f 7258/4237/1304 7260/4239/1305 7259/4240/1305 7257/4238/1304
f 7260/4239/1305 7262/4241/1306 7261/4242/1306 7259/4240/1305
f 7262/4241/1306 7264/4243/1307 7263/4244/1307 7261/4242/1306
f 7264/4243/1307 7266/4245/1308 7265/4246/1308 7263/4244/1307
f 7266/4245/1308 7268/4247/1309 7267/4248/1309 7265/4246/1308
f 7268/4247/1309 7270/4249/1310 7269/4250/1310 7267/4248/1309
f 7270/4249/1310 7272/4251/1311 7271/4252/1311 7269/4250/1310
f 7272/4251/1311 7274/4253/1312 7273/4254/1312 7271/4252/1311
f 7274/4253/1312 7276/4255/1313 7275/4256/1313 7273/4254/1312
f 7276/4255/1313 7278/4257/1314 7277/4258/1314 7275/4256/1313
f 7278/4257/1314 7280/4259/1315 7279/4260/1315 7277/4258/1314
f 7280/4259/1315 7282/4261/1316 7281/4262/1316 7279/4260/1315
f 7282/4261/1316 7284/4263/1317 7283/4264/1317 7281/4262/1316
f 7284/4263/1317 7286/4265/1318 7285/4266/1318 7283/4264/1317
f 7286/4265/1318 7288/4267/1170 7287/4268/1170 7285/4266/1318
f 7288/4267/1170 7290/4269/1319 7289/4270/1319 7287/4268/1170
f 7290/4269/1319 7292/4271/1319 7291/4272/1319 7289/4270/1319
f 7292/4271/1319 7294/4273/1319 7293/4274/1319 7291/4272/1319
f 7294/4273/1319 7296/4275/1319 7295/4276/1319 7293/4274/1319
f 7296/4275/1319 7298/4277/1319 7297/4278/1319 7295/4276/1319
f 7298/4277/1319 7300/4279/1319 7299/4280/1319 7297/4278/1319
f 7300/4279/1319 7302/4281/1319 7301/4282/1319 7299/4280/1319
f 7302/4281/1319 7304/4283/1319 7303/4284/1319 7301/4282/1319
f 7304/4283/1319 7306/4285/1319 7305/4286/1319 7303/4284/1319
f 7306/4285/1319 7308/4287/1319 7307/4288/1319 7305/4286/1319
f 7308/4287/1319 7310/4289/1319 7309/4290/1319 7307/4288/1319
f 7310/4289/1319 7312/4291/171 7311/4292/171 7309/4290/1319
f 7312/4291/171 6966/1034/1211 6965/343/1211 7311/4292/171
s 0
f 7439/4293/1 7441/4294/1 7440/4295/1
f 7439/4293/1 7442/4296/1 7441/4294/1
f 7438/4100/1 7442/4296/1 7439/4293/1
f 7438/4100/1 7443/4106/1 7442/4296/1
f 7437/4297/1 7443/4106/1 7438/4100/1
f 7437/4297/1 7444/4298/1 7443/4106/1
f 7436/4299/1 7444/4298/1 7437/4297/1
f 7436/4299/1 7445/4300/1 7444/4298/1
f 7435/4301/1 7445/4300/1 7436/4299/1
f 7435/4301/1 7446/4302/1 7445/4300/1
f 7434/4303/1 7446/4302/1 7435/4301/1
f 7434/4303/1 7447/4304/1 7446/4302/1
f 7433/4094/1 7447/4304/1 7434/4303/1
f 7433/4094/1 7448/4112/1 7447/4304/1
f 7433/4094/1 7449/4305/1 7448/4112/1
f 7433/4094/1 7450/4306/1 7449/4305/1
f 7433/4094/1 7451/4307/1 7450/4306/1
f 7432/4308/1 7451/4307/1 7433/4094/1
f 7432/4308/1 7452/4309/1 7451/4307/1
f 7432/4308/1 7453/4118/1 7452/4309/1
f 7432/4308/1 7454/4310/1 7453/4118/1
f 7432/4308/1 7455/4311/1 7454/4310/1
f 7431/4312/1 7455/4311/1 7432/4308/1
f 7431/4312/1 7456/4313/1 7455/4311/1
f 7431/4312/1 7457/4314/1 7456/4313/1
f 7431/4312/1 7458/441/1 7457/4314/1
f 7430/4315/1 7458/441/1 7431/4312/1
f 7430/4315/1 7459/4316/1 7458/441/1
f 7430/4315/1 7460/4317/1 7459/4316/1
f 7430/4315/1 7461/4318/1 7460/4317/1
f 7429/197/1 7461/4318/1 7430/4315/1
f 7429/197/1 7462/4319/1 7461/4318/1
f 7428/4088/1 7462/4319/1 7429/197/1
f 7428/4088/1 7463/4128/1 7462/4319/1
f 7428/4088/1 7464/4320/1 7463/4128/1
f 7427/4321/1 7464/4320/1 7428/4088/1
f 7427/4321/1 7465/4322/1 7464/4320/1
f 7427/4321/1 7466/4323/1 7465/4322/1
f 7426/4324/1 7466/4323/1 7427/4321/1
f 7426/4324/1 7467/4325/1 7466/4323/1
f 7425/4326/1 7467/4325/1 7426/4324/1
f 7425/4326/1 7468/4134/1 7467/4325/1
f 7425/4326/1 7469/4327/1 7468/4134/1
f 7424/4328/1 7563/4246/1 7425/4326/1
f 7563/4246/1 7469/4327/1 7425/4326/1
f 7563/4246/1 7562/4329/1 7469/4327/1
f 7562/4329/1 7561/4330/1 7469/4327/1
f 7561/4330/1 7470/4331/1 7469/4327/1
f 7424/4328/1 7564/4332/1 7563/4246/1
f 7560/4333/1 7470/4331/1 7561/4330/1
f 7424/4328/1 7565/4334/1 7564/4332/1
f 7559/4335/1 7470/4331/1 7560/4333/1
f 7424/4328/1 7566/4336/1 7565/4334/1
f 7558/4240/1 7470/4331/1 7559/4335/1
f 7424/4328/1 7567/4337/1 7566/4336/1
f 7557/4338/1 7470/4331/1 7558/4240/1
f 7424/4328/1 7568/4252/1 7567/4337/1
f 7424/4328/1 7569/4339/1 7568/4252/1
f 7556/4340/1 7470/4331/1 7557/4338/1
f 7424/4328/1 7570/4341/1 7569/4339/1
f 7424/4328/1 7571/4342/1 7570/4341/1
f 7555/4343/1 7470/4331/1 7556/4340/1
f 7424/4328/1 7572/4344/1 7571/4342/1
f 7555/4343/1 7471/4345/1 7470/4331/1
f 7424/4328/1 7573/4258/1 7572/4344/1
f 7554/4346/1 7471/4345/1 7555/4343/1
f 7424/4328/1 7574/653/1 7573/4258/1
f 7424/4328/1 7575/4347/1 7574/653/1
f 7423/4082/1 7575/4347/1 7424/4328/1
f 7553/4234/1 7471/4345/1 7554/4346/1
f 7423/4082/1 7576/4348/1 7575/4347/1
f 7423/4082/1 7577/4349/1 7576/4348/1
f 7552/4350/1 7471/4345/1 7553/4234/1
f 7423/4082/1 7578/4264/1 7577/4349/1
f 7552/4350/1 7472/4351/1 7471/4345/1
f 7423/4082/1 7579/4352/1 7578/4264/1
f 7423/4082/1 7580/4353/1 7579/4352/1
f 7551/4354/1 7472/4351/1 7552/4350/1
f 7423/4082/1 7581/4355/1 7580/4353/1
f 7423/4082/1 7582/4356/1 7581/4355/1
f 7550/4357/1 7472/4351/1 7551/4354/1
f 7550/4357/1 7473/4140/1 7472/4351/1
f 7423/4082/1 7583/4270/1 7582/4356/1
f 7422/4358/1 7583/4270/1 7423/4082/1
f 7549/4359/1 7473/4140/1 7550/4357/1
f 7422/4358/1 7584/4360/1 7583/4270/1
f 7548/4228/1 7473/4140/1 7549/4359/1
f 7422/4358/1 7585/4361/1 7584/4360/1
f 7548/4228/1 7474/4362/1 7473/4140/1
f 7422/4358/1 7586/4363/1 7585/4361/1
f 7547/4364/1 7474/4362/1 7548/4228/1
f 7422/4358/1 7587/4365/1 7586/4363/1
f 7421/4366/1 7587/4365/1 7422/4358/1
f 7546/4367/1 7474/4362/1 7547/4364/1
f 7546/4367/1 7475/4368/1 7474/4362/1
f 7421/4366/1 7588/4276/1 7587/4365/1
f 7545/599/1 7475/4368/1 7546/4367/1
f 7421/4366/1 7589/4369/1 7588/4276/1
f 7421/4366/1 7590/4370/1 7589/4369/1
f 7545/599/1 7476/4371/1 7475/4368/1
f 7544/4372/1 7476/4371/1 7545/599/1
f 7420/4373/1 7590/4370/1 7421/4366/1
f 7420/4373/1 7591/4374/1 7590/4370/1
f 7543/4222/1 7476/4371/1 7544/4372/1
f 7542/4375/1 7476/4371/1 7543/4222/1
f 7541/4376/1 7476/4371/1 7542/4375/1
f 7540/4377/1 7476/4371/1 7541/4376/1
f 7420/4373/1 7592/4378/1 7591/4374/1
f 7539/4379/1 7476/4371/1 7540/4377/1
f 7538/4216/1 7476/4371/1 7539/4379/1
f 7538/4216/1 7477/4380/1 7476/4371/1
f 7537/4381/1 7477/4380/1 7538/4216/1
f 7536/4382/1 7477/4380/1 7537/4381/1
f 7535/4383/1 7477/4380/1 7536/4382/1
f 7420/4373/1 7593/4282/1 7592/4378/1
f 7420/4373/1 7594/4384/1 7593/4282/1
f 7420/4373/1 7595/4385/1 7594/4384/1
f 7534/4386/1 7477/4380/1 7535/4383/1
f 7420/4373/1 7596/4387/1 7595/4385/1
f 7420/4373/1 7597/4388/1 7596/4387/1
f 7420/4373/1 7598/4288/1 7597/4388/1
f 7420/4373/1 7599/4389/1 7598/4288/1
f 7533/4210/1 7477/4380/1 7534/4386/1
f 7420/4373/1 7600/4390/1 7599/4389/1
f 7420/4373/1 7601/4391/1 7600/4390/1
f 7420/4373/1 7602/4392/1 7601/4391/1
f 7532/4393/1 7477/4380/1 7533/4210/1
f 7420/4373/1 7603/343/1 7602/4392/1
f 7420/4373/1 7532/4393/1 7603/343/1
f 7420/4373/1 7477/4380/1 7532/4393/1
f 7419/4394/1 7477/4380/1 7420/4373/1
f 7419/4394/1 7478/4146/1 7477/4380/1
f 7419/4394/1 7479/4395/1 7478/4146/1
f 7418/4076/1 7479/4395/1 7419/4394/1
f 7418/4076/1 7480/4396/1 7479/4395/1
f 7418/4076/1 7481/4397/1 7480/4396/1
f 7417/4398/1 7481/4397/1 7418/4076/1
f 7417/4398/1 7482/4399/1 7481/4397/1
f 7416/4400/1 7482/4399/1 7417/4398/1
f 7416/4400/1 7483/4152/1 7482/4399/1
f 7416/4400/1 7484/4401/1 7483/4152/1
f 7416/4400/1 7485/4402/1 7484/4401/1
f 7415/4403/1 7508/4180/1 7416/4400/1
f 7508/4180/1 7485/4402/1 7416/4400/1
f 7508/4180/1 7486/4404/1 7485/4402/1
f 7508/4180/1 7487/27/1 7486/4404/1
f 7508/4180/1 7488/4158/1 7487/27/1
f 7508/4180/1 7489/4405/1 7488/4158/1
f 7508/4180/1 7490/4406/1 7489/4405/1
f 7508/4180/1 7491/4407/1 7490/4406/1
f 7508/4180/1 7492/4408/1 7491/4407/1
f 7415/4403/2 7509/4409/2 7508/4180/2
f 7507/4410/1 7492/4408/1 7508/4180/1
f 7415/4403/1 7510/4411/1 7509/4409/1
f 7415/4403/1 7511/4412/1 7510/4411/1
f 7507/4410/1 7493/4164/1 7492/4408/1
f 7506/4413/1 7493/4164/1 7507/4410/1
f 7505/4414/1 7493/4164/1 7506/4413/1
f 7415/4403/1 7512/4415/1 7511/4412/1
f 7504/4416/1 7493/4164/1 7505/4414/1
f 7503/4176/1 7493/4164/1 7504/4416/1
f 7502/4417/1 7493/4164/1 7503/4176/1
f 7415/4403/1 7513/4186/1 7512/4415/1
f 7501/4418/1 7493/4164/1 7502/4417/1
f 7500/4419/1 7493/4164/1 7501/4418/1
f 7500/4419/1 7494/4420/1 7493/4164/1
f 7499/4421/1 7494/4420/1 7500/4419/1
f 7415/4403/1 7514/4422/1 7513/4186/1
f 7498/4170/1 7494/4420/1 7499/4421/1
f 7497/4423/1 7494/4420/1 7498/4170/1
f 7497/4423/1 7495/4424/1 7494/4420/1
f 7496/4425/1 7495/4424/1 7497/4423/1
f 7415/4403/1 7515/4426/1 7514/4422/1
f 7415/4403/1 7516/123/1 7515/4426/1
f 7415/4403/1 7517/4427/1 7516/123/1
f 7415/4403/1 7518/4192/1 7517/4427/1
f 7415/4403/1 7519/4428/1 7518/4192/1
f 7415/4403/1 7520/4429/1 7519/4428/1
f 7415/4403/1 7521/4430/1 7520/4429/1
f 7414/4431/1 7521/4430/1 7415/4403/1
f 7414/4431/1 7522/4432/1 7521/4430/1
f 7414/4431/1 7523/4198/1 7522/4432/1
f 7413/4070/1 7523/4198/1 7414/4431/1
f 7413/4070/1 7524/4433/1 7523/4198/1
f 7348/3994/1 7350/4434/1 7349/4435/1
f 7347/4436/1 7350/4434/1 7348/3994/1
f 7347/4436/1 7351/4437/1 7350/4434/1
f 7346/4438/1 7351/4437/1 7347/4436/1
f 7345/4439/1 7351/4437/1 7346/4438/1
f 7345/4439/1 7352/4440/1 7351/4437/1
f 7344/4441/1 7352/4440/1 7345/4439/1
f 7343/3988/1 7352/4440/1 7344/4441/1
f 7343/3988/1 7353/4000/1 7352/4440/1
f 7342/359/1 7353/4000/1 7343/3988/1
f 7341/4442/1 7353/4000/1 7342/359/1
f 7340/4443/1 7353/4000/1 7341/4442/1
f 7340/4443/1 7354/4444/1 7353/4000/1
f 7339/4445/1 7354/4444/1 7340/4443/1
f 7338/3982/1 7354/4444/1 7339/4445/1
f 7337/4446/1 7354/4444/1 7338/3982/1
f 7336/4447/1 7354/4444/1 7337/4446/1
f 7336/4447/1 7355/4448/1 7354/4444/1
f 7336/4447/1 7356/4449/1 7355/4448/1
f 7336/4447/1 7357/4450/1 7356/4449/1
f 7336/4447/1 7358/4006/1 7357/4450/1
f 7336/4447/1 7359/4451/1 7358/4006/1
f 7412/4452/1 7524/4433/1 7413/4070/1
f 7336/4447/1 7360/4453/1 7359/4451/1
f 7336/4447/1 7361/4454/1 7360/4453/1
f 7335/4455/1 7361/4454/1 7336/4447/1
f 7335/4455/1 7362/4456/1 7361/4454/1
f 7412/4452/1 7525/4457/1 7524/4433/1
f 7334/4458/1 7362/4456/1 7335/4455/1
f 7412/4452/1 7526/4459/1 7525/4457/1
f 7333/3976/1 7362/4456/1 7334/4458/1
f 7411/4460/1 7526/4459/1 7412/4452/1
f 7333/3976/1 7363/4012/1 7362/4456/1
f 7411/4460/1 7527/4461/1 7526/4459/1
f 7332/4462/1 7363/4012/1 7333/3976/1
f 7331/4463/1 7363/4012/1 7332/4462/1
f 7411/4460/1 7528/4204/1 7527/4461/1
f 7331/4463/1 7364/4464/1 7363/4012/1
f 7330/4465/1 7364/4464/1 7331/4463/1
f 7410/4466/1 7528/4204/1 7411/4460/1
f 7410/4466/1 7529/4467/1 7528/4204/1
f 7329/4468/1 7364/4464/1 7330/4465/1
f 7410/4466/1 7530/4469/1 7529/4467/1
f 7328/3970/1 7364/4464/1 7329/4468/1
f 7409/4470/1 7530/4469/1 7410/4466/1
f 7327/4471/1 7364/4464/1 7328/3970/1
f 7327/4471/1 7365/4472/1 7364/4464/1
f 7409/4470/1 7531/4473/1 7530/4469/1
f 7326/4474/1 7365/4472/1 7327/4471/1
f 7409/4470/1 7313/202/1 7531/4473/1
f 7408/4066/1 7313/202/1 7409/4470/1
f 7325/4475/1 7365/4472/1 7326/4474/1
f 7408/4066/1 7314/4476/1 7313/202/1
f 7408/4066/1 7315/4477/1 7314/4476/1
f 7324/4478/1 7365/4472/1 7325/4475/1
f 7408/4066/1 7316/4479/1 7315/4477/1
f 7408/4066/1 7317/4480/1 7316/4479/1
f 7323/3964/1 7365/4472/1 7324/4478/1
f 7408/4066/1 7318/3958/1 7317/4480/1
f 7322/4481/1 7365/4472/1 7323/3964/1
f 7408/4066/1 7319/4482/1 7318/3958/1
f 7321/4483/1 7365/4472/1 7322/4481/1
f 7408/4066/1 7320/4484/1 7319/4482/1
f 7320/4484/1 7365/4472/1 7321/4483/1
f 7408/4066/1 7365/4472/1 7320/4484/1
f 7407/4485/1 7365/4472/1 7408/4066/1
f 7407/4485/1 7366/4486/1 7365/4472/1
f 7406/4487/1 7366/4486/1 7407/4485/1
f 7406/4487/1 7367/4488/1 7366/4486/1
f 7405/4489/1 7367/4488/1 7406/4487/1
f 7404/4490/1 7367/4488/1 7405/4489/1
f 7404/4490/1 7368/4018/1 7367/4488/1
f 7403/4060/1 7368/4018/1 7404/4490/1
f 7402/4491/1 7368/4018/1 7403/4060/1
f 7402/4491/1 7369/4492/1 7368/4018/1
f 7401/4493/1 7369/4492/1 7402/4491/1
f 7400/320/1 7369/4492/1 7401/4493/1
f 7400/320/1 7370/4494/1 7369/4492/1
f 7399/4495/1 7370/4494/1 7400/320/1
f 7399/4495/1 7371/154/1 7370/4494/1
f 7398/4054/1 7371/154/1 7399/4495/1
f 7397/4496/1 7371/154/1 7398/4054/1
f 7396/4497/1 7371/154/1 7397/4496/1
f 7396/4497/1 7372/4498/1 7371/154/1
f 7395/4499/1 7372/4498/1 7396/4497/1
f 7394/4500/1 7372/4498/1 7395/4499/1
f 7393/4048/1 7372/4498/1 7394/4500/1
f 7393/4048/1 7373/4024/1 7372/4498/1
f 7392/4501/1 7373/4024/1 7393/4048/1
f 7391/4502/1 7373/4024/1 7392/4501/1
f 7391/4502/1 7374/4503/1 7373/4024/1
f 7391/4502/1 7375/4504/1 7374/4503/1
f 7390/4505/1 7375/4504/1 7391/4502/1
f 7390/4505/1 7376/4506/1 7375/4504/1
f 7390/4505/1 7377/4507/1 7376/4506/1
f 7389/4508/1 7377/4507/1 7390/4505/1
f 7389/4508/1 7378/4030/1 7377/4507/1
f 7389/4508/1 7379/4509/1 7378/4030/1
f 7388/4042/1 7379/4509/1 7389/4508/1
f 7387/4510/1 7379/4509/1 7388/4042/1
f 7387/4510/1 7380/4511/1 7379/4509/1
f 7386/4512/1 7380/4511/1 7387/4510/1
f 7386/4512/1 7381/4513/1 7380/4511/1
f 7386/4512/1 7382/4514/1 7381/4513/1
f 7386/4512/1 7383/4036/1 7382/4514/1
f 7386/4512/1 7384/4515/1 7383/4036/1
f 7386/4512/1 7385/4516/1 7384/4515/1
f 7730/4293/5 7731/4295/5 7732/4294/5
f 7730/4293/5 7732/4294/5 7733/4296/5
f 7729/4100/5 7730/4293/5 7733/4296/5
f 7729/4100/5 7733/4296/5 7734/4106/5
f 7728/4297/5 7729/4100/5 7734/4106/5
f 7728/4297/5 7734/4106/5 7735/4298/5
f 7727/4299/5 7728/4297/5 7735/4298/5
f 7727/4299/5 7735/4298/5 7736/4300/5
f 7726/4301/5 7727/4299/5 7736/4300/5
f 7726/4301/5 7736/4300/5 7737/4302/5
f 7725/4303/5 7726/4301/5 7737/4302/5
f 7725/4303/5 7737/4302/5 7738/4304/5
f 7724/4094/5 7725/4303/5 7738/4304/5
f 7724/4094/5 7738/4304/5 7739/4112/5
f 7724/4094/5 7739/4112/5 7740/4305/5
f 7724/4094/5 7740/4305/5 7741/4306/5
f 7724/4094/5 7741/4306/5 7742/4307/5
f 7723/4308/5 7724/4094/5 7742/4307/5
f 7723/4308/5 7742/4307/5 7743/4309/5
f 7723/4308/5 7743/4309/5 7744/4118/5
f 7723/4308/5 7744/4118/5 7745/4310/5
f 7723/4308/5 7745/4310/5 7746/4311/5
f 7722/4312/5 7723/4308/5 7746/4311/5
f 7722/4312/5 7746/4311/5 7747/4313/5
f 7722/4312/5 7747/4313/5 7748/4314/5
f 7722/4312/5 7748/4314/5 7749/441/5
f 7721/4315/5 7722/4312/5 7749/441/5
f 7721/4315/5 7749/441/5 7750/4316/5
f 7721/4315/5 7750/4316/5 7751/4317/5
f 7721/4315/5 7751/4317/5 7752/4318/5
f 7720/197/5 7721/4315/5 7752/4318/5
f 7720/197/5 7752/4318/5 7753/4319/5
f 7719/4088/5 7720/197/5 7753/4319/5
f 7719/4088/5 7753/4319/5 7754/4128/5
f 7719/4088/5 7754/4128/5 7755/4320/5
f 7718/4321/5 7719/4088/5 7755/4320/5
f 7718/4321/5 7755/4320/5 7756/4322/5
f 7718/4321/5 7756/4322/5 7757/4323/5
f 7717/4324/5 7718/4321/5 7757/4323/5
f 7717/4324/5 7757/4323/5 7758/4325/5
f 7716/4326/5 7717/4324/5 7758/4325/5
f 7716/4326/5 7758/4325/5 7759/4134/5
f 7716/4326/5 7759/4134/5 7760/4327/5
f 7715/4328/5 7716/4326/5 7854/4246/5
f 7854/4246/5 7716/4326/5 7760/4327/5
f 7854/4246/5 7760/4327/5 7853/4329/5
f 7853/4329/5 7760/4327/5 7852/4330/5
f 7852/4330/5 7760/4327/5 7761/4331/5
f 7715/4328/5 7854/4246/5 7855/4332/5
f 7851/4333/5 7852/4330/5 7761/4331/5
f 7715/4328/5 7855/4332/5 7856/4334/5
f 7850/4335/5 7851/4333/5 7761/4331/5
f 7715/4328/5 7856/4334/5 7857/4336/5
f 7849/4240/5 7850/4335/5 7761/4331/5
f 7715/4328/5 7857/4336/5 7858/4337/5
f 7848/4338/5 7849/4240/5 7761/4331/5
f 7715/4328/5 7858/4337/5 7859/4252/5
f 7715/4328/5 7859/4252/5 7860/4339/5
f 7847/4340/5 7848/4338/5 7761/4331/5
f 7715/4328/5 7860/4339/5 7861/4341/5
f 7715/4328/5 7861/4341/5 7862/4342/5
f 7846/4343/5 7847/4340/5 7761/4331/5
f 7715/4328/5 7862/4342/5 7863/4344/5
f 7846/4343/5 7761/4331/5 7762/4345/5
f 7715/4328/5 7863/4344/5 7864/4258/5
f 7845/4346/5 7846/4343/5 7762/4345/5
f 7715/4328/5 7864/4258/5 7865/653/5
f 7715/4328/5 7865/653/5 7866/4347/5
f 7714/4082/5 7715/4328/5 7866/4347/5
f 7844/4234/5 7845/4346/5 7762/4345/5
f 7714/4082/5 7866/4347/5 7867/4348/5
f 7714/4082/5 7867/4348/5 7868/4349/5
f 7843/4350/5 7844/4234/5 7762/4345/5
f 7714/4082/5 7868/4349/5 7869/4264/5
f 7843/4350/5 7762/4345/5 7763/4351/5
f 7714/4082/5 7869/4264/5 7870/4352/5
f 7714/4082/5 7870/4352/5 7871/4353/5
f 7842/4354/5 7843/4350/5 7763/4351/5
f 7714/4082/5 7871/4353/5 7872/4355/5
f 7714/4082/5 7872/4355/5 7873/4356/5
f 7841/4357/5 7842/4354/5 7763/4351/5
f 7841/4357/5 7763/4351/5 7764/4140/5
f 7714/4082/5 7873/4356/5 7874/4270/5
f 7713/4358/5 7714/4082/5 7874/4270/5
f 7840/4359/5 7841/4357/5 7764/4140/5
f 7713/4358/5 7874/4270/5 7875/4360/5
f 7839/4228/5 7840/4359/5 7764/4140/5
f 7713/4358/5 7875/4360/5 7876/4361/5
f 7839/4228/5 7764/4140/5 7765/4362/5
f 7713/4358/5 7876/4361/5 7877/4363/5
f 7838/4364/5 7839/4228/5 7765/4362/5
f 7713/4358/5 7877/4363/5 7878/4365/5
f 7712/4366/5 7713/4358/5 7878/4365/5
f 7837/4367/5 7838/4364/5 7765/4362/5
f 7837/4367/5 7765/4362/5 7766/4368/5
f 7712/4366/5 7878/4365/5 7879/4276/5
f 7836/599/5 7837/4367/5 7766/4368/5
f 7712/4366/5 7879/4276/5 7880/4369/5
f 7712/4366/5 7880/4369/5 7881/4370/5
f 7836/599/5 7766/4368/5 7767/4371/5
f 7835/4372/5 7836/599/5 7767/4371/5
f 7711/4373/5 7712/4366/5 7881/4370/5
f 7711/4373/5 7881/4370/5 7882/4374/5
f 7834/4222/5 7835/4372/5 7767/4371/5
f 7833/4375/5 7834/4222/5 7767/4371/5
f 7832/4376/5 7833/4375/5 7767/4371/5
f 7831/4377/5 7832/4376/5 7767/4371/5
f 7711/4373/5 7882/4374/5 7883/4378/5
f 7830/4379/5 7831/4377/5 7767/4371/5
f 7829/4216/5 7830/4379/5 7767/4371/5
f 7829/4216/5 7767/4371/5 7768/4380/5
f 7828/4381/5 7829/4216/5 7768/4380/5
f 7827/4382/5 7828/4381/5 7768/4380/5
f 7826/4383/5 7827/4382/5 7768/4380/5
f 7711/4373/5 7883/4378/5 7884/4282/5
f 7711/4373/5 7884/4282/5 7885/4384/5
f 7711/4373/5 7885/4384/5 7886/4385/5
f 7825/4386/5 7826/4383/5 7768/4380/5
f 7711/4373/5 7886/4385/5 7887/4387/5
f 7711/4373/5 7887/4387/5 7888/4388/5
f 7711/4373/5 7888/4388/5 7889/4288/5
f 7711/4373/5 7889/4288/5 7890/4389/5
f 7824/4210/5 7825/4386/5 7768/4380/5
f 7711/4373/5 7890/4389/5 7891/4390/5
f 7711/4373/5 7891/4390/5 7892/4391/5
f 7711/4373/5 7892/4391/5 7893/4392/5
f 7823/4393/5 7824/4210/5 7768/4380/5
f 7711/4373/5 7893/4392/5 7894/343/5
f 7711/4373/5 7894/343/5 7823/4393/5
f 7711/4373/5 7823/4393/5 7768/4380/5
f 7710/4394/5 7711/4373/5 7768/4380/5
f 7710/4394/5 7768/4380/5 7769/4146/5
f 7710/4394/5 7769/4146/5 7770/4395/5
f 7709/4076/5 7710/4394/5 7770/4395/5
f 7709/4076/5 7770/4395/5 7771/4396/5
f 7709/4076/5 7771/4396/5 7772/4397/5
f 7708/4398/5 7709/4076/5 7772/4397/5
f 7708/4398/5 7772/4397/5 7773/4399/5
f 7707/4400/5 7708/4398/5 7773/4399/5
f 7707/4400/5 7773/4399/5 7774/4152/5
f 7707/4400/5 7774/4152/5 7775/4401/5
f 7707/4400/5 7775/4401/5 7776/4402/5
f 7706/4403/5 7707/4400/5 7799/4180/5
f 7799/4180/5 7707/4400/5 7776/4402/5
f 7799/4180/5 7776/4402/5 7777/4404/5
f 7799/4180/5 7777/4404/5 7778/27/5
f 7799/4180/5 7778/27/5 7779/4158/5
f 7799/4180/5 7779/4158/5 7780/4405/5
f 7799/4180/5 7780/4405/5 7781/4406/5
f 7799/4180/5 7781/4406/5 7782/4407/5
f 7799/4180/5 7782/4407/5 7783/4408/5
f 7706/4403/6 7799/4180/6 7800/4409/6
f 7798/4410/5 7799/4180/5 7783/4408/5
f 7706/4403/5 7800/4409/5 7801/4411/5
f 7706/4403/5 7801/4411/5 7802/4412/5
f 7798/4410/5 7783/4408/5 7784/4164/5
f 7797/4413/5 7798/4410/5 7784/4164/5
f 7796/4414/5 7797/4413/5 7784/4164/5
f 7706/4403/5 7802/4412/5 7803/4415/5
f 7795/4416/5 7796/4414/5 7784/4164/5
f 7794/4176/5 7795/4416/5 7784/4164/5
f 7793/4417/5 7794/4176/5 7784/4164/5
f 7706/4403/5 7803/4415/5 7804/4186/5
f 7792/4418/5 7793/4417/5 7784/4164/5
f 7791/4419/5 7792/4418/5 7784/4164/5
f 7791/4419/5 7784/4164/5 7785/4420/5
f 7790/4421/5 7791/4419/5 7785/4420/5
f 7706/4403/5 7804/4186/5 7805/4422/5
f 7789/4170/5 7790/4421/5 7785/4420/5
f 7788/4423/5 7789/4170/5 7785/4420/5
f 7788/4423/5 7785/4420/5 7786/4424/5
f 7787/4425/1 7788/4423/1 7786/4424/1
f 7706/4403/5 7805/4422/5 7806/4426/5
f 7706/4403/5 7806/4426/5 7807/123/5
f 7706/4403/5 7807/123/5 7808/4427/5
f 7706/4403/5 7808/4427/5 7809/4192/5
f 7706/4403/5 7809/4192/5 7810/4428/5
f 7706/4403/5 7810/4428/5 7811/4429/5
f 7706/4403/5 7811/4429/5 7812/4430/5
f 7705/4431/5 7706/4403/5 7812/4430/5
f 7705/4431/5 7812/4430/5 7813/4432/5
f 7705/4431/5 7813/4432/5 7814/4198/5
f 7704/4070/5 7705/4431/5 7814/4198/5
f 7704/4070/5 7814/4198/5 7815/4433/5
f 7639/3994/5 7640/4435/5 7641/4434/5
f 7638/4436/5 7639/3994/5 7641/4434/5
f 7638/4436/5 7641/4434/5 7642/4437/5
f 7637/4438/5 7638/4436/5 7642/4437/5
f 7636/4439/5 7637/4438/5 7642/4437/5
f 7636/4439/5 7642/4437/5 7643/4440/5
f 7635/4441/5 7636/4439/5 7643/4440/5
f 7634/3988/5 7635/4441/5 7643/4440/5
f 7634/3988/5 7643/4440/5 7644/4000/5
f 7633/359/5 7634/3988/5 7644/4000/5
f 7632/4442/5 7633/359/5 7644/4000/5
f 7631/4443/5 7632/4442/5 7644/4000/5
f 7631/4443/5 7644/4000/5 7645/4444/5
f 7630/4445/5 7631/4443/5 7645/4444/5
f 7629/3982/5 7630/4445/5 7645/4444/5
f 7628/4446/5 7629/3982/5 7645/4444/5
f 7627/4447/5 7628/4446/5 7645/4444/5
f 7627/4447/5 7645/4444/5 7646/4448/5
f 7627/4447/5 7646/4448/5 7647/4449/5
f 7627/4447/5 7647/4449/5 7648/4450/5
f 7627/4447/5 7648/4450/5 7649/4006/5
f 7627/4447/5 7649/4006/5 7650/4451/5
f 7703/4452/5 7704/4070/5 7815/4433/5
f 7627/4447/5 7650/4451/5 7651/4453/5
f 7627/4447/5 7651/4453/5 7652/4454/5
f 7626/4455/5 7627/4447/5 7652/4454/5
f 7626/4455/5 7652/4454/5 7653/4456/5
f 7703/4452/5 7815/4433/5 7816/4457/5
f 7625/4458/5 7626/4455/5 7653/4456/5
f 7703/4452/5 7816/4457/5 7817/4459/5
f 7624/3976/5 7625/4458/5 7653/4456/5
f 7702/4460/5 7703/4452/5 7817/4459/5
f 7624/3976/5 7653/4456/5 7654/4012/5
f 7702/4460/5 7817/4459/5 7818/4461/5
f 7623/4462/5 7624/3976/5 7654/4012/5
f 7622/4463/5 7623/4462/5 7654/4012/5
f 7702/4460/5 7818/4461/5 7819/4204/5
f 7622/4463/5 7654/4012/5 7655/4464/5
f 7621/4465/5 7622/4463/5 7655/4464/5
f 7701/4466/5 7702/4460/5 7819/4204/5
f 7701/4466/5 7819/4204/5 7820/4467/5
f 7620/4468/5 7621/4465/5 7655/4464/5
f 7701/4466/5 7820/4467/5 7821/4469/5
f 7619/3970/5 7620/4468/5 7655/4464/5
f 7700/4470/5 7701/4466/5 7821/4469/5
f 7618/4471/5 7619/3970/5 7655/4464/5
f 7618/4471/5 7655/4464/5 7656/4472/5
f 7700/4470/5 7821/4469/5 7822/4473/5
f 7617/4474/5 7618/4471/5 7656/4472/5
f 7700/4470/5 7822/4473/5 7604/202/5
f 7699/4066/5 7700/4470/5 7604/202/5
f 7616/4475/5 7617/4474/5 7656/4472/5
f 7699/4066/5 7604/202/5 7605/4476/5
f 7699/4066/5 7605/4476/5 7606/4477/5
f 7615/4478/5 7616/4475/5 7656/4472/5
f 7699/4066/5 7606/4477/5 7607/4479/5
f 7699/4066/5 7607/4479/5 7608/4480/5
f 7614/3964/5 7615/4478/5 7656/4472/5
f 7699/4066/5 7608/4480/5 7609/3958/5
f 7613/4481/5 7614/3964/5 7656/4472/5
f 7699/4066/5 7609/3958/5 7610/4482/5
f 7612/4483/5 7613/4481/5 7656/4472/5
f 7699/4066/5 7610/4482/5 7611/4484/5
f 7611/4484/5 7612/4483/5 7656/4472/5
f 7699/4066/5 7611/4484/5 7656/4472/5
f 7698/4485/5 7699/4066/5 7656/4472/5
f 7698/4485/5 7656/4472/5 7657/4486/5
f 7697/4487/5 7698/4485/5 7657/4486/5
f 7697/4487/5 7657/4486/5 7658/4488/5
f 7696/4489/5 7697/4487/5 7658/4488/5
f 7695/4490/5 7696/4489/5 7658/4488/5
f 7695/4490/5 7658/4488/5 7659/4018/5
f 7694/4060/5 7695/4490/5 7659/4018/5
f 7693/4491/5 7694/4060/5 7659/4018/5
f 7693/4491/5 7659/4018/5 7660/4492/5
f 7692/4493/5 7693/4491/5 7660/4492/5
f 7691/320/5 7692/4493/5 7660/4492/5
f 7691/320/5 7660/4492/5 7661/4494/5
f 7690/4495/5 7691/320/5 7661/4494/5
f 7690/4495/5 7661/4494/5 7662/154/5
f 7689/4054/5 7690/4495/5 7662/154/5
f 7688/4496/5 7689/4054/5 7662/154/5
f 7687/4497/5 7688/4496/5 7662/154/5
f 7687/4497/5 7662/154/5 7663/4498/5
f 7686/4499/5 7687/4497/5 7663/4498/5
f 7685/4500/5 7686/4499/5 7663/4498/5
f 7684/4048/5 7685/4500/5 7663/4498/5
f 7684/4048/5 7663/4498/5 7664/4024/5
f 7683/4501/5 7684/4048/5 7664/4024/5
f 7682/4502/5 7683/4501/5 7664/4024/5
f 7682/4502/5 7664/4024/5 7665/4503/5
f 7682/4502/5 7665/4503/5 7666/4504/5
f 7681/4505/5 7682/4502/5 7666/4504/5
f 7681/4505/5 7666/4504/5 7667/4506/5
f 7681/4505/5 7667/4506/5 7668/4507/5
f 7680/4508/5 7681/4505/5 7668/4507/5
f 7680/4508/5 7668/4507/5 7669/4030/5
f 7680/4508/5 7669/4030/5 7670/4509/5
f 7679/4042/5 7680/4508/5 7670/4509/5
f 7678/4510/5 7679/4042/5 7670/4509/5
f 7678/4510/5 7670/4509/5 7671/4511/5
f 7677/4512/5 7678/4510/5 7671/4511/5
f 7677/4512/5 7671/4511/5 7672/4513/5
f 7677/4512/5 7672/4513/5 7673/4514/5
f 7677/4512/5 7673/4514/5 7674/4036/5
f 7677/4512/5 7674/4036/5 7675/4515/5
f 7677/4512/5 7675/4515/5 7676/4516/5
s 4232
f 7896/732/1320 7898/4517/1321 7897/4518/1321 7895/202/1320
f 7898/4517/1321 7900/4519/1322 7899/4520/1322 7897/4518/1321
f 7900/4519/1322 7902/4521/1323 7901/366/1323 7899/4520/1322
f 7902/4521/1323 7904/4522/1324 7903/4523/1324 7901/366/1323
f 7904/4522/1324 7906/4524/1325 7905/4525/1325 7903/4523/1324
f 7906/4524/1325 7908/4526/1326 7907/711/1326 7905/4525/1325
f 7908/4526/1326 7910/4527/1327 7909/4528/1327 7907/711/1326
f 7910/4527/1327 7912/4529/1328 7911/4530/1328 7909/4528/1327
f 7912/4529/1328 7914/4531/1329 7913/725/1329 7911/4530/1328
f 7914/4531/1329 7916/4532/1330 7915/4533/1330 7913/725/1329
f 7916/4532/1330 7918/4534/1285 7917/4535/1285 7915/4533/1330
f 7918/4534/1285 7920/4536/1331 7919/716/1331 7917/4535/1285
f 7920/4536/1331 7922/4537/1332 7921/4538/1332 7919/716/1331
f 7922/4537/1332 7924/4539/1333 7923/4540/1333 7921/4538/1332
f 7924/4539/1333 7926/4541/1334 7925/494/1334 7923/4540/1333
f 7926/4541/1334 7928/4542/1335 7927/4543/1335 7925/494/1334
f 7928/4542/1335 7930/4544/1336 7929/4545/1336 7927/4543/1335
f 7930/4544/1336 7932/4546/1337 7931/426/1337 7929/4545/1336
f 7932/4546/1337 7934/4547/1338 7933/4548/1338 7931/426/1337
f 7934/4547/1338 7936/4549/1339 7935/4550/1339 7933/4548/1338
f 7936/4549/1339 7938/4551/1340 7937/387/1340 7935/4550/1339
f 7938/4551/1340 7940/4552/1341 7939/4553/1341 7937/387/1340
f 7940/4552/1341 7942/4554/1342 7941/4555/1342 7939/4553/1341
f 7942/4554/1342 7944/4556/1343 7943/311/1343 7941/4555/1342
f 7944/4556/1343 7946/4557/1344 7945/4558/1344 7943/311/1343
f 7946/4557/1344 7948/4559/1344 7947/4560/1344 7945/4558/1344
f 7948/4559/1344 7950/4561/1344 7949/194/1344 7947/4560/1344
f 7950/4561/1344 7952/4562/1344 7951/4563/1344 7949/194/1344
f 7952/4562/1344 7954/4564/1344 7953/4565/1344 7951/4563/1344
f 7954/4564/1344 7956/4566/1344 7955/101/1344 7953/4565/1344
f 7956/4566/1344 7958/4567/1344 7957/4568/1344 7955/101/1344
f 7958/4567/1344 7960/4569/1344 7959/4570/1344 7957/4568/1344
f 7960/4569/1344 7962/4571/1344 7961/17/1344 7959/4570/1344
f 7962/4571/1344 7964/4572/1344 7963/4573/1344 7961/17/1344
f 7964/4572/1344 7966/4574/1344 7965/4575/1344 7963/4573/1344
f 7966/4574/1344 7968/4576/1345 7967/2/1345 7965/4575/1344
f 7968/4576/1345 7970/4577/1346 7969/4578/1346 7967/2/1345
f 7970/4577/1346 7972/4579/1347 7971/4580/1347 7969/4578/1346
f 7972/4579/1347 7974/4581/1348 7973/52/1348 7971/4580/1347
f 7974/4581/1348 7976/4582/1349 7975/4583/1349 7973/52/1348
f 7976/4582/1349 7978/4584/1350 7977/4585/1350 7975/4583/1349
f 7978/4584/1350 7980/4586/1351 7979/109/1351 7977/4585/1350
f 7980/4586/1351 7982/4587/1352 7981/4588/1352 7979/109/1351
f 7982/4587/1352 7984/4589/1353 7983/4590/1353 7981/4588/1352
f 7984/4589/1353 7986/4591/1354 7985/182/1354 7983/4590/1353
f 7986/4591/1354 7988/4592/1355 7987/4593/1355 7985/182/1354
f 7988/4592/1355 7990/4594/1356 7989/4595/1356 7987/4593/1355
f 7990/4594/1356 7992/4596/1357 7991/306/1357 7989/4595/1356
f 7992/4596/1357 7994/4597/1358 7993/4598/1358 7991/306/1357
f 7994/4597/1358 7996/4599/1359 7995/4600/1359 7993/4598/1358
f 7996/4599/1359 7998/4601/1360 7997/278/1360 7995/4600/1359
f 7998/4601/1360 8000/4602/1361 7999/4603/1361 7997/278/1360
f 8000/4602/1361 8002/4604/1362 8001/4605/1362 7999/4603/1361
f 8002/4604/1362 8004/4606/1363 8003/265/1363 8001/4605/1362
f 8004/4606/1363 8006/4607/1364 8005/4608/1364 8003/265/1363
f 8006/4607/1364 8008/4609/1365 8007/4610/1365 8005/4608/1364
f 8008/4609/1365 8010/4611/1366 8009/400/1366 8007/4610/1365
f 8010/4611/1366 8012/4612/1367 8011/4613/1367 8009/400/1366
f 8012/4612/1367 8014/4614/1368 8013/4615/1368 8011/4613/1367
f 8014/4614/1368 8016/4616/1369 8015/632/1369 8013/4615/1368
f 8016/4616/1369 8018/4617/573 8017/4618/573 8015/632/1369
f 8018/4617/573 8020/4619/573 8019/4620/573 8017/4618/573
f 8020/4619/573 8022/4621/573 8021/616/573 8019/4620/573
f 8022/4621/573 8024/4622/573 8023/4623/573 8021/616/573
f 8024/4622/573 8026/4624/573 8025/4625/573 8023/4623/573
f 8026/4624/573 8028/4626/573 8027/314/573 8025/4625/573
f 8028/4626/573 8030/4627/573 8029/4628/573 8027/314/573
f 8030/4627/573 8032/4629/573 8031/4630/573 8029/4628/573
f 8032/4629/573 8034/4631/573 8033/228/573 8031/4630/573
f 8034/4631/573 8036/4632/573 8035/4633/573 8033/228/573
f 8036/4632/573 8038/4634/573 8037/4635/573 8035/4633/573
f 8038/4634/573 8040/4636/977 8039/191/977 8037/4635/573
f 8040/4636/977 8042/1419/1370 8041/1420/1370 8039/191/977
f 8042/1419/1370 8044/4637/1371 8043/4638/1371 8041/1420/1370
f 8044/4637/1371 8046/4639/1372 8045/172/1372 8043/4638/1371
f 8046/4639/1372 8048/4640/1373 8047/4641/1373 8045/172/1372
f 8048/4640/1373 8050/4642/1374 8049/4643/1374 8047/4641/1373
f 8050/4642/1374 8052/4644/1375 8051/498/1375 8049/4643/1374
f 8052/4644/1375 8054/4645/1376 8053/4646/1376 8051/498/1375
f 8054/4645/1376 8056/4647/1377 8055/4648/1377 8053/4646/1376
f 8056/4647/1377 8058/4649/1378 8057/570/1378 8055/4648/1377
f 8058/4649/1378 8060/4650/1379 8059/4651/1379 8057/570/1378
f 8060/4650/1379 8062/4652/1380 8061/4653/1380 8059/4651/1379
f 8062/4652/1380 8064/4654/1381 8063/573/1381 8061/4653/1380
f 8064/4654/1381 8066/4655/1382 8065/4656/1382 8063/573/1381
f 8066/4655/1382 8068/4657/1383 8067/4658/1383 8065/4656/1382
f 8068/4657/1383 8070/4659/1384 8069/448/1384 8067/4658/1383
f 8070/4659/1384 8072/4660/1385 8071/4661/1385 8069/448/1384
f 8072/4660/1385 8074/4662/1386 8073/4663/1386 8071/4661/1385
f 8074/4662/1386 8076/4664/1387 8075/153/1387 8073/4663/1386
f 8076/4664/1387 8078/4665/1388 8077/4666/1388 8075/153/1387
f 8078/4665/1388 8080/4667/1389 8079/4668/1389 8077/4666/1388
f 8080/4667/1389 8082/4669/1390 8081/132/1390 8079/4668/1389
f 8082/4669/1390 8084/4670/1391 8083/4671/1391 8081/132/1390
f 8084/4670/1391 8086/4672/1392 8085/4673/1392 8083/4671/1391
f 8086/4672/1392 8088/4674/1393 8087/111/1393 8085/4673/1392
f 8088/4674/1393 8090/4675/1394 8089/4676/1394 8087/111/1393
f 8090/4675/1394 8092/4677/1395 8091/4678/1395 8089/4676/1394
f 8092/4677/1395 8094/4679/1396 8093/68/1396 8091/4678/1395
f 8094/4679/1396 8096/4680/1397 8095/4681/1397 8093/68/1396
f 8096/4680/1397 8098/4682/1398 8097/4683/1398 8095/4681/1397
f 8098/4682/1398 8100/4684/1399 8099/409/1399 8097/4683/1398
f 8100/4684/1399 8102/4685/1400 8101/4686/1400 8099/409/1399
f 8102/4685/1400 8104/4687/1401 8103/4688/1401 8101/4686/1400
f 8104/4687/1401 8106/4689/1402 8105/481/1402 8103/4688/1401
f 8106/4689/1402 8108/4690/1403 8107/4691/1403 8105/481/1402
f 8108/4690/1403 8110/4692/1404 8109/4693/1404 8107/4691/1403
f 8110/4692/1404 8112/4694/1405 8111/459/1405 8109/4693/1404
f 8112/4694/1405 8114/4695/1406 8113/4696/1406 8111/459/1405
f 8114/4695/1406 8116/4697/1407 8115/4698/1407 8113/4696/1406
f 8116/4697/1407 8118/4699/1408 8117/239/1408 8115/4698/1407
f 8118/4699/1408 8120/4700/1409 8119/4701/1409 8117/239/1408
f 8120/4700/1409 8122/4702/1410 8121/4703/1410 8119/4701/1409
f 8122/4702/1410 8124/4704/1411 8123/45/1411 8121/4703/1410
f 8124/4704/1411 8126/4705/1412 8125/4706/1412 8123/45/1411
f 8126/4705/1412 8128/4707/1413 8127/4708/1413 8125/4706/1412
f 8128/4707/1413 8130/4709/1414 8129/36/1414 8127/4708/1413
f 8130/4709/1414 8132/4710/1415 8131/4711/1415 8129/36/1414
f 8132/4710/1415 8134/4712/1416 8133/4713/1416 8131/4711/1415
f 8134/4712/1416 8136/4714/1417 8135/463/1417 8133/4713/1416
f 8136/4714/1417 8138/4715/1418 8137/4716/1418 8135/463/1417
f 8138/4715/1418 8140/4717/1419 8139/4718/1419 8137/4716/1418
f 8140/4717/1419 8142/4719/1420 8141/521/1420 8139/4718/1419
f 8142/4719/1420 8144/4720/1421 8143/4721/1421 8141/521/1420
f 8144/4720/1421 8146/4722/1422 8145/4723/1422 8143/4721/1421
f 8146/4722/1422 8148/4724/1423 8147/514/1423 8145/4723/1422
f 8148/4724/1423 8150/4725/1424 8149/4726/1424 8147/514/1423
f 8150/4725/1424 8152/4727/1425 8151/4728/1425 8149/4726/1424
f 8152/4727/1425 8154/4729/1426 8153/290/1426 8151/4728/1425
f 8154/4729/1426 8156/4730/1427 8155/4731/1427 8153/290/1426
f 8156/4730/1427 8158/4732/1428 8157/4733/1428 8155/4731/1427
f 8158/4732/1428 8160/4734/1429 8159/21/1429 8157/4733/1428
f 8160/4734/1429 8162/4735/1430 8161/4736/1430 8159/21/1429
f 8162/4735/1430 8164/4737/1431 8163/4738/1431 8161/4736/1430
f 8164/4737/1431 8166/4739/1432 8165/55/1432 8163/4738/1431
f 8166/4739/1432 8168/4740/109 8167/4741/109 8165/55/1432
f 8168/4740/109 8170/4742/1433 8169/4743/1433 8167/4741/109
f 8170/4742/1433 8172/4744/1434 8171/414/1434 8169/4743/1433
f 8172/4744/1434 8174/4745/1435 8173/4746/1435 8171/414/1434
f 8174/4745/1435 8176/4747/1436 8175/4748/1436 8173/4746/1435
f 8176/4747/1436 8178/4749/1437 8177/500/1437 8175/4748/1436
f 8178/4749/1437 8180/4750/1438 8179/4751/1438 8177/500/1437
f 8180/4750/1438 8182/4752/1439 8181/4753/1439 8179/4751/1438
f 8182/4752/1439 8184/4754/1440 8183/243/1440 8181/4753/1439
f 8184/4754/1440 8186/4755/1441 8185/4756/1441 8183/243/1440
f 8186/4755/1441 8188/1805/1442 8187/1806/1442 8185/4756/1441
f 8188/1805/1442 8190/4757/1443 8189/58/1443 8187/1806/1442
f 8190/4757/1443 8192/4758/1444 8191/4759/1444 8189/58/1443
f 8192/4758/1444 8194/4760/1445 8193/4761/1445 8191/4759/1444
f 8194/4760/1445 8196/4762/1446 8195/83/1446 8193/4761/1445
f 8196/4762/1446 8198/4763/1447 8197/4764/1447 8195/83/1446
f 8198/4763/1447 8200/4765/1448 8199/4766/1448 8197/4764/1447
f 8200/4765/1448 8202/4767/1449 8201/119/1449 8199/4766/1448
f 8202/4767/1449 8204/4768/1450 8203/4769/1450 8201/119/1449
f 8204/4768/1450 8206/4770/1451 8205/4771/1451 8203/4769/1450
f 8206/4770/1451 8208/4772/1452 8207/493/1452 8205/4771/1451
f 8208/4772/1452 8210/4773/1453 8209/4774/1453 8207/493/1452
f 8210/4773/1453 8212/4775/1454 8211/4776/1454 8209/4774/1453
f 8212/4775/1454 8214/4777/1455 8213/553/1455 8211/4776/1454
f 8214/4777/1455 8216/4778/1456 8215/4779/1456 8213/553/1455
f 8216/4778/1456 8218/4780/1457 8217/4781/1457 8215/4779/1456
f 8218/4780/1457 8220/4782/1458 8219/592/1458 8217/4781/1457
f 8220/4782/1458 8222/4783/1459 8221/4784/1459 8219/592/1458
f 8222/4783/1459 8224/4785/1460 8223/4786/1460 8221/4784/1459
f 8224/4785/1460 8226/4787/1461 8225/551/1461 8223/4786/1460
f 8226/4787/1461 8228/4788/1462 8227/4789/1462 8225/551/1461
f 8228/4788/1462 8230/4790/1463 8229/4791/1463 8227/4789/1462
f 8230/4790/1463 8232/4792/1464 8231/217/1464 8229/4791/1463
f 8232/4792/1464 8234/4793/1465 8233/4794/1465 8231/217/1464
f 8234/4793/1465 8236/4795/551 8235/4796/551 8233/4794/1465
f 8236/4795/551 8238/4797/1466 8237/209/1466 8235/4796/551
f 8238/4797/1466 8240/4798/1467 8239/4799/1467 8237/209/1466
f 8240/4798/1467 8242/4800/1468 8241/4801/1468 8239/4799/1467
f 8242/4800/1468 8244/4802/1469 8243/543/1469 8241/4801/1468
f 8244/4802/1469 8246/4803/1470 8245/4804/1470 8243/543/1469
f 8246/4803/1470 8248/4805/1471 8247/4806/1471 8245/4804/1470
f 8248/4805/1471 8250/4807/1472 8249/638/1472 8247/4806/1471
f 8250/4807/1472 8252/4808/1473 8251/4809/1473 8249/638/1472
f 8252/4808/1473 8254/4810/1474 8253/4811/1474 8251/4809/1473
f 8254/4810/1474 8256/4812/1475 8255/650/1475 8253/4811/1474
f 8256/4812/1475 8258/4813/1476 8257/4814/1476 8255/650/1475
f 8258/4813/1476 8260/4815/1477 8259/4816/1477 8257/4814/1476
f 8260/4815/1477 8262/4817/1478 8261/295/1478 8259/4816/1477
f 8262/4817/1478 8264/4818/1478 8263/4819/1478 8261/295/1478
f 8264/4818/1478 8266/4820/1478 8265/4821/1478 8263/4819/1478
f 8266/4820/1478 8268/4822/1478 8267/298/1478 8265/4821/1478
f 8268/4822/1478 8270/4823/1478 8269/4824/1478 8267/298/1478
f 8270/4823/1478 8272/4825/1478 8271/4826/1478 8269/4824/1478
f 8272/4825/1478 8274/4827/1478 8273/361/1478 8271/4826/1478
f 8274/4827/1478 8276/4828/1478 8275/4829/1478 8273/361/1478
f 8276/4828/1478 8278/4830/1478 8277/4831/1478 8275/4829/1478
f 8278/4830/1478 8280/4832/1478 8279/388/1478 8277/4831/1478
f 8280/4832/1478 8282/4833/1478 8281/4834/1478 8279/388/1478
f 8282/4833/1478 8284/4835/1479 8283/4836/1479 8281/4834/1478
f 8284/4835/1479 8286/4837/1480 8285/530/1480 8283/4836/1479
f 8286/4837/1480 8288/4838/1481 8287/4839/1481 8285/530/1480
f 8288/4838/1481 8290/4840/1482 8289/4841/1482 8287/4839/1481
f 8290/4840/1482 8292/4842/1483 8291/661/1483 8289/4841/1482
f 8292/4842/1483 8294/4843/1484 8293/4844/1484 8291/661/1483
f 8294/4843/1484 8296/4845/1485 8295/4846/1485 8293/4844/1484
f 8296/4845/1485 8298/4847/1486 8297/673/1486 8295/4846/1485
f 8298/4847/1486 8300/4848/1487 8299/4849/1487 8297/673/1486
f 8300/4848/1487 8302/4850/1488 8301/4851/1488 8299/4849/1487
f 8302/4850/1488 8304/4852/1489 8303/684/1489 8301/4851/1488
f 8304/4852/1489 8306/4853/1490 8305/4854/1490 8303/684/1489
f 8306/4853/1490 8308/4855/1491 8307/4856/1491 8305/4854/1490
f 8308/4855/1491 8310/4857/1492 8309/695/1492 8307/4856/1491
f 8310/4857/1492 8312/4858/1493 8311/4859/1493 8309/695/1492
f 8312/4858/1493 8314/4860/1494 8313/4861/1494 8311/4859/1493
f 8314/4860/1494 8316/4862/1495 8315/697/1495 8313/4861/1494
f 8316/4862/1495 8318/4863/1496 8317/4864/1496 8315/697/1495
f 8318/4863/1496 8320/4865/1497 8319/4866/1497 8317/4864/1496
f 8320/4865/1497 8322/4867/1498 8321/491/1498 8319/4866/1497
f 8322/4867/1498 8324/4868/1499 8323/4869/1499 8321/491/1498
f 8324/4868/1499 8326/4870/1500 8325/4871/1500 8323/4869/1499
f 8326/4870/1500 8328/4872/1501 8327/371/1501 8325/4871/1500
f 8328/4872/1501 8330/4873/1502 8329/4874/1502 8327/371/1501
f 8330/4873/1502 8332/4875/1503 8331/4876/1503 8329/4874/1502
f 8332/4875/1503 7896/1034/1320 7895/343/1320 8331/4876/1503
s 4233
f 8334/732/1504 8336/4877/1505 8335/4878/1505 8333/202/1504
f 8336/4877/1505 8338/4879/1506 8337/4880/1506 8335/4878/1505
f 8338/4879/1506 8340/4881/1507 8339/4882/1507 8337/4880/1506
f 8340/4881/1507 8342/4883/1508 8341/4884/1508 8339/4882/1507
f 8342/4883/1508 8344/4885/1509 8343/4886/1509 8341/4884/1508
f 8344/4885/1509 8346/4887/1510 8345/4888/1510 8343/4886/1509
f 8346/4887/1510 8348/4889/1511 8347/4890/1511 8345/4888/1510
f 8348/4889/1511 8350/4891/1512 8349/4892/1512 8347/4890/1511
f 8350/4891/1512 8352/769/1513 8351/770/1513 8349/4892/1512
f 8352/769/1513 8354/4893/1514 8353/4894/1514 8351/770/1513
f 8354/4893/1514 8356/4895/1515 8355/4896/1515 8353/4894/1514
f 8356/4895/1515 8358/4009/1516 8357/4010/1516 8355/4896/1515
f 8358/4009/1516 8360/4897/1517 8359/4898/1517 8357/4010/1516
f 8360/4897/1517 8362/4899/1518 8361/4900/1518 8359/4898/1517
f 8362/4899/1518 8364/4901/1519 8363/4902/1519 8361/4900/1518
f 8364/4901/1519 8366/4903/1520 8365/4904/1520 8363/4902/1519
f 8366/4903/1520 8368/4905/1521 8367/4906/1521 8365/4904/1520
f 8368/4905/1521 8370/807/1522 8369/808/1522 8367/4906/1521
f 8370/807/1522 8372/4907/1523 8371/4908/1523 8369/808/1522
f 8372/4907/1523 8374/4909/1524 8373/4910/1524 8371/4908/1523
f 8374/4909/1524 8376/4911/1525 8375/4912/1525 8373/4910/1524
f 8376/4911/1525 8378/4913/1526 8377/4914/1526 8375/4912/1525
f 8378/4913/1526 8380/4915/1527 8379/4916/1527 8377/4914/1526
f 8380/4915/1527 8382/1419/1528 8381/1420/1528 8379/4916/1527
f 8382/1419/1528 8384/4917/1529 8383/4918/1529 8381/1420/1528
f 8384/4917/1529 8386/4919/1530 8385/4920/1530 8383/4918/1529
f 8386/4919/1530 8388/845/1531 8387/846/1531 8385/4920/1530
f 8388/845/1531 8390/4921/1532 8389/4922/1532 8387/846/1531
f 8390/4921/1532 8392/4923/1533 8391/4924/1533 8389/4922/1532
f 8392/4923/1533 8394/4925/1534 8393/4926/1534 8391/4924/1533
f 8394/4925/1534 8396/4927/1535 8395/4928/1535 8393/4926/1534
f 8396/4927/1535 8398/4929/1536 8397/4930/1536 8395/4928/1535
f 8398/4929/1536 8400/4931/1537 8399/4932/1537 8397/4930/1536
f 8400/4931/1537 8402/4933/1538 8401/4934/1538 8399/4932/1537
f 8402/4933/1538 8404/4935/1539 8403/4936/1539 8401/4934/1538
f 8404/4935/1539 8406/883/1540 8405/441/1540 8403/4936/1539
f 8406/883/1540 8408/4937/1541 8407/4938/1541 8405/441/1540
f 8408/4937/1541 8410/4939/1542 8409/4940/1542 8407/4938/1541
f 8410/4939/1542 8412/4941/1543 8411/4942/1543 8409/4940/1542
f 8412/4941/1543 8414/4943/1544 8413/4944/1544 8411/4942/1543
f 8414/4943/1544 8416/4945/1545 8415/4946/1545 8413/4944/1544
f 8416/4945/1545 8418/4947/1546 8417/4948/1546 8415/4946/1545
f 8418/4947/1546 8420/4949/1547 8419/4950/1547 8417/4948/1546
f 8420/4949/1547 8422/4951/1548 8421/4952/1548 8419/4950/1547
f 8422/4951/1548 8424/920/1549 8423/921/1549 8421/4952/1548
f 8424/920/1549 8426/4953/1550 8425/4954/1550 8423/921/1549
f 8426/4953/1550 8428/4955/1551 8427/4956/1551 8425/4954/1550
f 8428/4955/1551 8430/1805/1552 8429/1806/1552 8427/4956/1551
f 8430/1805/1552 8432/4957/1553 8431/4958/1553 8429/1806/1552
f 8432/4957/1553 8434/4959/1554 8433/4960/1554 8431/4958/1553
f 8434/4959/1554 8436/4961/1555 8435/4962/1555 8433/4960/1554
f 8436/4961/1555 8438/4963/1556 8437/4964/1556 8435/4962/1555
f 8438/4963/1556 8440/4965/1557 8439/4966/1557 8437/4964/1556
f 8440/4965/1557 8442/958/1558 8441/959/1558 8439/4966/1557
f 8442/958/1558 8444/4967/1559 8443/4968/1559 8441/959/1558
f 8444/4967/1559 8446/4969/1459 8445/4970/1459 8443/4968/1559
f 8446/4969/1459 8448/4971/1560 8447/4972/1560 8445/4970/1459
f 8448/4971/1560 8450/4973/1561 8449/4974/1561 8447/4972/1560
f 8450/4973/1561 8452/4975/1562 8451/4976/1562 8449/4974/1561
f 8452/4975/1562 8454/4235/1563 8453/4236/1563 8451/4976/1562
f 8454/4235/1563 8456/4977/1564 8455/4978/1564 8453/4236/1563
f 8456/4977/1564 8458/4979/1564 8457/4980/1564 8455/4978/1564
f 8458/4979/1564 8460/996/1564 8459/997/1564 8457/4980/1564
f 8460/996/1564 8462/4981/1564 8461/4982/1564 8459/997/1564
f 8462/4981/1564 8464/4983/1564 8463/4984/1564 8461/4982/1564
f 8464/4983/1564 8466/4985/1564 8465/4986/1564 8463/4984/1564
f 8466/4985/1564 8468/4987/1564 8467/4988/1564 8465/4986/1564
f 8468/4987/1564 8470/4989/1564 8469/4990/1564 8467/4988/1564
f 8470/4989/1564 8472/4991/1564 8471/4992/1564 8469/4990/1564
f 8472/4991/1564 8474/4993/1564 8473/4994/1564 8471/4992/1564
f 8474/4993/1564 8476/4995/1564 8475/4996/1564 8473/4994/1564
f 8476/4995/1564 8334/1034/1504 8333/343/1504 8475/4996/1564
s 0
f 8502/4997/1 8504/4998/1 8503/1806/1
f 8502/4997/1 8505/4999/1 8504/4998/1
f 8501/5000/1 8505/4999/1 8502/4997/1
f 8500/5001/1 8505/4999/1 8501/5000/1
f 8499/5002/1 8505/4999/1 8500/5001/1
f 8498/5003/1 8505/4999/1 8499/5002/1
f 8497/5004/1 8505/4999/1 8498/5003/1
f 8496/5005/1 8505/4999/1 8497/5004/1
f 8495/5006/1 8505/4999/1 8496/5005/1
f 8494/5007/1 8505/4999/1 8495/5006/1
f 8493/5008/1 8505/4999/1 8494/5007/1
f 8492/5009/1 8505/4999/1 8493/5008/1
f 8491/5010/1 8505/4999/1 8492/5009/1
f 8490/1420/1 8505/4999/1 8491/5010/1
f 8489/5011/1 8505/4999/1 8490/1420/1
f 8488/5012/1 8505/4999/1 8489/5011/1
f 8487/5013/1 8505/4999/1 8488/5012/1
f 8486/5014/1 8505/4999/1 8487/5013/1
f 8485/5015/1 8505/4999/1 8486/5014/1
f 8484/5016/1 8505/4999/1 8485/5015/1
f 8483/5017/1 8505/4999/1 8484/5016/1
f 8482/5018/1 8505/4999/1 8483/5017/1
f 8482/5018/1 8506/5019/1 8505/4999/1
f 8482/5018/1 8507/5020/1 8506/5019/1
f 8482/5018/1 8508/5021/1 8507/5020/1
f 8481/5022/1 8508/5021/1 8482/5018/1
f 8481/5022/1 8509/5023/1 8508/5021/1
f 8481/5022/1 8510/5024/1 8509/5023/1
f 8481/5022/1 8511/5025/1 8510/5024/1
f 8480/5026/1 8511/5025/1 8481/5022/1
f 8480/5026/1 8512/5027/1 8511/5025/1
f 8480/5026/1 8513/5028/1 8512/5027/1
f 8479/5029/1 8513/5028/1 8480/5026/1
f 8479/5029/1 8514/5030/1 8513/5028/1
f 8479/5029/1 8515/5031/1 8514/5030/1
f 8478/5032/1 8515/5031/1 8479/5029/1
f 8478/5032/1 8516/343/1 8515/5031/1
f 8477/202/1 8516/343/1 8478/5032/1
f 8542/4997/5 8543/1806/5 8544/4998/5
f 8542/4997/5 8544/4998/5 8545/4999/5
f 8541/5000/5 8542/4997/5 8545/4999/5
f 8540/5001/5 8541/5000/5 8545/4999/5
f 8539/5002/5 8540/5001/5 8545/4999/5
f 8538/5003/5 8539/5002/5 8545/4999/5
f 8537/5004/5 8538/5003/5 8545/4999/5
f 8536/5005/5 8537/5004/5 8545/4999/5
f 8535/5006/5 8536/5005/5 8545/4999/5
f 8534/5007/5 8535/5006/5 8545/4999/5
f 8533/5008/5 8534/5007/5 8545/4999/5
f 8532/5009/5 8533/5008/5 8545/4999/5
f 8531/5010/5 8532/5009/5 8545/4999/5
f 8530/1420/5 8531/5010/5 8545/4999/5
f 8529/5011/5 8530/1420/5 8545/4999/5
f 8528/5012/5 8529/5011/5 8545/4999/5
f 8527/5013/5 8528/5012/5 8545/4999/5
f 8526/5014/5 8527/5013/5 8545/4999/5
f 8525/5015/5 8526/5014/5 8545/4999/5
f 8524/5016/5 8525/5015/5 8545/4999/5
f 8523/5017/5 8524/5016/5 8545/4999/5
f 8522/5018/5 8523/5017/5 8545/4999/5
f 8522/5018/5 8545/4999/5 8546/5019/5
f 8522/5018/5 8546/5019/5 8547/5020/5
f 8522/5018/5 8547/5020/5 8548/5021/5
f 8521/5022/5 8522/5018/5 8548/5021/5
f 8521/5022/5 8548/5021/5 8549/5023/5
f 8521/5022/5 8549/5023/5 8550/5024/5
f 8521/5022/5 8550/5024/5 8551/5025/5
f 8520/5026/5 8521/5022/5 8551/5025/5
f 8520/5026/5 8551/5025/5 8552/5027/5
f 8520/5026/5 8552/5027/5 8553/5028/5
f 8519/5029/5 8520/5026/5 8553/5028/5
f 8519/5029/5 8553/5028/5 8554/5030/5
f 8519/5029/5 8554/5030/5 8555/5031/5
f 8518/5032/5 8519/5029/5 8555/5031/5
f 8518/5032/5 8555/5031/5 8556/343/5
f 8517/202/5 8518/5032/5 8556/343/5
s 4310
f 8558/732/1478 8560/5033/1565 8559/5034/1565 8557/202/1478
f 8560/5033/1565 8562/5035/1566 8561/5036/1566 8559/5034/1565
f 8562/5035/1566 8564/5037/1567 8563/5038/1567 8561/5036/1566
f 8564/5037/1567 8566/5039/1568 8565/359/1568 8563/5038/1567
f 8566/5039/1568 8568/769/1569 8567/770/1569 8565/359/1568
f 8568/769/1569 8570/5040/1570 8569/5041/1570 8567/770/1569
f 8570/5040/1570 8572/5042/1571 8571/5043/1571 8569/5041/1570
f 8572/5042/1571 8574/5044/1572 8573/154/1572 8571/5043/1571
f 8574/5044/1572 8576/5045/1573 8575/5046/1573 8573/154/1572
f 8576/5045/1573 8578/807/1574 8577/808/1574 8575/5046/1573
f 8578/807/1574 8580/5047/1575 8579/5048/1575 8577/808/1574
f 8580/5047/1575 8582/5049/1576 8581/320/1576 8579/5048/1575
f 8582/5049/1576 8584/5050/1577 8583/5051/1577 8581/320/1576
f 8584/5050/1577 8586/5052/1577 8585/5053/1577 8583/5051/1577
f 8586/5052/1577 8588/845/1577 8587/846/1577 8585/5053/1577
f 8588/845/1577 8590/5054/1577 8589/197/1577 8587/846/1577
f 8590/5054/1577 8592/5055/1577 8591/5056/1577 8589/197/1577
f 8592/5055/1577 8594/5057/1577 8593/5058/1577 8591/5056/1577
f 8594/5057/1577 8596/5059/1577 8595/5060/1577 8593/5058/1577
f 8596/5059/1577 8598/883/1577 8597/441/1577 8595/5060/1577
f 8598/883/1577 8600/5061/1577 8599/5062/1577 8597/441/1577
f 8600/5061/1577 8602/5063/1577 8601/5064/1577 8599/5062/1577
f 8602/5063/1577 8604/5065/1577 8603/5066/1577 8601/5064/1577
f 8604/5065/1577 8606/5067/1578 8605/27/1578 8603/5066/1577
f 8606/5067/1578 8608/920/1579 8607/921/1579 8605/27/1578
f 8608/920/1579 8610/5068/1580 8609/5069/1580 8607/921/1579
f 8610/5068/1580 8612/5070/1581 8611/5071/1581 8609/5069/1580
f 8612/5070/1581 8614/5072/1582 8613/123/1582 8611/5071/1581
f 8614/5072/1582 8616/5073/1583 8615/5074/1583 8613/123/1582
f 8616/5073/1583 8618/958/1583 8617/959/1583 8615/5074/1583
f 8618/958/1583 8620/5075/1583 8619/5076/1583 8617/959/1583
f 8620/5075/1583 8622/5077/1583 8621/599/1583 8619/5076/1583
f 8622/5077/1583 8624/5078/1583 8623/5079/1583 8621/599/1583
f 8624/5078/1583 8626/5080/1583 8625/5081/1583 8623/5079/1583
f 8626/5080/1583 8628/996/1583 8627/997/1583 8625/5081/1583
f 8628/996/1583 8630/5082/1583 8629/653/1583 8627/997/1583
f 8630/5082/1583 8632/5083/1583 8631/5084/1583 8629/653/1583
f 8632/5083/1583 8634/5085/1583 8633/5086/1583 8631/5084/1583
f 8634/5085/1583 8636/5087/1583 8635/5088/1583 8633/5086/1583
f 8636/5087/1583 8558/1034/1478 8557/343/1478 8635/5088/1583
s 0
f 8661/5028/1 8663/343/1 8662/5089/1
f 8660/5090/1 8663/343/1 8661/5028/1
f 8660/5090/1 8637/202/1 8663/343/1
f 8659/5024/1 8637/202/1 8660/5090/1
f 8658/5091/1 8637/202/1 8659/5024/1
f 8657/5020/1 8637/202/1 8658/5091/1
f 8656/5092/1 8637/202/1 8657/5020/1
f 8655/4998/1 8637/202/1 8656/5092/1
f 8654/5093/1 8637/202/1 8655/4998/1
f 8653/5000/1 8637/202/1 8654/5093/1
f 8652/5094/1 8637/202/1 8653/5000/1
f 8651/5003/1 8637/202/1 8652/5094/1
f 8650/441/1 8637/202/1 8651/5003/1
f 8649/5006/1 8637/202/1 8650/441/1
f 8649/5006/1 8638/5095/1 8637/202/1
f 8648/5096/1 8638/5095/1 8649/5006/1
f 8648/5096/1 8639/5026/1 8638/5095/1
f 8647/5009/1 8639/5026/1 8648/5096/1
f 8647/5009/1 8640/5097/1 8639/5026/1
f 8646/5098/1 8640/5097/1 8647/5009/1
f 8646/5098/1 8641/5017/1 8640/5097/1
f 8645/5011/1 8641/5017/1 8646/5098/1
f 8644/5099/1 8641/5017/1 8645/5011/1
f 8644/5099/1 8642/5100/1 8641/5017/1
f 8643/5014/1 8642/5100/1 8644/5099/1
f 8688/5028/5 8689/5089/5 8690/343/5
f 8687/5090/5 8688/5028/5 8690/343/5
f 8687/5090/5 8690/343/5 8664/202/5
f 8686/5024/5 8687/5090/5 8664/202/5
f 8685/5091/5 8686/5024/5 8664/202/5
f 8684/5020/5 8685/5091/5 8664/202/5
f 8683/5092/5 8684/5020/5 8664/202/5
f 8682/4998/5 8683/5092/5 8664/202/5
f 8681/5093/5 8682/4998/5 8664/202/5
f 8680/5000/5 8681/5093/5 8664/202/5
f 8679/5094/5 8680/5000/5 8664/202/5
f 8678/5003/5 8679/5094/5 8664/202/5
f 8677/441/5 8678/5003/5 8664/202/5
f 8676/5006/5 8677/441/5 8664/202/5
f 8676/5006/5 8664/202/5 8665/5095/5
f 8675/5096/5 8676/5006/5 8665/5095/5
f 8675/5096/5 8665/5095/5 8666/5026/5
f 8674/5009/5 8675/5096/5 8666/5026/5
f 8674/5009/5 8666/5026/5 8667/5097/5
f 8673/5098/5 8674/5009/5 8667/5097/5
f 8673/5098/5 8667/5097/5 8668/5017/5
f 8672/5011/5 8673/5098/5 8668/5017/5
f 8671/5099/5 8672/5011/5 8668/5017/5
f 8671/5099/5 8668/5017/5 8669/5100/5
f 8670/5014/5 8671/5099/5 8669/5100/5
s 4361
f 8692/732/1584 8694/5101/1585 8693/5102/1585 8691/202/1584
f 8694/5101/1585 8696/5103/1586 8695/5104/1586 8693/5102/1585
f 8696/5103/1586 8698/4891/1587 8697/4892/1587 8695/5104/1586
f 8698/4891/1587 8700/5105/1588 8699/5106/1588 8697/4892/1587
f 8700/5105/1588 8702/5107/1589 8701/5108/1589 8699/5106/1588
f 8702/5107/1589 8704/4903/1590 8703/4904/1590 8701/5108/1589
f 8704/4903/1590 8706/5109/1591 8705/5110/1591 8703/4904/1590
f 8706/5109/1591 8708/5111/1592 8707/5112/1592 8705/5110/1591
f 8708/5111/1592 8710/1419/1593 8709/1420/1593 8707/5112/1592
f 8710/1419/1593 8712/5113/1594 8711/5114/1594 8709/1420/1593
f 8712/5113/1594 8714/5115/1595 8713/5116/1595 8711/5114/1594
f 8714/5115/1595 8716/4929/1596 8715/4930/1596 8713/5116/1595
f 8716/4929/1596 8718/5117/1597 8717/5118/1597 8715/4930/1596
f 8718/5117/1597 8720/5119/1597 8719/5120/1597 8717/5118/1597
f 8720/5119/1597 8722/4943/1597 8721/4944/1597 8719/5120/1597
f 8722/4943/1597 8724/5121/1597 8723/5122/1597 8721/4944/1597
f 8724/5121/1597 8726/5123/1597 8725/5124/1597 8723/5122/1597
f 8726/5123/1597 8728/1805/1597 8727/1806/1597 8725/5124/1597
f 8728/1805/1597 8730/5125/1597 8729/5126/1597 8727/1806/1597
f 8730/5125/1597 8732/5127/1597 8731/5128/1597 8729/5126/1597
f 8732/5127/1597 8734/4969/1597 8733/4970/1597 8731/5128/1597
f 8734/4969/1597 8736/5129/1597 8735/5130/1597 8733/4970/1597
f 8736/5129/1597 8738/5131/1597 8737/5132/1597 8735/5130/1597
f 8738/5131/1597 8740/4981/1598 8739/4982/1598 8737/5132/1597
f 8740/4981/1598 8742/5133/1599 8741/5134/1599 8739/4982/1598
f 8742/5133/1599 8744/5135/1600 8743/5136/1600 8741/5134/1599
f 8744/5135/1600 8692/1034/1584 8691/343/1584 8743/5136/1600
s 0
g shell_logo_Material_jaune
usemtl Material_jaune
f 3214/441/1 3216/2191/1 3215/2192/1
f 3213/2193/1 3216/2191/1 3214/441/1
f 3213/2193/1 3217/2194/1 3216/2191/1
f 3212/2195/1 3217/2194/1 3213/2193/1
f 3212/2195/1 3218/2196/1 3217/2194/1
f 3211/2197/1 3218/2196/1 3212/2195/1
f 3267/2198/1 3269/2199/1 3268/2200/1
f 3267/2198/1 3270/2201/1 3269/2199/1
f 3266/2202/1 3270/2201/1 3267/2198/1
f 3266/2202/1 3271/2203/1 3270/2201/1
f 3265/2204/1 3271/2203/1 3266/2202/1
f 3210/2205/1 3218/2196/1 3211/2197/1
f 3265/2204/1 3272/2206/1 3271/2203/1
f 3265/2204/1 3273/2207/1 3272/2206/1
f 3209/2208/1 3218/2196/1 3210/2205/1
f 3265/2204/1 3274/2209/1 3273/2207/1
f 3208/2210/1 3218/2196/1 3209/2208/1
f 3265/2204/1 3275/2211/1 3274/2209/1
f 3208/2210/1 3219/2212/1 3218/2196/1
f 3207/2213/1 3219/2212/1 3208/2210/1
f 3265/2204/1 3276/2214/1 3275/2211/1
f 3265/2204/1 3277/2215/1 3276/2214/1
f 3206/2216/1 3219/2212/1 3207/2213/1
f 3265/2204/1 3278/2217/1 3277/2215/1
f 3205/2218/1 3219/2212/1 3206/2216/1
f 3265/2204/1 3279/2219/1 3278/2217/1
f 3204/2220/1 3219/2212/1 3205/2218/1
f 3265/2204/1 3280/2221/1 3279/2219/1
f 3204/2220/1 3220/2222/1 3219/2212/1
f 3325/2223/1 3327/2224/1 3326/2225/1
f 3164/2226/1 3166/2227/1 3165/2228/1
f 3163/2229/1 3166/2227/1 3164/2226/1
f 3162/2230/1 3166/2227/1 3163/2229/1
f 3161/2231/1 3166/2227/1 3162/2230/1
f 3160/2232/1 3166/2227/1 3161/2231/1
f 3159/2233/1 3166/2227/1 3160/2232/1
f 3158/2234/1 3166/2227/1 3159/2233/1
f 3157/2235/1 3166/2227/1 3158/2234/1
f 3157/2235/1 3167/2236/1 3166/2227/1
f 3156/2237/1 3167/2236/1 3157/2235/1
f 3155/2238/1 3167/2236/1 3156/2237/1
f 3324/2239/1 3327/2224/1 3325/2223/1
f 3154/2240/1 3167/2236/1 3155/2238/1
f 3153/2241/1 3167/2236/1 3154/2240/1
f 3152/2242/1 3167/2236/1 3153/2241/1
f 3265/2204/1 3281/2243/1 3280/2221/1
f 3151/2244/1 3167/2236/1 3152/2242/1
f 3150/2245/1 3167/2236/1 3151/2244/1
f 3150/2245/1 3168/2246/1 3167/2236/1
f 3324/2239/1 3328/2247/1 3327/2224/1
f 3149/2248/1 3168/2246/1 3150/2245/1
f 3324/2239/1 3329/2249/1 3328/2247/1
f 3324/2239/1 3330/2250/1 3329/2249/1
f 3324/2239/1 3331/2251/1 3330/2250/1
f 3148/2252/1 3168/2246/1 3149/2248/1
f 3324/2239/1 3332/2253/1 3331/2251/1
f 3324/2239/1 3333/2254/1 3332/2253/1
f 3147/2255/1 3168/2246/1 3148/2252/1
f 3204/2220/1 3221/2256/1 3220/2222/1
f 3324/2239/1 3334/2257/1 3333/2254/1
f 3323/2258/1 3334/2257/1 3324/2239/1
f 3323/2258/1 3335/2259/1 3334/2257/1
f 3146/2260/1 3168/2246/1 3147/2255/1
f 3323/2258/1 3336/2261/1 3335/2259/1
f 3323/2258/1 3337/2262/1 3336/2261/1
f 3146/2260/1 3169/2263/1 3168/2246/1
f 3323/2258/1 3338/2264/1 3337/2262/1
f 3145/2265/1 3169/2263/1 3146/2260/1
f 3323/2258/1 3339/2266/1 3338/2264/1
f 3323/2258/1 3340/2267/1 3339/2266/1
f 3144/2268/1 3169/2263/1 3145/2265/1
f 3323/2258/1 3341/2269/1 3340/2267/1
f 3323/2258/1 3342/2270/1 3341/2269/1
f 3323/2258/1 3343/2271/1 3342/2270/1
f 3265/2204/1 3282/2272/1 3281/2243/1
f 3143/2273/1 3169/2263/1 3144/2268/1
f 3323/2258/1 3344/2274/1 3343/2271/1
f 3323/2258/1 3345/2275/1 3344/2274/1
f 3323/2258/1 3346/2276/1 3345/2275/1
f 3323/2258/1 3347/2277/1 3346/2276/1
f 3142/2278/1 3169/2263/1 3143/2273/1
f 3323/2258/1 3348/2279/1 3347/2277/1
f 3323/2258/1 3349/2280/1 3348/2279/1
f 3323/2258/1 3350/2281/1 3349/2280/1
f 3141/2282/1 3169/2263/1 3142/2278/1
f 3141/2282/1 3170/2283/1 3169/2263/1
f 3323/2258/1 3351/2284/1 3350/2281/1
f 3322/2285/1 3351/2284/1 3323/2258/1
f 3322/2285/1 3352/2286/1 3351/2284/1
f 3322/2285/1 3353/2287/1 3352/2286/1
f 3140/2288/1 3170/2283/1 3141/2282/1
f 3322/2285/1 3354/2289/1 3353/2287/1
f 3322/2285/1 3355/2290/1 3354/2289/1
f 3204/2220/1 3222/2291/1 3221/2256/1
f 3322/2285/1 3356/2292/1 3355/2290/1
f 3322/2285/1 3357/2293/1 3356/2292/1
f 3140/2288/1 3171/2294/1 3170/2283/1
f 3322/2285/1 3358/2295/1 3357/2293/1
f 3265/2204/1 3283/2296/1 3282/2272/1
f 3322/2285/1 3359/2297/1 3358/2295/1
f 3401/2298/1 3403/2299/1 3402/2300/1
f 3401/2298/1 3404/2301/1 3403/2299/1
f 3401/2298/1 3405/2302/1 3404/2301/1
f 3090/2303/1 3092/2304/1 3091/2305/1
f 3401/2298/1 3406/2306/1 3405/2302/1
f 3401/2298/1 3407/2307/1 3406/2306/1
f 3322/2285/1 3360/2308/1 3359/2297/1
f 3401/2298/1 3408/2309/1 3407/2307/1
f 3401/2298/1 3409/2310/1 3408/2309/1
f 3401/2298/1 3410/2311/1 3409/2310/1
f 3321/2312/1 3360/2308/1 3322/2285/1
f 3401/2298/1 3411/2313/1 3410/2311/1
f 3401/2298/1 3412/2314/1 3411/2313/1
f 3090/2303/1 3093/2315/1 3092/2304/1
f 3089/2316/1 3093/2315/1 3090/2303/1
f 3401/2298/1 3413/2317/1 3412/2314/1
f 3321/2312/1 3361/2318/1 3360/2308/1
f 3401/2298/1 3414/2319/1 3413/2317/1
f 3401/2298/1 3415/2320/1 3414/2319/1
f 3321/2312/1 3362/2321/1 3361/2318/1
f 3088/2322/1 3093/2315/1 3089/2316/1
f 3401/2298/1 3416/2323/1 3415/2320/1
f 3321/2312/1 3363/2324/1 3362/2321/1
f 3321/2312/1 3364/2325/1 3363/2324/1
f 3140/2288/1 3172/2326/1 3171/2294/1
f 3401/2298/1 3417/2327/1 3416/2323/1
f 3087/2328/1 3093/2315/1 3088/2322/1
f 3087/2328/1 3094/2329/1 3093/2315/1
f 3401/2298/1 3418/2330/1 3417/2327/1
f 3086/2331/1 3094/2329/1 3087/2328/1
f 3204/2220/1 3223/2332/1 3222/2291/1
f 3401/2298/1 3419/2333/1 3418/2330/1
f 3085/2334/1 3094/2329/1 3086/2331/1
f 3401/2298/1 3420/2335/1 3419/2333/1
f 3265/2204/1 3284/2336/1 3283/2296/1
f 3084/2337/1 3094/2329/1 3085/2334/1
f 3401/2298/1 3421/2338/1 3420/2335/1
f 3140/2288/1 3173/2339/1 3172/2326/1
f 3084/2337/1 3095/2340/1 3094/2329/1
f 3083/2341/1 3095/2340/1 3084/2337/1
f 3401/2298/1 3422/2342/1 3421/2338/1
f 3320/2343/1 3364/2325/1 3321/2312/1
f 3401/2298/1 3423/2344/1 3422/2342/1
f 3082/2345/1 3095/2340/1 3083/2341/1
f 3401/2298/1 3424/2346/1 3423/2344/1
f 3081/2347/1 3095/2340/1 3082/2345/1
f 3401/2298/1 3425/2348/1 3424/2346/1
f 3140/2288/1 3174/2349/1 3173/2339/1
f 3081/2347/1 3096/2350/1 3095/2340/1
f 3080/2351/1 3096/2350/1 3081/2347/1
f 3401/2298/1 3426/2352/1 3425/2348/1
f 3079/2353/1 3096/2350/1 3080/2351/1
f 3204/2220/1 3224/2354/1 3223/2332/1
f 3401/2298/1 3427/2355/1 3426/2352/1
f 3401/2298/1 3428/2356/1 3427/2355/1
f 3265/2204/1 3285/2357/1 3284/2336/1
f 3078/2358/1 3096/2350/1 3079/2353/1
f 3401/2298/1 3429/2359/1 3428/2356/1
f 3140/2288/1 3175/2360/1 3174/2349/1
f 3319/2361/1 3364/2325/1 3320/2343/1
f 3401/2298/1 3430/2362/1 3429/2359/1
f 3078/2358/1 3097/2363/1 3096/2350/1
f 3140/2288/1 3176/2364/1 3175/2360/1
f 3401/2298/1 3431/2365/1 3430/2362/1
f 3140/2288/1 3177/2366/1 3176/2364/1
f 3401/2298/1 3432/2367/1 3431/2365/1
f 3140/2288/1 3178/2368/1 3177/2366/1
f 3036/2369/1 3038/2370/1 3037/2371/1
f 3036/2369/1 3039/2372/1 3038/2370/1
f 3036/2369/1 3040/2373/1 3039/2372/1
f 3476/2374/3 3478/2375/3 3477/2376/3
f 3476/2374/1 3479/2377/1 3478/2375/1
f 3475/2378/1 3479/2377/1 3476/2374/1
f 3475/2378/1 3480/2379/1 3479/2377/1
f 3474/2380/1 3480/2379/1 3475/2378/1
f 3036/2369/1 3041/2381/1 3040/2373/1
f 3474/2380/1 3481/2382/1 3480/2379/1
f 3473/2383/1 3481/2382/1 3474/2380/1
f 3473/2383/1 3482/2384/1 3481/2382/1
f 3472/2385/1 3482/2384/1 3473/2383/1
f 3472/2385/1 3483/2386/1 3482/2384/1
f 3471/2387/1 3483/2386/1 3472/2385/1
f 3471/2387/1 3484/2388/1 3483/2386/1
f 3470/2389/1 3484/2388/1 3471/2387/1
f 3469/2390/1 3484/2388/1 3470/2389/1
f 3469/2390/1 3485/2391/1 3484/2388/1
f 3468/2392/1 3485/2391/1 3469/2390/1
f 3467/2393/1 3485/2391/1 3468/2392/1
f 3467/2393/1 3486/2394/1 3485/2391/1
f 3467/2393/1 3487/2395/1 3486/2394/1
f 3467/2393/1 3488/2396/1 3487/2395/1
f 3036/2369/1 3042/2397/1 3041/2381/1
f 3467/2393/1 3489/2398/1 3488/2396/1
f 3467/2393/1 3490/2399/1 3489/2398/1
f 3467/2393/1 3491/2400/1 3490/2399/1
f 3467/2393/545 3492/2401/545 3491/2400/545
f 3467/2393/1 3493/2402/1 3492/2401/1
f 3204/2220/1 3225/2403/1 3224/2354/1
f 3401/2298/1 3433/2404/1 3432/2367/1
f 3036/2369/1 3043/2405/1 3042/2397/1
f 3036/2369/1 3044/2406/1 3043/2405/1
f 3036/2369/1 3045/2407/1 3044/2406/1
f 3265/2204/1 3286/2408/1 3285/2357/1
f 3078/2358/1 3098/2409/1 3097/2363/1
f 3035/2410/1 3045/2407/1 3036/2369/1
f 3467/2393/1 3494/2411/1 3493/2402/1
f 3035/2410/1 3046/2412/1 3045/2407/1
f 3035/2410/1 3047/2413/1 3046/2412/1
f 3035/2410/1 3048/2414/1 3047/2413/1
f 3035/2410/1 3049/2415/1 3048/2414/1
f 3035/2410/1 3050/2416/1 3049/2415/1
f 3467/2393/1 3495/2417/1 3494/2411/1
f 3318/2418/1 3364/2325/1 3319/2361/1
f 3034/2419/1 3050/2416/1 3035/2410/1
f 3401/2298/1 3434/2420/1 3433/2404/1
f 3467/2393/1 3496/2421/1 3495/2417/1
f 3033/2422/1 3050/2416/1 3034/2419/1
f 3467/2393/1 3497/2423/1 3496/2421/1
f 3401/2298/1 3435/2424/1 3434/2420/1
f 3467/2393/1 3498/2425/1 3497/2423/1
f 3032/2426/1 3050/2416/1 3033/2422/1
f 3467/2393/1 3499/2427/1 3498/2425/1
f 3401/2298/1 3436/2428/1 3435/2424/1
f 3031/2429/1 3050/2416/1 3032/2426/1
f 3078/2358/1 3099/2430/1 3098/2409/1
f 3467/2393/1 3500/2431/1 3499/2427/1
f 3030/2432/1 3050/2416/1 3031/2429/1
f 3401/2298/1 3437/2433/1 3436/2428/1
f 3467/2393/1 3501/2434/1 3500/2431/1
f 3203/2435/1 3225/2403/1 3204/2220/1
f 3401/2298/1 3438/2436/1 3437/2433/1
f 3202/2437/1 3225/2403/1 3203/2435/1
f 3202/2437/1 3226/2438/1 3225/2403/1
f 3467/2393/1 3502/2439/1 3501/2434/1
f 3265/2204/1 3287/2440/1 3286/2408/1
f 3401/2298/1 3439/2441/1 3438/2436/1
f 3029/2442/1 3050/2416/1 3030/2432/1
f 3201/2443/1 3226/2438/1 3202/2437/1
f 3467/2393/1 3503/343/1 3502/2439/1
f 3317/2444/1 3364/2325/1 3318/2418/1
f 3028/2445/1 3050/2416/1 3029/2442/1
f 3467/2393/1 2925/202/1 3503/343/1
f 3200/2446/1 3226/2438/1 3201/2443/1
f 3467/2393/1 2926/2447/1 2925/202/1
f 3027/2448/1 3050/2416/1 3028/2445/1
f 3466/2449/1 2926/2447/1 3467/2393/1
f 3078/2358/1 3100/2450/1 3099/2430/1
f 3466/2449/1 2927/2451/1 2926/2447/1
f 3466/2449/1 2928/2452/1 2927/2451/1
f 3199/2453/1 3226/2438/1 3200/2446/1
f 3026/2454/1 3050/2416/1 3027/2448/1
f 3466/2449/1 2929/2455/1 2928/2452/1
f 3466/2449/1 2930/2456/1 2929/2455/1
f 3026/2454/1 3051/2457/1 3050/2416/1
f 3466/2449/1 2931/2458/1 2930/2456/1
f 3025/2459/1 3051/2457/1 3026/2454/1
f 3466/2449/1 2932/2460/1 2931/2458/1
f 3466/2449/1 2933/2461/1 2932/2460/1
f 3198/2462/1 3226/2438/1 3199/2453/1
f 3265/2204/1 3288/2463/1 3287/2440/1
f 3466/2449/1 2934/2464/1 2933/2461/1
f 3024/2465/1 3051/2457/1 3025/2459/1
f 3198/2462/1 3227/2466/1 3226/2438/1
f 3466/2449/1 2935/2467/1 2934/2464/1
f 3023/2468/1 3051/2457/1 3024/2465/1
f 3316/2469/1 3364/2325/1 3317/2444/1
f 3022/2470/1 3051/2457/1 3023/2468/1
f 3078/2358/1 3101/2471/1 3100/2450/1
f 3466/2449/1 2936/2472/1 2935/2467/1
f 3021/2473/1 3051/2457/1 3022/2470/1
f 3020/2474/1 3051/2457/1 3021/2473/1
f 3019/2475/1 3051/2457/1 3020/2474/1
f 3466/2449/1 2937/2476/1 2936/2472/1
f 3018/2477/1 3051/2457/1 3019/2475/1
f 3017/2478/1 3051/2457/1 3018/2477/1
f 3197/2479/1 3227/2466/1 3198/2462/1
f 3016/2480/1 3051/2457/1 3017/2478/1
f 3466/2449/1 2938/2481/1 2937/2476/1
f 3015/2482/1 3051/2457/1 3016/2480/1
f 3466/2449/1 2939/2483/1 2938/2481/1
f 3014/2484/1 3051/2457/1 3015/2482/1
f 3013/2485/1 3051/2457/1 3014/2484/1
f 3012/2486/1 3051/2457/1 3013/2485/1
f 3011/2487/1 3051/2457/1 3012/2486/1
f 3466/2449/1 2940/2488/1 2939/2483/1
f 3010/2489/1 3051/2457/1 3011/2487/1
f 3196/2490/1 3227/2466/1 3197/2479/1
f 3466/2449/1 2941/2491/1 2940/2488/1
f 3465/2492/1 2941/2491/1 3466/2449/1
f 3078/2358/1 3102/2493/1 3101/2471/1
f 3009/2494/1 3051/2457/1 3010/2489/1
f 3264/2495/1 3288/2463/1 3265/2204/1
f 3264/2495/1 3289/2496/1 3288/2463/1
f 3263/2497/1 3289/2496/1 3264/2495/1
f 3262/2498/1 3289/2496/1 3263/2497/1
f 3315/2499/1 3364/2325/1 3316/2469/1
f 3465/2492/1 2942/2500/1 2941/2491/1
f 3009/2494/1 3052/2501/1 3051/2457/1
f 3196/2490/1 3228/2502/1 3227/2466/1
f 3261/2503/1 3289/2496/1 3262/2498/1
f 3195/2504/1 3228/2502/1 3196/2490/1
f 3008/2505/1 3052/2501/1 3009/2494/1
f 3260/2506/1 3289/2496/1 3261/2503/1
f 3078/2358/1 3103/2507/1 3102/2493/1
f 3140/2288/1 3179/2508/1 3178/2368/1
f 3465/2492/1 2943/2509/1 2942/2500/1
f 3259/2510/1 3289/2496/1 3260/2506/1
f 3078/2358/1 3104/2511/1 3103/2507/1
f 3194/2512/1 3228/2502/1 3195/2504/1
f 3007/2513/1 3052/2501/1 3008/2505/1
f 3258/2514/1 3289/2496/1 3259/2510/1
f 3258/2514/1 3290/2515/1 3289/2496/1
f 3257/2516/1 3290/2515/1 3258/2514/1
f 3314/2517/1 3364/2325/1 3315/2499/1
f 3465/2492/1 2944/2518/1 2943/2509/1
f 3193/2519/1 3228/2502/1 3194/2512/1
f 3256/2520/1 3290/2515/1 3257/2516/1
f 3314/2517/1 3365/2521/1 3364/2325/1
f 3193/2519/1 3229/2522/1 3228/2502/1
f 3400/2523/1 3439/2441/1 3401/2298/1
f 3006/2524/1 3052/2501/1 3007/2513/1
f 3399/2525/1 3439/2441/1 3400/2523/1
f 3256/2520/1 3291/2526/1 3290/2515/1
f 3256/2520/1 3292/2527/1 3291/2526/1
f 3256/2520/1 3293/2528/1 3292/2527/1
f 3398/2529/1 3439/2441/1 3399/2525/1
f 3256/2520/1 3294/2530/1 3293/2528/1
f 3256/2520/1 3295/2531/1 3294/2530/1
f 3313/2532/1 3365/2521/1 3314/2517/1
f 3312/2533/1 3365/2521/1 3313/2532/1
f 3256/2520/1 3296/2534/1 3295/2531/1
f 3255/2535/1 3296/2534/1 3256/2520/1
f 3311/2536/1 3365/2521/1 3312/2533/1
f 3255/2535/1 3297/2537/1 3296/2534/1
f 3139/2538/1 3179/2508/1 3140/2288/1
f 3310/2539/1 3365/2521/1 3311/2536/1
f 3397/2540/1 3439/2441/1 3398/2529/1
f 3255/2535/1 3298/2541/1 3297/2537/1
f 3138/2542/1 3179/2508/1 3139/2538/1
f 3192/2543/1 3229/2522/1 3193/2519/1
f 3309/2544/1 3365/2521/1 3310/2539/1
f 3255/2535/1 3299/2545/1 3298/2541/1
f 3308/2546/1 3365/2521/1 3309/2544/1
f 3255/2535/1 3300/2547/1 3299/2545/1
f 3307/2548/1 3365/2521/1 3308/2546/1
f 3137/2549/1 3179/2508/1 3138/2542/1
f 3255/2535/1 3301/2550/1 3300/2547/1
f 3306/2551/1 3365/2521/1 3307/2548/1
f 3255/2535/1 3302/2552/1 3301/2550/1
f 3305/2553/1 3365/2521/1 3306/2551/1
f 3255/2535/1 3303/2554/1 3302/2552/1
f 3304/2555/1 3365/2521/1 3305/2553/1
f 3255/2535/3 3304/2555/3 3303/2554/3
f 3255/2535/1 3365/2521/1 3304/2555/1
f 3396/2556/1 3439/2441/1 3397/2540/1
f 3136/2557/1 3179/2508/1 3137/2549/1
f 3254/2558/1 3365/2521/1 3255/2535/1
f 3191/2559/1 3229/2522/1 3192/2543/1
f 3190/2560/1 3229/2522/1 3191/2559/1
f 3189/2561/1 3229/2522/1 3190/2560/1
f 3188/2562/1 3229/2522/1 3189/2561/1
f 3465/2492/1 2945/2563/1 2944/2518/1
f 3187/2564/1 3229/2522/1 3188/2562/1
f 3135/2565/1 3179/2508/1 3136/2557/1
f 3186/2566/1 3229/2522/1 3187/2564/1
f 3186/2566/1 3230/2567/1 3229/2522/1
f 3253/2568/1 3365/2521/1 3254/2558/1
f 3395/2569/1 3439/2441/1 3396/2556/1
f 3135/2565/1 3180/2570/1 3179/2508/1
f 3185/2571/1 3230/2567/1 3186/2566/1
f 3185/2571/1 3231/2572/1 3230/2567/1
f 3184/2573/1 3231/2572/1 3185/2571/1
f 3184/2573/1 3232/2574/1 3231/2572/1
f 3252/2575/1 3365/2521/1 3253/2568/1
f 3183/2576/1 3232/2574/1 3184/2573/1
f 3183/2576/1 3233/2577/1 3232/2574/1
f 3251/2578/1 3365/2521/1 3252/2575/1
f 3182/2579/1 3233/2577/1 3183/2576/1
f 3181/2580/1 3233/2577/1 3182/2579/1
f 3181/2580/1 3234/2581/1 3233/2577/1
f 3250/2582/1 3365/2521/1 3251/2578/1
f 3135/2565/1 3181/2580/1 3180/2570/1
f 3135/2565/1 3234/2581/1 3181/2580/1
f 3134/2583/1 3234/2581/1 3135/2565/1
f 3249/2584/1 3365/2521/1 3250/2582/1
f 3134/2583/1 3235/2585/1 3234/2581/1
f 3248/2586/1 3365/2521/1 3249/2584/1
f 3134/2583/1 3236/2587/1 3235/2585/1
f 3247/2588/1 3365/2521/1 3248/2586/1
f 3134/2583/1 3237/2589/1 3236/2587/1
f 3246/2590/1 3365/2521/1 3247/2588/1
f 3134/2583/1 3238/2591/1 3237/2589/1
f 3245/2592/1 3365/2521/1 3246/2590/1
f 3394/2593/1 3439/2441/1 3395/2569/1
f 3244/2594/1 3365/2521/1 3245/2592/1
f 3134/2583/1 3239/2595/1 3238/2591/1
f 3243/2596/1 3365/2521/1 3244/2594/1
f 3134/2583/1 3240/2597/1 3239/2595/1
f 3242/2598/1 3365/2521/1 3243/2596/1
f 3241/2599/3 3365/2521/3 3242/2598/3
f 3134/2583/1 3241/2599/1 3240/2597/1
f 3134/2583/1 3365/2521/1 3241/2599/1
f 3133/2600/1 3365/2521/1 3134/2583/1
f 3005/2601/1 3052/2501/1 3006/2524/1
f 3393/2602/1 3439/2441/1 3394/2593/1
f 3132/2603/1 3365/2521/1 3133/2600/1
f 3131/2604/1 3365/2521/1 3132/2603/1
f 3392/2605/1 3439/2441/1 3393/2602/1
f 3077/2606/1 3104/2511/1 3078/2358/1
f 3130/2607/1 3365/2521/1 3131/2604/1
f 3076/2608/1 3104/2511/1 3077/2606/1
f 3465/2492/1 2946/2609/1 2945/2563/1
f 3391/2610/1 3439/2441/1 3392/2605/1
f 3129/2611/1 3365/2521/1 3130/2607/1
f 3129/2611/1 3366/2612/1 3365/2521/1
f 3075/2613/1 3104/2511/1 3076/2608/1
f 3129/2611/1 3367/2614/1 3366/2612/1
f 3128/2615/1 3367/2614/1 3129/2611/1
f 3128/2615/1 3368/2616/1 3367/2614/1
f 3127/2617/1 3368/2616/1 3128/2615/1
f 3127/2617/1 3369/2618/1 3368/2616/1
f 3390/2619/1 3439/2441/1 3391/2610/1
f 3126/2620/1 3369/2618/1 3127/2617/1
f 3075/2613/1 3105/2621/1 3104/2511/1
f 3126/2620/1 3370/2622/1 3369/2618/1
f 3125/2623/1 3370/2622/1 3126/2620/1
f 3075/2613/1 3106/2624/1 3105/2621/1
f 3125/2623/1 3371/2625/1 3370/2622/1
f 3124/2626/1 3371/2625/1 3125/2623/1
f 3389/2627/1 3439/2441/1 3390/2619/1
f 3075/2613/1 3107/2628/1 3106/2624/1
f 3124/2626/1 3372/2629/1 3371/2625/1
f 3074/2630/1 3107/2628/1 3075/2613/1
f 3123/2631/1 3372/2629/1 3124/2626/1
f 3388/2632/1 3439/2441/1 3389/2627/1
f 3074/2630/1 3108/2633/1 3107/2628/1
f 3123/2631/1 3373/2634/1 3372/2629/1
f 3387/2635/1 3439/2441/1 3388/2632/1
f 3122/2636/1 3373/2634/1 3123/2631/1
f 3074/2630/1 3109/2637/1 3108/2633/1
f 3386/2638/1 3439/2441/1 3387/2635/1
f 3122/2636/1 3374/2639/1 3373/2634/1
f 3385/2640/1 3439/2441/1 3386/2638/1
f 3121/2641/1 3374/2639/1 3122/2636/1
f 3074/2630/1 3110/2642/1 3109/2637/1
f 3121/2641/1 3375/2643/1 3374/2639/1
f 3004/2644/1 3052/2501/1 3005/2601/1
f 3384/2645/1 3439/2441/1 3385/2640/1
f 3383/2646/1 3439/2441/1 3384/2645/1
f 3121/2641/1 3376/2647/1 3375/2643/1
f 3074/2630/1 3111/2648/1 3110/2642/1
f 3382/2649/1 3439/2441/1 3383/2646/1
f 3120/2650/1 3376/2647/1 3121/2641/1
f 3381/2651/1 3439/2441/1 3382/2649/1
f 3120/2650/1 3377/2652/1 3376/2647/1
f 3380/2653/1 3439/2441/1 3381/2651/1
f 3120/2650/1 3378/2654/1 3377/2652/1
f 3379/2655/1 3439/2441/1 3380/2653/1
f 3074/2630/1 3112/2656/1 3111/2648/1
f 3120/2650/1 3379/2655/1 3378/2654/1
f 3120/2650/1 3439/2441/1 3379/2655/1
f 3119/2657/1 3439/2441/1 3120/2650/1
f 3074/2630/1 3113/2658/1 3112/2656/1
f 3118/2659/1 3439/2441/1 3119/2657/1
f 3074/2630/1 3114/2660/1 3113/2658/1
f 3117/2661/1 3439/2441/1 3118/2659/1
f 3074/2630/1 3115/2662/1 3114/2660/1
f 3073/2663/1 3115/2662/1 3074/2630/1
f 3073/2663/1 3116/2664/1 3115/2662/1
f 3116/2664/1 3439/2441/1 3117/2661/1
f 3073/2663/1 3439/2441/1 3116/2664/1
f 3465/2492/1 2947/2665/1 2946/2609/1
f 3072/2666/1 3439/2441/1 3073/2663/1
f 3004/2644/1 3053/2667/1 3052/2501/1
f 3071/2668/1 3439/2441/1 3072/2666/1
f 3071/2668/1 3440/2669/1 3439/2441/1
f 3464/2670/1 2947/2665/1 3465/2492/1
f 3003/2671/1 3053/2667/1 3004/2644/1
f 3464/2670/1 2948/2672/1 2947/2665/1
f 3070/2673/1 3440/2669/1 3071/2668/1
f 3069/2674/1 3440/2669/1 3070/2673/1
f 3002/2675/1 3053/2667/1 3003/2671/1
f 3464/2670/1 2949/2676/1 2948/2672/1
f 3068/2677/1 3440/2669/1 3069/2674/1
f 3464/2670/1 2950/2678/1 2949/2676/1
f 3068/2677/1 3441/2679/1 3440/2669/1
f 3068/2677/1 3442/2680/1 3441/2679/1
f 3068/2677/1 3443/2681/1 3442/2680/1
f 3067/2682/1 3443/2681/1 3068/2677/1
f 3067/2682/1 3444/2683/1 3443/2681/1
f 3067/2682/1 3445/2684/1 3444/2683/1
f 3001/2685/1 3053/2667/1 3002/2675/1
f 3067/2682/1 3446/2686/1 3445/2684/1
f 3067/2682/1 3447/2687/1 3446/2686/1
f 3463/2688/1 2950/2678/1 3464/2670/1
f 3462/2689/546 2950/2678/546 3463/2688/546
f 3461/2690/1 2950/2678/1 3462/2689/1
f 3460/2691/1 2950/2678/1 3461/2690/1
f 3459/2692/1 2950/2678/1 3460/2691/1
f 3067/2682/1 3448/2693/1 3447/2687/1
f 3458/2694/1 2950/2678/1 3459/2692/1
f 3457/2695/1 2950/2678/1 3458/2694/1
f 3067/2682/1 3449/2696/1 3448/2693/1
f 3456/2697/1 2950/2678/1 3457/2695/1
f 3066/2698/1 3449/2696/1 3067/2682/1
f 3455/2699/1 2950/2678/1 3456/2697/1
f 3066/2698/1 3450/2700/1 3449/2696/1
f 3454/2701/4 2950/2678/4 3455/2699/4
f 3066/2698/1 3451/2702/1 3450/2700/1
f 3453/2703/1 2950/2678/1 3454/2701/1
f 3452/2704/1 2950/2678/1 3453/2703/1
f 3066/2698/1 3452/2704/1 3451/2702/1
f 3066/2698/1 2950/2678/1 3452/2704/1
f 3065/2705/1 2950/2678/1 3066/2698/1
f 3000/2706/1 3053/2667/1 3001/2685/1
f 3064/2707/1 2950/2678/1 3065/2705/1
f 3063/2708/1 2950/2678/1 3064/2707/1
f 3062/2709/1 2950/2678/1 3063/2708/1
f 3061/2710/1 2950/2678/1 3062/2709/1
f 3060/2711/1 2950/2678/1 3061/2710/1
f 3059/2712/1 2950/2678/1 3060/2711/1
f 3058/2713/1 2950/2678/1 3059/2712/1
f 3057/2714/1 2950/2678/1 3058/2713/1
f 3056/2715/3 2950/2678/3 3057/2714/3
f 3000/2706/1 3054/2716/1 3053/2667/1
f 3055/2717/1 2950/2678/1 3056/2715/1
f 3054/2716/1 2950/2678/1 3055/2717/1
f 3000/2706/1 2950/2678/1 3054/2716/1
f 2999/2718/1 2950/2678/1 3000/2706/1
f 2998/2719/1 2950/2678/1 2999/2718/1
f 2997/2720/1 2950/2678/1 2998/2719/1
f 2996/2721/1 2950/2678/1 2997/2720/1
f 2995/2722/1 2950/2678/1 2996/2721/1
f 2994/2723/1 2950/2678/1 2995/2722/1
f 2993/2724/1 2950/2678/1 2994/2723/1
f 2992/2725/1 2950/2678/1 2993/2724/1
f 2991/2726/1 2950/2678/1 2992/2725/1
f 2990/2727/1 2950/2678/1 2991/2726/1
f 2989/2728/1 2950/2678/1 2990/2727/1
f 2989/2728/1 2951/2729/1 2950/2678/1
f 2989/2728/1 2988/2730/1 2951/2729/1
f 2988/2730/1 2987/2731/1 2951/2729/1
f 2987/2731/1 2986/2732/1 2951/2729/1
f 2986/2732/1 2985/2733/1 2951/2729/1
f 2985/2733/1 2984/2734/1 2951/2729/1
f 2984/2734/1 2983/2735/1 2951/2729/1
f 2983/2735/1 2982/2736/1 2951/2729/1
f 2982/2736/1 2981/2737/1 2951/2729/1
f 2981/2737/1 2980/2738/1 2951/2729/1
f 2980/2738/1 2979/2739/1 2951/2729/1
f 2979/2739/1 2978/2740/1 2951/2729/1
f 2978/2740/1 2977/2741/1 2951/2729/1
f 2977/2741/1 2952/2742/1 2951/2729/1
f 2976/2743/1 2952/2742/1 2977/2741/1
f 2976/2743/1 2953/2744/1 2952/2742/1
f 2975/2745/1 2953/2744/1 2976/2743/1
f 2974/2746/1 2953/2744/1 2975/2745/1
f 2973/2747/1 2953/2744/1 2974/2746/1
f 2972/2748/1 2953/2744/1 2973/2747/1
f 2971/2749/1 2953/2744/1 2972/2748/1
f 2970/2750/1 2953/2744/1 2971/2749/1
f 2969/2751/1 2953/2744/1 2970/2750/1
f 2968/2752/1 2953/2744/1 2969/2751/1
f 2967/2753/1 2953/2744/1 2968/2752/1
f 2966/2754/1 2953/2744/1 2967/2753/1
f 2966/2754/1 2954/2755/1 2953/2744/1
f 2965/2756/1 2954/2755/1 2966/2754/1
f 2964/2757/1 2954/2755/1 2965/2756/1
f 2964/2757/1 2955/2758/1 2954/2755/1
f 2963/2759/1 2955/2758/1 2964/2757/1
f 2963/2759/1 2956/2760/1 2955/2758/1
f 2962/2761/1 2956/2760/1 2963/2759/1
f 2962/2761/1 2957/2762/1 2956/2760/1
f 2961/2763/1 2957/2762/1 2962/2761/1
f 2961/2763/1 2958/2764/1 2957/2762/1
f 2960/2765/1 2958/2764/1 2961/2763/1
f 2960/2765/1 2959/2766/1 2958/2764/1
f 3793/441/5 3794/2192/5 3795/2191/5
f 3792/2193/5 3793/441/5 3795/2191/5
f 3792/2193/5 3795/2191/5 3796/2194/5
f 3791/2195/5 3792/2193/5 3796/2194/5
f 3791/2195/5 3796/2194/5 3797/2196/5
f 3790/2197/5 3791/2195/5 3797/2196/5
f 3846/2198/5 3847/2200/5 3848/2199/5
f 3846/2198/5 3848/2199/5 3849/2201/5
f 3845/2202/5 3846/2198/5 3849/2201/5
f 3845/2202/5 3849/2201/5 3850/2203/5
f 3844/2204/5 3845/2202/5 3850/2203/5
f 3789/2205/5 3790/2197/5 3797/2196/5
f 3844/2204/5 3850/2203/5 3851/2206/5
f 3844/2204/5 3851/2206/5 3852/2207/5
f 3788/2208/5 3789/2205/5 3797/2196/5
f 3844/2204/5 3852/2207/5 3853/2209/5
f 3787/2210/5 3788/2208/5 3797/2196/5
f 3844/2204/5 3853/2209/5 3854/2211/5
f 3787/2210/5 3797/2196/5 3798/2212/5
f 3786/2213/5 3787/2210/5 3798/2212/5
f 3844/2204/5 3854/2211/5 3855/2214/5
f 3844/2204/5 3855/2214/5 3856/2215/5
f 3785/2216/5 3786/2213/5 3798/2212/5
f 3844/2204/5 3856/2215/5 3857/2217/5
f 3784/2218/5 3785/2216/5 3798/2212/5
f 3844/2204/5 3857/2217/5 3858/2219/5
f 3783/2220/5 3784/2218/5 3798/2212/5
f 3844/2204/5 3858/2219/5 3859/2221/5
f 3783/2220/5 3798/2212/5 3799/2222/5
f 3904/2223/5 3905/2225/5 3906/2224/5
f 3743/2226/5 3744/2228/5 3745/2227/5
f 3742/2229/5 3743/2226/5 3745/2227/5
f 3741/2230/5 3742/2229/5 3745/2227/5
f 3740/2231/5 3741/2230/5 3745/2227/5
f 3739/2232/5 3740/2231/5 3745/2227/5
f 3738/2233/5 3739/2232/5 3745/2227/5
f 3737/2234/5 3738/2233/5 3745/2227/5
f 3736/2235/5 3737/2234/5 3745/2227/5
f 3736/2235/5 3745/2227/5 3746/2236/5
f 3735/2237/5 3736/2235/5 3746/2236/5
f 3734/2238/5 3735/2237/5 3746/2236/5
f 3903/2239/5 3904/2223/5 3906/2224/5
f 3733/2240/5 3734/2238/5 3746/2236/5
f 3732/2241/5 3733/2240/5 3746/2236/5
f 3731/2242/5 3732/2241/5 3746/2236/5
f 3844/2204/5 3859/2221/5 3860/2243/5
f 3730/2244/5 3731/2242/5 3746/2236/5
f 3729/2245/5 3730/2244/5 3746/2236/5
f 3729/2245/5 3746/2236/5 3747/2246/5
f 3903/2239/5 3906/2224/5 3907/2247/5
f 3728/2248/5 3729/2245/5 3747/2246/5
f 3903/2239/5 3907/2247/5 3908/2249/5
f 3903/2239/5 3908/2249/5 3909/2250/5
f 3903/2239/5 3909/2250/5 3910/2251/5
f 3727/2252/5 3728/2248/5 3747/2246/5
f 3903/2239/5 3910/2251/5 3911/2253/5
f 3903/2239/5 3911/2253/5 3912/2254/5
f 3726/2255/5 3727/2252/5 3747/2246/5
f 3783/2220/5 3799/2222/5 3800/2256/5
f 3903/2239/5 3912/2254/5 3913/2257/5
f 3902/2258/5 3903/2239/5 3913/2257/5
f 3902/2258/5 3913/2257/5 3914/2259/5
f 3725/2260/5 3726/2255/5 3747/2246/5
f 3902/2258/5 3914/2259/5 3915/2261/5
f 3902/2258/5 3915/2261/5 3916/2262/5
f 3725/2260/5 3747/2246/5 3748/2263/5
f 3902/2258/5 3916/2262/5 3917/2264/5
f 3724/2265/5 3725/2260/5 3748/2263/5
f 3902/2258/5 3917/2264/5 3918/2266/5
f 3902/2258/5 3918/2266/5 3919/2267/5
f 3723/2268/5 3724/2265/5 3748/2263/5
f 3902/2258/5 3919/2267/5 3920/2269/5
f 3902/2258/5 3920/2269/5 3921/2270/5
f 3902/2258/5 3921/2270/5 3922/2271/5
f 3844/2204/5 3860/2243/5 3861/2272/5
f 3722/2273/5 3723/2268/5 3748/2263/5
f 3902/2258/5 3922/2271/5 3923/2274/5
f 3902/2258/5 3923/2274/5 3924/2275/5
f 3902/2258/5 3924/2275/5 3925/2276/5
f 3902/2258/5 3925/2276/5 3926/2277/5
f 3721/2278/5 3722/2273/5 3748/2263/5
f 3902/2258/5 3926/2277/5 3927/2279/5
f 3902/2258/5 3927/2279/5 3928/2280/5
f 3902/2258/5 3928/2280/5 3929/2281/5
f 3720/2282/5 3721/2278/5 3748/2263/5
f 3720/2282/5 3748/2263/5 3749/2283/5
f 3902/2258/5 3929/2281/5 3930/2284/5
f 3901/2285/5 3902/2258/5 3930/2284/5
f 3901/2285/5 3930/2284/5 3931/2286/5
f 3901/2285/5 3931/2286/5 3932/2287/5
f 3719/2288/5 3720/2282/5 3749/2283/5
f 3901/2285/5 3932/2287/5 3933/2289/5
f 3901/2285/5 3933/2289/5 3934/2290/5
f 3783/2220/5 3800/2256/5 3801/2291/5
f 3901/2285/5 3934/2290/5 3935/2292/5
f 3901/2285/5 3935/2292/5 3936/2293/5
f 3719/2288/5 3749/2283/5 3750/2294/5
f 3901/2285/5 3936/2293/5 3937/2295/5
f 3844/2204/5 3861/2272/5 3862/2296/5
f 3901/2285/5 3937/2295/5 3938/2297/5
f 3980/2298/5 3981/2300/5 3982/2299/5
f 3980/2298/5 3982/2299/5 3983/2301/5
f 3980/2298/5 3983/2301/5 3984/2302/5
f 3669/2303/5 3670/2305/5 3671/2304/5
f 3980/2298/5 3984/2302/5 3985/2306/5
f 3980/2298/5 3985/2306/5 3986/2307/5
f 3901/2285/5 3938/2297/5 3939/2308/5
f 3980/2298/5 3986/2307/5 3987/2309/5
f 3980/2298/5 3987/2309/5 3988/2310/5
f 3980/2298/5 3988/2310/5 3989/2311/5
f 3900/2312/5 3901/2285/5 3939/2308/5
f 3980/2298/5 3989/2311/5 3990/2313/5
f 3980/2298/5 3990/2313/5 3991/2314/5
f 3669/2303/5 3671/2304/5 3672/2315/5
f 3668/2316/5 3669/2303/5 3672/2315/5
f 3980/2298/5 3991/2314/5 3992/2317/5
f 3900/2312/5 3939/2308/5 3940/2318/5
f 3980/2298/5 3992/2317/5 3993/2319/5
f 3980/2298/5 3993/2319/5 3994/2320/5
f 3900/2312/5 3940/2318/5 3941/2321/5
f 3667/2322/5 3668/2316/5 3672/2315/5
f 3980/2298/5 3994/2320/5 3995/2323/5
f 3900/2312/5 3941/2321/5 3942/2324/5
f 3900/2312/5 3942/2324/5 3943/2325/5
f 3719/2288/5 3750/2294/5 3751/2326/5
f 3980/2298/5 3995/2323/5 3996/2327/5
f 3666/2328/5 3667/2322/5 3672/2315/5
f 3666/2328/5 3672/2315/5 3673/2329/5
f 3980/2298/5 3996/2327/5 3997/2330/5
f 3665/2331/5 3666/2328/5 3673/2329/5
f 3783/2220/5 3801/2291/5 3802/2332/5
f 3980/2298/5 3997/2330/5 3998/2333/5
f 3664/2334/5 3665/2331/5 3673/2329/5
f 3980/2298/5 3998/2333/5 3999/2335/5
f 3844/2204/5 3862/2296/5 3863/2336/5
f 3663/2337/5 3664/2334/5 3673/2329/5
f 3980/2298/5 3999/2335/5 4000/2338/5
f 3719/2288/5 3751/2326/5 3752/2339/5
f 3663/2337/5 3673/2329/5 3674/2340/5
f 3662/2341/5 3663/2337/5 3674/2340/5
f 3980/2298/5 4000/2338/5 4001/2342/5
f 3899/2343/5 3900/2312/5 3943/2325/5
f 3980/2298/5 4001/2342/5 4002/2344/5
f 3661/2345/5 3662/2341/5 3674/2340/5
f 3980/2298/5 4002/2344/5 4003/2346/5
f 3660/2347/5 3661/2345/5 3674/2340/5
f 3980/2298/5 4003/2346/5 4004/2348/5
f 3719/2288/5 3752/2339/5 3753/2349/5
f 3660/2347/5 3674/2340/5 3675/2350/5
f 3659/2351/5 3660/2347/5 3675/2350/5
f 3980/2298/5 4004/2348/5 4005/2352/5
f 3658/2353/5 3659/2351/5 3675/2350/5
f 3783/2220/5 3802/2332/5 3803/2354/5
f 3980/2298/5 4005/2352/5 4006/2355/5
f 3980/2298/5 4006/2355/5 4007/2356/5
f 3844/2204/5 3863/2336/5 3864/2357/5
f 3657/2358/5 3658/2353/5 3675/2350/5
f 3980/2298/5 4007/2356/5 4008/2359/5
f 3719/2288/5 3753/2349/5 3754/2360/5
f 3898/2361/5 3899/2343/5 3943/2325/5
f 3980/2298/5 4008/2359/5 4009/2362/5
f 3657/2358/5 3675/2350/5 3676/2363/5
f 3719/2288/5 3754/2360/5 3755/2364/5
f 3980/2298/5 4009/2362/5 4010/2365/5
f 3719/2288/5 3755/2364/5 3756/2366/5
f 3980/2298/5 4010/2365/5 4011/2367/5
f 3719/2288/5 3756/2366/5 3757/2368/5
f 3615/2369/5 3616/2371/5 3617/2370/5
f 3615/2369/5 3617/2370/5 3618/2372/5
f 3615/2369/5 3618/2372/5 3619/2373/5
f 4055/2374/7 4056/2376/7 4057/2375/7
f 4055/2374/5 4057/2375/5 4058/2377/5
f 4054/2378/5 4055/2374/5 4058/2377/5
f 4054/2378/5 4058/2377/5 4059/2379/5
f 4053/2380/5 4054/2378/5 4059/2379/5
f 3615/2369/5 3619/2373/5 3620/2381/5
f 4053/2380/5 4059/2379/5 4060/2382/5
f 4052/2383/5 4053/2380/5 4060/2382/5
f 4052/2383/5 4060/2382/5 4061/2384/5
f 4051/2385/5 4052/2383/5 4061/2384/5
f 4051/2385/5 4061/2384/5 4062/2386/5
f 4050/2387/5 4051/2385/5 4062/2386/5
f 4050/2387/5 4062/2386/5 4063/2388/5
f 4049/2389/5 4050/2387/5 4063/2388/5
f 4048/2390/5 4049/2389/5 4063/2388/5
f 4048/2390/5 4063/2388/5 4064/2391/5
f 4047/2392/5 4048/2390/5 4064/2391/5
f 4046/2393/5 4047/2392/5 4064/2391/5
f 4046/2393/5 4064/2391/5 4065/2394/5
f 4046/2393/5 4065/2394/5 4066/2395/5
f 4046/2393/5 4066/2395/5 4067/2396/5
f 3615/2369/5 3620/2381/5 3621/2397/5
f 4046/2393/5 4067/2396/5 4068/2398/5
f 4046/2393/5 4068/2398/5 4069/2399/5
f 4046/2393/5 4069/2399/5 4070/2400/5
f 4046/2393/547 4070/2400/547 4071/2401/547
f 4046/2393/5 4071/2401/5 4072/2402/5
f 3783/2220/5 3803/2354/5 3804/2403/5
f 3980/2298/5 4011/2367/5 4012/2404/5
f 3615/2369/5 3621/2397/5 3622/2405/5
f 3615/2369/5 3622/2405/5 3623/2406/5
f 3615/2369/5 3623/2406/5 3624/2407/5
f 3844/2204/5 3864/2357/5 3865/2408/5
f 3657/2358/5 3676/2363/5 3677/2409/5
f 3614/2410/5 3615/2369/5 3624/2407/5
f 4046/2393/5 4072/2402/5 4073/2411/5
f 3614/2410/5 3624/2407/5 3625/2412/5
f 3614/2410/5 3625/2412/5 3626/2413/5
f 3614/2410/5 3626/2413/5 3627/2414/5
f 3614/2410/5 3627/2414/5 3628/2415/5
f 3614/2410/5 3628/2415/5 3629/2416/5
f 4046/2393/5 4073/2411/5 4074/2417/5
f 3897/2418/5 3898/2361/5 3943/2325/5
f 3613/2419/5 3614/2410/5 3629/2416/5
f 3980/2298/5 4012/2404/5 4013/2420/5
f 4046/2393/5 4074/2417/5 4075/2421/5
f 3612/2422/5 3613/2419/5 3629/2416/5
f 4046/2393/5 4075/2421/5 4076/2423/5
f 3980/2298/5 4013/2420/5 4014/2424/5
f 4046/2393/5 4076/2423/5 4077/2425/5
f 3611/2426/5 3612/2422/5 3629/2416/5
f 4046/2393/5 4077/2425/5 4078/2427/5
f 3980/2298/5 4014/2424/5 4015/2428/5
f 3610/2429/5 3611/2426/5 3629/2416/5
f 3657/2358/5 3677/2409/5 3678/2430/5
f 4046/2393/5 4078/2427/5 4079/2431/5
f 3609/2432/5 3610/2429/5 3629/2416/5
f 3980/2298/5 4015/2428/5 4016/2433/5
f 4046/2393/5 4079/2431/5 4080/2434/5
f 3782/2435/5 3783/2220/5 3804/2403/5
f 3980/2298/5 4016/2433/5 4017/2436/5
f 3781/2437/5 3782/2435/5 3804/2403/5
f 3781/2437/5 3804/2403/5 3805/2438/5
f 4046/2393/5 4080/2434/5 4081/2439/5
f 3844/2204/5 3865/2408/5 3866/2440/5
f 3980/2298/5 4017/2436/5 4018/2441/5
f 3608/2442/5 3609/2432/5 3629/2416/5
f 3780/2443/5 3781/2437/5 3805/2438/5
f 4046/2393/5 4081/2439/5 4082/343/5
f 3896/2444/5 3897/2418/5 3943/2325/5
f 3607/2445/5 3608/2442/5 3629/2416/5
f 4046/2393/5 4082/343/5 3504/202/5
f 3779/2446/5 3780/2443/5 3805/2438/5
f 4046/2393/5 3504/202/5 3505/2447/5
f 3606/2448/5 3607/2445/5 3629/2416/5
f 4045/2449/5 4046/2393/5 3505/2447/5
f 3657/2358/5 3678/2430/5 3679/2450/5
f 4045/2449/5 3505/2447/5 3506/2451/5
f 4045/2449/5 3506/2451/5 3507/2452/5
f 3778/2453/5 3779/2446/5 3805/2438/5
f 3605/2454/5 3606/2448/5 3629/2416/5
f 4045/2449/5 3507/2452/5 3508/2455/5
f 4045/2449/5 3508/2455/5 3509/2456/5
f 3605/2454/5 3629/2416/5 3630/2457/5
f 4045/2449/5 3509/2456/5 3510/2458/5
f 3604/2459/5 3605/2454/5 3630/2457/5
f 4045/2449/5 3510/2458/5 3511/2460/5
f 4045/2449/5 3511/2460/5 3512/2461/5
f 3777/2462/5 3778/2453/5 3805/2438/5
f 3844/2204/5 3866/2440/5 3867/2463/5
f 4045/2449/5 3512/2461/5 3513/2464/5
f 3603/2465/5 3604/2459/5 3630/2457/5
f 3777/2462/5 3805/2438/5 3806/2466/5
f 4045/2449/5 3513/2464/5 3514/2467/5
f 3602/2468/5 3603/2465/5 3630/2457/5
f 3895/2469/5 3896/2444/5 3943/2325/5
f 3601/2470/5 3602/2468/5 3630/2457/5
f 3657/2358/5 3679/2450/5 3680/2471/5
f 4045/2449/5 3514/2467/5 3515/2472/5
f 3600/2473/5 3601/2470/5 3630/2457/5
f 3599/2474/5 3600/2473/5 3630/2457/5
f 3598/2475/5 3599/2474/5 3630/2457/5
f 4045/2449/5 3515/2472/5 3516/2476/5
f 3597/2477/5 3598/2475/5 3630/2457/5
f 3596/2478/5 3597/2477/5 3630/2457/5
f 3776/2479/5 3777/2462/5 3806/2466/5
f 3595/2480/5 3596/2478/5 3630/2457/5
f 4045/2449/5 3516/2476/5 3517/2481/5
f 3594/2482/5 3595/2480/5 3630/2457/5
f 4045/2449/5 3517/2481/5 3518/2483/5
f 3593/2484/5 3594/2482/5 3630/2457/5
f 3592/2485/5 3593/2484/5 3630/2457/5
f 3591/2486/5 3592/2485/5 3630/2457/5
f 3590/2487/5 3591/2486/5 3630/2457/5
f 4045/2449/5 3518/2483/5 3519/2488/5
f 3589/2489/5 3590/2487/5 3630/2457/5
f 3775/2490/5 3776/2479/5 3806/2466/5
f 4045/2449/5 3519/2488/5 3520/2491/5
f 4044/2492/5 4045/2449/5 3520/2491/5
f 3657/2358/5 3680/2471/5 3681/2493/5
f 3588/2494/5 3589/2489/5 3630/2457/5
f 3843/2495/5 3844/2204/5 3867/2463/5
f 3843/2495/5 3867/2463/5 3868/2496/5
f 3842/2497/5 3843/2495/5 3868/2496/5
f 3841/2498/5 3842/2497/5 3868/2496/5
f 3894/2499/5 3895/2469/5 3943/2325/5
f 4044/2492/5 3520/2491/5 3521/2500/5
f 3588/2494/5 3630/2457/5 3631/2501/5
f 3775/2490/5 3806/2466/5 3807/2502/5
f 3840/2503/5 3841/2498/5 3868/2496/5
f 3774/2504/5 3775/2490/5 3807/2502/5
f 3587/2505/5 3588/2494/5 3631/2501/5
f 3839/2506/5 3840/2503/5 3868/2496/5
f 3657/2358/5 3681/2493/5 3682/2507/5
f 3719/2288/5 3757/2368/5 3758/2508/5
f 4044/2492/5 3521/2500/5 3522/2509/5
f 3838/2510/5 3839/2506/5 3868/2496/5
f 3657/2358/5 3682/2507/5 3683/2511/5
f 3773/2512/5 3774/2504/5 3807/2502/5
f 3586/2513/5 3587/2505/5 3631/2501/5
f 3837/2514/5 3838/2510/5 3868/2496/5
f 3837/2514/5 3868/2496/5 3869/2515/5
f 3836/2516/5 3837/2514/5 3869/2515/5
f 3893/2517/5 3894/2499/5 3943/2325/5
f 4044/2492/5 3522/2509/5 3523/2518/5
f 3772/2519/5 3773/2512/5 3807/2502/5
f 3835/2520/5 3836/2516/5 3869/2515/5
f 3893/2517/5 3943/2325/5 3944/2521/5
f 3772/2519/5 3807/2502/5 3808/2522/5
f 3979/2523/5 3980/2298/5 4018/2441/5
f 3585/2524/5 3586/2513/5 3631/2501/5
f 3978/2525/5 3979/2523/5 4018/2441/5
f 3835/2520/5 3869/2515/5 3870/2526/5
f 3835/2520/5 3870/2526/5 3871/2527/5
f 3835/2520/5 3871/2527/5 3872/2528/5
f 3977/2529/5 3978/2525/5 4018/2441/5
f 3835/2520/5 3872/2528/5 3873/2530/5
f 3835/2520/5 3873/2530/5 3874/2531/5
f 3892/2532/5 3893/2517/5 3944/2521/5
f 3891/2533/5 3892/2532/5 3944/2521/5
f 3835/2520/5 3874/2531/5 3875/2534/5
f 3834/2535/5 3835/2520/5 3875/2534/5
f 3890/2536/5 3891/2533/5 3944/2521/5
f 3834/2535/5 3875/2534/5 3876/2537/5
f 3718/2538/5 3719/2288/5 3758/2508/5
f 3889/2539/5 3890/2536/5 3944/2521/5
f 3976/2540/5 3977/2529/5 4018/2441/5
f 3834/2535/5 3876/2537/5 3877/2541/5
f 3717/2542/5 3718/2538/5 3758/2508/5
f 3771/2543/5 3772/2519/5 3808/2522/5
f 3888/2544/5 3889/2539/5 3944/2521/5
f 3834/2535/5 3877/2541/5 3878/2545/5
f 3887/2546/5 3888/2544/5 3944/2521/5
f 3834/2535/5 3878/2545/5 3879/2547/5
f 3886/2548/5 3887/2546/5 3944/2521/5
f 3716/2549/5 3717/2542/5 3758/2508/5
f 3834/2535/5 3879/2547/5 3880/2550/5
f 3885/2551/5 3886/2548/5 3944/2521/5
f 3834/2535/5 3880/2550/5 3881/2552/5
f 3884/2553/5 3885/2551/5 3944/2521/5
f 3834/2535/5 3881/2552/5 3882/2554/5
f 3883/2555/5 3884/2553/5 3944/2521/5
f 3834/2535/7 3882/2554/7 3883/2555/7
f 3834/2535/5 3883/2555/5 3944/2521/5
f 3975/2556/5 3976/2540/5 4018/2441/5
f 3715/2557/5 3716/2549/5 3758/2508/5
f 3833/2558/5 3834/2535/5 3944/2521/5
f 3770/2559/5 3771/2543/5 3808/2522/5
f 3769/2560/5 3770/2559/5 3808/2522/5
f 3768/2561/5 3769/2560/5 3808/2522/5
f 3767/2562/5 3768/2561/5 3808/2522/5
f 4044/2492/5 3523/2518/5 3524/2563/5
f 3766/2564/5 3767/2562/5 3808/2522/5
f 3714/2565/5 3715/2557/5 3758/2508/5
f 3765/2566/5 3766/2564/5 3808/2522/5
f 3765/2566/5 3808/2522/5 3809/2567/5
f 3832/2568/5 3833/2558/5 3944/2521/5
f 3974/2569/5 3975/2556/5 4018/2441/5
f 3714/2565/5 3758/2508/5 3759/2570/5
f 3764/2571/5 3765/2566/5 3809/2567/5
f 3764/2571/5 3809/2567/5 3810/2572/5
f 3763/2573/5 3764/2571/5 3810/2572/5
f 3763/2573/5 3810/2572/5 3811/2574/5
f 3831/2575/5 3832/2568/5 3944/2521/5
f 3762/2576/5 3763/2573/5 3811/2574/5
f 3762/2576/5 3811/2574/5 3812/2577/5
f 3830/2578/5 3831/2575/5 3944/2521/5
f 3761/2579/5 3762/2576/5 3812/2577/5
f 3760/2580/5 3761/2579/5 3812/2577/5
f 3760/2580/5 3812/2577/5 3813/2581/5
f 3829/2582/5 3830/2578/5 3944/2521/5
f 3714/2565/5 3759/2570/5 3760/2580/5
f 3714/2565/5 3760/2580/5 3813/2581/5
f 3713/2583/5 3714/2565/5 3813/2581/5
f 3828/2584/5 3829/2582/5 3944/2521/5
f 3713/2583/5 3813/2581/5 3814/2585/5
f 3827/2586/5 3828/2584/5 3944/2521/5
f 3713/2583/5 3814/2585/5 3815/2587/5
f 3826/2588/5 3827/2586/5 3944/2521/5
f 3713/2583/5 3815/2587/5 3816/2589/5
f 3825/2590/5 3826/2588/5 3944/2521/5
f 3713/2583/5 3816/2589/5 3817/2591/5
f 3824/2592/5 3825/2590/5 3944/2521/5
f 3973/2593/5 3974/2569/5 4018/2441/5
f 3823/2594/5 3824/2592/5 3944/2521/5
f 3713/2583/5 3817/2591/5 3818/2595/5
f 3822/2596/5 3823/2594/5 3944/2521/5
f 3713/2583/5 3818/2595/5 3819/2597/5
f 3821/2598/5 3822/2596/5 3944/2521/5
f 3820/2599/7 3821/2598/7 3944/2521/7
f 3713/2583/5 3819/2597/5 3820/2599/5
f 3713/2583/5 3820/2599/5 3944/2521/5
f 3712/2600/5 3713/2583/5 3944/2521/5
f 3584/2601/5 3585/2524/5 3631/2501/5
f 3972/2602/5 3973/2593/5 4018/2441/5
f 3711/2603/5 3712/2600/5 3944/2521/5
f 3710/2604/5 3711/2603/5 3944/2521/5
f 3971/2605/5 3972/2602/5 4018/2441/5
f 3656/2606/5 3657/2358/5 3683/2511/5
f 3709/2607/5 3710/2604/5 3944/2521/5
f 3655/2608/5 3656/2606/5 3683/2511/5
f 4044/2492/5 3524/2563/5 3525/2609/5
f 3970/2610/5 3971/2605/5 4018/2441/5
f 3708/2611/5 3709/2607/5 3944/2521/5
f 3708/2611/5 3944/2521/5 3945/2612/5
f 3654/2613/5 3655/2608/5 3683/2511/5
f 3708/2611/5 3945/2612/5 3946/2614/5
f 3707/2615/5 3708/2611/5 3946/2614/5
f 3707/2615/5 3946/2614/5 3947/2616/5
f 3706/2617/5 3707/2615/5 3947/2616/5
f 3706/2617/5 3947/2616/5 3948/2618/5
f 3969/2619/5 3970/2610/5 4018/2441/5
f 3705/2620/5 3706/2617/5 3948/2618/5
f 3654/2613/5 3683/2511/5 3684/2621/5
f 3705/2620/5 3948/2618/5 3949/2622/5
f 3704/2623/5 3705/2620/5 3949/2622/5
f 3654/2613/5 3684/2621/5 3685/2624/5
f 3704/2623/5 3949/2622/5 3950/2625/5
f 3703/2626/5 3704/2623/5 3950/2625/5
f 3968/2627/5 3969/2619/5 4018/2441/5
f 3654/2613/5 3685/2624/5 3686/2628/5
f 3703/2626/5 3950/2625/5 3951/2629/5
f 3653/2630/5 3654/2613/5 3686/2628/5
f 3702/2631/5 3703/2626/5 3951/2629/5
f 3967/2632/5 3968/2627/5 4018/2441/5
f 3653/2630/5 3686/2628/5 3687/2633/5
f 3702/2631/5 3951/2629/5 3952/2634/5
f 3966/2635/5 3967/2632/5 4018/2441/5
f 3701/2636/5 3702/2631/5 3952/2634/5
f 3653/2630/5 3687/2633/5 3688/2637/5
f 3965/2638/5 3966/2635/5 4018/2441/5
f 3701/2636/5 3952/2634/5 3953/2639/5
f 3964/2640/5 3965/2638/5 4018/2441/5
f 3700/2641/5 3701/2636/5 3953/2639/5
f 3653/2630/5 3688/2637/5 3689/2642/5
f 3700/2641/5 3953/2639/5 3954/2643/5
f 3583/2644/5 3584/2601/5 3631/2501/5
f 3963/2645/5 3964/2640/5 4018/2441/5
f 3962/2646/5 3963/2645/5 4018/2441/5
f 3700/2641/5 3954/2643/5 3955/2647/5
f 3653/2630/5 3689/2642/5 3690/2648/5
f 3961/2649/5 3962/2646/5 4018/2441/5
f 3699/2650/5 3700/2641/5 3955/2647/5
f 3960/2651/5 3961/2649/5 4018/2441/5
f 3699/2650/5 3955/2647/5 3956/2652/5
f 3959/2653/5 3960/2651/5 4018/2441/5
f 3699/2650/5 3956/2652/5 3957/2654/5
f 3958/2655/5 3959/2653/5 4018/2441/5
f 3653/2630/5 3690/2648/5 3691/2656/5
f 3699/2650/5 3957/2654/5 3958/2655/5
f 3699/2650/5 3958/2655/5 4018/2441/5
f 3698/2657/5 3699/2650/5 4018/2441/5
f 3653/2630/5 3691/2656/5 3692/2658/5
f 3697/2659/5 3698/2657/5 4018/2441/5
f 3653/2630/5 3692/2658/5 3693/2660/5
f 3696/2661/5 3697/2659/5 4018/2441/5
f 3653/2630/5 3693/2660/5 3694/2662/5
f 3652/2663/5 3653/2630/5 3694/2662/5
f 3652/2663/5 3694/2662/5 3695/2664/5
f 3695/2664/5 3696/2661/5 4018/2441/5
f 3652/2663/5 3695/2664/5 4018/2441/5
f 4044/2492/5 3525/2609/5 3526/2665/5
f 3651/2666/5 3652/2663/5 4018/2441/5
f 3583/2644/5 3631/2501/5 3632/2667/5
f 3650/2668/5 3651/2666/5 4018/2441/5
f 3650/2668/5 4018/2441/5 4019/2669/5
f 4043/2670/5 4044/2492/5 3526/2665/5
f 3582/2671/5 3583/2644/5 3632/2667/5
f 4043/2670/5 3526/2665/5 3527/2672/5
f 3649/2673/5 3650/2668/5 4019/2669/5
f 3648/2674/5 3649/2673/5 4019/2669/5
f 3581/2675/5 3582/2671/5 3632/2667/5
f 4043/2670/5 3527/2672/5 3528/2676/5
f 3647/2677/5 3648/2674/5 4019/2669/5
f 4043/2670/5 3528/2676/5 3529/2678/5
f 3647/2677/5 4019/2669/5 4020/2679/5
f 3647/2677/5 4020/2679/5 4021/2680/5
f 3647/2677/5 4021/2680/5 4022/2681/5
f 3646/2682/5 3647/2677/5 4022/2681/5
f 3646/2682/5 4022/2681/5 4023/2683/5
f 3646/2682/5 4023/2683/5 4024/2684/5
f 3580/2685/5 3581/2675/5 3632/2667/5
f 3646/2682/5 4024/2684/5 4025/2686/5
f 3646/2682/5 4025/2686/5 4026/2687/5
f 4042/2688/5 4043/2670/5 3529/2678/5
f 4041/2689/548 4042/2688/548 3529/2678/548
f 4040/2690/5 4041/2689/5 3529/2678/5
f 4039/2691/5 4040/2690/5 3529/2678/5
f 4038/2692/5 4039/2691/5 3529/2678/5
f 3646/2682/5 4026/2687/5 4027/2693/5
f 4037/2694/5 4038/2692/5 3529/2678/5
f 4036/2695/5 4037/2694/5 3529/2678/5
f 3646/2682/5 4027/2693/5 4028/2696/5
f 4035/2697/5 4036/2695/5 3529/2678/5
f 3645/2698/5 3646/2682/5 4028/2696/5
f 4034/2699/5 4035/2697/5 3529/2678/5
f 3645/2698/5 4028/2696/5 4029/2700/5
f 4033/2701/8 4034/2699/8 3529/2678/8
f 3645/2698/5 4029/2700/5 4030/2702/5
f 4032/2703/5 4033/2701/5 3529/2678/5
f 4031/2704/5 4032/2703/5 3529/2678/5
f 3645/2698/5 4030/2702/5 4031/2704/5
f 3645/2698/5 4031/2704/5 3529/2678/5
f 3644/2705/5 3645/2698/5 3529/2678/5
f 3579/2706/5 3580/2685/5 3632/2667/5
f 3643/2707/5 3644/2705/5 3529/2678/5
f 3642/2708/5 3643/2707/5 3529/2678/5
f 3641/2709/5 3642/2708/5 3529/2678/5
f 3640/2710/5 3641/2709/5 3529/2678/5
f 3639/2711/5 3640/2710/5 3529/2678/5
f 3638/2712/5 3639/2711/5 3529/2678/5
f 3637/2713/5 3638/2712/5 3529/2678/5
f 3636/2714/5 3637/2713/5 3529/2678/5
f 3635/2715/7 3636/2714/7 3529/2678/7
f 3579/2706/5 3632/2667/5 3633/2716/5
f 3634/2717/5 3635/2715/5 3529/2678/5
f 3633/2716/5 3634/2717/5 3529/2678/5
f 3579/2706/5 3633/2716/5 3529/2678/5
f 3578/2718/5 3579/2706/5 3529/2678/5
f 3577/2719/5 3578/2718/5 3529/2678/5
f 3576/2720/5 3577/2719/5 3529/2678/5
f 3575/2721/5 3576/2720/5 3529/2678/5
f 3574/2722/5 3575/2721/5 3529/2678/5
f 3573/2723/5 3574/2722/5 3529/2678/5
f 3572/2724/5 3573/2723/5 3529/2678/5
f 3571/2725/5 3572/2724/5 3529/2678/5
f 3570/2726/5 3571/2725/5 3529/2678/5
f 3569/2727/5 3570/2726/5 3529/2678/5
f 3568/2728/5 3569/2727/5 3529/2678/5
f 3568/2728/5 3529/2678/5 3530/2729/5
f 3568/2728/5 3530/2729/5 3567/2730/5
f 3567/2730/5 3530/2729/5 3566/2731/5
f 3566/2731/5 3530/2729/5 3565/2732/5
f 3565/2732/5 3530/2729/5 3564/2733/5
f 3564/2733/5 3530/2729/5 3563/2734/5
f 3563/2734/5 3530/2729/5 3562/2735/5
f 3562/2735/5 3530/2729/5 3561/2736/5
f 3561/2736/5 3530/2729/5 3560/2737/5
f 3560/2737/5 3530/2729/5 3559/2738/5
f 3559/2738/5 3530/2729/5 3558/2739/5
f 3558/2739/5 3530/2729/5 3557/2740/5
f 3557/2740/5 3530/2729/5 3556/2741/5
f 3556/2741/5 3530/2729/5 3531/2742/5
f 3555/2743/5 3556/2741/5 3531/2742/5
f 3555/2743/5 3531/2742/5 3532/2744/5
f 3554/2745/5 3555/2743/5 3532/2744/5
f 3553/2746/5 3554/2745/5 3532/2744/5
f 3552/2747/5 3553/2746/5 3532/2744/5
f 3551/2748/5 3552/2747/5 3532/2744/5
f 3550/2749/5 3551/2748/5 3532/2744/5
f 3549/2750/5 3550/2749/5 3532/2744/5
f 3548/2751/5 3549/2750/5 3532/2744/5
f 3547/2752/5 3548/2751/5 3532/2744/5
f 3546/2753/5 3547/2752/5 3532/2744/5
f 3545/2754/5 3546/2753/5 3532/2744/5
f 3545/2754/5 3532/2744/5 3533/2755/5
f 3544/2756/5 3545/2754/5 3533/2755/5
f 3543/2757/5 3544/2756/5 3533/2755/5
f 3543/2757/5 3533/2755/5 3534/2758/5
f 3542/2759/5 3543/2757/5 3534/2758/5
f 3542/2759/5 3534/2758/5 3535/2760/5
f 3541/2761/5 3542/2759/5 3535/2760/5
f 3541/2761/5 3535/2760/5 3536/2762/5
f 3540/2763/5 3541/2761/5 3536/2762/5
f 3540/2763/5 3536/2762/5 3537/2764/5
f 3539/2765/5 3540/2763/5 3537/2764/5
f 3539/2765/5 3537/2764/5 3538/2766/5
s 2619
f 4084/732/549 4086/1035/550 4085/1036/550 4083/202/549
f 4086/1035/550 4088/1037/551 4087/1038/551 4085/1036/550
f 4088/1037/551 4090/1039/552 4089/1040/552 4087/1038/551
f 4090/1039/552 4092/1041/553 4091/1042/553 4089/1040/552
f 4092/1041/553 4094/1043/554 4093/1044/554 4091/1042/553
f 4094/1043/554 4096/1045/555 4095/1046/555 4093/1044/554
f 4096/1045/555 4098/1047/556 4097/1048/556 4095/1046/555
f 4098/1047/556 4100/1049/557 4099/1050/557 4097/1048/556
f 4100/1049/557 4102/1051/558 4101/1052/558 4099/1050/557
f 4102/1051/558 4104/1053/559 4103/1054/559 4101/1052/558
f 4104/1053/559 4106/1055/560 4105/1056/560 4103/1054/559
f 4106/1055/560 4108/1057/561 4107/1058/561 4105/1056/560
f 4108/1057/561 4110/1059/562 4109/1060/562 4107/1058/561
f 4110/1059/562 4112/1061/562 4111/1062/562 4109/1060/562
f 4112/1061/562 4114/1063/562 4113/1064/562 4111/1062/562
f 4114/1063/562 4116/1065/562 4115/1066/562 4113/1064/562
f 4116/1065/562 4118/1067/562 4117/1068/562 4115/1066/562
f 4118/1067/562 4120/1069/562 4119/1070/562 4117/1068/562
f 4120/1069/562 4122/1071/562 4121/1072/562 4119/1070/562
f 4122/1071/562 4124/1073/562 4123/1074/562 4121/1072/562
f 4124/1073/562 4126/1075/562 4125/1076/562 4123/1074/562
f 4126/1075/562 4128/1077/562 4127/1078/562 4125/1076/562
f 4128/1077/562 4130/1079/562 4129/1080/562 4127/1078/562
f 4130/1079/562 4132/1081/563 4131/1082/563 4129/1080/562
f 4132/1081/563 4134/1083/564 4133/1084/564 4131/1082/563
f 4134/1083/564 4136/1085/565 4135/1086/565 4133/1084/564
f 4136/1085/565 4138/1087/566 4137/1088/566 4135/1086/565
f 4138/1087/566 4140/1089/567 4139/1090/567 4137/1088/566
f 4140/1089/567 4142/1091/568 4141/1092/568 4139/1090/567
f 4142/1091/568 4144/1093/569 4143/1094/569 4141/1092/568
f 4144/1093/569 4146/1095/570 4145/1096/570 4143/1094/569
f 4146/1095/570 4148/1097/571 4147/1098/571 4145/1096/570
f 4148/1097/571 4150/1099/572 4149/1100/572 4147/1098/571
f 4150/1099/572 4152/1101/573 4151/1102/573 4149/1100/572
f 4152/1101/573 4154/1103/574 4153/1104/574 4151/1102/573
f 4154/1103/574 4156/1105/575 4155/1106/575 4153/1104/574
f 4156/1105/575 4158/1107/576 4157/1108/576 4155/1106/575
f 4158/1107/576 4160/1109/577 4159/1110/577 4157/1108/576
f 4160/1109/577 4162/1111/578 4161/1112/578 4159/1110/577
f 4162/1111/578 4164/1113/579 4163/1114/579 4161/1112/578
f 4164/1113/579 4166/1115/580 4165/1116/580 4163/1114/579
f 4166/1115/580 4168/1117/581 4167/1118/581 4165/1116/580
f 4168/1117/581 4170/1119/582 4169/1120/582 4167/1118/581
f 4170/1119/582 4172/1121/583 4171/1122/583 4169/1120/582
f 4172/1121/583 4174/1123/584 4173/1124/584 4171/1122/583
f 4174/1123/584 4176/1125/585 4175/1126/585 4173/1124/584
f 4176/1125/585 4178/1127/586 4177/1128/586 4175/1126/585
f 4178/1127/586 4180/1129/587 4179/1130/587 4177/1128/586
f 4180/1129/587 4182/1131/588 4181/1132/588 4179/1130/587
f 4182/1131/588 4184/1133/262 4183/1134/262 4181/1132/588
f 4184/1133/262 4186/1135/589 4185/1136/589 4183/1134/262
f 4186/1135/589 4188/1137/590 4187/1138/590 4185/1136/589
f 4188/1137/590 4190/1139/591 4189/1140/591 4187/1138/590
f 4190/1139/591 4192/1141/591 4191/1142/591 4189/1140/591
f 4192/1141/591 4194/1143/591 4193/1144/591 4191/1142/591
f 4194/1143/591 4196/1145/591 4195/1146/591 4193/1144/591
f 4196/1145/591 4198/1147/591 4197/1148/591 4195/1146/591
f 4198/1147/591 4200/1149/591 4199/1150/591 4197/1148/591
f 4200/1149/591 4202/1151/591 4201/1152/591 4199/1150/591
f 4202/1151/591 4204/1153/591 4203/1154/591 4201/1152/591
f 4204/1153/591 4206/1155/591 4205/1156/591 4203/1154/591
f 4206/1155/591 4208/1157/591 4207/1158/591 4205/1156/591
f 4208/1157/591 4210/1159/591 4209/1160/591 4207/1158/591
f 4210/1159/591 4212/1161/592 4211/1162/592 4209/1160/591
f 4212/1161/592 4214/1163/593 4213/1164/593 4211/1162/592
f 4214/1163/593 4216/1165/593 4215/1166/593 4213/1164/593
f 4216/1165/593 4218/1167/593 4217/1168/593 4215/1166/593
f 4218/1167/593 4220/1169/593 4219/1170/593 4217/1168/593
f 4220/1169/593 4222/1171/593 4221/1172/593 4219/1170/593
f 4222/1171/593 4224/1173/593 4223/1174/593 4221/1172/593
f 4224/1173/593 4226/1175/593 4225/1176/593 4223/1174/593
f 4226/1175/593 4228/1177/593 4227/1178/593 4225/1176/593
f 4228/1177/593 4230/1179/593 4229/1180/593 4227/1178/593
f 4230/1179/593 4232/1181/593 4231/1182/593 4229/1180/593
f 4232/1181/593 4234/1183/593 4233/1184/593 4231/1182/593
f 4234/1183/593 4236/1185/594 4235/1186/594 4233/1184/593
f 4236/1185/594 4238/1187/595 4237/1188/595 4235/1186/594
f 4238/1187/595 4240/1189/595 4239/1190/595 4237/1188/595
f 4240/1189/595 4242/1191/595 4241/1192/595 4239/1190/595
f 4242/1191/595 4244/1193/595 4243/1194/595 4241/1192/595
f 4244/1193/595 4246/1195/595 4245/1196/595 4243/1194/595
f 4246/1195/595 4248/1197/595 4247/1198/595 4245/1196/595
f 4248/1197/595 4250/1199/595 4249/1200/595 4247/1198/595
f 4250/1199/595 4252/1201/595 4251/1202/595 4249/1200/595
f 4252/1201/595 4254/1203/595 4253/1204/595 4251/1202/595
f 4254/1203/595 4256/1205/595 4255/1206/595 4253/1204/595
f 4256/1205/595 4258/1207/595 4257/1208/595 4255/1206/595
f 4258/1207/595 4260/1209/596 4259/1210/596 4257/1208/595
f 4260/1209/596 4262/1211/597 4261/1212/597 4259/1210/596
f 4262/1211/597 4264/1213/598 4263/1214/598 4261/1212/597
f 4264/1213/598 4266/1215/599 4265/1216/599 4263/1214/598
f 4266/1215/599 4268/1217/600 4267/1218/600 4265/1216/599
f 4268/1217/600 4270/1219/601 4269/1220/601 4267/1218/600
f 4270/1219/601 4272/1221/602 4271/1222/602 4269/1220/601
f 4272/1221/602 4274/1223/603 4273/1224/603 4271/1222/602
f 4274/1223/603 4276/1225/604 4275/1226/604 4273/1224/603
f 4276/1225/604 4278/1227/605 4277/1228/605 4275/1226/604
f 4278/1227/605 4280/1229/606 4279/1230/606 4277/1228/605
f 4280/1229/606 4282/1231/607 4281/1232/607 4279/1230/606
f 4282/1231/607 4284/1233/608 4283/1234/608 4281/1232/607
f 4284/1233/608 4286/1235/609 4285/1236/609 4283/1234/608
f 4286/1235/609 4288/1237/610 4287/1238/610 4285/1236/609
f 4288/1237/610 4290/1239/611 4289/1240/611 4287/1238/610
f 4290/1239/611 4292/1241/612 4291/1242/612 4289/1240/611
f 4292/1241/612 4294/1243/613 4293/1244/613 4291/1242/612
f 4294/1243/613 4296/1245/614 4295/1246/614 4293/1244/613
f 4296/1245/614 4298/1247/615 4297/1248/615 4295/1246/614
f 4298/1247/615 4300/1249/616 4299/1250/616 4297/1248/615
f 4300/1249/616 4302/1251/617 4301/1252/617 4299/1250/616
f 4302/1251/617 4304/1253/618 4303/1254/618 4301/1252/617
f 4304/1253/618 4306/1255/619 4305/1256/619 4303/1254/618
f 4306/1255/619 4308/1257/620 4307/1258/620 4305/1256/619
f 4308/1257/620 4310/1259/621 4309/1260/621 4307/1258/620
f 4310/1259/621 4312/1261/621 4311/1262/621 4309/1260/621
f 4312/1261/621 4314/1263/621 4313/1264/621 4311/1262/621
f 4314/1263/621 4316/1265/621 4315/1266/621 4313/1264/621
f 4316/1265/621 4318/1267/621 4317/1268/621 4315/1266/621
f 4318/1267/621 4320/1269/621 4319/1270/621 4317/1268/621
f 4320/1269/621 4322/1271/621 4321/1272/621 4319/1270/621
f 4322/1271/621 4324/1273/621 4323/1274/621 4321/1272/621
f 4324/1273/621 4326/1275/622 4325/1276/622 4323/1274/621
f 4326/1275/622 4328/1277/621 4327/1278/621 4325/1276/622
f 4328/1277/621 4330/1279/623 4329/1280/623 4327/1278/621
f 4330/1279/623 4332/1281/624 4331/1282/624 4329/1280/623
f 4332/1281/624 4334/1283/625 4333/1284/625 4331/1282/624
f 4334/1283/625 4336/1285/626 4335/1286/626 4333/1284/625
f 4336/1285/626 4338/1287/627 4337/1288/627 4335/1286/626
f 4338/1287/627 4340/1289/628 4339/1290/628 4337/1288/627
f 4340/1289/628 4342/1291/629 4341/1292/629 4339/1290/628
f 4342/1291/629 4344/1293/630 4343/1294/630 4341/1292/629
f 4344/1293/630 4346/1295/631 4345/1296/631 4343/1294/630
f 4346/1295/631 4348/1297/632 4347/1298/632 4345/1296/631
f 4348/1297/632 4350/1299/633 4349/1300/633 4347/1298/632
f 4350/1299/633 4352/1301/634 4351/1302/634 4349/1300/633
f 4352/1301/634 4354/1303/635 4353/1304/635 4351/1302/634
f 4354/1303/635 4356/1305/636 4355/1306/636 4353/1304/635
f 4356/1305/636 4358/1307/637 4357/1308/637 4355/1306/636
f 4358/1307/637 4360/1309/638 4359/1310/638 4357/1308/637
f 4360/1309/638 4362/1311/639 4361/1312/639 4359/1310/638
f 4362/1311/639 4364/1313/640 4363/1314/640 4361/1312/639
f 4364/1313/640 4366/1315/641 4365/1316/641 4363/1314/640
f 4366/1315/641 4368/1317/642 4367/1318/642 4365/1316/641
f 4368/1317/642 4370/1319/642 4369/1320/642 4367/1318/642
f 4370/1319/642 4372/1321/642 4371/1322/642 4369/1320/642
f 4372/1321/642 4374/1323/642 4373/1324/642 4371/1322/642
f 4374/1323/642 4376/1325/642 4375/1326/642 4373/1324/642
f 4376/1325/642 4378/1327/642 4377/1328/642 4375/1326/642
f 4378/1327/642 4380/1329/642 4379/1330/642 4377/1328/642
f 4380/1329/642 4382/1331/642 4381/1332/642 4379/1330/642
f 4382/1331/642 4384/1333/642 4383/1334/642 4381/1332/642
f 4384/1333/642 4386/1335/642 4385/1336/642 4383/1334/642
f 4386/1335/642 4388/1337/643 4387/1338/643 4385/1336/642
f 4388/1337/643 4390/1339/644 4389/1340/644 4387/1338/643
f 4390/1339/644 4392/1341/645 4391/1342/645 4389/1340/644
f 4392/1341/645 4394/1343/646 4393/1344/646 4391/1342/645
f 4394/1343/646 4396/1345/647 4395/1346/647 4393/1344/646
f 4396/1345/647 4398/1347/648 4397/1348/648 4395/1346/647
f 4398/1347/648 4400/1349/649 4399/1350/649 4397/1348/648
f 4400/1349/649 4402/1351/650 4401/1352/650 4399/1350/649
f 4402/1351/650 4404/1353/651 4403/1354/651 4401/1352/650
f 4404/1353/651 4406/1355/652 4405/1356/652 4403/1354/651
f 4406/1355/652 4408/1357/653 4407/1358/653 4405/1356/652
f 4408/1357/653 4410/1359/654 4409/1360/654 4407/1358/653
f 4410/1359/654 4412/1361/655 4411/1362/655 4409/1360/654
f 4412/1361/655 4414/1363/656 4413/1364/656 4411/1362/655
f 4414/1363/656 4416/1365/657 4415/1366/657 4413/1364/656
f 4416/1365/657 4418/1367/658 4417/1368/658 4415/1366/657
f 4418/1367/658 4420/1369/658 4419/1370/658 4417/1368/658
f 4420/1369/658 4422/1371/658 4421/1372/658 4419/1370/658
f 4422/1371/658 4424/1373/658 4423/1374/658 4421/1372/658
f 4424/1373/658 4426/1375/658 4425/1376/658 4423/1374/658
f 4426/1375/658 4428/1377/658 4427/1378/658 4425/1376/658
f 4428/1377/658 4430/1379/658 4429/1380/658 4427/1378/658
f 4430/1379/658 4432/1381/658 4431/1382/658 4429/1380/658
f 4432/1381/658 4434/1383/658 4433/1384/658 4431/1382/658
f 4434/1383/658 4436/1385/658 4435/1386/658 4433/1384/658
f 4436/1385/658 4438/1387/658 4437/1388/658 4435/1386/658
f 4438/1387/658 4440/1389/659 4439/1390/659 4437/1388/658
f 4440/1389/659 4442/1391/660 4441/1392/660 4439/1390/659
f 4442/1391/660 4444/1393/661 4443/1394/661 4441/1392/660
f 4444/1393/661 4446/1395/662 4445/1396/662 4443/1394/661
f 4446/1395/662 4448/1397/663 4447/1398/663 4445/1396/662
f 4448/1397/663 4450/1399/664 4449/1400/664 4447/1398/663
f 4450/1399/664 4452/1401/665 4451/1402/665 4449/1400/664
f 4452/1401/665 4454/1403/666 4453/1404/666 4451/1402/665
f 4454/1403/666 4456/1405/667 4455/1406/667 4453/1404/666
f 4456/1405/667 4458/1407/668 4457/1408/668 4455/1406/667
f 4458/1407/668 4460/1409/669 4459/1410/669 4457/1408/668
f 4460/1409/669 4462/1411/670 4461/1412/670 4459/1410/669
f 4462/1411/670 4464/1413/671 4463/1414/671 4461/1412/670
f 4464/1413/671 4466/1415/672 4465/1416/672 4463/1414/671
f 4466/1415/672 4468/1417/673 4467/1418/673 4465/1416/672
f 4468/1417/673 4470/1419/674 4469/1420/674 4467/1418/673
f 4470/1419/674 4472/1421/675 4471/1422/675 4469/1420/674
f 4472/1421/675 4474/1423/676 4473/1424/676 4471/1422/675
f 4474/1423/676 4476/1425/677 4475/1426/677 4473/1424/676
f 4476/1425/677 4478/1427/678 4477/1428/678 4475/1426/677
f 4478/1427/678 4480/1429/679 4479/1430/679 4477/1428/678
f 4480/1429/679 4482/1431/680 4481/1432/680 4479/1430/679
f 4482/1431/680 4484/1433/681 4483/1434/681 4481/1432/680
f 4484/1433/681 4486/1435/682 4485/1436/682 4483/1434/681
f 4486/1435/682 4488/1437/683 4487/1438/683 4485/1436/682
f 4488/1437/683 4490/1439/684 4489/1440/684 4487/1438/683
f 4490/1439/684 4492/1441/685 4491/1442/685 4489/1440/684
f 4492/1441/685 4494/1443/685 4493/1444/685 4491/1442/685
f 4494/1443/685 4496/1445/685 4495/1446/685 4493/1444/685
f 4496/1445/685 4498/1447/685 4497/1448/685 4495/1446/685
f 4498/1447/685 4500/1449/685 4499/1450/685 4497/1448/685
f 4500/1449/685 4502/1451/685 4501/1452/685 4499/1450/685
f 4502/1451/685 4504/1453/685 4503/1454/685 4501/1452/685
f 4504/1453/685 4506/1455/685 4505/1456/685 4503/1454/685
f 4506/1455/685 4508/1457/685 4507/1458/685 4505/1456/685
f 4508/1457/685 4510/1459/685 4509/1460/685 4507/1458/685
f 4510/1459/685 4512/1461/685 4511/1462/685 4509/1460/685
f 4512/1461/685 4514/1463/686 4513/1464/686 4511/1462/685
f 4514/1463/686 4516/1465/687 4515/1466/687 4513/1464/686
f 4516/1465/687 4518/1467/688 4517/1468/688 4515/1466/687
f 4518/1467/688 4520/1469/689 4519/1470/689 4517/1468/688
f 4520/1469/689 4522/1471/690 4521/1472/690 4519/1470/689
f 4522/1471/690 4524/1473/691 4523/1474/691 4521/1472/690
f 4524/1473/691 4526/1475/692 4525/1476/692 4523/1474/691
f 4526/1475/692 4528/1477/693 4527/1478/693 4525/1476/692
f 4528/1477/693 4530/1479/694 4529/1480/694 4527/1478/693
f 4530/1479/694 4532/1481/695 4531/1482/695 4529/1480/694
f 4532/1481/695 4534/1483/696 4533/1484/696 4531/1482/695
f 4534/1483/696 4536/1485/697 4535/1486/697 4533/1484/696
f 4536/1485/697 4538/1487/698 4537/1488/698 4535/1486/697
f 4538/1487/698 4540/1489/699 4539/1490/699 4537/1488/698
f 4540/1489/699 4542/1491/700 4541/1492/700 4539/1490/699
f 4542/1491/700 4544/1493/701 4543/1494/701 4541/1492/700
f 4544/1493/701 4546/1495/702 4545/1496/702 4543/1494/701
f 4546/1495/702 4548/1497/703 4547/1498/703 4545/1496/702
f 4548/1497/703 4550/1499/704 4549/1500/704 4547/1498/703
f 4550/1499/704 4552/1501/705 4551/1502/705 4549/1500/704
f 4552/1501/705 4554/1503/706 4553/1504/706 4551/1502/705
f 4554/1503/706 4556/1505/707 4555/1506/707 4553/1504/706
f 4556/1505/707 4558/1507/708 4557/1508/708 4555/1506/707
f 4558/1507/708 4560/1509/709 4559/1510/709 4557/1508/708
f 4560/1509/709 4562/1511/710 4561/1512/710 4559/1510/709
f 4562/1511/710 4564/1513/711 4563/1514/711 4561/1512/710
f 4564/1513/711 4566/1515/712 4565/1516/712 4563/1514/711
f 4566/1515/712 4568/1517/712 4567/1518/712 4565/1516/712
f 4568/1517/712 4570/1519/712 4569/1520/712 4567/1518/712
f 4570/1519/712 4572/1521/712 4571/1522/712 4569/1520/712
f 4572/1521/712 4574/1523/712 4573/1524/712 4571/1522/712
f 4574/1523/712 4576/1525/712 4575/1526/712 4573/1524/712
f 4576/1525/712 4578/1527/712 4577/1528/712 4575/1526/712
f 4578/1527/712 4580/1529/712 4579/1530/712 4577/1528/712
f 4580/1529/712 4582/1531/712 4581/1532/712 4579/1530/712
f 4582/1531/712 4584/1533/712 4583/1534/712 4581/1532/712
f 4584/1533/712 4586/1535/712 4585/1536/712 4583/1534/712
f 4586/1535/712 4588/1537/713 4587/1538/713 4585/1536/712
f 4588/1537/713 4590/1539/714 4589/1540/714 4587/1538/713
f 4590/1539/714 4592/1541/715 4591/1542/715 4589/1540/714
f 4592/1541/715 4594/1543/716 4593/1544/716 4591/1542/715
f 4594/1543/716 4596/1545/717 4595/1546/717 4593/1544/716
f 4596/1545/717 4598/1547/718 4597/1548/718 4595/1546/717
f 4598/1547/718 4600/1549/719 4599/1550/719 4597/1548/718
f 4600/1549/719 4602/1551/720 4601/1552/720 4599/1550/719
f 4602/1551/720 4604/1553/721 4603/1554/721 4601/1552/720
f 4604/1553/721 4606/1555/722 4605/1556/722 4603/1554/721
f 4606/1555/722 4608/1557/723 4607/1558/723 4605/1556/722
f 4608/1557/723 4610/1559/724 4609/1560/724 4607/1558/723
f 4610/1559/724 4612/1561/725 4611/1562/725 4609/1560/724
f 4612/1561/725 4614/1563/726 4613/1564/726 4611/1562/725
f 4614/1563/726 4616/1565/727 4615/1566/727 4613/1564/726
f 4616/1565/727 4618/1567/728 4617/1568/728 4615/1566/727
f 4618/1567/728 4620/1569/729 4619/1570/729 4617/1568/728
f 4620/1569/729 4622/1571/729 4621/1572/729 4619/1570/729
f 4622/1571/729 4624/1573/729 4623/1574/729 4621/1572/729
f 4624/1573/729 4626/1575/729 4625/1576/729 4623/1574/729
f 4626/1575/729 4628/1577/729 4627/1578/729 4625/1576/729
f 4628/1577/729 4630/1579/729 4629/1580/729 4627/1578/729
f 4630/1579/729 4632/1581/729 4631/1582/729 4629/1580/729
f 4632/1581/729 4634/1583/729 4633/1584/729 4631/1582/729
f 4634/1583/729 4636/1585/729 4635/1586/729 4633/1584/729
f 4636/1585/729 4638/1587/729 4637/1588/729 4635/1586/729
f 4638/1587/729 4640/1589/729 4639/1590/729 4637/1588/729
f 4640/1589/729 4642/1591/730 4641/1592/730 4639/1590/729
f 4642/1591/730 4644/1593/731 4643/1594/731 4641/1592/730
f 4644/1593/731 4646/1595/732 4645/1596/732 4643/1594/731
f 4646/1595/732 4648/1597/733 4647/1598/733 4645/1596/732
f 4648/1597/733 4650/1599/734 4649/1600/734 4647/1598/733
f 4650/1599/734 4652/1601/735 4651/1602/735 4649/1600/734
f 4652/1601/735 4654/1603/736 4653/1604/736 4651/1602/735
f 4654/1603/736 4656/1605/737 4655/1606/737 4653/1604/736
f 4656/1605/737 4658/1607/738 4657/1608/738 4655/1606/737
f 4658/1607/738 4660/1609/739 4659/1610/739 4657/1608/738
f 4660/1609/739 4662/1611/740 4661/1612/740 4659/1610/739
f 4662/1611/740 4664/1613/741 4663/1614/741 4661/1612/740
f 4664/1613/741 4666/1615/742 4665/1616/742 4663/1614/741
f 4666/1615/742 4668/1617/743 4667/1618/743 4665/1616/742
f 4668/1617/743 4670/1619/744 4669/1620/744 4667/1618/743
f 4670/1619/744 4672/1621/744 4671/1622/744 4669/1620/744
f 4672/1621/744 4674/1623/744 4673/1624/744 4671/1622/744
f 4674/1623/744 4676/1625/744 4675/1626/744 4673/1624/744
f 4676/1625/744 4678/1627/744 4677/1628/744 4675/1626/744
f 4678/1627/744 4680/1629/744 4679/1630/744 4677/1628/744
f 4680/1629/744 4682/1631/744 4681/1632/744 4679/1630/744
f 4682/1631/744 4684/1633/744 4683/1634/744 4681/1632/744
f 4684/1633/744 4686/1635/744 4685/1636/744 4683/1634/744
f 4686/1635/744 4688/1637/744 4687/1638/744 4685/1636/744
f 4688/1637/744 4690/1639/744 4689/1640/744 4687/1638/744
f 4690/1639/744 4692/1641/745 4691/1642/745 4689/1640/744
f 4692/1641/745 4694/1643/746 4693/1644/746 4691/1642/745
f 4694/1643/746 4696/1645/747 4695/1646/747 4693/1644/746
f 4696/1645/747 4698/1647/748 4697/1648/748 4695/1646/747
f 4698/1647/748 4700/1649/749 4699/1650/749 4697/1648/748
f 4700/1649/749 4702/1651/750 4701/1652/750 4699/1650/749
f 4702/1651/750 4704/1653/751 4703/1654/751 4701/1652/750
f 4704/1653/751 4706/1655/752 4705/1656/752 4703/1654/751
f 4706/1655/752 4708/1657/753 4707/1658/753 4705/1656/752
f 4708/1657/753 4710/1659/754 4709/1660/754 4707/1658/753
f 4710/1659/754 4712/1661/755 4711/1662/755 4709/1660/754
f 4712/1661/755 4714/1663/756 4713/1664/756 4711/1662/755
f 4714/1663/756 4716/1665/757 4715/1666/757 4713/1664/756
f 4716/1665/757 4718/1667/758 4717/1668/758 4715/1666/757
f 4718/1667/758 4720/1669/759 4719/1670/759 4717/1668/758
f 4720/1669/759 4722/1671/760 4721/1672/760 4719/1670/759
f 4722/1671/760 4724/1673/761 4723/1674/761 4721/1672/760
f 4724/1673/761 4726/1675/762 4725/1676/762 4723/1674/761
f 4726/1675/762 4728/1677/763 4727/1678/763 4725/1676/762
f 4728/1677/763 4730/1679/764 4729/1680/764 4727/1678/763
f 4730/1679/764 4732/1681/765 4731/1682/765 4729/1680/764
f 4732/1681/765 4734/1683/766 4733/1684/766 4731/1682/765
f 4734/1683/766 4736/1685/767 4735/1686/767 4733/1684/766
f 4736/1685/767 4738/1687/768 4737/1688/768 4735/1686/767
f 4738/1687/768 4740/1689/769 4739/1690/769 4737/1688/768
f 4740/1689/769 4742/1691/68 4741/1692/68 4739/1690/769
f 4742/1691/68 4744/1693/68 4743/1694/68 4741/1692/68
f 4744/1693/68 4746/1695/68 4745/1696/68 4743/1694/68
f 4746/1695/68 4748/1697/68 4747/1698/68 4745/1696/68
f 4748/1697/68 4750/1699/68 4749/1700/68 4747/1698/68
f 4750/1699/68 4752/1701/68 4751/1702/68 4749/1700/68
f 4752/1701/68 4754/1703/68 4753/1704/68 4751/1702/68
f 4754/1703/68 4756/1705/68 4755/1706/68 4753/1704/68
f 4756/1705/68 4758/1707/68 4757/1708/68 4755/1706/68
f 4758/1707/68 4760/1709/68 4759/1710/68 4757/1708/68
f 4760/1709/68 4762/1711/68 4761/1712/68 4759/1710/68
f 4762/1711/68 4764/1713/770 4763/1714/770 4761/1712/68
f 4764/1713/770 4766/1715/771 4765/1716/771 4763/1714/770
f 4766/1715/771 4768/1717/772 4767/1718/772 4765/1716/771
f 4768/1717/772 4770/1719/773 4769/1720/773 4767/1718/772
f 4770/1719/773 4772/1721/774 4771/1722/774 4769/1720/773
f 4772/1721/774 4774/1723/775 4773/1724/775 4771/1722/774
f 4774/1723/775 4776/1725/776 4775/1726/776 4773/1724/775
f 4776/1725/776 4778/1727/777 4777/1728/777 4775/1726/776
f 4778/1727/777 4780/1729/778 4779/1730/778 4777/1728/777
f 4780/1729/778 4782/1731/779 4781/1732/779 4779/1730/778
f 4782/1731/779 4784/1733/780 4783/1734/780 4781/1732/779
f 4784/1733/780 4786/1735/781 4785/1736/781 4783/1734/780
f 4786/1735/781 4788/1737/782 4787/1738/782 4785/1736/781
f 4788/1737/782 4790/1739/783 4789/1740/783 4787/1738/782
f 4790/1739/783 4792/1741/784 4791/1742/784 4789/1740/783
f 4792/1741/784 4794/1743/784 4793/1744/784 4791/1742/784
f 4794/1743/784 4796/1745/784 4795/1746/784 4793/1744/784
f 4796/1745/784 4798/1747/784 4797/1748/784 4795/1746/784
f 4798/1747/784 4800/1749/784 4799/1750/784 4797/1748/784
f 4800/1749/784 4802/1751/784 4801/1752/784 4799/1750/784
f 4802/1751/784 4804/1753/784 4803/1754/784 4801/1752/784
f 4804/1753/784 4806/1755/784 4805/1756/784 4803/1754/784
f 4806/1755/784 4808/1757/784 4807/1758/784 4805/1756/784
f 4808/1757/784 4810/1759/784 4809/1760/784 4807/1758/784
f 4810/1759/784 4812/1761/784 4811/1762/784 4809/1760/784
f 4812/1761/784 4814/1763/785 4813/1764/785 4811/1762/784
f 4814/1763/785 4816/1765/786 4815/1766/786 4813/1764/785
f 4816/1765/786 4818/1767/787 4817/1768/787 4815/1766/786
f 4818/1767/787 4820/1769/788 4819/1770/788 4817/1768/787
f 4820/1769/788 4822/1771/789 4821/1772/789 4819/1770/788
f 4822/1771/789 4824/1773/790 4823/1774/790 4821/1772/789
f 4824/1773/790 4826/1775/791 4825/1776/791 4823/1774/790
f 4826/1775/791 4828/1777/792 4827/1778/792 4825/1776/791
f 4828/1777/792 4830/1779/793 4829/1780/793 4827/1778/792
f 4830/1779/793 4832/1781/794 4831/1782/794 4829/1780/793
f 4832/1781/794 4834/1783/795 4833/1784/795 4831/1782/794
f 4834/1783/795 4836/1785/796 4835/1786/796 4833/1784/795
f 4836/1785/796 4838/1787/797 4837/1788/797 4835/1786/796
f 4838/1787/797 4840/1789/798 4839/1790/798 4837/1788/797
f 4840/1789/798 4842/1791/799 4841/1792/799 4839/1790/798
f 4842/1791/799 4844/1793/800 4843/1794/800 4841/1792/799
f 4844/1793/800 4846/1795/801 4845/1796/801 4843/1794/800
f 4846/1795/801 4848/1797/802 4847/1798/802 4845/1796/801
f 4848/1797/802 4850/1799/803 4849/1800/803 4847/1798/802
f 4850/1799/803 4852/1801/804 4851/1802/804 4849/1800/803
f 4852/1801/804 4854/1803/805 4853/1804/805 4851/1802/804
f 4854/1803/805 4856/1805/806 4855/1806/806 4853/1804/805
f 4856/1805/806 4858/1807/807 4857/1808/807 4855/1806/806
f 4858/1807/807 4860/1809/808 4859/1810/808 4857/1808/807
f 4860/1809/808 4862/1811/809 4861/1812/809 4859/1810/808
f 4862/1811/809 4864/1813/727 4863/1814/727 4861/1812/809
f 4864/1813/727 4866/1815/727 4865/1816/727 4863/1814/727
f 4866/1815/727 4868/1817/727 4867/1818/727 4865/1816/727
f 4868/1817/727 4870/1819/727 4869/1820/727 4867/1818/727
f 4870/1819/727 4872/1821/727 4871/1822/727 4869/1820/727
f 4872/1821/727 4874/1823/727 4873/1824/727 4871/1822/727
f 4874/1823/727 4876/1825/727 4875/1826/727 4873/1824/727
f 4876/1825/727 4878/1827/727 4877/1828/727 4875/1826/727
f 4878/1827/727 4880/1829/727 4879/1830/727 4877/1828/727
f 4880/1829/727 4882/1831/727 4881/1832/727 4879/1830/727
f 4882/1831/727 4884/1833/727 4883/1834/727 4881/1832/727
f 4884/1833/727 4886/1835/810 4885/1836/810 4883/1834/727
f 4886/1835/810 4888/1837/811 4887/1838/811 4885/1836/810
f 4888/1837/811 4890/1839/812 4889/1840/812 4887/1838/811
f 4890/1839/812 4892/1841/813 4891/1842/813 4889/1840/812
f 4892/1841/813 4894/1843/814 4893/1844/814 4891/1842/813
f 4894/1843/814 4896/1845/815 4895/1846/815 4893/1844/814
f 4896/1845/815 4898/1847/816 4897/1848/816 4895/1846/815
f 4898/1847/816 4900/1849/817 4899/1850/817 4897/1848/816
f 4900/1849/817 4902/1851/818 4901/1852/818 4899/1850/817
f 4902/1851/818 4904/1853/819 4903/1854/819 4901/1852/818
f 4904/1853/819 4906/1855/820 4905/1856/820 4903/1854/819
f 4906/1855/820 4908/1857/821 4907/1858/821 4905/1856/820
f 4908/1857/821 4910/1859/822 4909/1860/822 4907/1858/821
f 4910/1859/822 4912/1861/823 4911/1862/823 4909/1860/822
f 4912/1861/823 4914/1863/824 4913/1864/824 4911/1862/823
f 4914/1863/824 4916/1865/825 4915/1866/825 4913/1864/824
f 4916/1865/825 4918/1867/826 4917/1868/826 4915/1866/825
f 4918/1867/826 4920/1869/504 4919/1870/504 4917/1868/826
f 4920/1869/504 4922/1871/827 4921/1872/827 4919/1870/504
f 4922/1871/827 4924/1873/828 4923/1874/828 4921/1872/827
f 4924/1873/828 4926/1875/829 4925/1876/829 4923/1874/828
f 4926/1875/829 4928/1877/830 4927/1878/830 4925/1876/829
f 4928/1877/830 4930/1879/831 4929/1880/831 4927/1878/830
f 4930/1879/831 4932/1881/832 4931/1882/832 4929/1880/831
f 4932/1881/832 4934/1883/833 4933/1884/833 4931/1882/832
f 4934/1883/833 4936/1885/834 4935/1886/834 4933/1884/833
f 4936/1885/834 4938/1887/835 4937/1888/835 4935/1886/834
f 4938/1887/835 4940/1889/835 4939/1890/835 4937/1888/835
f 4940/1889/835 4942/1891/835 4941/1892/835 4939/1890/835
f 4942/1891/835 4944/1893/835 4943/1894/835 4941/1892/835
f 4944/1893/835 4946/1895/835 4945/1896/835 4943/1894/835
f 4946/1895/835 4948/1897/835 4947/1898/835 4945/1896/835
f 4948/1897/835 4950/1899/835 4949/1900/835 4947/1898/835
f 4950/1899/835 4952/1901/835 4951/1902/835 4949/1900/835
f 4952/1901/835 4954/1903/835 4953/1904/835 4951/1902/835
f 4954/1903/835 4956/1905/835 4955/1906/835 4953/1904/835
f 4956/1905/835 4958/1907/835 4957/1908/835 4955/1906/835
f 4958/1907/835 4960/1909/836 4959/1910/836 4957/1908/835
f 4960/1909/836 4962/1911/837 4961/1912/837 4959/1910/836
f 4962/1911/837 4964/1913/838 4963/1914/838 4961/1912/837
f 4964/1913/838 4966/1915/839 4965/1916/839 4963/1914/838
f 4966/1915/839 4968/1917/840 4967/1918/840 4965/1916/839
f 4968/1917/840 4970/1919/841 4969/1920/841 4967/1918/840
f 4970/1919/841 4972/1921/842 4971/1922/842 4969/1920/841
f 4972/1921/842 4974/1923/843 4973/1924/843 4971/1922/842
f 4974/1923/843 4976/1925/844 4975/1926/844 4973/1924/843
f 4976/1925/844 4978/1927/845 4977/1928/845 4975/1926/844
f 4978/1927/845 4980/1929/846 4979/1930/846 4977/1928/845
f 4980/1929/846 4982/1931/847 4981/1932/847 4979/1930/846
f 4982/1931/847 4984/1933/848 4983/1934/848 4981/1932/847
f 4984/1933/848 4986/1935/849 4985/1936/849 4983/1934/848
f 4986/1935/849 4988/1937/850 4987/1938/850 4985/1936/849
f 4988/1937/850 4990/1939/851 4989/1940/851 4987/1938/850
f 4990/1939/851 4992/1941/852 4991/1942/852 4989/1940/851
f 4992/1941/852 4994/1943/853 4993/1944/853 4991/1942/852
f 4994/1943/853 4996/1945/854 4995/1946/854 4993/1944/853
f 4996/1945/854 4998/1947/855 4997/1948/855 4995/1946/854
f 4998/1947/855 5000/1949/856 4999/1950/856 4997/1948/855
f 5000/1949/856 5002/1951/857 5001/1952/857 4999/1950/856
f 5002/1951/857 5004/1953/858 5003/1954/858 5001/1952/857
f 5004/1953/858 5006/1955/859 5005/1956/859 5003/1954/858
f 5006/1955/859 5008/1957/860 5007/1958/860 5005/1956/859
f 5008/1957/860 5010/1959/861 5009/1960/861 5007/1958/860
f 5010/1959/861 5012/1961/862 5011/1962/862 5009/1960/861
f 5012/1961/862 5014/1963/863 5013/1964/863 5011/1962/862
f 5014/1963/863 5016/1965/863 5015/1966/863 5013/1964/863
f 5016/1965/863 5018/1967/863 5017/1968/863 5015/1966/863
f 5018/1967/863 5020/1969/863 5019/1970/863 5017/1968/863
f 5020/1969/863 5022/1971/863 5021/1972/863 5019/1970/863
f 5022/1971/863 5024/1973/863 5023/1974/863 5021/1972/863
f 5024/1973/863 5026/1975/863 5025/1976/863 5023/1974/863
f 5026/1975/863 5028/1977/863 5027/1978/863 5025/1976/863
f 5028/1977/863 5030/1979/864 5029/1980/864 5027/1978/863
f 5030/1979/864 5032/1981/863 5031/1982/863 5029/1980/864
f 5032/1981/863 5034/1983/863 5033/1984/863 5031/1982/863
f 5034/1983/863 5036/1985/865 5035/1986/865 5033/1984/863
f 5036/1985/865 5038/1987/866 5037/1988/866 5035/1986/865
f 5038/1987/866 5040/1989/867 5039/1990/867 5037/1988/866
f 5040/1989/867 5042/1991/868 5041/1992/868 5039/1990/867
f 5042/1991/868 5044/1993/869 5043/1994/869 5041/1992/868
f 5044/1993/869 5046/1995/870 5045/1996/870 5043/1994/869
f 5046/1995/870 5048/1997/871 5047/1998/871 5045/1996/870
f 5048/1997/871 5050/1999/872 5049/2000/872 5047/1998/871
f 5050/1999/872 5052/2001/873 5051/2002/873 5049/2000/872
f 5052/2001/873 5054/2003/874 5053/2004/874 5051/2002/873
f 5054/2003/874 5056/2005/875 5055/2006/875 5053/2004/874
f 5056/2005/875 5058/2007/876 5057/2008/876 5055/2006/875
f 5058/2007/876 5060/2009/877 5059/2010/877 5057/2008/876
f 5060/2009/877 5062/2011/878 5061/2012/878 5059/2010/877
f 5062/2011/878 5064/2013/879 5063/2014/879 5061/2012/878
f 5064/2013/879 5066/2015/880 5065/2016/880 5063/2014/879
f 5066/2015/880 5068/2017/881 5067/2018/881 5065/2016/880
f 5068/2017/881 5070/2019/882 5069/2020/882 5067/2018/881
f 5070/2019/882 5072/2021/883 5071/2022/883 5069/2020/882
f 5072/2021/883 5074/2023/884 5073/2024/884 5071/2022/883
f 5074/2023/884 5076/2025/885 5075/2026/885 5073/2024/884
f 5076/2025/885 5078/2027/886 5077/2028/886 5075/2026/885
f 5078/2027/886 5080/2029/887 5079/2030/887 5077/2028/886
f 5080/2029/887 5082/2031/888 5081/2032/888 5079/2030/887
f 5082/2031/888 5084/2033/889 5083/2034/889 5081/2032/888
f 5084/2033/889 5086/2035/890 5085/2036/890 5083/2034/889
f 5086/2035/890 5088/2037/891 5087/2038/891 5085/2036/890
f 5088/2037/891 5090/2039/891 5089/2040/891 5087/2038/891
f 5090/2039/891 5092/2041/891 5091/2042/891 5089/2040/891
f 5092/2041/891 5094/2043/891 5093/2044/891 5091/2042/891
f 5094/2043/891 5096/2045/891 5095/2046/891 5093/2044/891
f 5096/2045/891 5098/2047/891 5097/2048/891 5095/2046/891
f 5098/2047/891 5100/2049/891 5099/2050/891 5097/2048/891
f 5100/2049/891 5102/2051/891 5101/2052/891 5099/2050/891
f 5102/2051/891 5104/2053/891 5103/2054/891 5101/2052/891
f 5104/2053/891 5106/2055/891 5105/2056/891 5103/2054/891
f 5106/2055/891 5108/2057/891 5107/2058/891 5105/2056/891
f 5108/2057/891 5110/2059/892 5109/2060/892 5107/2058/891
f 5110/2059/892 5112/2061/893 5111/2062/893 5109/2060/892
f 5112/2061/893 5114/2063/894 5113/2064/894 5111/2062/893
f 5114/2063/894 5116/2065/895 5115/2066/895 5113/2064/894
f 5116/2065/895 5118/2067/896 5117/2068/896 5115/2066/895
f 5118/2067/896 5120/2069/897 5119/2070/897 5117/2068/896
f 5120/2069/897 5122/2071/898 5121/2072/898 5119/2070/897
f 5122/2071/898 5124/2073/899 5123/2074/899 5121/2072/898
f 5124/2073/899 5126/2075/900 5125/2076/900 5123/2074/899
f 5126/2075/900 5128/2077/901 5127/2078/901 5125/2076/900
f 5128/2077/901 5130/2079/902 5129/2080/902 5127/2078/901
f 5130/2079/902 5132/2081/903 5131/2082/903 5129/2080/902
f 5132/2081/903 5134/2083/904 5133/2084/904 5131/2082/903
f 5134/2083/904 5136/2085/905 5135/2086/905 5133/2084/904
f 5136/2085/905 5138/2087/906 5137/2088/906 5135/2086/905
f 5138/2087/906 5140/2089/907 5139/2090/907 5137/2088/906
f 5140/2089/907 5142/2091/908 5141/2092/908 5139/2090/907
f 5142/2091/908 5144/2093/909 5143/2094/909 5141/2092/908
f 5144/2093/909 5146/2095/909 5145/2096/909 5143/2094/909
f 5146/2095/909 5148/2097/910 5147/2098/910 5145/2096/909
f 5148/2097/910 5150/2099/911 5149/2100/911 5147/2098/910
f 5150/2099/911 5152/2101/912 5151/2102/912 5149/2100/911
f 5152/2101/912 5154/2103/909 5153/2104/909 5151/2102/912
f 5154/2103/909 5156/2105/913 5155/2106/913 5153/2104/909
f 5156/2105/913 5158/2107/913 5157/2108/913 5155/2106/913
f 5158/2107/913 5160/2109/914 5159/2110/914 5157/2108/913
f 5160/2109/914 5162/2111/915 5161/2112/915 5159/2110/914
f 5162/2111/915 5164/2113/916 5163/2114/916 5161/2112/915
f 5164/2113/916 5166/2115/917 5165/2116/917 5163/2114/916
f 5166/2115/917 5168/2117/918 5167/2118/918 5165/2116/917
f 5168/2117/918 5170/2119/919 5169/2120/919 5167/2118/918
f 5170/2119/919 5172/2121/920 5171/2122/920 5169/2120/919
f 5172/2121/920 5174/2123/921 5173/2124/921 5171/2122/920
f 5174/2123/921 5176/2125/922 5175/2126/922 5173/2124/921
f 5176/2125/922 5178/2127/923 5177/2128/923 5175/2126/922
f 5178/2127/923 5180/2129/924 5179/2130/924 5177/2128/923
f 5180/2129/924 5182/2131/925 5181/2132/925 5179/2130/924
f 5182/2131/925 5184/2133/926 5183/2134/926 5181/2132/925
f 5184/2133/926 5186/2135/927 5185/2136/927 5183/2134/926
f 5186/2135/927 5188/2137/928 5187/2138/928 5185/2136/927
f 5188/2137/928 5190/2139/929 5189/2140/929 5187/2138/928
f 5190/2139/929 5192/2141/930 5191/2142/930 5189/2140/929
f 5192/2141/930 5194/2143/931 5193/2144/931 5191/2142/930
f 5194/2143/931 5196/2145/932 5195/2146/932 5193/2144/931
f 5196/2145/932 5198/2147/933 5197/2148/933 5195/2146/932
f 5198/2147/933 5200/2149/934 5199/2150/934 5197/2148/933
f 5200/2149/934 5202/2151/935 5201/2152/935 5199/2150/934
f 5202/2151/935 5204/2153/934 5203/2154/934 5201/2152/935
f 5204/2153/934 5206/2155/936 5205/2156/936 5203/2154/934
f 5206/2155/936 5208/2157/935 5207/2158/935 5205/2156/936
f 5208/2157/935 5210/2159/935 5209/2160/935 5207/2158/935
f 5210/2159/935 5212/2161/933 5211/2162/933 5209/2160/935
f 5212/2161/933 5214/2163/935 5213/2164/935 5211/2162/933
f 5214/2163/935 5216/2165/937 5215/2166/937 5213/2164/935
f 5216/2165/937 5218/2167/938 5217/2168/938 5215/2166/937
f 5218/2167/938 5220/2169/939 5219/2170/939 5217/2168/938
f 5220/2169/939 5222/2171/940 5221/2172/940 5219/2170/939
f 5222/2171/940 5224/2173/941 5223/2174/941 5221/2172/940
f 5224/2173/941 5226/2175/942 5225/2176/942 5223/2174/941
f 5226/2175/942 5228/2177/943 5227/2178/943 5225/2176/942
f 5228/2177/943 5230/2179/944 5229/2180/944 5227/2178/943
f 5230/2179/944 5232/2181/945 5231/2182/945 5229/2180/944
f 5232/2181/945 5234/2183/946 5233/2184/946 5231/2182/945
f 5234/2183/946 5236/2185/947 5235/2186/947 5233/2184/946
f 5236/2185/947 5238/2187/948 5237/2188/948 5235/2186/947
f 5238/2187/948 5240/2189/949 5239/2190/949 5237/2188/948
f 5240/2189/949 4084/1034/549 4083/343/549 5239/2190/949
