# Blender 5.0.1
# www.blender.org
mtllib RAFP.mtl
g Sphere_Sphere
v 2.023664 7.043927 0.032390
v 2.023664 6.875397 -0.523181
v 2.023664 6.599497 -0.799080
v 2.023664 6.239017 -0.948396
v 2.023664 2.799424 -0.967610
v 2.023664 2.604334 -0.948396
v 2.023664 2.243854 -0.799080
v 2.023664 1.799424 0.032390
v 2.061724 7.024713 -0.158952
v 2.098322 6.967807 -0.342941
v 2.132051 6.875397 -0.512505
v 2.161614 6.751034 -0.661130
v 2.185876 6.599497 -0.783103
v 2.203904 6.426610 -0.873738
v 2.215006 6.239017 -0.929550
v 2.218755 2.799424 -0.948396
v 2.215006 2.604334 -0.929550
v 2.203904 2.416740 -0.873738
v 2.185876 2.243854 -0.783103
v 2.161614 2.092317 -0.661130
v 2.132051 1.967955 -0.512505
v 2.098322 1.875545 -0.342941
v 2.061724 1.818639 -0.158952
v 2.098322 7.024713 -0.147850
v 2.170111 6.967807 -0.321164
v 2.236272 6.875397 -0.480890
v 2.294262 6.751034 -0.620892
v 2.341854 6.599497 -0.735788
v 2.377218 6.426610 -0.821164
v 2.398994 6.239017 -0.873738
v 2.406348 2.799424 -0.891490
v 2.398994 2.604334 -0.873738
v 2.377218 2.416740 -0.821164
v 2.341854 2.243854 -0.735788
v 2.294262 2.092317 -0.620892
v 2.236272 1.967955 -0.480890
v 2.170111 1.875545 -0.321164
v 2.098322 1.818639 -0.147850
v 2.132051 7.024713 -0.129822
v 2.236272 6.967807 -0.285800
v 2.332323 6.875397 -0.429550
v 2.416512 6.751034 -0.555548
v 2.485604 6.599497 -0.658952
v 2.536944 6.426610 -0.735788
v 2.568559 6.239017 -0.783103
v 2.579235 2.799424 -0.799080
v 2.568559 2.604334 -0.783103
v 2.536944 2.416740 -0.735788
v 2.485604 2.243854 -0.658952
v 2.416512 2.092317 -0.555548
v 2.332323 1.967955 -0.429550
v 2.236272 1.875545 -0.285800
v 2.132051 1.818639 -0.129822
v 2.161614 7.024713 -0.105560
v 2.294262 6.967807 -0.238208
v 2.416512 6.875397 -0.360458
v 2.523664 6.751034 -0.467610
v 2.611602 6.599497 -0.555548
v 2.676946 6.426610 -0.620892
v 2.717184 6.239017 -0.661130
v 2.730771 2.799424 -0.674717
v 2.717184 2.604334 -0.661130
v 2.676946 2.416740 -0.620892
v 2.611602 2.243854 -0.555548
v 2.523664 2.092317 -0.467610
v 2.416512 1.967955 -0.360458
v 2.294262 1.875545 -0.238208
v 2.161614 1.818639 -0.105560
v 2.185876 7.024713 -0.075997
v 2.341854 6.967807 -0.180218
v 2.485604 6.875397 -0.276269
v 2.611602 6.751034 -0.360458
v 2.715006 6.599497 -0.429550
v 2.791842 6.426610 -0.480890
v 2.839157 6.239017 -0.512505
v 2.855134 2.799424 -0.523180
v 2.839157 2.604334 -0.512505
v 2.791842 2.416740 -0.480890
v 2.715006 2.243854 -0.429550
v 2.611602 2.092317 -0.360458
v 2.485604 1.967955 -0.276269
v 2.341854 1.875545 -0.180218
v 2.185876 1.818639 -0.075997
v 2.203904 7.024713 -0.042268
v 2.377218 6.967807 -0.114057
v 2.536944 6.875397 -0.180218
v 2.676946 6.751034 -0.238208
v 2.791842 6.599497 -0.285800
v 2.877218 6.426610 -0.321164
v 2.929791 6.239017 -0.342941
v 2.947544 2.799424 -0.350294
v 2.929791 2.604334 -0.342941
v 2.877218 2.416740 -0.321164
v 2.791842 2.243854 -0.285800
v 2.676946 2.092317 -0.238208
v 2.536944 1.967955 -0.180218
v 2.377218 1.875545 -0.114057
v 2.203904 1.818639 -0.042268
v 2.215006 7.024713 -0.005671
v 2.398994 6.967807 -0.042268
v 2.568559 6.875397 -0.075997
v 2.717184 6.751034 -0.105560
v 2.839157 6.599497 -0.129822
v 2.929791 6.426610 -0.147850
v 2.985604 6.239017 -0.158952
v 3.004449 2.799424 -0.162700
v 2.985604 2.604334 -0.158952
v 2.929791 2.416740 -0.147850
v 2.839157 2.243854 -0.129822
v 2.717184 2.092317 -0.105560
v 2.568559 1.967955 -0.075997
v 2.398994 1.875545 -0.042268
v 2.215006 1.818639 -0.005671
v 2.218755 7.024713 0.032390
v 2.406348 6.967807 0.032390
v 2.579234 6.875397 0.032390
v 2.730771 6.751034 0.032390
v 2.855134 6.599497 0.032390
v 2.947544 6.426610 0.032390
v 3.004449 6.239017 0.032390
v 3.023664 2.799424 0.032390
v 3.004449 2.604334 0.032390
v 2.947544 2.416740 0.032390
v 2.855134 2.243854 0.032390
v 2.730771 2.092317 0.032390
v 2.579234 1.967955 0.032390
v 2.406348 1.875545 0.032390
v 2.218755 1.818639 0.032390
v 2.215006 7.024713 0.070450
v 2.398994 6.967807 0.107047
v 2.568559 6.875397 0.140776
v 2.717184 6.751034 0.170339
v 2.839157 6.599497 0.194601
v 2.929791 6.426610 0.212630
v 2.985604 6.239017 0.223731
v 3.004449 2.799424 0.227480
v 2.985604 2.604334 0.223731
v 2.929791 2.416740 0.212630
v 2.839157 2.243854 0.194601
v 2.717184 2.092317 0.170339
v 2.568559 1.967955 0.140776
v 2.398994 1.875545 0.107047
v 2.215006 1.818639 0.070450
v 2.203904 7.024713 0.107047
v 2.377218 6.967807 0.178836
v 2.536944 6.875397 0.244997
v 2.676946 6.751034 0.302988
v 2.791842 6.599497 0.350579
v 2.877218 6.426610 0.385943
v 2.929791 6.239017 0.407720
v 2.947543 2.799424 0.415073
v 2.929791 2.604334 0.407720
v 2.877218 2.416740 0.385943
v 2.791842 2.243854 0.350579
v 2.676946 2.092317 0.302988
v 2.536944 1.967955 0.244997
v 2.377218 1.875545 0.178836
v 2.203904 1.818639 0.107047
v 2.185876 7.024713 0.140776
v 2.341854 6.967807 0.244997
v 2.485604 6.875397 0.341048
v 2.611602 6.751034 0.425237
v 2.715006 6.599497 0.494329
v 2.791842 6.426610 0.545669
v 2.839157 6.239017 0.577285
v 2.855133 2.799424 0.587960
v 2.839157 2.604334 0.577285
v 2.791842 2.416740 0.545669
v 2.715006 2.243854 0.494329
v 2.611602 2.092317 0.425237
v 2.485604 1.967955 0.341048
v 2.341854 1.875545 0.244997
v 2.185876 1.818639 0.140776
v 2.161614 7.024713 0.170339
v 2.294262 6.967807 0.302988
v 2.416512 6.875397 0.425237
v 2.523664 6.751034 0.532390
v 2.611602 6.599497 0.620327
v 2.676946 6.426610 0.685671
v 2.717184 6.239017 0.725909
v 2.730771 2.799424 0.739496
v 2.717184 2.604334 0.725909
v 2.676946 2.416740 0.685671
v 2.611602 2.243854 0.620327
v 2.523664 2.092317 0.532390
v 2.416512 1.967955 0.425237
v 2.294262 1.875545 0.302988
v 2.161614 1.818639 0.170339
v 2.132051 7.024713 0.194601
v 2.236272 6.967807 0.350579
v 2.332322 6.875397 0.494329
v 2.416512 6.751034 0.620327
v 2.485604 6.599497 0.723731
v 2.536944 6.426610 0.800567
v 2.568559 6.239017 0.847883
v 2.579234 2.799424 0.863859
v 2.568559 2.604334 0.847883
v 2.536944 2.416740 0.800567
v 2.485604 2.243854 0.723731
v 2.416512 2.092317 0.620327
v 2.332322 1.967955 0.494329
v 2.236272 1.875545 0.350579
v 2.132051 1.818639 0.194601
v 2.098322 7.024713 0.212629
v 2.170111 6.967807 0.385943
v 2.236272 6.875397 0.545669
v 2.294262 6.751034 0.685671
v 2.341854 6.599497 0.800567
v 2.377218 6.426610 0.885943
v 2.398994 6.239017 0.938517
v 2.406347 2.799424 0.956269
v 2.398994 2.604334 0.938517
v 2.377218 2.416740 0.885943
v 2.341854 2.243854 0.800567
v 2.294262 2.092317 0.685671
v 2.236272 1.967955 0.545669
v 2.170111 1.875545 0.385943
v 2.098322 1.818639 0.212629
v 2.061724 7.024713 0.223731
v 2.098322 6.967807 0.407720
v 2.132051 6.875397 0.577285
v 2.161614 6.751034 0.725909
v 2.185876 6.599497 0.847883
v 2.203904 6.426610 0.938517
v 2.215006 6.239017 0.994329
v 2.218754 2.799424 1.013174
v 2.215006 2.604334 0.994329
v 2.203904 2.416740 0.938517
v 2.185876 2.243854 0.847883
v 2.161614 2.092317 0.725909
v 2.132051 1.967955 0.577285
v 2.098322 1.875545 0.407720
v 2.061724 1.818639 0.223731
v 2.023664 7.024713 0.227480
v 2.023664 6.967807 0.415073
v 2.023664 6.875397 0.587960
v 2.023664 6.751034 0.739496
v 2.023664 6.599497 0.863859
v 2.023664 6.426610 0.956269
v 2.023664 6.239017 1.013175
v 2.023664 2.799424 1.032389
v 2.023664 2.604334 1.013175
v 2.023664 2.416740 0.956269
v 2.023664 2.243854 0.863859
v 2.023664 2.092317 0.739496
v 2.023664 1.967955 0.587960
v 2.023664 1.875545 0.415073
v 2.023664 1.818639 0.227480
v 1.985604 7.024713 0.223731
v 1.949006 6.967807 0.407720
v 1.915278 6.875397 0.577284
v 1.885715 6.751034 0.725909
v 1.861453 6.599497 0.847882
v 1.843424 6.426610 0.938517
v 1.832322 6.239017 0.994329
v 1.828574 2.799424 1.013174
v 1.832322 2.604334 0.994329
v 1.843424 2.416740 0.938517
v 1.861453 2.243854 0.847882
v 1.885715 2.092317 0.725909
v 1.915278 1.967955 0.577284
v 1.949006 1.875545 0.407720
v 1.985604 1.818639 0.223731
v 1.949006 7.024713 0.212629
v 1.877218 6.967807 0.385943
v 1.811057 6.875397 0.545669
v 1.753066 6.751034 0.685671
v 1.705475 6.599497 0.800567
v 1.670111 6.426610 0.885943
v 1.648334 6.239017 0.938517
v 1.640981 2.799424 0.956268
v 1.648334 2.604334 0.938517
v 1.670111 2.416740 0.885943
v 1.705475 2.243854 0.800567
v 1.753066 2.092317 0.685671
v 1.811057 1.967955 0.545669
v 1.877218 1.875545 0.385943
v 1.949006 1.818639 0.212629
v 1.915278 7.024713 0.194601
v 1.811057 6.967807 0.350579
v 1.715006 6.875397 0.494329
v 1.630817 6.751034 0.620327
v 1.561725 6.599497 0.723731
v 1.510385 6.426610 0.800567
v 1.478769 6.239017 0.847882
v 1.468094 2.799424 0.863858
v 1.478769 2.604334 0.847882
v 1.510385 2.416740 0.800567
v 1.561725 2.243854 0.723731
v 1.630817 2.092317 0.620327
v 1.715006 1.967955 0.494329
v 1.811057 1.875545 0.350579
v 1.915278 1.818639 0.194601
v 1.885715 7.024713 0.170339
v 1.753066 6.967807 0.302988
v 1.630817 6.875397 0.425237
v 1.523664 6.751034 0.532390
v 1.435727 6.599497 0.620327
v 1.370383 6.426610 0.685671
v 1.330144 6.239017 0.725909
v 1.316558 2.799424 0.739496
v 1.330144 2.604334 0.725909
v 1.370383 2.416740 0.685671
v 1.435727 2.243854 0.620327
v 1.523664 2.092317 0.532390
v 1.630817 1.967955 0.425237
v 1.753066 1.875545 0.302988
v 1.885715 1.818639 0.170339
v 1.861453 7.024713 0.140776
v 1.705475 6.967807 0.244997
v 1.561725 6.875397 0.341048
v 1.435727 6.751034 0.425237
v 1.332323 6.599497 0.494329
v 1.255487 6.426610 0.545669
v 1.208171 6.239017 0.577284
v 1.192195 2.799424 0.587959
v 1.208171 2.604334 0.577284
v 1.255487 2.416740 0.545669
v 1.332323 2.243854 0.494329
v 1.435727 2.092317 0.425237
v 1.561725 1.967955 0.341048
v 1.705475 1.875545 0.244997
v 1.861453 1.818639 0.140776
v 1.843424 7.024713 0.107047
v 1.670111 6.967807 0.178836
v 1.510385 6.875397 0.244997
v 1.370383 6.751034 0.302988
v 1.255487 6.599497 0.350579
v 1.170111 6.426610 0.385943
v 1.117537 6.239017 0.407720
v 1.099785 2.799424 0.415072
v 1.117537 2.604334 0.407720
v 1.170111 2.416740 0.385943
v 1.255487 2.243854 0.350579
v 1.370383 2.092317 0.302988
v 1.510385 1.967955 0.244997
v 1.670111 1.875545 0.178836
v 1.843424 1.818639 0.107047
v 1.832323 7.024713 0.070450
v 1.648334 6.967807 0.107047
v 1.478770 6.875397 0.140776
v 1.330144 6.751034 0.170339
v 1.208171 6.599497 0.194601
v 1.117537 6.426610 0.212630
v 1.061725 6.239017 0.223731
v 1.042880 2.799424 0.227479
v 1.061725 2.604334 0.223731
v 1.117537 2.416740 0.212630
v 1.208171 2.243854 0.194601
v 1.330144 2.092317 0.170339
v 1.478770 1.967955 0.140776
v 1.648334 1.875545 0.107047
v 1.832323 1.818639 0.070450
v 1.828574 7.024713 0.032390
v 1.640981 6.967807 0.032390
v 1.468094 6.875397 0.032389
v 1.316558 6.751034 0.032390
v 1.192195 6.599497 0.032389
v 1.099785 6.426610 0.032390
v 1.042879 6.239017 0.032389
v 1.023665 2.799424 0.032389
v 1.042879 2.604334 0.032389
v 1.099785 2.416740 0.032390
v 1.192195 2.243854 0.032389
v 1.316558 2.092317 0.032390
v 1.468094 1.967955 0.032389
v 1.640981 1.875545 0.032390
v 1.828574 1.818639 0.032390
v 1.832323 7.024713 -0.005671
v 1.648334 6.967807 -0.042268
v 1.478770 6.875397 -0.075997
v 1.330145 6.751034 -0.105560
v 1.208172 6.599497 -0.129822
v 1.117537 6.426610 -0.147850
v 1.061725 6.239017 -0.158952
v 1.042880 2.799424 -0.162701
v 1.061725 2.604334 -0.158952
v 1.117537 2.416740 -0.147850
v 1.208172 2.243854 -0.129822
v 1.330145 2.092317 -0.105560
v 1.478770 1.967955 -0.075997
v 1.648334 1.875545 -0.042268
v 1.832323 1.818639 -0.005671
v 1.843424 7.024713 -0.042268
v 1.670111 6.967807 -0.114057
v 1.510385 6.875397 -0.180218
v 1.370383 6.751034 -0.238208
v 1.255487 6.599497 -0.285800
v 1.170111 6.426610 -0.321164
v 1.117537 6.239017 -0.342941
v 1.099786 2.799424 -0.350294
v 1.117537 2.604334 -0.342941
v 1.170111 2.416740 -0.321164
v 1.255487 2.243854 -0.285800
v 1.370383 2.092317 -0.238208
v 1.510385 1.967955 -0.180218
v 1.670111 1.875545 -0.114057
v 1.843424 1.818639 -0.042268
v 1.861453 7.024713 -0.075997
v 1.705475 6.967807 -0.180218
v 1.561725 6.875397 -0.276269
v 1.435727 6.751034 -0.360458
v 1.332323 6.599497 -0.429550
v 1.255487 6.426610 -0.480890
v 1.208172 6.239017 -0.512505
v 1.192196 2.799424 -0.523180
v 1.208172 2.604334 -0.512505
v 1.255487 2.416740 -0.480890
v 1.332323 2.243854 -0.429550
v 1.435727 2.092317 -0.360458
v 1.561725 1.967955 -0.276269
v 1.705475 1.875545 -0.180218
v 1.861453 1.818639 -0.075997
v 1.885715 7.024713 -0.105560
v 1.753066 6.967807 -0.238208
v 1.630817 6.875397 -0.360458
v 1.523664 6.751034 -0.467610
v 1.435727 6.599497 -0.555548
v 1.370383 6.426610 -0.620892
v 1.330145 6.239017 -0.661130
v 1.316559 2.799424 -0.674717
v 1.330145 2.604334 -0.661130
v 1.370383 2.416740 -0.620892
v 1.435727 2.243854 -0.555548
v 1.523664 2.092317 -0.467610
v 1.630817 1.967955 -0.360458
v 1.753066 1.875545 -0.238208
v 1.885715 1.818639 -0.105560
v 1.915278 7.024713 -0.129822
v 1.811057 6.967807 -0.285800
v 1.715006 6.875397 -0.429550
v 1.630817 6.751034 -0.555548
v 1.561725 6.599497 -0.658952
v 1.510385 6.426610 -0.735788
v 1.478770 6.239017 -0.783103
v 1.468095 2.799424 -0.799079
v 1.478770 2.604334 -0.783103
v 1.510385 2.416740 -0.735788
v 1.561725 2.243854 -0.658952
v 1.630817 2.092317 -0.555548
v 1.715006 1.967955 -0.429550
v 1.811057 1.875545 -0.285800
v 1.915278 1.818639 -0.129822
v 1.949007 7.024713 -0.147850
v 1.877218 6.967807 -0.321164
v 1.811057 6.875397 -0.480890
v 1.753066 6.751034 -0.620892
v 1.705475 6.599497 -0.735788
v 1.670111 6.426610 -0.821163
v 1.648335 6.239017 -0.873737
v 1.640982 2.799424 -0.891489
v 1.648335 2.604334 -0.873737
v 1.670111 2.416740 -0.821163
v 1.705475 2.243854 -0.735788
v 1.753066 2.092317 -0.620892
v 1.811057 1.967955 -0.480890
v 1.877218 1.875545 -0.321164
v 1.949007 1.818639 -0.147850
v 1.985604 7.024713 -0.158952
v 1.949007 6.967807 -0.342940
v 1.915278 6.875397 -0.512505
v 1.885715 6.751034 -0.661130
v 1.861453 6.599497 -0.783103
v 1.843424 6.426610 -0.873737
v 1.832323 6.239017 -0.929550
v 1.828575 2.799424 -0.948395
v 1.832323 2.604334 -0.929550
v 1.843424 2.416740 -0.873737
v 1.861453 2.243854 -0.783103
v 1.885715 2.092317 -0.661130
v 1.915278 1.967955 -0.512505
v 1.949007 1.875545 -0.342940
v 1.985604 1.818639 -0.158952
v 2.023664 7.024713 -0.162700
v 2.023664 6.967807 -0.350294
v 2.023664 6.751034 -0.674717
v 2.023664 6.426610 -0.891489
v 2.023664 2.416740 -0.891489
v 2.023664 2.092317 -0.674717
v 2.023664 1.967955 -0.523180
v 2.023664 1.875545 -0.350294
v 2.023664 1.818639 -0.162700
vn -0.0000 1.0000 -0.0000
vn -0.0000 0.8286 -0.5598
vn -0.0000 0.5528 -0.8333
vn -0.0000 0.1482 -0.9890
vn -0.0000 -0.0461 -0.9989
vn -0.0000 -0.1939 -0.9810
vn -0.0000 -0.5528 -0.8333
vn -0.0000 -1.0000 -0.0000
vn 0.0392 0.9796 -0.1971
vn 0.0757 0.9217 -0.3804
vn 0.1092 0.8286 -0.5490
vn 0.1385 0.7041 -0.6965
vn 0.1626 0.5528 -0.8173
vn 0.1804 0.3805 -0.9070
vn 0.1929 0.1482 -0.9700
vn 0.1949 -0.0461 -0.9797
vn 0.1914 -0.1939 -0.9622
vn 0.1804 -0.3805 -0.9070
vn 0.1626 -0.5528 -0.8173
vn 0.1385 -0.7041 -0.6965
vn 0.1092 -0.8286 -0.5490
vn 0.0757 -0.9217 -0.3804
vn 0.0392 -0.9796 -0.1971
vn 0.0769 0.9796 -0.1857
vn 0.1484 0.9217 -0.3584
vn 0.2142 0.8286 -0.5172
vn 0.2718 0.7041 -0.6561
vn 0.3189 0.5528 -0.7699
vn 0.3539 0.3805 -0.8544
vn 0.3785 0.1482 -0.9137
vn 0.3823 -0.0461 -0.9229
vn 0.3754 -0.1939 -0.9063
vn 0.3539 -0.3805 -0.8544
vn 0.3189 -0.5528 -0.7699
vn 0.2718 -0.7041 -0.6561
vn 0.2142 -0.8286 -0.5172
vn 0.1484 -0.9217 -0.3584
vn 0.0769 -0.9796 -0.1857
vn 0.1117 0.9796 -0.1671
vn 0.2155 0.9217 -0.3225
vn 0.3110 0.8286 -0.4654
vn 0.3945 0.7041 -0.5905
vn 0.4630 0.5528 -0.6929
vn 0.5138 0.3805 -0.7689
vn 0.5494 0.1482 -0.8223
vn 0.5550 -0.0461 -0.8306
vn 0.5450 -0.1939 -0.8157
vn 0.5138 -0.3805 -0.7689
vn 0.4630 -0.5528 -0.6929
vn 0.3945 -0.7041 -0.5905
vn 0.3110 -0.8286 -0.4654
vn 0.2155 -0.9217 -0.3225
vn 0.1117 -0.9796 -0.1671
vn 0.1421 0.9796 -0.1421
vn 0.2743 0.9217 -0.2743
vn 0.3958 0.8286 -0.3958
vn 0.5021 0.7041 -0.5021
vn 0.5893 0.5528 -0.5893
vn 0.6539 0.3805 -0.6539
vn 0.6993 0.1482 -0.6993
vn 0.7064 -0.0461 -0.7064
vn 0.6937 -0.1939 -0.6937
vn 0.6539 -0.3805 -0.6539
vn 0.5893 -0.5528 -0.5893
vn 0.5021 -0.7041 -0.5021
vn 0.3958 -0.8286 -0.3958
vn 0.2743 -0.9217 -0.2743
vn 0.1421 -0.9796 -0.1421
vn 0.1671 0.9796 -0.1117
vn 0.3225 0.9217 -0.2155
vn 0.4654 0.8286 -0.3110
vn 0.5905 0.7041 -0.3945
vn 0.6929 0.5528 -0.4630
vn 0.7689 0.3805 -0.5138
vn 0.8223 0.1482 -0.5494
vn 0.8306 -0.0461 -0.5550
vn 0.8157 -0.1939 -0.5450
vn 0.7689 -0.3805 -0.5138
vn 0.6929 -0.5528 -0.4630
vn 0.5905 -0.7041 -0.3945
vn 0.4654 -0.8286 -0.3110
vn 0.3225 -0.9217 -0.2155
vn 0.1671 -0.9796 -0.1117
vn 0.1857 0.9796 -0.0769
vn 0.3584 0.9217 -0.1484
vn 0.5172 0.8286 -0.2142
vn 0.6561 0.7041 -0.2718
vn 0.7699 0.5528 -0.3189
vn 0.8544 0.3805 -0.3539
vn 0.9137 0.1482 -0.3785
vn 0.9229 -0.0461 -0.3823
vn 0.9063 -0.1939 -0.3754
vn 0.8544 -0.3805 -0.3539
vn 0.7699 -0.5528 -0.3189
vn 0.6561 -0.7041 -0.2718
vn 0.5172 -0.8286 -0.2142
vn 0.3584 -0.9217 -0.1484
vn 0.1857 -0.9796 -0.0769
vn 0.1971 0.9796 -0.0392
vn 0.3804 0.9217 -0.0757
vn 0.5490 0.8286 -0.1092
vn 0.6965 0.7041 -0.1385
vn 0.8173 0.5528 -0.1626
vn 0.9070 0.3805 -0.1804
vn 0.9700 0.1482 -0.1929
vn 0.9797 -0.0461 -0.1949
vn 0.9622 -0.1939 -0.1914
vn 0.9070 -0.3805 -0.1804
vn 0.8173 -0.5528 -0.1626
vn 0.6965 -0.7041 -0.1385
vn 0.5490 -0.8286 -0.1092
vn 0.3804 -0.9217 -0.0757
vn 0.1971 -0.9796 -0.0392
vn 0.2010 0.9796 -0.0000
vn 0.3879 0.9217 -0.0000
vn 0.5598 0.8286 -0.0000
vn 0.7101 0.7041 -0.0000
vn 0.8333 0.5528 -0.0000
vn 0.9248 0.3805 -0.0000
vn 0.9890 0.1482 -0.0000
vn 0.9989 -0.0461 -0.0000
vn 0.9810 -0.1939 -0.0000
vn 0.9248 -0.3805 -0.0000
vn 0.8333 -0.5528 -0.0000
vn 0.7101 -0.7041 -0.0000
vn 0.5598 -0.8286 -0.0000
vn 0.3879 -0.9217 -0.0000
vn 0.2010 -0.9796 -0.0000
vn 0.1971 0.9796 0.0392
vn 0.3804 0.9217 0.0757
vn 0.5490 0.8286 0.1092
vn 0.6965 0.7041 0.1385
vn 0.8173 0.5528 0.1626
vn 0.9070 0.3805 0.1804
vn 0.9700 0.1482 0.1929
vn 0.9797 -0.0461 0.1949
vn 0.9622 -0.1939 0.1914
vn 0.9070 -0.3805 0.1804
vn 0.8173 -0.5528 0.1626
vn 0.6965 -0.7041 0.1385
vn 0.5490 -0.8286 0.1092
vn 0.3804 -0.9217 0.0757
vn 0.1971 -0.9796 0.0392
vn 0.1857 0.9796 0.0769
vn 0.3584 0.9217 0.1484
vn 0.5172 0.8286 0.2142
vn 0.6561 0.7041 0.2718
vn 0.7699 0.5528 0.3189
vn 0.8544 0.3805 0.3539
vn 0.9137 0.1482 0.3785
vn 0.9229 -0.0461 0.3823
vn 0.9063 -0.1939 0.3754
vn 0.8544 -0.3805 0.3539
vn 0.7699 -0.5528 0.3189
vn 0.6561 -0.7041 0.2718
vn 0.5172 -0.8286 0.2142
vn 0.3584 -0.9217 0.1484
vn 0.1857 -0.9796 0.0769
vn 0.1671 0.9796 0.1117
vn 0.3225 0.9217 0.2155
vn 0.4654 0.8286 0.3110
vn 0.5905 0.7041 0.3945
vn 0.6929 0.5528 0.4630
vn 0.7689 0.3805 0.5138
vn 0.8223 0.1482 0.5494
vn 0.8306 -0.0461 0.5550
vn 0.8157 -0.1939 0.5450
vn 0.7689 -0.3805 0.5138
vn 0.6929 -0.5528 0.4630
vn 0.5905 -0.7041 0.3945
vn 0.4654 -0.8286 0.3110
vn 0.3225 -0.9217 0.2155
vn 0.1671 -0.9796 0.1117
vn 0.1421 0.9796 0.1421
vn 0.2743 0.9217 0.2743
vn 0.3958 0.8286 0.3958
vn 0.5021 0.7041 0.5021
vn 0.5893 0.5528 0.5893
vn 0.6539 0.3805 0.6539
vn 0.6993 0.1482 0.6993
vn 0.7064 -0.0461 0.7064
vn 0.6937 -0.1939 0.6937
vn 0.6539 -0.3805 0.6539
vn 0.5893 -0.5528 0.5893
vn 0.5021 -0.7041 0.5021
vn 0.3958 -0.8286 0.3958
vn 0.2743 -0.9217 0.2743
vn 0.1421 -0.9796 0.1421
vn 0.1117 0.9796 0.1671
vn 0.2155 0.9217 0.3225
vn 0.3110 0.8286 0.4654
vn 0.3945 0.7041 0.5905
vn 0.4630 0.5528 0.6929
vn 0.5138 0.3805 0.7689
vn 0.5494 0.1482 0.8223
vn 0.5550 -0.0461 0.8306
vn 0.5450 -0.1939 0.8157
vn 0.5138 -0.3805 0.7689
vn 0.4630 -0.5528 0.6929
vn 0.3945 -0.7041 0.5905
vn 0.3110 -0.8286 0.4654
vn 0.2155 -0.9217 0.3225
vn 0.1117 -0.9796 0.1671
vn 0.0769 0.9796 0.1857
vn 0.1484 0.9217 0.3584
vn 0.2142 0.8286 0.5172
vn 0.2718 0.7041 0.6561
vn 0.3189 0.5528 0.7699
vn 0.3539 0.3805 0.8544
vn 0.3785 0.1482 0.9137
vn 0.3823 -0.0461 0.9229
vn 0.3754 -0.1939 0.9063
vn 0.3539 -0.3805 0.8544
vn 0.3189 -0.5528 0.7699
vn 0.2718 -0.7041 0.6561
vn 0.2142 -0.8286 0.5172
vn 0.1484 -0.9217 0.3584
vn 0.0769 -0.9796 0.1857
vn 0.0392 0.9796 0.1971
vn 0.0757 0.9217 0.3804
vn 0.1092 0.8286 0.5490
vn 0.1385 0.7041 0.6965
vn 0.1626 0.5528 0.8173
vn 0.1804 0.3805 0.9070
vn 0.1929 0.1482 0.9700
vn 0.1949 -0.0461 0.9797
vn 0.1914 -0.1939 0.9622
vn 0.1804 -0.3805 0.9070
vn 0.1626 -0.5528 0.8173
vn 0.1385 -0.7041 0.6965
vn 0.1092 -0.8286 0.5490
vn 0.0757 -0.9217 0.3804
vn 0.0392 -0.9796 0.1971
vn -0.0000 0.9796 0.2010
vn -0.0000 0.9217 0.3879
vn -0.0000 0.8286 0.5598
vn -0.0000 0.7041 0.7101
vn -0.0000 0.5528 0.8333
vn -0.0000 0.3805 0.9248
vn -0.0000 0.1482 0.9890
vn -0.0000 -0.0461 0.9989
vn -0.0000 -0.1939 0.9810
vn -0.0000 -0.3805 0.9248
vn -0.0000 -0.5528 0.8333
vn -0.0000 -0.7041 0.7101
vn -0.0000 -0.8286 0.5598
vn -0.0000 -0.9217 0.3879
vn -0.0000 -0.9796 0.2010
vn -0.0392 0.9796 0.1971
vn -0.0757 0.9217 0.3804
vn -0.1092 0.8286 0.5490
vn -0.1385 0.7041 0.6965
vn -0.1626 0.5528 0.8173
vn -0.1804 0.3805 0.9070
vn -0.1929 0.1482 0.9700
vn -0.1949 -0.0461 0.9797
vn -0.1914 -0.1939 0.9622
vn -0.1804 -0.3805 0.9070
vn -0.1626 -0.5528 0.8173
vn -0.1385 -0.7041 0.6965
vn -0.1092 -0.8286 0.5490
vn -0.0757 -0.9217 0.3804
vn -0.0392 -0.9796 0.1971
vn -0.0769 0.9796 0.1857
vn -0.1484 0.9217 0.3584
vn -0.2142 0.8286 0.5172
vn -0.2718 0.7041 0.6561
vn -0.3189 0.5528 0.7699
vn -0.3539 0.3805 0.8544
vn -0.3785 0.1482 0.9137
vn -0.3823 -0.0461 0.9229
vn -0.3754 -0.1939 0.9063
vn -0.3539 -0.3805 0.8544
vn -0.3189 -0.5528 0.7699
vn -0.2718 -0.7041 0.6561
vn -0.2142 -0.8286 0.5172
vn -0.1484 -0.9217 0.3584
vn -0.0769 -0.9796 0.1857
vn -0.1117 0.9796 0.1671
vn -0.2155 0.9217 0.3225
vn -0.3110 0.8286 0.4654
vn -0.3945 0.7041 0.5905
vn -0.4630 0.5528 0.6929
vn -0.5138 0.3805 0.7689
vn -0.5494 0.1482 0.8223
vn -0.5550 -0.0461 0.8306
vn -0.5450 -0.1939 0.8157
vn -0.5138 -0.3805 0.7689
vn -0.4630 -0.5528 0.6929
vn -0.3945 -0.7041 0.5905
vn -0.3110 -0.8286 0.4654
vn -0.2155 -0.9217 0.3225
vn -0.1117 -0.9796 0.1671
vn -0.1421 0.9796 0.1421
vn -0.2743 0.9217 0.2743
vn -0.3958 0.8286 0.3958
vn -0.5021 0.7041 0.5021
vn -0.5893 0.5528 0.5893
vn -0.6539 0.3805 0.6539
vn -0.6993 0.1482 0.6993
vn -0.7064 -0.0461 0.7064
vn -0.6937 -0.1939 0.6937
vn -0.6539 -0.3805 0.6539
vn -0.5893 -0.5528 0.5893
vn -0.5021 -0.7041 0.5021
vn -0.3958 -0.8286 0.3958
vn -0.2743 -0.9217 0.2743
vn -0.1421 -0.9796 0.1421
vn -0.1671 0.9796 0.1117
vn -0.3225 0.9217 0.2155
vn -0.4654 0.8286 0.3110
vn -0.5905 0.7041 0.3945
vn -0.6929 0.5528 0.4630
vn -0.7689 0.3805 0.5138
vn -0.8223 0.1482 0.5494
vn -0.8306 -0.0461 0.5550
vn -0.8157 -0.1939 0.5450
vn -0.7689 -0.3805 0.5138
vn -0.6929 -0.5528 0.4630
vn -0.5905 -0.7041 0.3945
vn -0.4654 -0.8286 0.3110
vn -0.3225 -0.9217 0.2155
vn -0.1671 -0.9796 0.1117
vn -0.1857 0.9796 0.0769
vn -0.3584 0.9217 0.1484
vn -0.5172 0.8286 0.2142
vn -0.6561 0.7041 0.2718
vn -0.7699 0.5528 0.3189
vn -0.8544 0.3805 0.3539
vn -0.9137 0.1482 0.3785
vn -0.9229 -0.0461 0.3823
vn -0.9063 -0.1939 0.3754
vn -0.8544 -0.3805 0.3539
vn -0.7699 -0.5528 0.3189
vn -0.6561 -0.7041 0.2718
vn -0.5172 -0.8286 0.2142
vn -0.3584 -0.9217 0.1484
vn -0.1857 -0.9796 0.0769
vn -0.1971 0.9796 0.0392
vn -0.3804 0.9217 0.0757
vn -0.5490 0.8286 0.1092
vn -0.6965 0.7041 0.1385
vn -0.8173 0.5528 0.1626
vn -0.9070 0.3805 0.1804
vn -0.9700 0.1482 0.1929
vn -0.9797 -0.0461 0.1949
vn -0.9622 -0.1939 0.1914
vn -0.9070 -0.3805 0.1804
vn -0.8173 -0.5528 0.1626
vn -0.6965 -0.7041 0.1385
vn -0.5490 -0.8286 0.1092
vn -0.3804 -0.9217 0.0757
vn -0.1971 -0.9796 0.0392
vn -0.2010 0.9796 -0.0000
vn -0.3879 0.9217 -0.0000
vn -0.5598 0.8286 -0.0000
vn -0.7101 0.7041 -0.0000
vn -0.8333 0.5528 -0.0000
vn -0.9248 0.3805 -0.0000
vn -0.9890 0.1482 -0.0000
vn -0.9989 -0.0461 -0.0000
vn -0.9810 -0.1939 -0.0000
vn -0.9248 -0.3805 -0.0000
vn -0.8333 -0.5528 -0.0000
vn -0.7101 -0.7041 -0.0000
vn -0.5598 -0.8286 -0.0000
vn -0.3879 -0.9217 -0.0000
vn -0.2010 -0.9796 -0.0000
vn -0.1971 0.9796 -0.0392
vn -0.3804 0.9217 -0.0757
vn -0.5490 0.8286 -0.1092
vn -0.6965 0.7041 -0.1385
vn -0.8173 0.5528 -0.1626
vn -0.9070 0.3805 -0.1804
vn -0.9700 0.1482 -0.1929
vn -0.9797 -0.0461 -0.1949
vn -0.9622 -0.1939 -0.1914
vn -0.9070 -0.3805 -0.1804
vn -0.8173 -0.5528 -0.1626
vn -0.6965 -0.7041 -0.1385
vn -0.5490 -0.8286 -0.1092
vn -0.3804 -0.9217 -0.0757
vn -0.1971 -0.9796 -0.0392
vn -0.1857 0.9796 -0.0769
vn -0.3584 0.9217 -0.1484
vn -0.5172 0.8286 -0.2142
vn -0.6561 0.7041 -0.2718
vn -0.7699 0.5528 -0.3189
vn -0.8544 0.3805 -0.3539
vn -0.9137 0.1482 -0.3785
vn -0.9229 -0.0461 -0.3823
vn -0.9063 -0.1939 -0.3754
vn -0.8544 -0.3805 -0.3539
vn -0.7699 -0.5528 -0.3189
vn -0.6561 -0.7041 -0.2718
vn -0.5172 -0.8286 -0.2142
vn -0.3584 -0.9217 -0.1484
vn -0.1857 -0.9796 -0.0769
vn -0.1671 0.9796 -0.1117
vn -0.3225 0.9217 -0.2155
vn -0.4654 0.8286 -0.3110
vn -0.5905 0.7041 -0.3945
vn -0.6929 0.5528 -0.4630
vn -0.7689 0.3805 -0.5138
vn -0.8223 0.1482 -0.5494
vn -0.8306 -0.0461 -0.5550
vn -0.8157 -0.1939 -0.5450
vn -0.7689 -0.3805 -0.5138
vn -0.6929 -0.5528 -0.4630
vn -0.5905 -0.7041 -0.3945
vn -0.4654 -0.8286 -0.3110
vn -0.3225 -0.9217 -0.2155
vn -0.1671 -0.9796 -0.1117
vn -0.1421 0.9796 -0.1421
vn -0.2743 0.9217 -0.2743
vn -0.3958 0.8286 -0.3958
vn -0.5021 0.7041 -0.5021
vn -0.5893 0.5528 -0.5893
vn -0.6539 0.3805 -0.6539
vn -0.6993 0.1482 -0.6993
vn -0.7064 -0.0461 -0.7064
vn -0.6937 -0.1939 -0.6937
vn -0.6539 -0.3805 -0.6539
vn -0.5893 -0.5528 -0.5893
vn -0.5021 -0.7041 -0.5021
vn -0.3958 -0.8286 -0.3958
vn -0.2743 -0.9217 -0.2743
vn -0.1421 -0.9796 -0.1421
vn -0.1117 0.9796 -0.1671
vn -0.2155 0.9217 -0.3225
vn -0.3110 0.8286 -0.4654
vn -0.3945 0.7041 -0.5905
vn -0.4630 0.5528 -0.6929
vn -0.5138 0.3805 -0.7689
vn -0.5494 0.1482 -0.8223
vn -0.5550 -0.0461 -0.8306
vn -0.5450 -0.1939 -0.8157
vn -0.5138 -0.3805 -0.7689
vn -0.4630 -0.5528 -0.6929
vn -0.3945 -0.7041 -0.5905
vn -0.3110 -0.8286 -0.4654
vn -0.2155 -0.9217 -0.3225
vn -0.1117 -0.9796 -0.1671
vn -0.0769 0.9796 -0.1857
vn -0.1484 0.9217 -0.3584
vn -0.2142 0.8286 -0.5172
vn -0.2718 0.7041 -0.6561
vn -0.3189 0.5528 -0.7699
vn -0.3539 0.3805 -0.8544
vn -0.3785 0.1482 -0.9137
vn -0.3823 -0.0461 -0.9229
vn -0.3754 -0.1939 -0.9063
vn -0.3539 -0.3805 -0.8544
vn -0.3189 -0.5528 -0.7699
vn -0.2718 -0.7041 -0.6561
vn -0.2142 -0.8286 -0.5172
vn -0.1484 -0.9217 -0.3584
vn -0.0769 -0.9796 -0.1857
vn -0.0392 0.9796 -0.1971
vn -0.0757 0.9217 -0.3804
vn -0.1092 0.8286 -0.5490
vn -0.1385 0.7041 -0.6965
vn -0.1626 0.5528 -0.8173
vn -0.1804 0.3805 -0.9070
vn -0.1929 0.1482 -0.9700
vn -0.1949 -0.0461 -0.9797
vn -0.1914 -0.1939 -0.9622
vn -0.1804 -0.3805 -0.9070
vn -0.1626 -0.5528 -0.8173
vn -0.1385 -0.7041 -0.6965
vn -0.1092 -0.8286 -0.5490
vn -0.0757 -0.9217 -0.3804
vn -0.0392 -0.9796 -0.1971
vn -0.0000 0.9796 -0.2010
vn -0.0000 0.9217 -0.3879
vn -0.0000 0.7041 -0.7101
vn -0.0000 0.3805 -0.9248
vn -0.0000 -0.3805 -0.9248
vn -0.0000 -0.7041 -0.7101
vn -0.0000 -0.8286 -0.5598
vn -0.0000 -0.9217 -0.3879
vn -0.0000 -0.9796 -0.2010
vt 0.749840 1.572553
vt 0.750144 1.635055
vt 0.718606 1.635054
vt 0.718910 1.572554
vt 0.755451 1.511933
vt 0.745099 1.574433
vt 0.723643 1.574432
vt 0.713291 1.511932
vt 0.749507 1.467218
vt 0.750442 1.529719
vt 0.718308 1.529718
vt 0.719243 1.467219
vt 0.753008 1.845439
vt 0.747204 1.907940
vt 0.721543 1.907940
vt 0.715739 1.845441
vt 0.749134 1.320433
vt 0.750776 1.382932
vt 0.717973 1.382931
vt 0.719617 1.320433
vt 0.751942 2.137680
vt 0.748177 2.200184
vt 0.720574 2.200185
vt 0.716805 2.137683
vt 0.748669 1.134995
vt 0.751188 1.197493
vt 0.717561 1.197494
vt 0.720080 1.134995
vt 0.751303 2.375211
vt 0.748771 2.437716
vt 0.719979 2.437716
vt 0.717445 2.375212
vt 0.748023 0.915164
vt 0.751756 0.977664
vt 0.716997 0.977665
vt 0.720730 0.915165
vt 0.750847 2.547158
vt 0.749198 2.609658
vt 0.719547 2.609658
vt 0.717899 2.547155
vt 0.746950 0.666648
vt 0.752656 0.729148
vt 0.716099 0.729147
vt 0.721806 0.666648
vt 0.750483 2.645400
vt 0.749544 2.707899
vt 0.719203 2.707896
vt 0.718269 2.645401
vt 0.744557 0.396492
vt 0.754467 0.458992
vt 0.714286 0.458992
vt 0.724198 0.396492
vt 0.750080 1.635352
vt 0.749855 2.727093
vt 0.718899 2.727093
vt 0.718672 1.635352
vt 0.749997 1.152722
vt 0.734372 1.215222
vt 0.718747 1.152722
vt 0.734377 0.112857
vt 0.750002 0.175357
vt 0.718752 0.175357
vt 0.713305 0.396492
vt 0.723215 0.458992
vt 0.683034 0.458992
vt 0.692945 0.396492
vt 0.718828 1.635349
vt 0.718601 2.727086
vt 0.687646 2.727086
vt 0.687421 1.635349
vt 0.718750 1.152722
vt 0.703125 1.215222
vt 0.687500 1.152722
vt 0.703125 0.112857
vt 0.718750 0.175357
vt 0.687500 0.175357
vt 0.718589 1.572553
vt 0.718893 1.635055
vt 0.687356 1.635054
vt 0.687660 1.572554
vt 0.724206 1.511933
vt 0.713853 1.574433
vt 0.692397 1.574433
vt 0.682046 1.511933
vt 0.718257 1.467218
vt 0.719191 1.529718
vt 0.687058 1.529718
vt 0.687993 1.467218
vt 0.721760 1.845440
vt 0.715955 1.907940
vt 0.690295 1.907941
vt 0.684491 1.845442
vt 0.717884 1.320432
vt 0.719527 1.382933
vt 0.686723 1.382932
vt 0.688366 1.320431
vt 0.720693 2.137683
vt 0.716926 2.200184
vt 0.689325 2.200184
vt 0.685557 2.137684
vt 0.717420 1.134994
vt 0.719939 1.197495
vt 0.686311 1.197496
vt 0.688831 1.134995
vt 0.720055 2.375219
vt 0.717521 2.437717
vt 0.688729 2.437717
vt 0.686197 2.375218
vt 0.716771 0.915165
vt 0.720505 0.977666
vt 0.685746 0.977666
vt 0.689477 0.915165
vt 0.719597 2.547155
vt 0.717948 2.609652
vt 0.688300 2.609651
vt 0.686651 2.547154
vt 0.715697 0.666648
vt 0.721404 0.729147
vt 0.684846 0.729147
vt 0.690553 0.666648
vt 0.719229 2.645400
vt 0.718297 2.707906
vt 0.687955 2.707907
vt 0.687018 2.645396
vt 0.686170 1.134994
vt 0.688689 1.197494
vt 0.655061 1.197495
vt 0.657581 1.134994
vt 0.688803 2.375211
vt 0.686270 2.437713
vt 0.657480 2.437714
vt 0.654945 2.375214
vt 0.685521 0.915166
vt 0.689255 0.977665
vt 0.654495 0.977665
vt 0.658228 0.915165
vt 0.688349 2.547158
vt 0.686699 2.609658
vt 0.657051 2.609659
vt 0.655403 2.547160
vt 0.684447 0.666647
vt 0.690154 0.729148
vt 0.653596 0.729147
vt 0.659303 0.666648
vt 0.687980 2.645400
vt 0.687047 2.707906
vt 0.656706 2.707906
vt 0.655768 2.645396
vt 0.682054 0.396491
vt 0.691966 0.458992
vt 0.651784 0.458992
vt 0.661695 0.396492
vt 0.687579 1.635350
vt 0.687353 2.727088
vt 0.656396 2.727078
vt 0.656170 1.635345
vt 0.687500 1.152722
vt 0.671875 1.215222
vt 0.656250 1.152722
vt 0.671875 0.112857
vt 0.687500 0.175357
vt 0.656250 0.175357
vt 0.687339 1.572554
vt 0.687643 1.635054
vt 0.656106 1.635054
vt 0.656410 1.572554
vt 0.692955 1.511932
vt 0.682604 1.574432
vt 0.661147 1.574432
vt 0.650795 1.511932
vt 0.687008 1.467219
vt 0.687942 1.529719
vt 0.655809 1.529717
vt 0.656743 1.467218
vt 0.690510 1.845443
vt 0.684706 1.907944
vt 0.659045 1.907943
vt 0.653240 1.845441
vt 0.686633 1.320431
vt 0.688277 1.382933
vt 0.655474 1.382933
vt 0.657116 1.320432
vt 0.689444 2.137683
vt 0.685676 2.200183
vt 0.658074 2.200181
vt 0.654308 2.137684
vt 0.656250 1.152722
vt 0.640625 1.215222
vt 0.625000 1.152721
vt 0.640625 0.112857
vt 0.656250 0.175357
vt 0.625000 0.175357
vt 0.656091 1.572558
vt 0.656394 1.635054
vt 0.624856 1.635056
vt 0.625160 1.572554
vt 0.661705 1.511932
vt 0.651353 1.574433
vt 0.629897 1.574432
vt 0.619545 1.511933
vt 0.655757 1.467217
vt 0.656692 1.529719
vt 0.624560 1.529720
vt 0.625494 1.467222
vt 0.659259 1.845441
vt 0.653457 1.907943
vt 0.627795 1.907942
vt 0.621990 1.845439
vt 0.655383 1.320431
vt 0.657026 1.382932
vt 0.624224 1.382932
vt 0.625866 1.320431
vt 0.658193 2.137680
vt 0.654426 2.200181
vt 0.626824 2.200183
vt 0.623056 2.137680
vt 0.654920 1.134995
vt 0.657439 1.197494
vt 0.623811 1.197494
vt 0.626330 1.134995
vt 0.657555 2.375217
vt 0.655021 2.437714
vt 0.626228 2.437716
vt 0.623696 2.375216
vt 0.654271 0.915165
vt 0.658005 0.977665
vt 0.623245 0.977665
vt 0.626979 0.915165
vt 0.657099 2.547157
vt 0.655451 2.609655
vt 0.625801 2.609656
vt 0.624153 2.547159
vt 0.653197 0.666648
vt 0.658904 0.729148
vt 0.622346 0.729148
vt 0.628053 0.666648
vt 0.656732 2.645399
vt 0.655797 2.707904
vt 0.625455 2.707904
vt 0.624517 2.645394
vt 0.650804 0.396491
vt 0.660716 0.458992
vt 0.620534 0.458991
vt 0.630445 0.396491
vt 0.656330 1.635351
vt 0.656104 2.727089
vt 0.625146 2.727086
vt 0.624921 1.635349
vt 0.626305 2.375216
vt 0.623771 2.437714
vt 0.594977 2.437714
vt 0.592447 2.375218
vt 0.623021 0.915165
vt 0.626754 0.977665
vt 0.591995 0.977665
vt 0.595728 0.915165
vt 0.625848 2.547159
vt 0.624200 2.609655
vt 0.594550 2.609653
vt 0.592903 2.547158
vt 0.621947 0.666648
vt 0.627654 0.729148
vt 0.591096 0.729148
vt 0.596803 0.666648
vt 0.625480 2.645402
vt 0.624546 2.707904
vt 0.594204 2.707899
vt 0.593267 2.645392
vt 0.619555 0.396491
vt 0.629465 0.458991
vt 0.589284 0.458991
vt 0.599195 0.396491
vt 0.625079 1.635350
vt 0.624854 2.727089
vt 0.593896 2.727086
vt 0.593671 1.635349
vt 0.625000 1.152722
vt 0.609375 1.215221
vt 0.593750 1.152722
vt 0.609375 0.112857
vt 0.625000 0.175357
vt 0.593750 0.175357
vt 0.624840 1.572555
vt 0.625143 1.635055
vt 0.593606 1.635054
vt 0.593911 1.572556
vt 0.630455 1.511933
vt 0.620103 1.574433
vt 0.598647 1.574432
vt 0.588295 1.511932
vt 0.624508 1.467218
vt 0.625442 1.529719
vt 0.593309 1.529720
vt 0.594242 1.467217
vt 0.628010 1.845441
vt 0.622206 1.907942
vt 0.596544 1.907938
vt 0.590741 1.845443
vt 0.624132 1.320431
vt 0.625777 1.382933
vt 0.592974 1.382933
vt 0.594615 1.320431
vt 0.626942 2.137678
vt 0.623176 2.200180
vt 0.595574 2.200180
vt 0.591806 2.137678
vt 0.623670 1.134995
vt 0.626188 1.197494
vt 0.592561 1.197494
vt 0.595080 1.134994
vt 0.593590 1.572555
vt 0.593894 1.635055
vt 0.562356 1.635055
vt 0.562661 1.572556
vt 0.599205 1.511933
vt 0.588854 1.574432
vt 0.567397 1.574432
vt 0.557046 1.511933
vt 0.593258 1.467219
vt 0.594191 1.529719
vt 0.562059 1.529719
vt 0.562993 1.467219
vt 0.596761 1.845442
vt 0.590955 1.907941
vt 0.565295 1.907941
vt 0.559491 1.845442
vt 0.592883 1.320431
vt 0.594526 1.382932
vt 0.561723 1.382932
vt 0.563366 1.320432
vt 0.595693 2.137683
vt 0.591926 2.200181
vt 0.564324 2.200182
vt 0.560556 2.137682
vt 0.592419 1.134995
vt 0.594940 1.197495
vt 0.561311 1.197495
vt 0.563831 1.134996
vt 0.595054 2.375216
vt 0.592520 2.437714
vt 0.563730 2.437715
vt 0.561195 2.375217
vt 0.591771 0.915165
vt 0.595505 0.977666
vt 0.560745 0.977665
vt 0.564478 0.915165
vt 0.594598 2.547151
vt 0.592952 2.609666
vt 0.563301 2.609658
vt 0.561651 2.547151
vt 0.590697 0.666647
vt 0.596403 0.729148
vt 0.559846 0.729148
vt 0.565553 0.666648
vt 0.594229 2.645396
vt 0.593296 2.707900
vt 0.562953 2.707902
vt 0.562019 2.645401
vt 0.588305 0.396491
vt 0.598215 0.458991
vt 0.558034 0.458991
vt 0.567945 0.396491
vt 0.593829 1.635350
vt 0.593604 2.727089
vt 0.562645 2.727086
vt 0.562420 1.635349
vt 0.593750 1.152722
vt 0.578125 1.215222
vt 0.562500 1.152722
vt 0.578125 0.112857
vt 0.593750 0.175357
vt 0.562500 0.175357
vt 0.560521 0.915165
vt 0.564254 0.977665
vt 0.529495 0.977665
vt 0.533228 0.915165
vt 0.563348 2.547156
vt 0.561701 2.609655
vt 0.532052 2.609656
vt 0.530403 2.547160
vt 0.559446 0.666647
vt 0.565154 0.729148
vt 0.528596 0.729148
vt 0.534303 0.666648
vt 0.562979 2.645400
vt 0.562045 2.707898
vt 0.531703 2.707897
vt 0.530769 2.645402
vt 0.557055 0.396491
vt 0.566965 0.458991
vt 0.526785 0.458991
vt 0.536695 0.396491
vt 0.562578 1.635347
vt 0.562352 2.727082
vt 0.531398 2.727083
vt 0.531172 1.635347
vt 0.562500 1.152722
vt 0.546875 1.215222
vt 0.531250 1.152722
vt 0.546875 0.112857
vt 0.562500 0.175357
vt 0.531250 0.175357
vt 0.562340 1.572555
vt 0.562643 1.635054
vt 0.531107 1.635055
vt 0.531411 1.572555
vt 0.567955 1.511932
vt 0.557603 1.574433
vt 0.536147 1.574433
vt 0.525795 1.511933
vt 0.562008 1.467220
vt 0.562942 1.529719
vt 0.530809 1.529718
vt 0.531743 1.467220
vt 0.565509 1.845440
vt 0.559705 1.907941
vt 0.534044 1.907940
vt 0.528240 1.845441
vt 0.561633 1.320430
vt 0.563276 1.382930
vt 0.530473 1.382933
vt 0.532116 1.320431
vt 0.564444 2.137683
vt 0.560677 2.200184
vt 0.533075 2.200184
vt 0.529309 2.137684
vt 0.561170 1.134995
vt 0.563689 1.197496
vt 0.530062 1.197496
vt 0.532581 1.134995
vt 0.563803 2.375212
vt 0.561270 2.437716
vt 0.532479 2.437716
vt 0.529945 2.375214
vt 0.536705 1.511932
vt 0.526353 1.574433
vt 0.504897 1.574433
vt 0.494545 1.511932
vt 0.530758 1.467219
vt 0.531692 1.529719
vt 0.499559 1.529719
vt 0.500493 1.467219
vt 0.534260 1.845440
vt 0.528456 1.907940
vt 0.502794 1.907938
vt 0.496990 1.845438
vt 0.530383 1.320431
vt 0.532027 1.382932
vt 0.499223 1.382931
vt 0.500867 1.320432
vt 0.533193 2.137682
vt 0.529426 2.200184
vt 0.501824 2.200186
vt 0.498057 2.137683
vt 0.529919 1.134994
vt 0.532439 1.197496
vt 0.498811 1.197495
vt 0.501330 1.134994
vt 0.532554 2.375217
vt 0.530020 2.437712
vt 0.501228 2.437711
vt 0.498696 2.375216
vt 0.529271 0.915166
vt 0.533004 0.977666
vt 0.498245 0.977666
vt 0.501979 0.915166
vt 0.532098 2.547155
vt 0.530450 2.609653
vt 0.500800 2.609659
vt 0.499151 2.547157
vt 0.528196 0.666648
vt 0.533904 0.729148
vt 0.497346 0.729147
vt 0.503052 0.666648
vt 0.531731 2.645402
vt 0.530795 2.707903
vt 0.500454 2.707903
vt 0.499516 2.645391
vt 0.525805 0.396491
vt 0.535716 0.458991
vt 0.495535 0.458991
vt 0.505446 0.396491
vt 0.531329 1.635352
vt 0.531104 2.727093
vt 0.500149 2.727093
vt 0.499922 1.635352
vt 0.531250 1.152722
vt 0.515625 1.215222
vt 0.500000 1.152722
vt 0.515625 0.112857
vt 0.531250 0.175357
vt 0.500000 0.175357
vt 0.531090 1.572555
vt 0.531393 1.635054
vt 0.499856 1.635054
vt 0.500160 1.572555
vt 0.500847 2.547157
vt 0.499199 2.609664
vt 0.469551 2.609660
vt 0.467903 2.547155
vt 0.496947 0.666648
vt 0.502654 0.729148
vt 0.466096 0.729149
vt 0.471803 0.666649
vt 0.500480 2.645396
vt 0.499545 2.707898
vt 0.469203 2.707897
vt 0.468269 2.645401
vt 0.494555 0.396491
vt 0.504465 0.458991
vt 0.464284 0.458991
vt 0.474195 0.396491
vt 0.500080 1.635351
vt 0.499855 2.727089
vt 0.468898 2.727086
vt 0.468672 1.635349
vt 0.500000 1.152722
vt 0.484375 1.215222
vt 0.468750 1.152722
vt 0.484375 0.112857
vt 0.468750 0.175357
vt 0.499839 1.572555
vt 0.500143 1.635055
vt 0.468606 1.635055
vt 0.468910 1.572555
vt 0.505455 1.511933
vt 0.495103 1.574433
vt 0.473647 1.574432
vt 0.463295 1.511931
vt 0.499508 1.467219
vt 0.500442 1.529719
vt 0.468309 1.529719
vt 0.469243 1.467221
vt 0.503011 1.845443
vt 0.497206 1.907942
vt 0.471544 1.907940
vt 0.465741 1.845442
vt 0.499134 1.320433
vt 0.500777 1.382933
vt 0.467974 1.382933
vt 0.469617 1.320433
vt 0.501944 2.137684
vt 0.498175 2.200182
vt 0.470573 2.200182
vt 0.466806 2.137682
vt 0.498669 1.134994
vt 0.501189 1.197495
vt 0.467561 1.197494
vt 0.470080 1.134994
vt 0.501305 2.375215
vt 0.498771 2.437715
vt 0.469981 2.437717
vt 0.467446 2.375216
vt 0.498022 0.915166
vt 0.501755 0.977665
vt 0.466995 0.977666
vt 0.470729 0.915166
vt 0.468258 1.467219
vt 0.469192 1.529720
vt 0.437059 1.529720
vt 0.437992 1.467216
vt 0.471760 1.845440
vt 0.465955 1.907941
vt 0.440295 1.907941
vt 0.434490 1.845438
vt 0.467884 1.320432
vt 0.469526 1.382931
vt 0.436723 1.382931
vt 0.438367 1.320432
vt 0.470694 2.137681
vt 0.466927 2.200185
vt 0.439325 2.200185
vt 0.435557 2.137684
vt 0.467419 1.134995
vt 0.469939 1.197494
vt 0.436311 1.197494
vt 0.438830 1.134994
vt 0.470056 2.375219
vt 0.467521 2.437716
vt 0.438730 2.437719
vt 0.436197 2.375218
vt 0.466771 0.915165
vt 0.470504 0.977666
vt 0.435745 0.977665
vt 0.439478 0.915166
vt 0.469599 2.547162
vt 0.467949 2.609654
vt 0.438300 2.609656
vt 0.436653 2.547161
vt 0.465697 0.666648
vt 0.471404 0.729148
vt 0.434846 0.729149
vt 0.440553 0.666648
vt 0.469230 2.645399
vt 0.468293 2.707892
vt 0.437954 2.707902
vt 0.437018 2.645400
vt 0.463305 0.396491
vt 0.473216 0.458991
vt 0.433034 0.458991
vt 0.442945 0.396491
vt 0.468829 1.635350
vt 0.468604 2.727089
vt 0.437646 2.727086
vt 0.437421 1.635349
vt 0.468750 1.152722
vt 0.453125 1.215221
vt 0.437500 1.152722
vt 0.453125 0.112857
vt 0.468750 0.175357
vt 0.437500 0.175357
vt 0.468589 1.572555
vt 0.468894 1.635053
vt 0.437356 1.635053
vt 0.437660 1.572555
vt 0.474205 1.511933
vt 0.463853 1.574433
vt 0.442397 1.574433
vt 0.432045 1.511933
vt 0.434446 0.666648
vt 0.440153 0.729148
vt 0.403596 0.729149
vt 0.409303 0.666648
vt 0.437981 2.645398
vt 0.437046 2.707907
vt 0.406704 2.707903
vt 0.405768 2.645401
vt 0.432054 0.396491
vt 0.441966 0.458991
vt 0.401784 0.458991
vt 0.411695 0.396491
vt 0.437579 1.635352
vt 0.437354 2.727093
vt 0.406398 2.727092
vt 0.406172 1.635352
vt 0.437500 1.152722
vt 0.421875 1.215222
vt 0.406250 1.152722
vt 0.421875 0.112857
vt 0.437500 0.175357
vt 0.406250 0.175357
vt 0.437339 1.572553
vt 0.437643 1.635055
vt 0.406107 1.635056
vt 0.406410 1.572555
vt 0.442955 1.511932
vt 0.432603 1.574432
vt 0.411147 1.574432
vt 0.400795 1.511932
vt 0.437008 1.467218
vt 0.437942 1.529719
vt 0.405809 1.529717
vt 0.406743 1.467219
vt 0.440510 1.845440
vt 0.434706 1.907943
vt 0.409045 1.907943
vt 0.403241 1.845439
vt 0.436633 1.320431
vt 0.438277 1.382932
vt 0.405473 1.382932
vt 0.407117 1.320431
vt 0.439444 2.137686
vt 0.435676 2.200184
vt 0.408075 2.200182
vt 0.404307 2.137685
vt 0.436169 1.134995
vt 0.438689 1.197495
vt 0.405061 1.197495
vt 0.407581 1.134995
vt 0.438803 2.375212
vt 0.436270 2.437716
vt 0.407480 2.437716
vt 0.404946 2.375216
vt 0.435522 0.915165
vt 0.439255 0.977666
vt 0.404495 0.977665
vt 0.408228 0.915165
vt 0.438348 2.547157
vt 0.436699 2.609652
vt 0.407051 2.609660
vt 0.405403 2.547157
vt 0.405383 1.320430
vt 0.407027 1.382933
vt 0.374223 1.382932
vt 0.375866 1.320430
vt 0.408194 2.137684
vt 0.404426 2.200181
vt 0.376824 2.200185
vt 0.373057 2.137685
vt 0.404920 1.134996
vt 0.407439 1.197495
vt 0.373811 1.197494
vt 0.376331 1.134995
vt 0.407554 2.375216
vt 0.405020 2.437715
vt 0.376229 2.437716
vt 0.373695 2.375215
vt 0.404271 0.915165
vt 0.408005 0.977665
vt 0.373245 0.977665
vt 0.376979 0.915165
vt 0.407099 2.547158
vt 0.405450 2.609659
vt 0.375800 2.609652
vt 0.374153 2.547156
vt 0.403197 0.666649
vt 0.408903 0.729149
vt 0.372346 0.729148
vt 0.378053 0.666649
vt 0.406730 2.645396
vt 0.405796 2.707908
vt 0.375454 2.707902
vt 0.374518 2.645391
vt 0.400805 0.396491
vt 0.410715 0.458991
vt 0.370534 0.458991
vt 0.380445 0.396491
vt 0.406329 1.635350
vt 0.406103 2.727087
vt 0.375147 2.727086
vt 0.374921 1.635349
vt 0.406250 1.152722
vt 0.390625 1.215222
vt 0.375000 1.152722
vt 0.390625 0.112857
vt 0.406250 0.175357
vt 0.375000 0.175357
vt 0.406089 1.572553
vt 0.406393 1.635055
vt 0.374856 1.635055
vt 0.375159 1.572553
vt 0.411705 1.511933
vt 0.401354 1.574433
vt 0.379897 1.574433
vt 0.369545 1.511932
vt 0.405758 1.467218
vt 0.406692 1.529718
vt 0.374559 1.529718
vt 0.375493 1.467219
vt 0.409260 1.845441
vt 0.403456 1.907940
vt 0.377795 1.907940
vt 0.371991 1.845440
vt 0.369555 0.396491
vt 0.379466 0.458991
vt 0.339284 0.458991
vt 0.349195 0.396491
vt 0.375079 1.635347
vt 0.374853 2.727081
vt 0.343898 2.727080
vt 0.343672 1.635346
vt 0.375000 1.152722
vt 0.359375 1.215222
vt 0.343750 1.152722
vt 0.359375 0.112857
vt 0.375000 0.175357
vt 0.343750 0.175357
vt 0.374839 1.572552
vt 0.375143 1.635055
vt 0.343606 1.635055
vt 0.343909 1.572554
vt 0.380455 1.511932
vt 0.370103 1.574433
vt 0.348647 1.574433
vt 0.338295 1.511933
vt 0.374508 1.467218
vt 0.375442 1.529719
vt 0.343309 1.529719
vt 0.344242 1.467218
vt 0.378009 1.845438
vt 0.372205 1.907938
vt 0.346545 1.907940
vt 0.340740 1.845438
vt 0.374133 1.320432
vt 0.375776 1.382931
vt 0.342973 1.382931
vt 0.344616 1.320433
vt 0.376944 2.137685
vt 0.373176 2.200183
vt 0.345575 2.200184
vt 0.341807 2.137684
vt 0.373670 1.134995
vt 0.376189 1.197495
vt 0.342561 1.197496
vt 0.345080 1.134995
vt 0.376304 2.375216
vt 0.373771 2.437717
vt 0.344978 2.437710
vt 0.342446 2.375218
vt 0.373021 0.915166
vt 0.376754 0.977665
vt 0.341995 0.977665
vt 0.345728 0.915166
vt 0.375849 2.547158
vt 0.374200 2.609659
vt 0.344552 2.609661
vt 0.342903 2.547157
vt 0.371947 0.666649
vt 0.377654 0.729148
vt 0.341096 0.729148
vt 0.346803 0.666649
vt 0.375480 2.645396
vt 0.374544 2.707891
vt 0.344203 2.707898
vt 0.343269 2.645409
vt 0.345694 2.137681
vt 0.341927 2.200184
vt 0.314325 2.200182
vt 0.310558 2.137683
vt 0.342420 1.134996
vt 0.344939 1.197495
vt 0.311311 1.197495
vt 0.313831 1.134996
vt 0.345054 2.375219
vt 0.342520 2.437716
vt 0.313730 2.437716
vt 0.311196 2.375220
vt 0.341771 0.915165
vt 0.345504 0.977665
vt 0.310745 0.977665
vt 0.314478 0.915165
vt 0.344600 2.547162
vt 0.342951 2.609661
vt 0.313301 2.609659
vt 0.311653 2.547161
vt 0.340697 0.666648
vt 0.346404 0.729148
vt 0.309846 0.729148
vt 0.315553 0.666649
vt 0.344230 2.645401
vt 0.343295 2.707902
vt 0.312954 2.707902
vt 0.312017 2.645400
vt 0.338305 0.396491
vt 0.348216 0.458991
vt 0.308034 0.458991
vt 0.317945 0.396491
vt 0.343828 1.635344
vt 0.343602 2.727077
vt 0.312647 2.727077
vt 0.312421 1.635344
vt 0.343750 1.152722
vt 0.328125 1.215222
vt 0.312500 1.152722
vt 0.328125 0.112857
vt 0.343750 0.175357
vt 0.312500 0.175357
vt 0.343589 1.572554
vt 0.343893 1.635056
vt 0.312356 1.635055
vt 0.312659 1.572553
vt 0.349205 1.511933
vt 0.338853 1.574433
vt 0.317397 1.574432
vt 0.307045 1.511934
vt 0.343259 1.467220
vt 0.344192 1.529720
vt 0.312059 1.529719
vt 0.312993 1.467220
vt 0.346760 1.845440
vt 0.340956 1.907942
vt 0.315295 1.907941
vt 0.309490 1.845440
vt 0.342882 1.320432
vt 0.344526 1.382931
vt 0.311723 1.382931
vt 0.313366 1.320431
vt 0.312579 1.635350
vt 0.312354 2.727088
vt 0.281398 2.727085
vt 0.281172 1.635348
vt 0.312500 1.152722
vt 0.296875 1.215222
vt 0.281250 1.152722
vt 0.296875 0.112857
vt 0.312500 0.175357
vt 0.281250 0.175357
vt 0.312339 1.572552
vt 0.312643 1.635056
vt 0.281106 1.635056
vt 0.281410 1.572556
vt 0.317955 1.511933
vt 0.307603 1.574433
vt 0.286147 1.574433
vt 0.275795 1.511933
vt 0.312008 1.467218
vt 0.312942 1.529719
vt 0.280810 1.529719
vt 0.281743 1.467219
vt 0.315510 1.845440
vt 0.309706 1.907939
vt 0.284045 1.907938
vt 0.278241 1.845440
vt 0.311632 1.320430
vt 0.313276 1.382932
vt 0.280473 1.382933
vt 0.282116 1.320432
vt 0.314444 2.137682
vt 0.310676 2.200181
vt 0.283074 2.200181
vt 0.279307 2.137681
vt 0.311170 1.134995
vt 0.313689 1.197496
vt 0.280061 1.197495
vt 0.282581 1.134995
vt 0.313803 2.375217
vt 0.311270 2.437714
vt 0.282479 2.437711
vt 0.279946 2.375218
vt 0.310521 0.915165
vt 0.314255 0.977665
vt 0.279495 0.977664
vt 0.283229 0.915165
vt 0.313348 2.547153
vt 0.311701 2.609663
vt 0.282052 2.609663
vt 0.280403 2.547154
vt 0.309447 0.666649
vt 0.315153 0.729148
vt 0.278596 0.729148
vt 0.284303 0.666649
vt 0.312979 2.645395
vt 0.312045 2.707900
vt 0.281703 2.707897
vt 0.280767 2.645396
vt 0.307055 0.396491
vt 0.316965 0.458991
vt 0.276784 0.458991
vt 0.286695 0.396491
vt 0.279919 1.134995
vt 0.282438 1.197494
vt 0.248811 1.197496
vt 0.251330 1.134995
vt 0.282554 2.375215
vt 0.280020 2.437714
vt 0.251229 2.437714
vt 0.248696 2.375216
vt 0.279271 0.915165
vt 0.283004 0.977665
vt 0.248246 0.977665
vt 0.251978 0.915165
vt 0.282099 2.547158
vt 0.280450 2.609660
vt 0.250801 2.609663
vt 0.249152 2.547157
vt 0.278197 0.666649
vt 0.283904 0.729149
vt 0.247346 0.729148
vt 0.253053 0.666649
vt 0.281731 2.645405
vt 0.280796 2.707905
vt 0.250453 2.707897
vt 0.249519 2.645404
vt 0.275805 0.396491
vt 0.285716 0.458991
vt 0.245534 0.458991
vt 0.255445 0.396491
vt 0.281329 1.635350
vt 0.281103 2.727087
vt 0.250148 2.727097
vt 0.249922 1.635354
vt 0.265625 1.215222
vt 0.250000 1.152722
vt 0.265625 0.112857
vt 0.281250 0.175357
vt 0.250000 0.175357
vt 0.281089 1.572553
vt 0.281394 1.635055
vt 0.249856 1.635055
vt 0.250160 1.572552
vt 0.286705 1.511933
vt 0.276353 1.574433
vt 0.254897 1.574432
vt 0.244545 1.511933
vt 0.280759 1.467220
vt 0.281692 1.529718
vt 0.249559 1.529718
vt 0.250492 1.467219
vt 0.284260 1.845441
vt 0.278456 1.907942
vt 0.252795 1.907942
vt 0.246991 1.845440
vt 0.280383 1.320432
vt 0.282027 1.382933
vt 0.249224 1.382932
vt 0.250866 1.320431
vt 0.283193 2.137682
vt 0.279426 2.200181
vt 0.251824 2.200181
vt 0.248057 2.137682
vt 0.250000 1.152722
vt 0.234375 1.215222
vt 0.218750 1.152722
vt 0.234375 0.112857
vt 0.250000 0.175357
vt 0.218750 0.175357
vt 0.249840 1.572556
vt 0.250144 1.635056
vt 0.218607 1.635057
vt 0.218910 1.572556
vt 0.255455 1.511932
vt 0.245103 1.574432
vt 0.223647 1.574433
vt 0.213295 1.511932
vt 0.249508 1.467219
vt 0.250441 1.529718
vt 0.218309 1.529717
vt 0.219242 1.467218
vt 0.253009 1.845439
vt 0.247205 1.907939
vt 0.221544 1.907941
vt 0.215740 1.845441
vt 0.249133 1.320431
vt 0.250776 1.382932
vt 0.217974 1.382933
vt 0.219616 1.320433
vt 0.251943 2.137682
vt 0.248176 2.200183
vt 0.220575 2.200183
vt 0.216807 2.137682
vt 0.248669 1.134995
vt 0.251189 1.197495
vt 0.217561 1.197495
vt 0.220080 1.134995
vt 0.251304 2.375215
vt 0.248771 2.437717
vt 0.219980 2.437717
vt 0.217446 2.375214
vt 0.248021 0.915165
vt 0.251755 0.977665
vt 0.216995 0.977664
vt 0.220728 0.915165
vt 0.250849 2.547161
vt 0.249200 2.609660
vt 0.219551 2.609658
vt 0.217902 2.547160
vt 0.246947 0.666649
vt 0.252654 0.729149
vt 0.216096 0.729149
vt 0.221803 0.666648
vt 0.250480 2.645396
vt 0.249546 2.707898
vt 0.219204 2.707898
vt 0.218269 2.645399
vt 0.244555 0.396491
vt 0.254466 0.458991
vt 0.214284 0.458991
vt 0.224195 0.396491
vt 0.250079 1.635349
vt 0.249853 2.727086
vt 0.218897 2.727086
vt 0.218671 1.635349
vt 0.220053 2.375213
vt 0.217521 2.437716
vt 0.188729 2.437715
vt 0.186195 2.375211
vt 0.216771 0.915165
vt 0.220504 0.977665
vt 0.185745 0.977665
vt 0.189478 0.915165
vt 0.219599 2.547160
vt 0.217950 2.609662
vt 0.188301 2.609664
vt 0.186652 2.547153
vt 0.215697 0.666649
vt 0.221404 0.729149
vt 0.184846 0.729149
vt 0.190553 0.666649
vt 0.219231 2.645406
vt 0.218295 2.707899
vt 0.187954 2.707897
vt 0.187019 2.645396
vt 0.213305 0.396491
vt 0.223216 0.458991
vt 0.183035 0.458991
vt 0.192945 0.396491
vt 0.218829 1.635350
vt 0.218603 2.727088
vt 0.187647 2.727087
vt 0.187421 1.635349
vt 0.218750 1.152722
vt 0.203125 1.215222
vt 0.187500 1.152722
vt 0.203125 0.112857
vt 0.218750 0.175357
vt 0.187500 0.175357
vt 0.218590 1.572554
vt 0.218893 1.635055
vt 0.187357 1.635056
vt 0.187660 1.572555
vt 0.224205 1.511932
vt 0.213853 1.574432
vt 0.192397 1.574432
vt 0.182045 1.511932
vt 0.218258 1.467217
vt 0.219192 1.529721
vt 0.187059 1.529719
vt 0.187993 1.467219
vt 0.221760 1.845444
vt 0.215955 1.907939
vt 0.190295 1.907939
vt 0.184491 1.845443
vt 0.217883 1.320432
vt 0.219526 1.382932
vt 0.186723 1.382932
vt 0.188366 1.320432
vt 0.220694 2.137684
vt 0.216926 2.200181
vt 0.189325 2.200180
vt 0.185558 2.137683
vt 0.217419 1.134994
vt 0.219939 1.197496
vt 0.186311 1.197496
vt 0.188831 1.134996
vt 0.187340 1.572556
vt 0.187644 1.635054
vt 0.156107 1.635054
vt 0.156410 1.572556
vt 0.192955 1.511933
vt 0.182603 1.574432
vt 0.161147 1.574432
vt 0.150795 1.511933
vt 0.187008 1.467221
vt 0.187941 1.529720
vt 0.155808 1.529720
vt 0.156742 1.467219
vt 0.190510 1.845443
vt 0.184706 1.907939
vt 0.159045 1.907939
vt 0.153241 1.845441
vt 0.186633 1.320431
vt 0.188276 1.382929
vt 0.155474 1.382932
vt 0.157117 1.320432
vt 0.189443 2.137684
vt 0.185675 2.200181
vt 0.158074 2.200183
vt 0.154307 2.137683
vt 0.186169 1.134995
vt 0.188689 1.197495
vt 0.155061 1.197497
vt 0.157580 1.134995
vt 0.188804 2.375214
vt 0.186271 2.437717
vt 0.157480 2.437712
vt 0.154947 2.375213
vt 0.185522 0.915165
vt 0.189255 0.977665
vt 0.154496 0.977665
vt 0.158229 0.915165
vt 0.188348 2.547154
vt 0.186700 2.609664
vt 0.157050 2.609660
vt 0.155402 2.547161
vt 0.184447 0.666649
vt 0.190154 0.729149
vt 0.153596 0.729148
vt 0.159303 0.666649
vt 0.187981 2.645404
vt 0.187046 2.707901
vt 0.156705 2.707902
vt 0.155769 2.645400
vt 0.182055 0.396491
vt 0.191965 0.458991
vt 0.151784 0.458991
vt 0.161695 0.396491
vt 0.187579 1.635350
vt 0.187352 2.727087
vt 0.156397 2.727090
vt 0.156171 1.635351
vt 0.187500 1.152722
vt 0.171875 1.215222
vt 0.156250 1.152722
vt 0.171875 0.112857
vt 0.187500 0.175357
vt 0.156250 0.175357
vt 0.154272 0.915165
vt 0.158005 0.977666
vt 0.123246 0.977664
vt 0.126979 0.915165
vt 0.157097 2.547154
vt 0.155450 2.609669
vt 0.125800 2.609657
vt 0.124151 2.547156
vt 0.153197 0.666648
vt 0.158904 0.729148
vt 0.122346 0.729148
vt 0.128053 0.666648
vt 0.156731 2.645395
vt 0.155796 2.707902
vt 0.125455 2.707903
vt 0.124520 2.645396
vt 0.150805 0.396491
vt 0.160715 0.458991
vt 0.120534 0.458991
vt 0.130445 0.396491
vt 0.156329 1.635351
vt 0.156103 2.727091
vt 0.125147 2.727091
vt 0.124921 1.635351
vt 0.156250 1.152722
vt 0.140625 1.215222
vt 0.125000 1.152722
vt 0.140625 0.112857
vt 0.156250 0.175357
vt 0.125000 0.175357
vt 0.156090 1.572554
vt 0.156393 1.635056
vt 0.124856 1.635054
vt 0.125160 1.572555
vt 0.161705 1.511932
vt 0.151354 1.574433
vt 0.129897 1.574432
vt 0.119545 1.511932
vt 0.155758 1.467221
vt 0.156691 1.529718
vt 0.124558 1.529718
vt 0.125492 1.467221
vt 0.159260 1.845440
vt 0.153455 1.907939
vt 0.127795 1.907939
vt 0.121990 1.845442
vt 0.155384 1.320431
vt 0.157027 1.382930
vt 0.124224 1.382931
vt 0.125867 1.320432
vt 0.158193 2.137683
vt 0.154426 2.200185
vt 0.126824 2.200183
vt 0.123057 2.137683
vt 0.154919 1.134995
vt 0.157438 1.197495
vt 0.123811 1.197496
vt 0.126330 1.134995
vt 0.157555 2.375216
vt 0.155021 2.437713
vt 0.126230 2.437713
vt 0.123697 2.375214
vt 0.124508 1.467221
vt 0.125441 1.529720
vt 0.093309 1.529719
vt 0.094242 1.467219
vt 0.128010 1.845440
vt 0.122206 1.907943
vt 0.096545 1.907943
vt 0.090741 1.845440
vt 0.124133 1.320430
vt 0.125776 1.382931
vt 0.092973 1.382931
vt 0.094616 1.320430
vt 0.126943 2.137685
vt 0.123176 2.200182
vt 0.095574 2.200182
vt 0.091807 2.137685
vt 0.123669 1.134996
vt 0.126189 1.197495
vt 0.092561 1.197495
vt 0.095081 1.134995
vt 0.126304 2.375217
vt 0.123771 2.437720
vt 0.094979 2.437719
vt 0.092446 2.375216
vt 0.123021 0.915165
vt 0.126754 0.977665
vt 0.091995 0.977665
vt 0.095728 0.915165
vt 0.125848 2.547153
vt 0.124200 2.609660
vt 0.094551 2.609659
vt 0.092902 2.547160
vt 0.121947 0.666649
vt 0.127654 0.729148
vt 0.091096 0.729148
vt 0.096803 0.666649
vt 0.125481 2.645396
vt 0.124545 2.707891
vt 0.094204 2.707897
vt 0.093269 2.645401
vt 0.119555 0.396491
vt 0.129466 0.458991
vt 0.089284 0.458991
vt 0.099195 0.396491
vt 0.125078 1.635349
vt 0.124852 2.727086
vt 0.093897 2.727092
vt 0.093671 1.635352
vt 0.125000 1.152722
vt 0.109375 1.215222
vt 0.093750 1.152722
vt 0.109375 0.112857
vt 0.125000 0.175357
vt 0.093750 0.175357
vt 0.124840 1.572556
vt 0.125144 1.635056
vt 0.093607 1.635055
vt 0.093910 1.572556
vt 0.130455 1.511932
vt 0.120103 1.574433
vt 0.098647 1.574434
vt 0.088295 1.511933
vt 0.090697 0.666648
vt 0.096404 0.729149
vt 0.059846 0.729148
vt 0.065553 0.666649
vt 0.094230 2.645402
vt 0.093295 2.707899
vt 0.062953 2.707897
vt 0.062019 2.645395
vt 0.088305 0.396491
vt 0.098216 0.458991
vt 0.058034 0.458991
vt 0.067945 0.396491
vt 0.093829 1.635347
vt 0.093603 2.727081
vt 0.062647 2.727079
vt 0.062421 1.635345
vt 0.078125 1.215222
vt 0.062500 1.152722
vt 0.078125 0.112857
vt 0.093750 0.175357
vt 0.062500 0.175357
vt 0.093590 1.572556
vt 0.093893 1.635055
vt 0.062356 1.635055
vt 0.062660 1.572556
vt 0.099205 1.511932
vt 0.088853 1.574433
vt 0.067397 1.574433
vt 0.057045 1.511932
vt 0.093258 1.467222
vt 0.094192 1.529720
vt 0.062059 1.529721
vt 0.062993 1.467219
vt 0.096760 1.845441
vt 0.090956 1.907943
vt 0.065295 1.907942
vt 0.059491 1.845441
vt 0.092883 1.320431
vt 0.094526 1.382931
vt 0.061723 1.382930
vt 0.063366 1.320431
vt 0.095693 2.137681
vt 0.091926 2.200179
vt 0.064324 2.200180
vt 0.060557 2.137682
vt 0.092419 1.134996
vt 0.094939 1.197497
vt 0.061311 1.197495
vt 0.063831 1.134997
vt 0.095054 2.375213
vt 0.092521 2.437716
vt 0.063729 2.437716
vt 0.061196 2.375213
vt 0.091771 0.915164
vt 0.095504 0.977664
vt 0.060746 0.977665
vt 0.064479 0.915165
vt 0.094598 2.547157
vt 0.092950 2.609658
vt 0.063301 2.609655
vt 0.061653 2.547158
vt 0.065510 1.845443
vt 0.059706 1.907941
vt 0.034045 1.907941
vt 0.028240 1.845440
vt 0.061633 1.320431
vt 0.063276 1.382931
vt 0.030473 1.382929
vt 0.032117 1.320431
vt 0.064443 2.137681
vt 0.060676 2.200182
vt 0.033074 2.200182
vt 0.029307 2.137681
vt 0.061169 1.134995
vt 0.063689 1.197494
vt 0.030061 1.197495
vt 0.032580 1.134995
vt 0.063804 2.375215
vt 0.061271 2.437715
vt 0.032479 2.437714
vt 0.029946 2.375214
vt 0.060521 0.915165
vt 0.064255 0.977666
vt 0.029495 0.977665
vt 0.033228 0.915165
vt 0.063348 2.547156
vt 0.061700 2.609660
vt 0.032050 2.609659
vt 0.030402 2.547153
vt 0.059447 0.666649
vt 0.065154 0.729148
vt 0.028596 0.729148
vt 0.034303 0.666649
vt 0.062980 2.645398
vt 0.062046 2.707898
vt 0.031704 2.707907
vt 0.030769 2.645406
vt 0.057055 0.396491
vt 0.066966 0.458991
vt 0.026784 0.458991
vt 0.036695 0.396491
vt 0.062579 1.635347
vt 0.062353 2.727083
vt 0.031398 2.727089
vt 0.031172 1.635350
vt 0.062500 1.152722
vt 0.046875 1.215222
vt 0.031250 1.152722
vt 0.046875 0.112857
vt 0.062500 0.175357
vt 0.031250 0.175357
vt 0.062340 1.572555
vt 0.062643 1.635056
vt 0.031106 1.635055
vt 0.031410 1.572556
vt 0.067955 1.511932
vt 0.057603 1.574432
vt 0.036147 1.574432
vt 0.025795 1.511932
vt 0.062008 1.467220
vt 0.062941 1.529719
vt 0.030809 1.529719
vt 0.031742 1.467220
vt 0.031730 2.645395
vt 0.030795 2.707892
vt 0.000453 2.707894
vt -0.000482 2.645401
vt 0.025805 0.396491
vt 0.035716 0.458991
vt -0.004466 0.458991
vt 0.005445 0.396491
vt 0.031328 1.635348
vt 0.031102 2.727084
vt 0.000147 2.727088
vt -0.000079 1.635350
vt 0.031250 1.152722
vt 0.015625 1.215222
vt -0.000000 1.152722
vt 0.015625 0.112857
vt 0.031250 0.175357
vt -0.000000 0.175357
vt 0.031090 1.572553
vt 0.031394 1.635055
vt -0.000143 1.635055
vt 0.000160 1.572553
vt 0.036705 1.511931
vt 0.026353 1.574432
vt 0.004897 1.574432
vt -0.005455 1.511931
vt 0.030758 1.467221
vt 0.031692 1.529719
vt -0.000441 1.529719
vt 0.000493 1.467221
vt 0.034260 1.845442
vt 0.028456 1.907942
vt 0.002795 1.907942
vt -0.003010 1.845440
vt 0.030383 1.320430
vt 0.032026 1.382931
vt -0.000777 1.382931
vt 0.000866 1.320431
vt 0.033194 2.137681
vt 0.029426 2.200180
vt 0.001825 2.200182
vt -0.001943 2.137681
vt 0.029920 1.134994
vt 0.032439 1.197495
vt -0.001189 1.197495
vt 0.001331 1.134996
vt 0.032554 2.375215
vt 0.030021 2.437716
vt 0.001229 2.437716
vt -0.001304 2.375214
vt 0.029271 0.915165
vt 0.033004 0.977664
vt -0.001755 0.977665
vt 0.001978 0.915165
vt 0.032098 2.547161
vt 0.030450 2.609656
vt 0.000801 2.609654
vt -0.000847 2.547160
vt 0.028197 0.666648
vt 0.033904 0.729148
vt -0.002654 0.729148
vt 0.003053 0.666648
vt 0.999133 1.320431
vt 1.000777 1.382931
vt 0.967974 1.382933
vt 0.969617 1.320431
vt 1.001944 2.137682
vt 0.998176 2.200181
vt 0.970576 2.200184
vt 0.966805 2.137681
vt 0.998670 1.134996
vt 1.001187 1.197495
vt 0.967560 1.197495
vt 0.970080 1.134996
vt 1.001303 2.375214
vt 0.998771 2.437716
vt 0.969980 2.437716
vt 0.967444 2.375214
vt 0.998022 0.915165
vt 1.001754 0.977664
vt 0.966995 0.977664
vt 0.970729 0.915165
vt 1.000847 2.547156
vt 0.999201 2.609659
vt 0.969553 2.609659
vt 0.967902 2.547156
vt 0.996948 0.666649
vt 1.002654 0.729149
vt 0.966097 0.729148
vt 0.971803 0.666648
vt 1.000479 2.645398
vt 0.999546 2.707903
vt 0.969206 2.707904
vt 0.968267 2.645406
vt 0.994555 0.396491
vt 1.004466 0.458991
vt 0.964284 0.458992
vt 0.974195 0.396491
vt 1.000078 1.635349
vt 0.999851 2.727085
vt 0.968897 2.727085
vt 0.968671 1.635348
vt 1.000000 1.152722
vt 0.984375 1.215222
vt 0.968750 1.152722
vt 0.984375 0.112857
vt 1.000000 0.175357
vt 0.968750 0.175357
vt 0.999840 1.572556
vt 1.000142 1.635054
vt 0.968606 1.635055
vt 0.968909 1.572556
vt 1.005456 1.511932
vt 0.995103 1.574432
vt 0.973647 1.574432
vt 0.963295 1.511932
vt 0.999509 1.467221
vt 1.000443 1.529722
vt 0.968309 1.529721
vt 0.969242 1.467219
vt 1.003008 1.845441
vt 0.997204 1.907939
vt 0.971543 1.907940
vt 0.965740 1.845442
vt 0.963304 0.396491
vt 0.973216 0.458992
vt 0.933035 0.458991
vt 0.942945 0.396491
vt 0.968830 1.635352
vt 0.968605 2.727092
vt 0.937649 2.727096
vt 0.937422 1.635354
vt 0.968750 1.152722
vt 0.953125 1.215222
vt 0.937500 1.152722
vt 0.953125 0.112857
vt 0.968750 0.175357
vt 0.937500 0.175357
vt 0.968588 1.572553
vt 0.968893 1.635054
vt 0.937356 1.635055
vt 0.937659 1.572556
vt 0.974205 1.511932
vt 0.963853 1.574433
vt 0.942397 1.574432
vt 0.932045 1.511933
vt 0.968257 1.467218
vt 0.969191 1.529720
vt 0.937058 1.529720
vt 0.937992 1.467218
vt 0.971759 1.845441
vt 0.965955 1.907941
vt 0.940296 1.907941
vt 0.934491 1.845441
vt 0.967885 1.320433
vt 0.969527 1.382934
vt 0.936725 1.382934
vt 0.938367 1.320432
vt 0.970693 2.137682
vt 0.966925 2.200179
vt 0.939322 2.200179
vt 0.935555 2.137679
vt 0.967419 1.134996
vt 0.969939 1.197496
vt 0.936310 1.197495
vt 0.938830 1.134995
vt 0.970056 2.375220
vt 0.967523 2.437721
vt 0.938730 2.437721
vt 0.936198 2.375218
vt 0.966772 0.915165
vt 0.970505 0.977664
vt 0.935747 0.977665
vt 0.939479 0.915164
vt 0.969598 2.547158
vt 0.967948 2.609654
vt 0.938301 2.609659
vt 0.936651 2.547159
vt 0.965697 0.666649
vt 0.971404 0.729149
vt 0.934846 0.729149
vt 0.940553 0.666649
vt 0.969231 2.645396
vt 0.968298 2.707903
vt 0.937956 2.707902
vt 0.937021 2.645398
vt 0.939442 2.137679
vt 0.935678 2.200183
vt 0.908074 2.200183
vt 0.904307 2.137680
vt 0.936169 1.134995
vt 0.938689 1.197495
vt 0.905060 1.197494
vt 0.907580 1.134995
vt 0.938804 2.375216
vt 0.936270 2.437716
vt 0.907480 2.437716
vt 0.904947 2.375217
vt 0.935521 0.915164
vt 0.939254 0.977663
vt 0.904496 0.977664
vt 0.908228 0.915164
vt 0.938350 2.547158
vt 0.936700 2.609663
vt 0.907052 2.609663
vt 0.905404 2.547164
vt 0.934447 0.666650
vt 0.940153 0.729149
vt 0.903594 0.729148
vt 0.909303 0.666650
vt 0.937981 2.645400
vt 0.937046 2.707896
vt 0.906704 2.707896
vt 0.905770 2.645398
vt 0.932055 0.396491
vt 0.941966 0.458992
vt 0.901784 0.458991
vt 0.911695 0.396491
vt 0.937579 1.635352
vt 0.937353 2.727093
vt 0.906399 2.727092
vt 0.906172 1.635352
vt 0.937500 1.152722
vt 0.921875 1.215222
vt 0.906250 1.152722
vt 0.921875 0.112857
vt 0.937500 0.175357
vt 0.906250 0.175357
vt 0.937340 1.572555
vt 0.937643 1.635055
vt 0.906106 1.635055
vt 0.906411 1.572555
vt 0.942955 1.511931
vt 0.932602 1.574430
vt 0.911147 1.574431
vt 0.900795 1.511933
vt 0.937008 1.467220
vt 0.937942 1.529721
vt 0.905809 1.529720
vt 0.906742 1.467221
vt 0.940510 1.845441
vt 0.934707 1.907942
vt 0.909045 1.907942
vt 0.903241 1.845443
vt 0.936634 1.320433
vt 0.938277 1.382932
vt 0.905474 1.382932
vt 0.907117 1.320433
vt 0.906329 1.635352
vt 0.906103 2.727093
vt 0.875146 2.727091
vt 0.874920 1.635351
vt 0.906250 1.152722
vt 0.890625 1.215222
vt 0.875000 1.152722
vt 0.890625 0.112857
vt 0.906250 0.175357
vt 0.875000 0.175357
vt 0.906090 1.572555
vt 0.906394 1.635056
vt 0.874858 1.635056
vt 0.875160 1.572554
vt 0.911705 1.511932
vt 0.901354 1.574433
vt 0.879897 1.574432
vt 0.869545 1.511932
vt 0.905758 1.467221
vt 0.906690 1.529720
vt 0.874558 1.529721
vt 0.875492 1.467221
vt 0.909261 1.845443
vt 0.903458 1.907945
vt 0.877797 1.907944
vt 0.871993 1.845444
vt 0.905383 1.320431
vt 0.907027 1.382932
vt 0.874224 1.382932
vt 0.875865 1.320430
vt 0.908191 2.137679
vt 0.904425 2.200180
vt 0.876822 2.200180
vt 0.873056 2.137680
vt 0.904919 1.134996
vt 0.907439 1.197497
vt 0.873811 1.197497
vt 0.876330 1.134996
vt 0.907554 2.375217
vt 0.905020 2.437715
vt 0.876228 2.437714
vt 0.873695 2.375216
vt 0.904272 0.915164
vt 0.908004 0.977663
vt 0.873247 0.977664
vt 0.876979 0.915164
vt 0.907098 2.547156
vt 0.905450 2.609662
vt 0.875803 2.609663
vt 0.874152 2.547164
vt 0.903196 0.666649
vt 0.908903 0.729149
vt 0.872345 0.729148
vt 0.878052 0.666649
vt 0.906732 2.645396
vt 0.905796 2.707897
vt 0.875454 2.707896
vt 0.874518 2.645395
vt 0.900805 0.396491
vt 0.910716 0.458991
vt 0.870535 0.458991
vt 0.880445 0.396491
vt 0.873669 1.134996
vt 0.876189 1.197496
vt 0.842561 1.197497
vt 0.845080 1.134996
vt 0.876306 2.375217
vt 0.873773 2.437719
vt 0.844981 2.437717
vt 0.842445 2.375216
vt 0.873022 0.915164
vt 0.876755 0.977664
vt 0.841996 0.977664
vt 0.845729 0.915165
vt 0.875848 2.547158
vt 0.874200 2.609654
vt 0.844550 2.609655
vt 0.842901 2.547157
vt 0.871945 0.666649
vt 0.877654 0.729149
vt 0.841095 0.729148
vt 0.846802 0.666648
vt 0.875484 2.645405
vt 0.874546 2.707900
vt 0.844206 2.707901
vt 0.843269 2.645404
vt 0.869554 0.396491
vt 0.879466 0.458991
vt 0.839284 0.458991
vt 0.849195 0.396491
vt 0.875080 1.635354
vt 0.874855 2.727097
vt 0.843900 2.727097
vt 0.843672 1.635354
vt 0.875000 1.152722
vt 0.859375 1.215222
vt 0.843750 1.152722
vt 0.859375 0.112857
vt 0.875000 0.175357
vt 0.843750 0.175357
vt 0.874841 1.572557
vt 0.875144 1.635054
vt 0.843605 1.635054
vt 0.843909 1.572557
vt 0.880455 1.511932
vt 0.870103 1.574431
vt 0.848647 1.574432
vt 0.838296 1.511932
vt 0.874509 1.467221
vt 0.875441 1.529720
vt 0.843307 1.529719
vt 0.844242 1.467222
vt 0.878009 1.845440
vt 0.872207 1.907943
vt 0.846546 1.907944
vt 0.840741 1.845440
vt 0.874134 1.320432
vt 0.875777 1.382931
vt 0.842974 1.382932
vt 0.844616 1.320431
vt 0.876942 2.137678
vt 0.873175 2.200183
vt 0.845574 2.200183
vt 0.841805 2.137682
vt 0.828125 0.112857
vt 0.843750 0.175357
vt 0.812500 0.175357
vt 0.843589 1.572554
vt 0.843894 1.635056
vt 0.812356 1.635055
vt 0.812660 1.572555
vt 0.849205 1.511933
vt 0.838852 1.574432
vt 0.817397 1.574432
vt 0.807045 1.511933
vt 0.843257 1.467219
vt 0.844192 1.529721
vt 0.812058 1.529719
vt 0.812992 1.467219
vt 0.846761 1.845443
vt 0.840956 1.907942
vt 0.815296 1.907941
vt 0.809491 1.845441
vt 0.842885 1.320432
vt 0.844527 1.382932
vt 0.811722 1.382930
vt 0.813368 1.320433
vt 0.845693 2.137682
vt 0.841925 2.200184
vt 0.814324 2.200186
vt 0.810558 2.137684
vt 0.842420 1.134997
vt 0.844939 1.197497
vt 0.811310 1.197496
vt 0.813830 1.134997
vt 0.845057 2.375222
vt 0.842521 2.437716
vt 0.813728 2.437715
vt 0.811198 2.375220
vt 0.841772 0.915165
vt 0.845505 0.977666
vt 0.810745 0.977664
vt 0.814479 0.915165
vt 0.844594 2.547153
vt 0.842947 2.609655
vt 0.813303 2.609664
vt 0.811651 2.547152
vt 0.840697 0.666648
vt 0.846403 0.729148
vt 0.809846 0.729148
vt 0.815553 0.666648
vt 0.844232 2.645399
vt 0.843297 2.707897
vt 0.812953 2.707895
vt 0.812021 2.645402
vt 0.838305 0.396491
vt 0.848216 0.458992
vt 0.808035 0.458992
vt 0.817945 0.396492
vt 0.843829 1.635352
vt 0.843603 2.727092
vt 0.812648 2.727091
vt 0.812421 1.635351
vt 0.843750 1.152722
vt 0.828125 1.215222
vt 0.812500 1.152722
vt 0.810522 0.915165
vt 0.814254 0.977664
vt 0.779496 0.977665
vt 0.783229 0.915165
vt 0.813347 2.547158
vt 0.811697 2.609652
vt 0.782049 2.609652
vt 0.780401 2.547155
vt 0.809447 0.666648
vt 0.815154 0.729148
vt 0.778596 0.729148
vt 0.784303 0.666648
vt 0.812982 2.645404
vt 0.812046 2.707891
vt 0.781703 2.707894
vt 0.780772 2.645404
vt 0.807055 0.396492
vt 0.816966 0.458992
vt 0.776784 0.458992
vt 0.786695 0.396491
vt 0.812578 1.635352
vt 0.812352 2.727092
vt 0.781398 2.727091
vt 0.781172 1.635351
vt 0.812500 1.152722
vt 0.796875 1.215222
vt 0.781250 1.152722
vt 0.796875 0.112857
vt 0.812500 0.175357
vt 0.781250 0.175357
vt 0.812339 1.572554
vt 0.812643 1.635056
vt 0.781106 1.635056
vt 0.781410 1.572555
vt 0.817955 1.511933
vt 0.807603 1.574432
vt 0.786146 1.574432
vt 0.775795 1.511933
vt 0.812006 1.467219
vt 0.812942 1.529720
vt 0.780808 1.529720
vt 0.781741 1.467218
vt 0.815510 1.845442
vt 0.809707 1.907941
vt 0.784045 1.907941
vt 0.778240 1.845441
vt 0.811634 1.320432
vt 0.813276 1.382931
vt 0.780474 1.382932
vt 0.782117 1.320432
vt 0.814443 2.137680
vt 0.810675 2.200181
vt 0.783075 2.200186
vt 0.779306 2.137682
vt 0.811169 1.134996
vt 0.813688 1.197497
vt 0.780060 1.197497
vt 0.782581 1.134996
vt 0.813807 2.375215
vt 0.811272 2.437716
vt 0.782480 2.437716
vt 0.779948 2.375221
vt 0.786705 1.511933
vt 0.776353 1.574434
vt 0.754898 1.574434
vt 0.744545 1.511934
vt 0.780756 1.467216
vt 0.781691 1.529718
vt 0.749559 1.529718
vt 0.750492 1.467216
vt 0.784256 1.845439
vt 0.778453 1.907942
vt 0.752791 1.907940
vt 0.746987 1.845441
vt 0.780384 1.320432
vt 0.782027 1.382931
vt 0.749224 1.382933
vt 0.750867 1.320431
vt 0.783193 2.137684
vt 0.779422 2.200183
vt 0.751822 2.200184
vt 0.748055 2.137683
vt 0.779919 1.134995
vt 0.782440 1.197496
vt 0.748812 1.197496
vt 0.751330 1.134995
vt 0.782552 2.375216
vt 0.780021 2.437717
vt 0.751229 2.437716
vt 0.748695 2.375217
vt 0.779271 0.915164
vt 0.783005 0.977664
vt 0.748244 0.977664
vt 0.751979 0.915165
vt 0.782097 2.547160
vt 0.780449 2.609660
vt 0.750799 2.609659
vt 0.749151 2.547160
vt 0.778197 0.666649
vt 0.783903 0.729148
vt 0.747346 0.729148
vt 0.753052 0.666648
vt 0.781730 2.645396
vt 0.780793 2.707892
vt 0.750454 2.707897
vt 0.749519 2.645396
vt 0.775805 0.396492
vt 0.785716 0.458992
vt 0.745534 0.458992
vt 0.755445 0.396492
vt 0.781329 1.635350
vt 0.781103 2.727088
vt 0.750148 2.727088
vt 0.749922 1.635350
vt 0.765625 1.215222
vt 0.750000 1.152722
vt 0.765625 0.112857
vt 0.781250 0.175357
vt 0.750000 0.175357
vt 0.781090 1.572555
vt 0.781394 1.635054
vt 0.749857 1.635055
vt 0.750159 1.572554
s 1
g off
g Sphere_Material_vert
usemtl Material_vert
f 6/1/6 5/2/5 16/3/16 17/4/17
f 475/5/475 474/6/474 9/7/9 10/8/10
f 478/9/478 6/10/6 17/11/17 18/12/18
f 2/13/2 475/14/475 10/15/10 11/16/11
f 7/17/7 478/18/478 18/19/18 19/20/19
f 476/21/476 2/22/2 11/23/11 12/24/12
f 479/25/479 7/26/7 19/27/19 20/28/20
f 3/29/3 476/30/476 12/31/12 13/32/13
f 480/33/480 479/34/479 20/35/20 21/36/21
f 477/37/477 3/38/3 13/39/13 14/40/14
f 481/41/481 480/42/480 21/43/21 22/44/22
f 4/45/4 477/46/477 14/47/14 15/48/15
f 482/49/482 481/50/481 22/51/22 23/52/23
f 5/53/5 4/54/4 15/55/15 16/56/16
f 474/57/474 1/58/1 9/59/9
f 8/60/8 482/61/482 23/62/23
f 23/63/23 22/64/22 37/65/37 38/66/38
f 16/67/16 15/68/15 30/69/30 31/70/31
f 9/71/9 1/72/1 24/73/24
f 8/74/8 23/75/23 38/76/38
f 17/77/17 16/78/16 31/79/31 32/80/32
f 10/81/10 9/82/9 24/83/24 25/84/25
f 18/85/18 17/86/17 32/87/32 33/88/33
f 11/89/11 10/90/10 25/91/25 26/92/26
f 19/93/19 18/94/18 33/95/33 34/96/34
f 12/97/12 11/98/11 26/99/26 27/100/27
f 20/101/20 19/102/19 34/103/34 35/104/35
f 13/105/13 12/106/12 27/107/27 28/108/28
f 21/109/21 20/110/20 35/111/35 36/112/36
f 14/113/14 13/114/13 28/115/28 29/116/29
f 22/117/22 21/118/21 36/119/36 37/120/37
f 15/121/15 14/122/14 29/123/29 30/124/30
f 35/125/35 34/126/34 49/127/49 50/128/50
f 28/129/28 27/130/27 42/131/42 43/132/43
f 36/133/36 35/134/35 50/135/50 51/136/51
f 29/137/29 28/138/28 43/139/43 44/140/44
f 37/141/37 36/142/36 51/143/51 52/144/52
f 30/145/30 29/146/29 44/147/44 45/148/45
f 38/149/38 37/150/37 52/151/52 53/152/53
f 31/153/31 30/154/30 45/155/45 46/156/46
f 24/157/24 1/158/1 39/159/39
f 8/160/8 38/161/38 53/162/53
f 32/163/32 31/164/31 46/165/46 47/166/47
f 25/167/25 24/168/24 39/169/39 40/170/40
f 33/171/33 32/172/32 47/173/47 48/174/48
f 26/175/26 25/176/25 40/177/40 41/178/41
f 34/179/34 33/180/33 48/181/48 49/182/49
f 27/183/27 26/184/26 41/185/41 42/186/42
f 39/187/39 1/188/1 54/189/54
f 8/190/8 53/191/53 68/192/68
f 47/193/47 46/194/46 61/195/61 62/196/62
f 40/197/40 39/198/39 54/199/54 55/200/55
f 48/201/48 47/202/47 62/203/62 63/204/63
f 41/205/41 40/206/40 55/207/55 56/208/56
f 49/209/49 48/210/48 63/211/63 64/212/64
f 42/213/42 41/214/41 56/215/56 57/216/57
f 50/217/50 49/218/49 64/219/64 65/220/65
f 43/221/43 42/222/42 57/223/57 58/224/58
f 51/225/51 50/226/50 65/227/65 66/228/66
f 44/229/44 43/230/43 58/231/58 59/232/59
f 52/233/52 51/234/51 66/235/66 67/236/67
f 45/237/45 44/238/44 59/239/59 60/240/60
f 53/241/53 52/242/52 67/243/67 68/244/68
f 46/245/46 45/246/45 60/247/60 61/248/61
f 58/249/58 57/250/57 72/251/72 73/252/73
f 66/253/66 65/254/65 80/255/80 81/256/81
f 59/257/59 58/258/58 73/259/73 74/260/74
f 67/261/67 66/262/66 81/263/81 82/264/82
f 60/265/60 59/266/59 74/267/74 75/268/75
f 68/269/68 67/270/67 82/271/82 83/272/83
f 61/273/61 60/274/60 75/275/75 76/276/76
f 54/277/54 1/278/1 69/279/69
f 8/280/8 68/281/68 83/282/83
f 62/283/62 61/284/61 76/285/76 77/286/77
f 55/287/55 54/288/54 69/289/69 70/290/70
f 63/291/63 62/292/62 77/293/77 78/294/78
f 56/295/56 55/296/55 70/297/70 71/298/71
f 64/299/64 63/300/63 78/301/78 79/302/79
f 57/303/57 56/304/56 71/305/71 72/306/72
f 65/307/65 64/308/64 79/309/79 80/310/80
f 77/311/77 76/312/76 91/313/91 92/314/92
f 70/315/70 69/316/69 84/317/84 85/318/85
f 78/319/78 77/320/77 92/321/92 93/322/93
f 71/323/71 70/324/70 85/325/85 86/326/86
f 79/327/79 78/328/78 93/329/93 94/330/94
f 72/331/72 71/332/71 86/333/86 87/334/87
f 80/335/80 79/336/79 94/337/94 95/338/95
f 73/339/73 72/340/72 87/341/87 88/342/88
f 81/343/81 80/344/80 95/345/95 96/346/96
f 74/347/74 73/348/73 88/349/88 89/350/89
f 82/351/82 81/352/81 96/353/96 97/354/97
f 75/355/75 74/356/74 89/357/89 90/358/90
f 83/359/83 82/360/82 97/361/97 98/362/98
f 76/363/76 75/364/75 90/365/90 91/366/91
f 69/367/69 1/368/1 84/369/84
f 8/370/8 83/371/83 98/372/98
f 96/373/96 95/374/95 110/375/110 111/376/111
f 89/377/89 88/378/88 103/379/103 104/380/104
f 97/381/97 96/382/96 111/383/111 112/384/112
f 90/385/90 89/386/89 104/387/104 105/388/105
f 98/389/98 97/390/97 112/391/112 113/392/113
f 91/393/91 90/394/90 105/395/105 106/396/106
f 84/397/84 1/398/1 99/399/99
f 8/400/8 98/401/98 113/402/113
f 92/403/92 91/404/91 106/405/106 107/406/107
f 85/407/85 84/408/84 99/409/99 100/410/100
f 93/411/93 92/412/92 107/413/107 108/414/108
f 86/415/86 85/416/85 100/417/100 101/418/101
f 94/419/94 93/420/93 108/421/108 109/422/109
f 87/423/87 86/424/86 101/425/101 102/426/102
f 95/427/95 94/428/94 109/429/109 110/430/110
f 88/431/88 87/432/87 102/433/102 103/434/103
f 100/435/100 99/436/99 114/437/114 115/438/115
f 108/439/108 107/440/107 122/441/122 123/442/123
f 101/443/101 100/444/100 115/445/115 116/446/116
f 109/447/109 108/448/108 123/449/123 124/450/124
f 102/451/102 101/452/101 116/453/116 117/454/117
f 110/455/110 109/456/109 124/457/124 125/458/125
f 103/459/103 102/460/102 117/461/117 118/462/118
f 111/463/111 110/464/110 125/465/125 126/466/126
f 104/467/104 103/468/103 118/469/118 119/470/119
f 112/471/112 111/472/111 126/473/126 127/474/127
f 105/475/105 104/476/104 119/477/119 120/478/120
f 113/479/113 112/480/112 127/481/127 128/482/128
f 106/483/106 105/484/105 120/485/120 121/486/121
f 99/487/99 1/488/1 114/489/114
f 8/490/8 113/491/113 128/492/128
f 107/493/107 106/494/106 121/495/121 122/496/122
f 119/497/119 118/498/118 133/499/133 134/500/134
f 127/501/127 126/502/126 141/503/141 142/504/142
f 120/505/120 119/506/119 134/507/134 135/508/135
f 128/509/128 127/510/127 142/511/142 143/512/143
f 121/513/121 120/514/120 135/515/135 136/516/136
f 114/517/114 1/518/1 129/519/129
f 8/520/8 128/492/128 143/521/143
f 122/522/122 121/523/121 136/524/136 137/525/137
f 115/526/115 114/527/114 129/528/129 130/529/130
f 123/530/123 122/531/122 137/532/137 138/533/138
f 116/534/116 115/535/115 130/536/130 131/537/131
f 124/538/124 123/539/123 138/540/138 139/541/139
f 117/542/117 116/543/116 131/544/131 132/545/132
f 125/546/125 124/547/124 139/548/139 140/549/140
f 118/550/118 117/551/117 132/552/132 133/553/133
f 126/554/126 125/555/125 140/556/140 141/557/141
f 138/558/138 137/559/137 152/560/152 153/561/153
f 131/562/131 130/563/130 145/564/145 146/565/146
f 139/566/139 138/567/138 153/568/153 154/569/154
f 132/570/132 131/571/131 146/572/146 147/573/147
f 140/574/140 139/575/139 154/576/154 155/577/155
f 133/578/133 132/579/132 147/580/147 148/581/148
f 141/582/141 140/583/140 155/584/155 156/585/156
f 134/586/134 133/587/133 148/588/148 149/589/149
f 142/590/142 141/591/141 156/592/156 157/593/157
f 135/594/135 134/595/134 149/596/149 150/597/150
f 143/598/143 142/599/142 157/600/157 158/601/158
f 136/602/136 135/603/135 150/604/150 151/605/151
f 129/606/129 1/607/1 144/608/144
f 8/609/8 143/610/143 158/611/158
f 137/612/137 136/613/136 151/614/151 152/615/152
f 130/616/130 129/617/129 144/618/144 145/619/145
f 157/620/157 156/621/156 171/622/171 172/623/172
f 150/624/150 149/625/149 164/626/164 165/627/165
f 158/628/158 157/629/157 172/630/172 173/631/173
f 151/632/151 150/633/150 165/634/165 166/635/166
f 144/636/144 1/637/1 159/638/159
f 8/639/8 158/640/158 173/641/173
f 152/642/152 151/643/151 166/644/166 167/645/167
f 145/646/145 144/647/144 159/648/159 160/649/160
f 153/650/153 152/651/152 167/652/167 168/653/168
f 146/654/146 145/655/145 160/656/160 161/657/161
f 154/658/154 153/659/153 168/660/168 169/661/169
f 147/662/147 146/663/146 161/664/161 162/665/162
f 155/666/155 154/667/154 169/668/169 170/669/170
f 148/670/148 147/671/147 162/672/162 163/673/163
f 156/674/156 155/675/155 170/676/170 171/677/171
f 149/678/149 148/679/148 163/680/163 164/681/164
f 169/682/169 168/683/168 183/684/183 184/685/184
f 162/686/162 161/687/161 176/688/176 177/689/177
f 170/690/170 169/691/169 184/692/184 185/693/185
f 163/694/163 162/695/162 177/696/177 178/697/178
f 171/698/171 170/699/170 185/700/185 186/701/186
f 164/702/164 163/703/163 178/704/178 179/705/179
f 172/706/172 171/707/171 186/708/186 187/709/187
f 165/710/165 164/711/164 179/712/179 180/713/180
f 173/714/173 172/715/172 187/716/187 188/717/188
f 166/718/166 165/719/165 180/720/180 181/721/181
f 159/722/159 1/723/1 174/724/174
f 8/725/8 173/726/173 188/727/188
f 167/728/167 166/729/166 181/730/181 182/731/182
f 160/732/160 159/733/159 174/734/174 175/735/175
f 168/736/168 167/737/167 182/738/182 183/739/183
f 161/740/161 160/741/160 175/742/175 176/743/176
f 188/744/188 187/745/187 202/746/202 203/747/203
f 181/748/181 180/749/180 195/750/195 196/751/196
f 174/752/174 1/753/1 189/754/189
f 8/755/8 188/756/188 203/757/203
f 182/758/182 181/759/181 196/760/196 197/761/197
f 175/762/175 174/763/174 189/764/189 190/765/190
f 183/766/183 182/767/182 197/768/197 198/769/198
f 176/770/176 175/771/175 190/772/190 191/773/191
f 184/774/184 183/775/183 198/776/198 199/777/199
f 177/778/177 176/779/176 191/780/191 192/781/192
f 185/782/185 184/783/184 199/784/199 200/785/200
f 178/786/178 177/787/177 192/788/192 193/789/193
f 186/790/186 185/791/185 200/792/200 201/793/201
f 179/794/179 178/795/178 193/796/193 194/797/194
f 187/798/187 186/799/186 201/800/201 202/801/202
f 180/802/180 179/803/179 194/804/194 195/805/195
f 192/806/192 191/807/191 206/808/206 207/809/207
f 200/810/200 199/811/199 214/812/214 215/813/215
f 193/814/193 192/815/192 207/816/207 208/817/208
f 201/818/201 200/819/200 215/820/215 216/821/216
f 194/822/194 193/823/193 208/824/208 209/825/209
f 202/826/202 201/827/201 216/828/216 217/829/217
f 195/830/195 194/831/194 209/832/209 210/833/210
f 203/834/203 202/835/202 217/836/217 218/837/218
f 196/838/196 195/839/195 210/840/210 211/841/211
f 189/842/189 1/843/1 204/844/204
f 8/845/8 203/846/203 218/847/218
f 197/848/197 196/849/196 211/850/211 212/851/212
f 190/852/190 189/853/189 204/854/204 205/855/205
f 198/856/198 197/857/197 212/858/212 213/859/213
f 191/860/191 190/861/190 205/862/205 206/863/206
f 199/864/199 198/865/198 213/866/213 214/867/214
f 211/868/211 210/869/210 225/870/225 226/871/226
f 204/872/204 1/873/1 219/874/219
f 8/875/8 218/876/218 233/877/233
f 212/878/212 211/879/211 226/880/226 227/881/227
f 205/882/205 204/883/204 219/884/219 220/885/220
f 213/886/213 212/887/212 227/888/227 228/889/228
f 206/890/206 205/891/205 220/892/220 221/893/221
f 214/894/214 213/895/213 228/896/228 229/897/229
f 207/898/207 206/899/206 221/900/221 222/901/222
f 215/902/215 214/903/214 229/904/229 230/905/230
f 208/906/208 207/907/207 222/908/222 223/909/223
f 216/910/216 215/911/215 230/912/230 231/913/231
f 209/914/209 208/915/208 223/916/223 224/917/224
f 217/918/217 216/919/216 231/920/231 232/921/232
f 210/922/210 209/923/209 224/924/224 225/925/225
f 218/926/218 217/927/217 232/928/232 233/929/233
f 230/930/230 229/931/229 244/932/244 245/933/245
f 223/934/223 222/935/222 237/936/237 238/937/238
f 231/938/231 230/939/230 245/940/245 246/941/246
f 224/942/224 223/943/223 238/944/238 239/945/239
f 232/946/232 231/947/231 246/948/246 247/949/247
f 225/950/225 224/951/224 239/952/239 240/953/240
f 233/954/233 232/955/232 247/956/247 248/957/248
f 226/958/226 225/959/225 240/960/240 241/961/241
f 219/874/219 1/962/1 234/963/234
f 8/964/8 233/965/233 248/966/248
f 227/967/227 226/968/226 241/969/241 242/970/242
f 220/971/220 219/972/219 234/973/234 235/974/235
f 228/975/228 227/976/227 242/977/242 243/978/243
f 221/979/221 220/980/220 235/981/235 236/982/236
f 229/983/229 228/984/228 243/985/243 244/986/244
f 222/987/222 221/988/221 236/989/236 237/990/237
f 234/991/234 1/992/1 249/993/249
f 8/994/8 248/995/248 263/996/263
f 242/997/242 241/998/241 256/999/256 257/1000/257
f 235/1001/235 234/1002/234 249/1003/249 250/1004/250
f 243/1005/243 242/1006/242 257/1007/257 258/1008/258
f 236/1009/236 235/1010/235 250/1011/250 251/1012/251
f 244/1013/244 243/1014/243 258/1015/258 259/1016/259
f 237/1017/237 236/1018/236 251/1019/251 252/1020/252
f 245/1021/245 244/1022/244 259/1023/259 260/1024/260
f 238/1025/238 237/1026/237 252/1027/252 253/1028/253
f 246/1029/246 245/1030/245 260/1031/260 261/1032/261
f 239/1033/239 238/1034/238 253/1035/253 254/1036/254
f 247/1037/247 246/1038/246 261/1039/261 262/1040/262
f 240/1041/240 239/1042/239 254/1043/254 255/1044/255
f 248/1045/248 247/1046/247 262/1047/262 263/1048/263
f 241/1049/241 240/1050/240 255/1051/255 256/1052/256
f 253/1053/253 252/1054/252 267/1055/267 268/1056/268
f 261/1057/261 260/1058/260 275/1059/275 276/1060/276
f 254/1061/254 253/1062/253 268/1063/268 269/1064/269
f 262/1065/262 261/1066/261 276/1067/276 277/1068/277
f 255/1069/255 254/1070/254 269/1071/269 270/1072/270
f 263/1073/263 262/1074/262 277/1075/277 278/1076/278
f 256/1077/256 255/1078/255 270/1079/270 271/1080/271
f 249/1081/249 1/1082/1 264/1083/264
f 8/1084/8 263/1085/263 278/1086/278
f 257/1087/257 256/1088/256 271/1089/271 272/1090/272
f 250/1091/250 249/1092/249 264/1093/264 265/1094/265
f 258/1095/258 257/1096/257 272/1097/272 273/1098/273
f 251/1099/251 250/1100/250 265/1101/265 266/1102/266
f 259/1103/259 258/1104/258 273/1105/273 274/1106/274
f 252/1107/252 251/1108/251 266/1109/266 267/1110/267
f 260/1111/260 259/1112/259 274/1113/274 275/1114/275
f 272/1115/272 271/1116/271 286/1117/286 287/1118/287
f 265/1119/265 264/1120/264 279/1121/279 280/1122/280
f 273/1123/273 272/1124/272 287/1125/287 288/1126/288
f 266/1127/266 265/1128/265 280/1129/280 281/1130/281
f 274/1131/274 273/1132/273 288/1133/288 289/1134/289
f 267/1135/267 266/1136/266 281/1137/281 282/1138/282
f 275/1139/275 274/1140/274 289/1141/289 290/1142/290
f 268/1143/268 267/1144/267 282/1145/282 283/1146/283
f 276/1147/276 275/1148/275 290/1149/290 291/1150/291
f 269/1151/269 268/1152/268 283/1153/283 284/1154/284
f 277/1155/277 276/1156/276 291/1157/291 292/1158/292
f 270/1159/270 269/1160/269 284/1161/284 285/1162/285
f 278/1163/278 277/1164/277 292/1165/292 293/1166/293
f 271/1167/271 270/1168/270 285/1169/285 286/1170/286
f 264/1171/264 1/1172/1 279/1173/279
f 8/1174/8 278/1175/278 293/1176/293
f 291/1177/291 290/1178/290 305/1179/305 306/1180/306
f 284/1181/284 283/1182/283 298/1183/298 299/1184/299
f 292/1185/292 291/1186/291 306/1187/306 307/1188/307
f 285/1189/285 284/1190/284 299/1191/299 300/1192/300
f 293/1193/293 292/1194/292 307/1195/307 308/1196/308
f 286/1197/286 285/1198/285 300/1199/300 301/1200/301
f 279/1201/279 1/1202/1 294/1203/294
f 8/1204/8 293/1205/293 308/1206/308
f 287/1207/287 286/1208/286 301/1209/301 302/1210/302
f 280/1211/280 279/1212/279 294/1213/294 295/1214/295
f 288/1215/288 287/1216/287 302/1217/302 303/1218/303
f 281/1219/281 280/1220/280 295/1221/295 296/1222/296
f 289/1223/289 288/1224/288 303/1225/303 304/1226/304
f 282/1227/282 281/1228/281 296/1229/296 297/1230/297
f 290/1231/290 289/1232/289 304/1233/304 305/1234/305
f 283/1235/283 282/1236/282 297/1237/297 298/1238/298
f 303/1239/303 302/1240/302 317/1241/317 318/1242/318
f 296/1243/296 295/1244/295 310/1245/310 311/1246/311
f 304/1247/304 303/1248/303 318/1249/318 319/1250/319
f 297/1251/297 296/1252/296 311/1253/311 312/1254/312
f 305/1255/305 304/1256/304 319/1257/319 320/1258/320
f 298/1259/298 297/1260/297 312/1261/312 313/1262/313
f 306/1263/306 305/1264/305 320/1265/320 321/1266/321
f 299/1267/299 298/1268/298 313/1269/313 314/1270/314
f 307/1271/307 306/1272/306 321/1273/321 322/1274/322
f 300/1275/300 299/1276/299 314/1277/314 315/1278/315
f 308/1279/308 307/1280/307 322/1281/322 323/1282/323
f 301/1283/301 300/1284/300 315/1285/315 316/1286/316
f 294/1287/294 1/1288/1 309/1289/309
f 8/1290/8 308/1291/308 323/1292/323
f 302/1293/302 301/1294/301 316/1295/316 317/1296/317
f 295/1297/295 294/1298/294 309/1299/309 310/1300/310
f 322/1301/322 321/1302/321 336/1303/336 337/1304/337
f 315/1305/315 314/1306/314 329/1307/329 330/1308/330
f 323/1309/323 322/1310/322 337/1311/337 338/1312/338
f 316/1313/316 315/1314/315 330/1315/330 331/1316/331
f 309/1289/309 1/1317/1 324/1318/324
f 8/1319/8 323/1320/323 338/1321/338
f 317/1322/317 316/1323/316 331/1324/331 332/1325/332
f 310/1326/310 309/1327/309 324/1328/324 325/1329/325
f 318/1330/318 317/1331/317 332/1332/332 333/1333/333
f 311/1334/311 310/1335/310 325/1336/325 326/1337/326
f 319/1338/319 318/1339/318 333/1340/333 334/1341/334
f 312/1342/312 311/1343/311 326/1344/326 327/1345/327
f 320/1346/320 319/1347/319 334/1348/334 335/1349/335
f 313/1350/313 312/1351/312 327/1352/327 328/1353/328
f 321/1354/321 320/1355/320 335/1356/335 336/1357/336
f 314/1358/314 313/1359/313 328/1360/328 329/1361/329
f 326/1362/326 325/1363/325 340/1364/340 341/1365/341
f 334/1366/334 333/1367/333 348/1368/348 349/1369/349
f 327/1370/327 326/1371/326 341/1372/341 342/1373/342
f 335/1374/335 334/1375/334 349/1376/349 350/1377/350
f 328/1378/328 327/1379/327 342/1380/342 343/1381/343
f 336/1382/336 335/1383/335 350/1384/350 351/1385/351
f 329/1386/329 328/1387/328 343/1388/343 344/1389/344
f 337/1390/337 336/1391/336 351/1392/351 352/1393/352
f 330/1394/330 329/1395/329 344/1396/344 345/1397/345
f 338/1398/338 337/1399/337 352/1400/352 353/1401/353
f 331/1402/331 330/1403/330 345/1404/345 346/1405/346
f 324/1406/324 1/1407/1 339/1408/339
f 8/1409/8 338/1410/338 353/1411/353
f 332/1412/332 331/1413/331 346/1414/346 347/1415/347
f 325/1416/325 324/1417/324 339/1418/339 340/1419/340
f 333/1420/333 332/1421/332 347/1422/347 348/1423/348
f 345/1424/345 344/1425/344 359/1426/359 360/1427/360
f 353/1428/353 352/1429/352 367/1430/367 368/1431/368
f 346/1432/346 345/1433/345 360/1434/360 361/1435/361
f 339/1436/339 1/1437/1 354/1438/354
f 8/1439/8 353/1440/353 368/1441/368
f 347/1442/347 346/1443/346 361/1444/361 362/1445/362
f 340/1446/340 339/1447/339 354/1448/354 355/1449/355
f 348/1450/348 347/1451/347 362/1452/362 363/1453/363
f 341/1454/341 340/1455/340 355/1456/355 356/1457/356
f 349/1458/349 348/1459/348 363/1460/363 364/1461/364
f 342/1462/342 341/1463/341 356/1464/356 357/1465/357
f 350/1466/350 349/1467/349 364/1468/364 365/1469/365
f 343/1470/343 342/1471/342 357/1472/357 358/1473/358
f 351/1474/351 350/1475/350 365/1476/365 366/1477/366
f 344/1478/344 343/1479/343 358/1480/358 359/1481/359
f 352/1482/352 351/1483/351 366/1484/366 367/1485/367
f 364/1486/364 363/1487/363 378/1488/378 379/1489/379
f 357/1490/357 356/1491/356 371/1492/371 372/1493/372
f 365/1494/365 364/1495/364 379/1496/379 380/1497/380
f 358/1498/358 357/1499/357 372/1500/372 373/1501/373
f 366/1502/366 365/1503/365 380/1504/380 381/1505/381
f 359/1506/359 358/1507/358 373/1508/373 374/1509/374
f 367/1510/367 366/1511/366 381/1512/381 382/1513/382
f 360/1514/360 359/1515/359 374/1516/374 375/1517/375
f 368/1518/368 367/1519/367 382/1520/382 383/1521/383
f 361/1522/361 360/1523/360 375/1524/375 376/1525/376
f 354/1526/354 1/1527/1 369/1528/369
f 8/1529/8 368/1530/368 383/1531/383
f 362/1532/362 361/1533/361 376/1534/376 377/1535/377
f 355/1536/355 354/1537/354 369/1538/369 370/1539/370
f 363/1540/363 362/1541/362 377/1542/377 378/1543/378
f 356/1544/356 355/1545/355 370/1546/370 371/1547/371
f 383/1548/383 382/1549/382 397/1550/397 398/1551/398
f 376/1552/376 375/1553/375 390/1554/390 391/1555/391
f 369/1556/369 1/1557/1 384/1558/384
f 8/1559/8 383/1560/383 398/1561/398
f 377/1562/377 376/1563/376 391/1564/391 392/1565/392
f 370/1566/370 369/1567/369 384/1568/384 385/1569/385
f 378/1570/378 377/1571/377 392/1572/392 393/1573/393
f 371/1574/371 370/1575/370 385/1576/385 386/1577/386
f 379/1578/379 378/1579/378 393/1580/393 394/1581/394
f 372/1582/372 371/1583/371 386/1584/386 387/1585/387
f 380/1586/380 379/1587/379 394/1588/394 395/1589/395
f 373/1590/373 372/1591/372 387/1592/387 388/1593/388
f 381/1594/381 380/1595/380 395/1596/395 396/1597/396
f 374/1598/374 373/1599/373 388/1600/388 389/1601/389
f 382/1602/382 381/1603/381 396/1604/396 397/1605/397
f 375/1606/375 374/1607/374 389/1608/389 390/1609/390
f 387/1610/387 386/1611/386 401/1612/401 402/1613/402
f 395/1614/395 394/1615/394 409/1616/409 410/1617/410
f 388/1618/388 387/1619/387 402/1620/402 403/1621/403
f 396/1622/396 395/1623/395 410/1624/410 411/1625/411
f 389/1626/389 388/1627/388 403/1628/403 404/1629/404
f 397/1630/397 396/1631/396 411/1632/411 412/1633/412
f 390/1634/390 389/1635/389 404/1636/404 405/1637/405
f 398/1638/398 397/1639/397 412/1640/412 413/1641/413
f 391/1642/391 390/1643/390 405/1644/405 406/1645/406
f 384/1646/384 1/1647/1 399/1648/399
f 8/1649/8 398/1650/398 413/1651/413
f 392/1652/392 391/1653/391 406/1654/406 407/1655/407
f 385/1656/385 384/1657/384 399/1658/399 400/1659/400
f 393/1660/393 392/1661/392 407/1662/407 408/1663/408
f 386/1664/386 385/1665/385 400/1666/400 401/1667/401
f 394/1668/394 393/1669/393 408/1670/408 409/1671/409
f 406/1672/406 405/1673/405 420/1674/420 421/1675/421
f 399/1676/399 1/1677/1 414/1678/414
f 8/1679/8 413/1680/413 428/1681/428
f 407/1682/407 406/1683/406 421/1684/421 422/1685/422
f 400/1686/400 399/1687/399 414/1688/414 415/1689/415
f 408/1690/408 407/1691/407 422/1692/422 423/1693/423
f 401/1694/401 400/1695/400 415/1696/415 416/1697/416
f 409/1698/409 408/1699/408 423/1700/423 424/1701/424
f 402/1702/402 401/1703/401 416/1704/416 417/1705/417
f 410/1706/410 409/1707/409 424/1708/424 425/1709/425
f 403/1710/403 402/1711/402 417/1712/417 418/1713/418
f 411/1714/411 410/1715/410 425/1716/425 426/1717/426
f 404/1718/404 403/1719/403 418/1720/418 419/1721/419
f 412/1722/412 411/1723/411 426/1724/426 427/1725/427
f 405/1726/405 404/1727/404 419/1728/419 420/1729/420
f 413/1730/413 412/1731/412 427/1732/427 428/1733/428
f 425/1734/425 424/1735/424 439/1736/439 440/1737/440
f 418/1738/418 417/1739/417 432/1740/432 433/1741/433
f 426/1742/426 425/1743/425 440/1744/440 441/1745/441
f 419/1746/419 418/1747/418 433/1748/433 434/1749/434
f 427/1750/427 426/1751/426 441/1752/441 442/1753/442
f 420/1754/420 419/1755/419 434/1756/434 435/1757/435
f 428/1758/428 427/1759/427 442/1760/442 443/1761/443
f 421/1762/421 420/1763/420 435/1764/435 436/1765/436
f 414/1766/414 1/1767/1 429/1768/429
f 8/1769/8 428/1770/428 443/1771/443
f 422/1772/422 421/1773/421 436/1774/436 437/1775/437
f 415/1776/415 414/1777/414 429/1778/429 430/1779/430
f 423/1780/423 422/1781/422 437/1782/437 438/1783/438
f 416/1784/416 415/1785/415 430/1786/430 431/1787/431
f 424/1788/424 423/1789/423 438/1790/438 439/1791/439
f 417/1792/417 416/1793/416 431/1794/431 432/1795/432
f 8/1796/8 443/1797/443 458/1798/458
f 437/1799/437 436/1800/436 451/1801/451 452/1802/452
f 430/1803/430 429/1804/429 444/1805/444 445/1806/445
f 438/1807/438 437/1808/437 452/1809/452 453/1810/453
f 431/1811/431 430/1812/430 445/1813/445 446/1814/446
f 439/1815/439 438/1816/438 453/1817/453 454/1818/454
f 432/1819/432 431/1820/431 446/1821/446 447/1822/447
f 440/1823/440 439/1824/439 454/1825/454 455/1826/455
f 433/1827/433 432/1828/432 447/1829/447 448/1830/448
f 441/1831/441 440/1832/440 455/1833/455 456/1834/456
f 434/1835/434 433/1836/433 448/1837/448 449/1838/449
f 442/1839/442 441/1840/441 456/1841/456 457/1842/457
f 435/1843/435 434/1844/434 449/1845/449 450/1846/450
f 443/1847/443 442/1848/442 457/1849/457 458/1850/458
f 436/1851/436 435/1852/435 450/1853/450 451/1854/451
f 429/1855/429 1/1856/1 444/1857/444
f 456/1858/456 455/1859/455 470/1860/470 471/1861/471
f 449/1862/449 448/1863/448 463/1864/463 464/1865/464
f 457/1866/457 456/1867/456 471/1868/471 472/1869/472
f 450/1870/450 449/1871/449 464/1872/464 465/1873/465
f 458/1874/458 457/1875/457 472/1876/472 473/1877/473
f 451/1878/451 450/1879/450 465/1880/465 466/1881/466
f 444/1882/444 1/1883/1 459/1884/459
f 8/1885/8 458/1886/458 473/1887/473
f 452/1888/452 451/1889/451 466/1890/466 467/1891/467
f 445/1892/445 444/1893/444 459/1894/459 460/1895/460
f 453/1896/453 452/1897/452 467/1898/467 468/1899/468
f 446/1900/446 445/1901/445 460/1902/460 461/1903/461
f 454/1904/454 453/1905/453 468/1906/468 469/1907/469
f 447/1908/447 446/1909/446 461/1910/461 462/1911/462
f 455/1912/455 454/1913/454 469/1914/469 470/1915/470
f 448/1916/448 447/1917/447 462/1918/462 463/1919/463
f 460/1920/460 459/1921/459 474/1922/474 475/1923/475
f 468/1924/468 467/1925/467 6/1926/6 478/1927/478
f 461/1928/461 460/1929/460 475/1930/475 2/1931/2
f 469/1932/469 468/1933/468 478/1934/478 7/1935/7
f 462/1936/462 461/1937/461 2/1938/2 476/1939/476
f 470/1940/470 469/1941/469 7/1942/7 479/1943/479
f 463/1944/463 462/1945/462 476/1946/476 3/1947/3
f 471/1948/471 470/1949/470 479/1950/479 480/1951/480
f 464/1952/464 463/1953/463 3/1954/3 477/1955/477
f 472/1956/472 471/1957/471 480/1958/480 481/1959/481
f 465/1960/465 464/1961/464 477/1962/477 4/1963/4
f 473/1964/473 472/1965/472 481/1966/481 482/1967/482
f 466/1968/466 465/1969/465 4/1970/4 5/1971/5
f 459/1884/459 1/1972/1 474/1973/474
f 8/1974/8 473/1975/473 482/1976/482
f 467/1977/467 466/1978/466 5/1979/5 6/1980/6
g Sphere.001_Sphere.001
v 1.991695 9.053764 0.045022
v 1.991695 8.885234 -0.510548
v 1.991695 8.609335 -0.786447
v 1.991695 8.248855 -0.935763
v 1.991695 8.053764 -0.954978
v 1.991695 7.858674 -0.935763
v 1.991695 7.498194 -0.786447
v 1.991695 7.053764 0.045022
v 2.029756 9.034550 -0.146319
v 2.066353 8.977644 -0.330308
v 2.100082 8.885234 -0.499873
v 2.129645 8.760871 -0.648498
v 2.153907 8.609335 -0.770471
v 2.171935 8.436448 -0.861105
v 2.183037 8.248855 -0.916917
v 2.186786 8.053764 -0.935763
v 2.183037 7.858674 -0.916917
v 2.171935 7.671081 -0.861105
v 2.153907 7.498194 -0.770471
v 2.129645 7.346658 -0.648498
v 2.100082 7.222295 -0.499873
v 2.066353 7.129885 -0.330308
v 2.029756 7.072979 -0.146319
v 2.066353 9.034550 -0.135218
v 2.138142 8.977644 -0.308531
v 2.204303 8.885234 -0.468258
v 2.262293 8.760871 -0.608259
v 2.309885 8.609335 -0.723155
v 2.345249 8.436448 -0.808531
v 2.367026 8.248855 -0.861105
v 2.374379 8.053764 -0.878857
v 2.367026 7.858674 -0.861105
v 2.345249 7.671081 -0.808531
v 2.309885 7.498194 -0.723155
v 2.262293 7.346658 -0.608259
v 2.204303 7.222295 -0.468258
v 2.138142 7.129885 -0.308531
v 2.066353 7.072979 -0.135218
v 2.100082 9.034550 -0.117189
v 2.204303 8.977644 -0.273167
v 2.300354 8.885234 -0.416917
v 2.384543 8.760871 -0.542915
v 2.453635 8.609335 -0.646319
v 2.504975 8.436448 -0.723155
v 2.536591 8.248855 -0.770471
v 2.547266 8.053764 -0.786447
v 2.536591 7.858674 -0.770471
v 2.504975 7.671081 -0.723155
v 2.453635 7.498194 -0.646319
v 2.384543 7.346658 -0.542915
v 2.300354 7.222295 -0.416917
v 2.204303 7.129885 -0.273167
v 2.100082 7.072979 -0.117189
v 2.129645 9.034550 -0.092927
v 2.262293 8.977644 -0.225576
v 2.384543 8.885234 -0.347825
v 2.491695 8.760871 -0.454978
v 2.579633 8.609335 -0.542915
v 2.644977 8.436448 -0.608259
v 2.685215 8.248855 -0.648498
v 2.698802 8.053764 -0.662084
v 2.685215 7.858674 -0.648498
v 2.644977 7.671081 -0.608259
v 2.579633 7.498194 -0.542915
v 2.491695 7.346658 -0.454978
v 2.384543 7.222295 -0.347825
v 2.262293 7.129885 -0.225576
v 2.129645 7.072979 -0.092927
v 2.153907 9.034550 -0.063364
v 2.309885 8.977644 -0.167585
v 2.453635 8.885234 -0.263636
v 2.579633 8.760871 -0.347825
v 2.683037 8.609335 -0.416917
v 2.759873 8.436448 -0.468258
v 2.807189 8.248855 -0.499873
v 2.823165 8.053764 -0.510548
v 2.807189 7.858674 -0.499873
v 2.759873 7.671081 -0.468258
v 2.683037 7.498194 -0.416917
v 2.579633 7.346658 -0.347825
v 2.453635 7.222295 -0.263636
v 2.309885 7.129885 -0.167585
v 2.153907 7.072979 -0.063364
v 2.171935 9.034550 -0.029636
v 2.345249 8.977644 -0.101424
v 2.504975 8.885234 -0.167585
v 2.644977 8.760871 -0.225576
v 2.759873 8.609335 -0.273167
v 2.845249 8.436448 -0.308531
v 2.897823 8.248855 -0.330308
v 2.915575 8.053764 -0.337661
v 2.897823 7.858674 -0.330308
v 2.845249 7.671081 -0.308531
v 2.759873 7.498194 -0.273167
v 2.644977 7.346658 -0.225576
v 2.504975 7.222295 -0.167585
v 2.345249 7.129885 -0.101424
v 2.171935 7.072979 -0.029636
v 2.183037 9.034550 0.006962
v 2.367026 8.977644 -0.029636
v 2.536591 8.885234 -0.063364
v 2.685215 8.760871 -0.092927
v 2.807189 8.609335 -0.117189
v 2.897823 8.436448 -0.135218
v 2.953635 8.248855 -0.146319
v 2.972481 8.053764 -0.150068
v 2.953635 7.858674 -0.146319
v 2.897823 7.671081 -0.135218
v 2.807189 7.498194 -0.117189
v 2.685215 7.346658 -0.092927
v 2.536591 7.222295 -0.063364
v 2.367026 7.129885 -0.029636
v 2.183037 7.072979 0.006962
v 2.186786 9.034550 0.045022
v 2.374379 8.977644 0.045022
v 2.547266 8.885234 0.045022
v 2.698802 8.760871 0.045022
v 2.823165 8.609335 0.045022
v 2.915575 8.436448 0.045022
v 2.972481 8.248855 0.045022
v 2.991695 8.053764 0.045022
v 2.972481 7.858674 0.045022
v 2.915575 7.671081 0.045022
v 2.823165 7.498194 0.045022
v 2.698802 7.346658 0.045022
v 2.547266 7.222295 0.045022
v 2.374379 7.129885 0.045022
v 2.186786 7.072979 0.045022
v 2.183037 9.034550 0.083083
v 2.367026 8.977644 0.119680
v 2.536590 8.885234 0.153409
v 2.685215 8.760871 0.182972
v 2.807188 8.609335 0.207234
v 2.897823 8.436448 0.225262
v 2.953635 8.248855 0.236364
v 2.972480 8.053764 0.240113
v 2.953635 7.858674 0.236364
v 2.897823 7.671081 0.225262
v 2.807188 7.498194 0.207234
v 2.685215 7.346658 0.182972
v 2.536590 7.222295 0.153409
v 2.367026 7.129885 0.119680
v 2.183037 7.072979 0.083083
v 2.171935 9.034550 0.119680
v 2.345249 8.977644 0.191469
v 2.504975 8.885234 0.257630
v 2.644977 8.760871 0.315620
v 2.759873 8.609335 0.363212
v 2.845249 8.436448 0.398576
v 2.897823 8.248855 0.420353
v 2.915575 8.053764 0.427706
v 2.897823 7.858674 0.420353
v 2.845249 7.671081 0.398576
v 2.759873 7.498194 0.363212
v 2.644977 7.346658 0.315620
v 2.504975 7.222295 0.257630
v 2.345249 7.129885 0.191469
v 2.171935 7.072979 0.119680
v 2.153907 9.034550 0.153409
v 2.309885 8.977644 0.257630
v 2.453635 8.885234 0.353681
v 2.579633 8.760871 0.437870
v 2.683037 8.609335 0.506962
v 2.759873 8.436448 0.558302
v 2.807188 8.248855 0.589917
v 2.823164 8.053764 0.600592
v 2.807188 7.858674 0.589917
v 2.759873 7.671081 0.558302
v 2.683037 7.498194 0.506962
v 2.579633 7.346658 0.437870
v 2.453635 7.222295 0.353681
v 2.309885 7.129885 0.257630
v 2.153907 7.072979 0.153409
v 2.129645 9.034550 0.182972
v 2.262293 8.977644 0.315620
v 2.384543 8.885234 0.437870
v 2.491695 8.760871 0.545022
v 2.579633 8.609335 0.632960
v 2.644977 8.436448 0.698304
v 2.685215 8.248855 0.738542
v 2.698802 8.053764 0.752129
v 2.685215 7.858674 0.738542
v 2.644977 7.671081 0.698304
v 2.579633 7.498194 0.632960
v 2.491695 7.346658 0.545022
v 2.384543 7.222295 0.437870
v 2.262293 7.129885 0.315620
v 2.129645 7.072979 0.182972
v 2.100082 9.034550 0.207234
v 2.204303 8.977644 0.363212
v 2.300354 8.885234 0.506962
v 2.384543 8.760871 0.632960
v 2.453635 8.609335 0.736364
v 2.504975 8.436448 0.813200
v 2.536590 8.248855 0.860515
v 2.547265 8.053764 0.876492
v 2.536590 7.858674 0.860515
v 2.504975 7.671081 0.813200
v 2.453635 7.498194 0.736364
v 2.384543 7.346658 0.632960
v 2.300354 7.222295 0.506962
v 2.204303 7.129885 0.363212
v 2.100082 7.072979 0.207234
v 2.066353 9.034550 0.225262
v 2.138142 8.977644 0.398576
v 2.204303 8.885234 0.558302
v 2.262293 8.760871 0.698304
v 2.309885 8.609335 0.813200
v 2.345249 8.436448 0.898575
v 2.367025 8.248855 0.951149
v 2.374378 8.053764 0.968901
v 2.367025 7.858674 0.951149
v 2.345249 7.671081 0.898575
v 2.309885 7.498194 0.813200
v 2.262293 7.346658 0.698304
v 2.204303 7.222295 0.558302
v 2.138142 7.129885 0.398576
v 2.066353 7.072979 0.225262
v 2.029756 9.034550 0.236364
v 2.066353 8.977644 0.420352
v 2.100082 8.885234 0.589917
v 2.129645 8.760871 0.738542
v 2.153907 8.609335 0.860515
v 2.171935 8.436448 0.951149
v 2.183037 8.248855 1.006962
v 2.186785 8.053764 1.025807
v 2.183037 7.858674 1.006962
v 2.171935 7.671081 0.951149
v 2.153907 7.498194 0.860515
v 2.129645 7.346658 0.738542
v 2.100082 7.222295 0.589917
v 2.066353 7.129885 0.420352
v 2.029756 7.072979 0.236364
v 1.991695 9.034550 0.240112
v 1.991695 8.977644 0.427706
v 1.991695 8.885234 0.600592
v 1.991695 8.760871 0.752129
v 1.991695 8.609335 0.876492
v 1.991695 8.436448 0.968902
v 1.991695 8.248855 1.025807
v 1.991695 8.053764 1.045022
v 1.991695 7.858674 1.025807
v 1.991695 7.671081 0.968902
v 1.991695 7.498194 0.876492
v 1.991695 7.346658 0.752129
v 1.991695 7.222295 0.600592
v 1.991695 7.129885 0.427706
v 1.991695 7.072979 0.240112
v 1.953635 9.034550 0.236364
v 1.917037 8.977644 0.420352
v 1.883309 8.885234 0.589917
v 1.853746 8.760871 0.738542
v 1.829484 8.609335 0.860515
v 1.811455 8.436448 0.951149
v 1.800354 8.248855 1.006962
v 1.796605 8.053764 1.025807
v 1.800354 7.858674 1.006962
v 1.811455 7.671081 0.951149
v 1.829484 7.498194 0.860515
v 1.853746 7.346658 0.738542
v 1.883309 7.222295 0.589917
v 1.917037 7.129885 0.420352
v 1.953635 7.072979 0.236364
v 1.917038 9.034550 0.225262
v 1.845249 8.977644 0.398576
v 1.779088 8.885234 0.558302
v 1.721097 8.760871 0.698304
v 1.673506 8.609335 0.813200
v 1.638142 8.436448 0.898575
v 1.616365 8.248855 0.951149
v 1.609012 8.053764 0.968901
v 1.616365 7.858674 0.951149
v 1.638142 7.671081 0.898575
v 1.673506 7.498194 0.813200
v 1.721097 7.346658 0.698304
v 1.779088 7.222295 0.558302
v 1.845249 7.129885 0.398576
v 1.917038 7.072979 0.225262
v 1.883309 9.034550 0.207234
v 1.779088 8.977644 0.363212
v 1.683037 8.885234 0.506962
v 1.598848 8.760871 0.632960
v 1.529756 8.609335 0.736364
v 1.478416 8.436448 0.813200
v 1.446800 8.248855 0.860515
v 1.436125 8.053764 0.876491
v 1.446800 7.858674 0.860515
v 1.478416 7.671081 0.813200
v 1.529756 7.498194 0.736364
v 1.598848 7.346658 0.632960
v 1.683037 7.222295 0.506962
v 1.779088 7.129885 0.363212
v 1.883309 7.072979 0.207234
v 1.853746 9.034550 0.182972
v 1.721097 8.977644 0.315620
v 1.598848 8.885234 0.437869
v 1.491696 8.760871 0.545022
v 1.403758 8.609335 0.632960
v 1.338414 8.436448 0.698304
v 1.298176 8.248855 0.738542
v 1.284589 8.053764 0.752128
v 1.298176 7.858674 0.738542
v 1.338414 7.671081 0.698304
v 1.403758 7.498194 0.632960
v 1.491696 7.346658 0.545022
v 1.598848 7.222295 0.437869
v 1.721097 7.129885 0.315620
v 1.853746 7.072979 0.182972
v 1.829484 9.034550 0.153409
v 1.673506 8.977644 0.257630
v 1.529756 8.885234 0.353680
v 1.403758 8.760871 0.437870
v 1.300354 8.609335 0.506962
v 1.223518 8.436448 0.558302
v 1.176203 8.248855 0.589917
v 1.160226 8.053764 0.600592
v 1.176203 7.858674 0.589917
v 1.223518 7.671081 0.558302
v 1.300354 7.498194 0.506962
v 1.403758 7.346658 0.437870
v 1.529756 7.222295 0.353680
v 1.673506 7.129885 0.257630
v 1.829484 7.072979 0.153409
v 1.811456 9.034550 0.119680
v 1.638142 8.977644 0.191469
v 1.478416 8.885234 0.257630
v 1.338414 8.760871 0.315620
v 1.223518 8.609335 0.363212
v 1.138142 8.436448 0.398576
v 1.085568 8.248855 0.420352
v 1.067816 8.053764 0.427705
v 1.085568 7.858674 0.420352
v 1.138142 7.671081 0.398576
v 1.223518 7.498194 0.363212
v 1.338414 7.346658 0.315620
v 1.478416 7.222295 0.257630
v 1.638142 7.129885 0.191469
v 1.811456 7.072979 0.119680
v 1.800354 9.034550 0.083082
v 1.616365 8.977644 0.119680
v 1.446801 8.885234 0.153408
v 1.298176 8.760871 0.182972
v 1.176203 8.609335 0.207234
v 1.085568 8.436448 0.225262
v 1.029756 8.248855 0.236364
v 1.010911 8.053764 0.240112
v 1.029756 7.858674 0.236364
v 1.085568 7.671081 0.225262
v 1.176203 7.498194 0.207234
v 1.298176 7.346658 0.182972
v 1.446801 7.222295 0.153408
v 1.616365 7.129885 0.119680
v 1.800354 7.072979 0.083082
v 1.796605 9.034550 0.045022
v 1.609012 8.977644 0.045022
v 1.436126 8.885234 0.045022
v 1.284589 8.760871 0.045022
v 1.160226 8.609335 0.045022
v 1.067816 8.436448 0.045022
v 1.010911 8.248855 0.045022
v 0.991696 8.053764 0.045022
v 1.010911 7.858674 0.045022
v 1.067816 7.671081 0.045022
v 1.160226 7.498194 0.045022
v 1.284589 7.346658 0.045022
v 1.436126 7.222295 0.045022
v 1.609012 7.129885 0.045022
v 1.796605 7.072979 0.045022
v 1.800354 9.034550 0.006962
v 1.616365 8.977644 -0.029636
v 1.446801 8.885234 -0.063364
v 1.298176 8.760871 -0.092927
v 1.176203 8.609335 -0.117189
v 1.085568 8.436448 -0.135218
v 1.029756 8.248855 -0.146320
v 1.010911 8.053764 -0.150068
v 1.029756 7.858674 -0.146320
v 1.085568 7.671081 -0.135218
v 1.176203 7.498194 -0.117189
v 1.298176 7.346658 -0.092927
v 1.446801 7.222295 -0.063364
v 1.616365 7.129885 -0.029636
v 1.800354 7.072979 0.006962
v 1.811456 9.034550 -0.029636
v 1.638142 8.977644 -0.101424
v 1.478416 8.885234 -0.167585
v 1.338414 8.760871 -0.225576
v 1.223518 8.609335 -0.273167
v 1.138142 8.436448 -0.308531
v 1.085569 8.248855 -0.330308
v 1.067817 8.053764 -0.337661
v 1.085569 7.858674 -0.330308
v 1.138142 7.671081 -0.308531
v 1.223518 7.498194 -0.273167
v 1.338414 7.346658 -0.225576
v 1.478416 7.222295 -0.167585
v 1.638142 7.129885 -0.101424
v 1.811456 7.072979 -0.029636
v 1.829484 9.034550 -0.063364
v 1.673506 8.977644 -0.167585
v 1.529756 8.885234 -0.263636
v 1.403758 8.760871 -0.347825
v 1.300354 8.609335 -0.416917
v 1.223518 8.436448 -0.468257
v 1.176203 8.248855 -0.499873
v 1.160227 8.053764 -0.510548
v 1.176203 7.858674 -0.499873
v 1.223518 7.671081 -0.468257
v 1.300354 7.498194 -0.416917
v 1.403758 7.346658 -0.347825
v 1.529756 7.222295 -0.263636
v 1.673506 7.129885 -0.167585
v 1.829484 7.072979 -0.063364
v 1.853746 9.034550 -0.092927
v 1.721097 8.977644 -0.225576
v 1.598848 8.885234 -0.347825
v 1.491696 8.760871 -0.454978
v 1.403758 8.609335 -0.542915
v 1.338414 8.436448 -0.608259
v 1.298176 8.248855 -0.648497
v 1.284590 8.053764 -0.662084
v 1.298176 7.858674 -0.648497
v 1.338414 7.671081 -0.608259
v 1.403758 7.498194 -0.542915
v 1.491696 7.346658 -0.454978
v 1.598848 7.222295 -0.347825
v 1.721097 7.129885 -0.225576
v 1.853746 7.072979 -0.092927
v 1.883309 9.034550 -0.117189
v 1.779088 8.977644 -0.273167
v 1.683038 8.885234 -0.416917
v 1.598848 8.760871 -0.542915
v 1.529756 8.609335 -0.646319
v 1.478416 8.436448 -0.723155
v 1.446801 8.248855 -0.770470
v 1.436126 8.053764 -0.786447
v 1.446801 7.858674 -0.770470
v 1.478416 7.671081 -0.723155
v 1.529756 7.498194 -0.646319
v 1.598848 7.346658 -0.542915
v 1.683038 7.222295 -0.416917
v 1.779088 7.129885 -0.273167
v 1.883309 7.072979 -0.117189
v 1.917038 9.034550 -0.135217
v 1.845249 8.977644 -0.308531
v 1.779088 8.885234 -0.468257
v 1.721097 8.760871 -0.608259
v 1.673506 8.609335 -0.723155
v 1.638142 8.436448 -0.808531
v 1.616366 8.248855 -0.861105
v 1.609013 8.053764 -0.878856
v 1.616366 7.858674 -0.861105
v 1.638142 7.671081 -0.808531
v 1.673506 7.498194 -0.723155
v 1.721097 7.346658 -0.608259
v 1.779088 7.222295 -0.468257
v 1.845249 7.129885 -0.308531
v 1.917038 7.072979 -0.135217
v 1.953635 9.034550 -0.146319
v 1.917038 8.977644 -0.330308
v 1.883309 8.885234 -0.499872
v 1.853746 8.760871 -0.648497
v 1.829484 8.609335 -0.770470
v 1.811456 8.436448 -0.861105
v 1.800354 8.248855 -0.916917
v 1.796606 8.053764 -0.935762
v 1.800354 7.858674 -0.916917
v 1.811456 7.671081 -0.861105
v 1.829484 7.498194 -0.770470
v 1.853746 7.346658 -0.648497
v 1.883309 7.222295 -0.499872
v 1.917038 7.129885 -0.330308
v 1.953635 7.072979 -0.146319
v 1.991695 9.034550 -0.150068
v 1.991696 8.977644 -0.337661
v 1.991696 8.760871 -0.662084
v 1.991695 8.436448 -0.878857
v 1.991695 7.671081 -0.878857
v 1.991696 7.346658 -0.662084
v 1.991696 7.222295 -0.510547
v 1.991696 7.129885 -0.337661
v 1.991695 7.072979 -0.150068
vn -0.0000 1.0000 -0.0000
vn -0.0000 0.8286 -0.5598
vn -0.0000 0.5528 -0.8333
vn -0.0000 0.1939 -0.9810
vn -0.0000 -0.0000 -1.0000
vn -0.0000 -0.1939 -0.9810
vn -0.0000 -0.5528 -0.8333
vn -0.0000 -1.0000 -0.0000
vn 0.0392 0.9796 -0.1971
vn 0.0757 0.9217 -0.3804
vn 0.1092 0.8286 -0.5490
vn 0.1385 0.7041 -0.6965
vn 0.1626 0.5528 -0.8173
vn 0.1804 0.3805 -0.9070
vn 0.1914 0.1939 -0.9622
vn 0.1951 -0.0000 -0.9808
vn 0.1914 -0.1939 -0.9622
vn 0.1804 -0.3805 -0.9070
vn 0.1626 -0.5528 -0.8173
vn 0.1385 -0.7041 -0.6965
vn 0.1092 -0.8286 -0.5490
vn 0.0757 -0.9217 -0.3804
vn 0.0392 -0.9796 -0.1971
vn 0.0769 0.9796 -0.1857
vn 0.1484 0.9217 -0.3584
vn 0.2142 0.8286 -0.5172
vn 0.2718 0.7041 -0.6561
vn 0.3189 0.5528 -0.7699
vn 0.3539 0.3805 -0.8544
vn 0.3754 0.1939 -0.9063
vn 0.3827 -0.0000 -0.9239
vn 0.3754 -0.1939 -0.9063
vn 0.3539 -0.3805 -0.8544
vn 0.3189 -0.5528 -0.7699
vn 0.2718 -0.7041 -0.6561
vn 0.2142 -0.8286 -0.5172
vn 0.1484 -0.9217 -0.3584
vn 0.0769 -0.9796 -0.1857
vn 0.1117 0.9796 -0.1671
vn 0.2155 0.9217 -0.3225
vn 0.3110 0.8286 -0.4654
vn 0.3945 0.7041 -0.5905
vn 0.4630 0.5528 -0.6929
vn 0.5138 0.3805 -0.7689
vn 0.5450 0.1939 -0.8157
vn 0.5556 -0.0000 -0.8315
vn 0.5450 -0.1939 -0.8157
vn 0.5138 -0.3805 -0.7689
vn 0.4630 -0.5528 -0.6929
vn 0.3945 -0.7041 -0.5905
vn 0.3110 -0.8286 -0.4654
vn 0.2155 -0.9217 -0.3225
vn 0.1117 -0.9796 -0.1671
vn 0.1421 0.9796 -0.1421
vn 0.2743 0.9217 -0.2743
vn 0.3958 0.8286 -0.3958
vn 0.5021 0.7041 -0.5021
vn 0.5893 0.5528 -0.5893
vn 0.6539 0.3805 -0.6539
vn 0.6937 0.1939 -0.6937
vn 0.7071 -0.0000 -0.7071
vn 0.6937 -0.1939 -0.6937
vn 0.6539 -0.3805 -0.6539
vn 0.5893 -0.5528 -0.5893
vn 0.5021 -0.7041 -0.5021
vn 0.3958 -0.8286 -0.3958
vn 0.2743 -0.9217 -0.2743
vn 0.1421 -0.9796 -0.1421
vn 0.1671 0.9796 -0.1117
vn 0.3225 0.9217 -0.2155
vn 0.4654 0.8286 -0.3110
vn 0.5905 0.7041 -0.3945
vn 0.6929 0.5528 -0.4630
vn 0.7689 0.3805 -0.5138
vn 0.8157 0.1939 -0.5450
vn 0.8315 -0.0000 -0.5556
vn 0.8157 -0.1939 -0.5450
vn 0.7689 -0.3805 -0.5138
vn 0.6929 -0.5528 -0.4630
vn 0.5905 -0.7041 -0.3945
vn 0.4654 -0.8286 -0.3110
vn 0.3225 -0.9217 -0.2155
vn 0.1671 -0.9796 -0.1117
vn 0.1857 0.9796 -0.0769
vn 0.3584 0.9217 -0.1484
vn 0.5172 0.8286 -0.2142
vn 0.6561 0.7041 -0.2718
vn 0.7699 0.5528 -0.3189
vn 0.8544 0.3805 -0.3539
vn 0.9063 0.1939 -0.3754
vn 0.9239 -0.0000 -0.3827
vn 0.9063 -0.1939 -0.3754
vn 0.8544 -0.3805 -0.3539
vn 0.7699 -0.5528 -0.3189
vn 0.6561 -0.7041 -0.2718
vn 0.5172 -0.8286 -0.2142
vn 0.3584 -0.9217 -0.1484
vn 0.1857 -0.9796 -0.0769
vn 0.1971 0.9796 -0.0392
vn 0.3804 0.9217 -0.0757
vn 0.5490 0.8286 -0.1092
vn 0.6965 0.7041 -0.1385
vn 0.8173 0.5528 -0.1626
vn 0.9070 0.3805 -0.1804
vn 0.9622 0.1939 -0.1914
vn 0.9808 -0.0000 -0.1951
vn 0.9622 -0.1939 -0.1914
vn 0.9070 -0.3805 -0.1804
vn 0.8173 -0.5528 -0.1626
vn 0.6965 -0.7041 -0.1385
vn 0.5490 -0.8286 -0.1092
vn 0.3804 -0.9217 -0.0757
vn 0.1971 -0.9796 -0.0392
vn 0.2010 0.9796 -0.0000
vn 0.3879 0.9217 -0.0000
vn 0.5598 0.8286 -0.0000
vn 0.7101 0.7041 -0.0000
vn 0.8333 0.5528 -0.0000
vn 0.9248 0.3805 -0.0000
vn 0.9810 0.1939 -0.0000
vn 1.0000 -0.0000 -0.0000
vn 0.9810 -0.1939 -0.0000
vn 0.9248 -0.3805 -0.0000
vn 0.8333 -0.5528 -0.0000
vn 0.7101 -0.7041 -0.0000
vn 0.5598 -0.8286 -0.0000
vn 0.3879 -0.9217 -0.0000
vn 0.2010 -0.9796 -0.0000
vn 0.1971 0.9796 0.0392
vn 0.3804 0.9217 0.0757
vn 0.5490 0.8286 0.1092
vn 0.6965 0.7041 0.1385
vn 0.8173 0.5528 0.1626
vn 0.9070 0.3805 0.1804
vn 0.9622 0.1939 0.1914
vn 0.9808 -0.0000 0.1951
vn 0.9622 -0.1939 0.1914
vn 0.9070 -0.3805 0.1804
vn 0.8173 -0.5528 0.1626
vn 0.6965 -0.7041 0.1385
vn 0.5490 -0.8286 0.1092
vn 0.3804 -0.9217 0.0757
vn 0.1971 -0.9796 0.0392
vn 0.1857 0.9796 0.0769
vn 0.3584 0.9217 0.1484
vn 0.5172 0.8286 0.2142
vn 0.6561 0.7041 0.2718
vn 0.7699 0.5528 0.3189
vn 0.8544 0.3805 0.3539
vn 0.9063 0.1939 0.3754
vn 0.9239 -0.0000 0.3827
vn 0.9063 -0.1939 0.3754
vn 0.8544 -0.3805 0.3539
vn 0.7699 -0.5528 0.3189
vn 0.6561 -0.7041 0.2718
vn 0.5172 -0.8286 0.2142
vn 0.3584 -0.9217 0.1484
vn 0.1857 -0.9796 0.0769
vn 0.1671 0.9796 0.1117
vn 0.3225 0.9217 0.2155
vn 0.4654 0.8286 0.3110
vn 0.5905 0.7041 0.3945
vn 0.6929 0.5528 0.4630
vn 0.7689 0.3805 0.5138
vn 0.8157 0.1939 0.5450
vn 0.8315 -0.0000 0.5556
vn 0.8157 -0.1939 0.5450
vn 0.7689 -0.3805 0.5138
vn 0.6929 -0.5528 0.4630
vn 0.5905 -0.7041 0.3945
vn 0.4654 -0.8286 0.3110
vn 0.3225 -0.9217 0.2155
vn 0.1671 -0.9796 0.1117
vn 0.1421 0.9796 0.1421
vn 0.2743 0.9217 0.2743
vn 0.3958 0.8286 0.3958
vn 0.5021 0.7041 0.5021
vn 0.5893 0.5528 0.5893
vn 0.6539 0.3805 0.6539
vn 0.6937 0.1939 0.6937
vn 0.7071 -0.0000 0.7071
vn 0.6937 -0.1939 0.6937
vn 0.6539 -0.3805 0.6539
vn 0.5893 -0.5528 0.5893
vn 0.5021 -0.7041 0.5021
vn 0.3958 -0.8286 0.3958
vn 0.2743 -0.9217 0.2743
vn 0.1421 -0.9796 0.1421
vn 0.1117 0.9796 0.1671
vn 0.2155 0.9217 0.3225
vn 0.3110 0.8286 0.4654
vn 0.3945 0.7041 0.5905
vn 0.4630 0.5528 0.6929
vn 0.5138 0.3805 0.7689
vn 0.5450 0.1939 0.8157
vn 0.5556 -0.0000 0.8315
vn 0.5450 -0.1939 0.8157
vn 0.5138 -0.3805 0.7689
vn 0.4630 -0.5528 0.6929
vn 0.3945 -0.7041 0.5905
vn 0.3110 -0.8286 0.4654
vn 0.2155 -0.9217 0.3225
vn 0.1117 -0.9796 0.1671
vn 0.0769 0.9796 0.1857
vn 0.1484 0.9217 0.3584
vn 0.2142 0.8286 0.5172
vn 0.2718 0.7041 0.6561
vn 0.3189 0.5528 0.7699
vn 0.3539 0.3805 0.8544
vn 0.3754 0.1939 0.9063
vn 0.3827 -0.0000 0.9239
vn 0.3754 -0.1939 0.9063
vn 0.3539 -0.3805 0.8544
vn 0.3189 -0.5528 0.7699
vn 0.2718 -0.7041 0.6561
vn 0.2142 -0.8286 0.5172
vn 0.1484 -0.9217 0.3584
vn 0.0769 -0.9796 0.1857
vn 0.0392 0.9796 0.1971
vn 0.0757 0.9217 0.3804
vn 0.1092 0.8286 0.5490
vn 0.1385 0.7041 0.6965
vn 0.1626 0.5528 0.8173
vn 0.1804 0.3805 0.9070
vn 0.1914 0.1939 0.9622
vn 0.1951 -0.0000 0.9808
vn 0.1914 -0.1939 0.9622
vn 0.1804 -0.3805 0.9070
vn 0.1626 -0.5528 0.8173
vn 0.1385 -0.7041 0.6965
vn 0.1092 -0.8286 0.5490
vn 0.0757 -0.9217 0.3804
vn 0.0392 -0.9796 0.1971
vn -0.0000 0.9796 0.2010
vn -0.0000 0.9217 0.3879
vn -0.0000 0.8286 0.5598
vn -0.0000 0.7041 0.7101
vn -0.0000 0.5528 0.8333
vn -0.0000 0.3805 0.9248
vn -0.0000 0.1939 0.9810
vn -0.0000 -0.0000 1.0000
vn -0.0000 -0.1939 0.9810
vn -0.0000 -0.3805 0.9248
vn -0.0000 -0.5528 0.8333
vn -0.0000 -0.7041 0.7101
vn -0.0000 -0.8286 0.5598
vn -0.0000 -0.9217 0.3879
vn -0.0000 -0.9796 0.2010
vn -0.0392 0.9796 0.1971
vn -0.0757 0.9217 0.3804
vn -0.1092 0.8286 0.5490
vn -0.1385 0.7041 0.6965
vn -0.1626 0.5528 0.8173
vn -0.1804 0.3805 0.9070
vn -0.1914 0.1939 0.9622
vn -0.1951 -0.0000 0.9808
vn -0.1914 -0.1939 0.9622
vn -0.1804 -0.3805 0.9070
vn -0.1626 -0.5528 0.8173
vn -0.1385 -0.7041 0.6965
vn -0.1092 -0.8286 0.5490
vn -0.0757 -0.9217 0.3804
vn -0.0392 -0.9796 0.1971
vn -0.0769 0.9796 0.1857
vn -0.1484 0.9217 0.3584
vn -0.2142 0.8286 0.5172
vn -0.2718 0.7041 0.6561
vn -0.3189 0.5528 0.7699
vn -0.3539 0.3805 0.8544
vn -0.3754 0.1939 0.9063
vn -0.3827 -0.0000 0.9239
vn -0.3754 -0.1939 0.9063
vn -0.3539 -0.3805 0.8544
vn -0.3189 -0.5528 0.7699
vn -0.2718 -0.7041 0.6561
vn -0.2142 -0.8286 0.5172
vn -0.1484 -0.9217 0.3584
vn -0.0769 -0.9796 0.1857
vn -0.1117 0.9796 0.1671
vn -0.2155 0.9217 0.3225
vn -0.3110 0.8286 0.4654
vn -0.3945 0.7041 0.5905
vn -0.4630 0.5528 0.6929
vn -0.5138 0.3805 0.7689
vn -0.5450 0.1939 0.8157
vn -0.5556 -0.0000 0.8315
vn -0.5450 -0.1939 0.8157
vn -0.5138 -0.3805 0.7689
vn -0.4630 -0.5528 0.6929
vn -0.3945 -0.7041 0.5905
vn -0.3110 -0.8286 0.4654
vn -0.2155 -0.9217 0.3225
vn -0.1117 -0.9796 0.1671
vn -0.1421 0.9796 0.1421
vn -0.2743 0.9217 0.2743
vn -0.3958 0.8286 0.3958
vn -0.5021 0.7041 0.5021
vn -0.5893 0.5528 0.5893
vn -0.6539 0.3805 0.6539
vn -0.6937 0.1939 0.6937
vn -0.7071 -0.0000 0.7071
vn -0.6937 -0.1939 0.6937
vn -0.6539 -0.3805 0.6539
vn -0.5893 -0.5528 0.5893
vn -0.5021 -0.7041 0.5021
vn -0.3958 -0.8286 0.3958
vn -0.2743 -0.9217 0.2743
vn -0.1421 -0.9796 0.1421
vn -0.1671 0.9796 0.1117
vn -0.3225 0.9217 0.2155
vn -0.4654 0.8286 0.3110
vn -0.5905 0.7041 0.3945
vn -0.6929 0.5528 0.4630
vn -0.7689 0.3805 0.5138
vn -0.8157 0.1939 0.5450
vn -0.8315 -0.0000 0.5556
vn -0.8157 -0.1939 0.5450
vn -0.7689 -0.3805 0.5138
vn -0.6929 -0.5528 0.4630
vn -0.5905 -0.7041 0.3945
vn -0.4654 -0.8286 0.3110
vn -0.3225 -0.9217 0.2155
vn -0.1671 -0.9796 0.1117
vn -0.1857 0.9796 0.0769
vn -0.3584 0.9217 0.1484
vn -0.5172 0.8286 0.2142
vn -0.6561 0.7041 0.2718
vn -0.7699 0.5528 0.3189
vn -0.8544 0.3805 0.3539
vn -0.9063 0.1939 0.3754
vn -0.9239 -0.0000 0.3827
vn -0.9063 -0.1939 0.3754
vn -0.8544 -0.3805 0.3539
vn -0.7699 -0.5528 0.3189
vn -0.6561 -0.7041 0.2718
vn -0.5172 -0.8286 0.2142
vn -0.3584 -0.9217 0.1484
vn -0.1857 -0.9796 0.0769
vn -0.1971 0.9796 0.0392
vn -0.3804 0.9217 0.0757
vn -0.5490 0.8286 0.1092
vn -0.6965 0.7041 0.1385
vn -0.8173 0.5528 0.1626
vn -0.9070 0.3805 0.1804
vn -0.9622 0.1939 0.1914
vn -0.9808 -0.0000 0.1951
vn -0.9622 -0.1939 0.1914
vn -0.9070 -0.3805 0.1804
vn -0.8173 -0.5528 0.1626
vn -0.6965 -0.7041 0.1385
vn -0.5490 -0.8286 0.1092
vn -0.3804 -0.9217 0.0757
vn -0.1971 -0.9796 0.0392
vn -0.2010 0.9796 -0.0000
vn -0.3879 0.9217 -0.0000
vn -0.5598 0.8286 -0.0000
vn -0.7101 0.7041 -0.0000
vn -0.8333 0.5528 -0.0000
vn -0.9248 0.3805 -0.0000
vn -0.9810 0.1939 -0.0000
vn -1.0000 -0.0000 -0.0000
vn -0.9810 -0.1939 -0.0000
vn -0.9248 -0.3805 -0.0000
vn -0.8333 -0.5528 -0.0000
vn -0.7101 -0.7041 -0.0000
vn -0.5598 -0.8286 -0.0000
vn -0.3879 -0.9217 -0.0000
vn -0.2010 -0.9796 -0.0000
vn -0.1971 0.9796 -0.0392
vn -0.3804 0.9217 -0.0757
vn -0.5490 0.8286 -0.1092
vn -0.6965 0.7041 -0.1385
vn -0.8173 0.5528 -0.1626
vn -0.9070 0.3805 -0.1804
vn -0.9622 0.1939 -0.1914
vn -0.9808 -0.0000 -0.1951
vn -0.9622 -0.1939 -0.1914
vn -0.9070 -0.3805 -0.1804
vn -0.8173 -0.5528 -0.1626
vn -0.6965 -0.7041 -0.1385
vn -0.5490 -0.8286 -0.1092
vn -0.3804 -0.9217 -0.0757
vn -0.1971 -0.9796 -0.0392
vn -0.1857 0.9796 -0.0769
vn -0.3584 0.9217 -0.1484
vn -0.5172 0.8286 -0.2142
vn -0.6561 0.7041 -0.2718
vn -0.7699 0.5528 -0.3189
vn -0.8544 0.3805 -0.3539
vn -0.9063 0.1939 -0.3754
vn -0.9239 -0.0000 -0.3827
vn -0.9063 -0.1939 -0.3754
vn -0.8544 -0.3805 -0.3539
vn -0.7699 -0.5528 -0.3189
vn -0.6561 -0.7041 -0.2718
vn -0.5172 -0.8286 -0.2142
vn -0.3584 -0.9217 -0.1484
vn -0.1857 -0.9796 -0.0769
vn -0.1671 0.9796 -0.1117
vn -0.3225 0.9217 -0.2155
vn -0.4654 0.8286 -0.3110
vn -0.5905 0.7041 -0.3945
vn -0.6929 0.5528 -0.4630
vn -0.7689 0.3805 -0.5138
vn -0.8157 0.1939 -0.5450
vn -0.8315 -0.0000 -0.5556
vn -0.8157 -0.1939 -0.5450
vn -0.7689 -0.3805 -0.5138
vn -0.6929 -0.5528 -0.4630
vn -0.5905 -0.7041 -0.3945
vn -0.4654 -0.8286 -0.3110
vn -0.3225 -0.9217 -0.2155
vn -0.1671 -0.9796 -0.1117
vn -0.1421 0.9796 -0.1421
vn -0.2743 0.9217 -0.2743
vn -0.3958 0.8286 -0.3958
vn -0.5021 0.7041 -0.5021
vn -0.5893 0.5528 -0.5893
vn -0.6539 0.3805 -0.6539
vn -0.6937 0.1939 -0.6937
vn -0.7071 -0.0000 -0.7071
vn -0.6937 -0.1939 -0.6937
vn -0.6539 -0.3805 -0.6539
vn -0.5893 -0.5528 -0.5893
vn -0.5021 -0.7041 -0.5021
vn -0.3958 -0.8286 -0.3958
vn -0.2743 -0.9217 -0.2743
vn -0.1421 -0.9796 -0.1421
vn -0.1117 0.9796 -0.1671
vn -0.2155 0.9217 -0.3225
vn -0.3110 0.8286 -0.4654
vn -0.3945 0.7041 -0.5905
vn -0.4630 0.5528 -0.6929
vn -0.5138 0.3805 -0.7689
vn -0.5450 0.1939 -0.8157
vn -0.5556 -0.0000 -0.8315
vn -0.5450 -0.1939 -0.8157
vn -0.5138 -0.3805 -0.7689
vn -0.4630 -0.5528 -0.6929
vn -0.3945 -0.7041 -0.5905
vn -0.3110 -0.8286 -0.4654
vn -0.2155 -0.9217 -0.3225
vn -0.1117 -0.9796 -0.1671
vn -0.0769 0.9796 -0.1857
vn -0.1484 0.9217 -0.3584
vn -0.2142 0.8286 -0.5172
vn -0.2718 0.7041 -0.6561
vn -0.3189 0.5528 -0.7699
vn -0.3539 0.3805 -0.8544
vn -0.3754 0.1939 -0.9063
vn -0.3827 -0.0000 -0.9239
vn -0.3754 -0.1939 -0.9063
vn -0.3539 -0.3805 -0.8544
vn -0.3189 -0.5528 -0.7699
vn -0.2718 -0.7041 -0.6561
vn -0.2142 -0.8286 -0.5172
vn -0.1484 -0.9217 -0.3584
vn -0.0769 -0.9796 -0.1857
vn -0.0392 0.9796 -0.1971
vn -0.0757 0.9217 -0.3804
vn -0.1092 0.8286 -0.5490
vn -0.1385 0.7041 -0.6965
vn -0.1626 0.5528 -0.8173
vn -0.1804 0.3805 -0.9070
vn -0.1914 0.1939 -0.9622
vn -0.1951 -0.0000 -0.9808
vn -0.1914 -0.1939 -0.9622
vn -0.1804 -0.3805 -0.9070
vn -0.1626 -0.5528 -0.8173
vn -0.1385 -0.7041 -0.6965
vn -0.1092 -0.8286 -0.5490
vn -0.0757 -0.9217 -0.3804
vn -0.0392 -0.9796 -0.1971
vn -0.0000 0.9796 -0.2010
vn -0.0000 0.9217 -0.3879
vn -0.0000 0.7041 -0.7101
vn -0.0000 0.3805 -0.9248
vn -0.0000 -0.3805 -0.9248
vn -0.0000 -0.7041 -0.7101
vn -0.0000 -0.8286 -0.5598
vn -0.0000 -0.9217 -0.3879
vn -0.0000 -0.9796 -0.2010
vt 0.750000 0.437500
vt 0.750000 0.500000
vt 0.718750 0.500000
vt 0.718750 0.437500
vt 0.750000 0.875000
vt 0.750000 0.937500
vt 0.718750 0.937500
vt 0.718750 0.875000
vt 0.750000 0.375000
vt 0.718750 0.375000
vt 0.750000 0.812500
vt 0.718750 0.812500
vt 0.750000 0.312500
vt 0.718750 0.312500
vt 0.750000 0.750000
vt 0.718750 0.750000
vt 0.750000 0.250000
vt 0.718750 0.250000
vt 0.750000 0.687500
vt 0.718750 0.687500
vt 0.750000 0.187500
vt 0.718750 0.187500
vt 0.750000 0.625000
vt 0.718750 0.625000
vt 0.750000 0.125000
vt 0.718750 0.125000
vt 0.750000 0.562500
vt 0.718750 0.562500
vt 0.750000 0.062500
vt 0.718750 0.062500
vt 0.734375 1.000000
vt 0.734375 0.000000
vt 0.687500 0.125000
vt 0.687500 0.062500
vt 0.687500 0.562500
vt 0.687500 0.500000
vt 0.703125 1.000000
vt 0.687500 0.937500
vt 0.703125 0.000000
vt 0.687500 0.437500
vt 0.687500 0.875000
vt 0.687500 0.375000
vt 0.687500 0.812500
vt 0.687500 0.312500
vt 0.687500 0.750000
vt 0.687500 0.250000
vt 0.687500 0.687500
vt 0.687500 0.187500
vt 0.687500 0.625000
vt 0.656250 0.312500
vt 0.656250 0.250000
vt 0.656250 0.750000
vt 0.656250 0.687500
vt 0.656250 0.187500
vt 0.656250 0.625000
vt 0.656250 0.125000
vt 0.656250 0.562500
vt 0.656250 0.062500
vt 0.656250 0.500000
vt 0.671875 1.000000
vt 0.656250 0.937500
vt 0.671875 0.000000
vt 0.656250 0.437500
vt 0.656250 0.875000
vt 0.656250 0.375000
vt 0.656250 0.812500
vt 0.640625 1.000000
vt 0.625000 0.937500
vt 0.640625 0.000000
vt 0.625000 0.062500
vt 0.625000 0.500000
vt 0.625000 0.437500
vt 0.625000 0.875000
vt 0.625000 0.375000
vt 0.625000 0.812500
vt 0.625000 0.312500
vt 0.625000 0.750000
vt 0.625000 0.250000
vt 0.625000 0.687500
vt 0.625000 0.187500
vt 0.625000 0.625000
vt 0.625000 0.125000
vt 0.625000 0.562500
vt 0.593750 0.750000
vt 0.593750 0.687500
vt 0.593750 0.250000
vt 0.593750 0.187500
vt 0.593750 0.625000
vt 0.593750 0.125000
vt 0.593750 0.562500
vt 0.593750 0.062500
vt 0.593750 0.500000
vt 0.609375 1.000000
vt 0.593750 0.937500
vt 0.609375 0.000000
vt 0.593750 0.437500
vt 0.593750 0.875000
vt 0.593750 0.375000
vt 0.593750 0.812500
vt 0.593750 0.312500
vt 0.562500 0.500000
vt 0.562500 0.437500
vt 0.562500 0.937500
vt 0.562500 0.875000
vt 0.562500 0.375000
vt 0.562500 0.812500
vt 0.562500 0.312500
vt 0.562500 0.750000
vt 0.562500 0.250000
vt 0.562500 0.687500
vt 0.562500 0.187500
vt 0.562500 0.625000
vt 0.562500 0.125000
vt 0.562500 0.562500
vt 0.562500 0.062500
vt 0.578125 1.000000
vt 0.578125 0.000000
vt 0.531250 0.250000
vt 0.531250 0.187500
vt 0.531250 0.687500
vt 0.531250 0.625000
vt 0.531250 0.125000
vt 0.531250 0.562500
vt 0.531250 0.062500
vt 0.531250 0.500000
vt 0.546875 1.000000
vt 0.531250 0.937500
vt 0.546875 0.000000
vt 0.531250 0.437500
vt 0.531250 0.875000
vt 0.531250 0.375000
vt 0.531250 0.812500
vt 0.531250 0.312500
vt 0.531250 0.750000
vt 0.500000 0.937500
vt 0.500000 0.875000
vt 0.500000 0.437500
vt 0.500000 0.375000
vt 0.500000 0.812500
vt 0.500000 0.312500
vt 0.500000 0.750000
vt 0.500000 0.250000
vt 0.500000 0.687500
vt 0.500000 0.187500
vt 0.500000 0.625000
vt 0.500000 0.125000
vt 0.500000 0.562500
vt 0.500000 0.062500
vt 0.500000 0.500000
vt 0.515625 1.000000
vt 0.515625 0.000000
vt 0.468750 0.687500
vt 0.468750 0.625000
vt 0.468750 0.187500
vt 0.468750 0.125000
vt 0.468750 0.562500
vt 0.468750 0.062500
vt 0.468750 0.500000
vt 0.484375 1.000000
vt 0.468750 0.937500
vt 0.484375 0.000000
vt 0.468750 0.437500
vt 0.468750 0.875000
vt 0.468750 0.375000
vt 0.468750 0.812500
vt 0.468750 0.312500
vt 0.468750 0.750000
vt 0.468750 0.250000
vt 0.437500 0.437500
vt 0.437500 0.375000
vt 0.437500 0.875000
vt 0.437500 0.812500
vt 0.437500 0.312500
vt 0.437500 0.750000
vt 0.437500 0.250000
vt 0.437500 0.687500
vt 0.437500 0.187500
vt 0.437500 0.625000
vt 0.437500 0.125000
vt 0.437500 0.562500
vt 0.437500 0.062500
vt 0.437500 0.500000
vt 0.453125 1.000000
vt 0.437500 0.937500
vt 0.453125 0.000000
vt 0.406250 0.187500
vt 0.406250 0.125000
vt 0.406250 0.625000
vt 0.406250 0.562500
vt 0.406250 0.062500
vt 0.406250 0.500000
vt 0.421875 1.000000
vt 0.406250 0.937500
vt 0.421875 0.000000
vt 0.406250 0.437500
vt 0.406250 0.875000
vt 0.406250 0.375000
vt 0.406250 0.812500
vt 0.406250 0.312500
vt 0.406250 0.750000
vt 0.406250 0.250000
vt 0.406250 0.687500
vt 0.375000 0.375000
vt 0.375000 0.312500
vt 0.375000 0.812500
vt 0.375000 0.750000
vt 0.375000 0.250000
vt 0.375000 0.687500
vt 0.375000 0.187500
vt 0.375000 0.625000
vt 0.375000 0.125000
vt 0.375000 0.562500
vt 0.375000 0.062500
vt 0.375000 0.500000
vt 0.390625 1.000000
vt 0.375000 0.937500
vt 0.390625 0.000000
vt 0.375000 0.437500
vt 0.375000 0.875000
vt 0.343750 0.125000
vt 0.343750 0.062500
vt 0.343750 0.562500
vt 0.343750 0.500000
vt 0.359375 1.000000
vt 0.343750 0.937500
vt 0.359375 0.000000
vt 0.343750 0.437500
vt 0.343750 0.875000
vt 0.343750 0.375000
vt 0.343750 0.812500
vt 0.343750 0.312500
vt 0.343750 0.750000
vt 0.343750 0.250000
vt 0.343750 0.687500
vt 0.343750 0.187500
vt 0.343750 0.625000
vt 0.312500 0.812500
vt 0.312500 0.750000
vt 0.312500 0.312500
vt 0.312500 0.250000
vt 0.312500 0.687500
vt 0.312500 0.187500
vt 0.312500 0.625000
vt 0.312500 0.125000
vt 0.312500 0.562500
vt 0.312500 0.062500
vt 0.312500 0.500000
vt 0.328125 1.000000
vt 0.312500 0.937500
vt 0.328125 0.000000
vt 0.312500 0.437500
vt 0.312500 0.875000
vt 0.312500 0.375000
vt 0.281250 0.562500
vt 0.281250 0.500000
vt 0.296875 1.000000
vt 0.281250 0.937500
vt 0.296875 0.000000
vt 0.281250 0.062500
vt 0.281250 0.437500
vt 0.281250 0.875000
vt 0.281250 0.375000
vt 0.281250 0.812500
vt 0.281250 0.312500
vt 0.281250 0.750000
vt 0.281250 0.250000
vt 0.281250 0.687500
vt 0.281250 0.187500
vt 0.281250 0.625000
vt 0.281250 0.125000
vt 0.250000 0.312500
vt 0.250000 0.250000
vt 0.250000 0.750000
vt 0.250000 0.687500
vt 0.250000 0.187500
vt 0.250000 0.625000
vt 0.250000 0.125000
vt 0.250000 0.562500
vt 0.250000 0.062500
vt 0.250000 0.500000
vt 0.265625 1.000000
vt 0.250000 0.937500
vt 0.265625 0.000000
vt 0.250000 0.437500
vt 0.250000 0.875000
vt 0.250000 0.375000
vt 0.250000 0.812500
vt 0.234375 1.000000
vt 0.218750 0.937500
vt 0.234375 0.000000
vt 0.218750 0.062500
vt 0.218750 0.500000
vt 0.218750 0.437500
vt 0.218750 0.875000
vt 0.218750 0.375000
vt 0.218750 0.812500
vt 0.218750 0.312500
vt 0.218750 0.750000
vt 0.218750 0.250000
vt 0.218750 0.687500
vt 0.218750 0.187500
vt 0.218750 0.625000
vt 0.218750 0.125000
vt 0.218750 0.562500
vt 0.187500 0.750000
vt 0.187500 0.687500
vt 0.187500 0.250000
vt 0.187500 0.187500
vt 0.187500 0.625000
vt 0.187500 0.125000
vt 0.187500 0.562500
vt 0.187500 0.062500
vt 0.187500 0.500000
vt 0.203125 1.000000
vt 0.187500 0.937500
vt 0.203125 0.000000
vt 0.187500 0.437500
vt 0.187500 0.875000
vt 0.187500 0.375000
vt 0.187500 0.812500
vt 0.187500 0.312500
vt 0.156250 0.500000
vt 0.156250 0.437500
vt 0.156250 0.937500
vt 0.156250 0.875000
vt 0.156250 0.375000
vt 0.156250 0.812500
vt 0.156250 0.312500
vt 0.156250 0.750000
vt 0.156250 0.250000
vt 0.156250 0.687500
vt 0.156250 0.187500
vt 0.156250 0.625000
vt 0.156250 0.125000
vt 0.156250 0.562500
vt 0.156250 0.062500
vt 0.171875 1.000000
vt 0.171875 0.000000
vt 0.125000 0.250000
vt 0.125000 0.187500
vt 0.125000 0.687500
vt 0.125000 0.625000
vt 0.125000 0.125000
vt 0.125000 0.562500
vt 0.125000 0.062500
vt 0.125000 0.500000
vt 0.140625 1.000000
vt 0.125000 0.937500
vt 0.140625 0.000000
vt 0.125000 0.437500
vt 0.125000 0.875000
vt 0.125000 0.375000
vt 0.125000 0.812500
vt 0.125000 0.312500
vt 0.125000 0.750000
vt 0.093750 0.437500
vt 0.093750 0.375000
vt 0.093750 0.875000
vt 0.093750 0.812500
vt 0.093750 0.312500
vt 0.093750 0.750000
vt 0.093750 0.250000
vt 0.093750 0.687500
vt 0.093750 0.187500
vt 0.093750 0.625000
vt 0.093750 0.125000
vt 0.093750 0.562500
vt 0.093750 0.062500
vt 0.093750 0.500000
vt 0.109375 1.000000
vt 0.093750 0.937500
vt 0.109375 0.000000
vt 0.062500 0.187500
vt 0.062500 0.125000
vt 0.062500 0.625000
vt 0.062500 0.562500
vt 0.062500 0.062500
vt 0.062500 0.500000
vt 0.078125 1.000000
vt 0.062500 0.937500
vt 0.078125 0.000000
vt 0.062500 0.437500
vt 0.062500 0.875000
vt 0.062500 0.375000
vt 0.062500 0.812500
vt 0.062500 0.312500
vt 0.062500 0.750000
vt 0.062500 0.250000
vt 0.062500 0.687500
vt 0.031250 0.875000
vt 0.031250 0.812500
vt 0.031250 0.375000
vt 0.031250 0.312500
vt 0.031250 0.750000
vt 0.031250 0.250000
vt 0.031250 0.687500
vt 0.031250 0.187500
vt 0.031250 0.625000
vt 0.031250 0.125000
vt 0.031250 0.562500
vt 0.031250 0.062500
vt 0.031250 0.500000
vt 0.046875 1.000000
vt 0.031250 0.937500
vt 0.046875 0.000000
vt 0.031250 0.437500
vt 0.000000 0.625000
vt 0.000000 0.562500
vt 0.000000 0.125000
vt 0.000000 0.062500
vt 0.000000 0.500000
vt 0.015625 1.000000
vt 0.000000 0.937500
vt 0.015625 0.000000
vt 0.000000 0.437500
vt 0.000000 0.875000
vt 0.000000 0.375000
vt 0.000000 0.812500
vt 0.000000 0.312500
vt 0.000000 0.750000
vt 0.000000 0.250000
vt 0.000000 0.687500
vt 0.000000 0.187500
vt 1.000000 0.312500
vt 1.000000 0.375000
vt 0.968750 0.375000
vt 0.968750 0.312500
vt 1.000000 0.750000
vt 1.000000 0.812500
vt 0.968750 0.812500
vt 0.968750 0.750000
vt 1.000000 0.250000
vt 0.968750 0.250000
vt 1.000000 0.687500
vt 0.968750 0.687500
vt 1.000000 0.187500
vt 0.968750 0.187500
vt 1.000000 0.625000
vt 0.968750 0.625000
vt 1.000000 0.125000
vt 0.968750 0.125000
vt 1.000000 0.562500
vt 0.968750 0.562500
vt 1.000000 0.062500
vt 0.968750 0.062500
vt 1.000000 0.500000
vt 0.968750 0.500000
vt 1.000000 0.937500
vt 0.984375 1.000000
vt 0.968750 0.937500
vt 0.984375 0.000000
vt 1.000000 0.437500
vt 0.968750 0.437500
vt 1.000000 0.875000
vt 0.968750 0.875000
vt 0.937500 0.125000
vt 0.937500 0.062500
vt 0.937500 0.562500
vt 0.937500 0.500000
vt 0.953125 1.000000
vt 0.937500 0.937500
vt 0.953125 0.000000
vt 0.937500 0.437500
vt 0.937500 0.875000
vt 0.937500 0.375000
vt 0.937500 0.812500
vt 0.937500 0.312500
vt 0.937500 0.750000
vt 0.937500 0.250000
vt 0.937500 0.687500
vt 0.937500 0.187500
vt 0.937500 0.625000
vt 0.906250 0.812500
vt 0.906250 0.750000
vt 0.906250 0.312500
vt 0.906250 0.250000
vt 0.906250 0.687500
vt 0.906250 0.187500
vt 0.906250 0.625000
vt 0.906250 0.125000
vt 0.906250 0.562500
vt 0.906250 0.062500
vt 0.906250 0.500000
vt 0.921875 1.000000
vt 0.906250 0.937500
vt 0.921875 0.000000
vt 0.906250 0.437500
vt 0.906250 0.875000
vt 0.906250 0.375000
vt 0.875000 0.562500
vt 0.875000 0.500000
vt 0.890625 1.000000
vt 0.875000 0.937500
vt 0.890625 0.000000
vt 0.875000 0.062500
vt 0.875000 0.437500
vt 0.875000 0.875000
vt 0.875000 0.375000
vt 0.875000 0.812500
vt 0.875000 0.312500
vt 0.875000 0.750000
vt 0.875000 0.250000
vt 0.875000 0.687500
vt 0.875000 0.187500
vt 0.875000 0.625000
vt 0.875000 0.125000
vt 0.843750 0.312500
vt 0.843750 0.250000
vt 0.843750 0.750000
vt 0.843750 0.687500
vt 0.843750 0.187500
vt 0.843750 0.625000
vt 0.843750 0.125000
vt 0.843750 0.562500
vt 0.843750 0.062500
vt 0.843750 0.500000
vt 0.859375 1.000000
vt 0.843750 0.937500
vt 0.859375 0.000000
vt 0.843750 0.437500
vt 0.843750 0.875000
vt 0.843750 0.375000
vt 0.843750 0.812500
vt 0.828125 0.000000
vt 0.812500 0.062500
vt 0.812500 0.500000
vt 0.812500 0.437500
vt 0.812500 0.937500
vt 0.812500 0.875000
vt 0.812500 0.375000
vt 0.812500 0.812500
vt 0.812500 0.312500
vt 0.812500 0.750000
vt 0.812500 0.250000
vt 0.812500 0.687500
vt 0.812500 0.187500
vt 0.812500 0.625000
vt 0.812500 0.125000
vt 0.812500 0.562500
vt 0.828125 1.000000
vt 0.781250 0.250000
vt 0.781250 0.187500
vt 0.781250 0.687500
vt 0.781250 0.625000
vt 0.781250 0.125000
vt 0.781250 0.562500
vt 0.781250 0.062500
vt 0.781250 0.500000
vt 0.796875 1.000000
vt 0.781250 0.937500
vt 0.796875 0.000000
vt 0.781250 0.437500
vt 0.781250 0.875000
vt 0.781250 0.375000
vt 0.781250 0.812500
vt 0.781250 0.312500
vt 0.781250 0.750000
vt 0.765625 1.000000
vt 0.765625 0.000000
s 1
g off
g Sphere.001_Material_violet
usemtl Material_violet
f 488/1981/488 487/1982/487 498/1983/498 499/1984/499
f 957/1985/957 956/1986/956 491/1987/491 492/1988/492
f 960/1989/960 488/1981/488 499/1984/499 500/1990/500
f 484/1991/484 957/1985/957 492/1988/492 493/1992/493
f 489/1993/489 960/1989/960 500/1990/500 501/1994/501
f 958/1995/958 484/1991/484 493/1992/493 494/1996/494
f 961/1997/961 489/1993/489 501/1994/501 502/1998/502
f 485/1999/485 958/1995/958 494/1996/494 495/2000/495
f 962/2001/962 961/1997/961 502/1998/502 503/2002/503
f 959/2003/959 485/1999/485 495/2000/495 496/2004/496
f 963/2005/963 962/2001/962 503/2002/503 504/2006/504
f 486/2007/486 959/2003/959 496/2004/496 497/2008/497
f 964/2009/964 963/2005/963 504/2006/504 505/2010/505
f 487/1982/487 486/2007/486 497/2008/497 498/1983/498
f 956/1986/956 483/2011/483 491/1987/491
f 490/2012/490 964/2009/964 505/2010/505
f 505/2010/505 504/2006/504 519/2013/519 520/2014/520
f 498/1983/498 497/2008/497 512/2015/512 513/2016/513
f 491/1987/491 483/2017/483 506/2018/506
f 490/2019/490 505/2010/505 520/2014/520
f 499/1984/499 498/1983/498 513/2016/513 514/2020/514
f 492/1988/492 491/1987/491 506/2018/506 507/2021/507
f 500/1990/500 499/1984/499 514/2020/514 515/2022/515
f 493/1992/493 492/1988/492 507/2021/507 508/2023/508
f 501/1994/501 500/1990/500 515/2022/515 516/2024/516
f 494/1996/494 493/1992/493 508/2023/508 509/2025/509
f 502/1998/502 501/1994/501 516/2024/516 517/2026/517
f 495/2000/495 494/1996/494 509/2025/509 510/2027/510
f 503/2002/503 502/1998/502 517/2026/517 518/2028/518
f 496/2004/496 495/2000/495 510/2027/510 511/2029/511
f 504/2006/504 503/2002/503 518/2028/518 519/2013/519
f 497/2008/497 496/2004/496 511/2029/511 512/2015/512
f 517/2026/517 516/2024/516 531/2030/531 532/2031/532
f 510/2027/510 509/2025/509 524/2032/524 525/2033/525
f 518/2028/518 517/2026/517 532/2031/532 533/2034/533
f 511/2029/511 510/2027/510 525/2033/525 526/2035/526
f 519/2013/519 518/2028/518 533/2034/533 534/2036/534
f 512/2015/512 511/2029/511 526/2035/526 527/2037/527
f 520/2014/520 519/2013/519 534/2036/534 535/2038/535
f 513/2016/513 512/2015/512 527/2037/527 528/2039/528
f 506/2018/506 483/2040/483 521/2041/521
f 490/2042/490 520/2014/520 535/2038/535
f 514/2020/514 513/2016/513 528/2039/528 529/2043/529
f 507/2021/507 506/2018/506 521/2041/521 522/2044/522
f 515/2022/515 514/2020/514 529/2043/529 530/2045/530
f 508/2023/508 507/2021/507 522/2044/522 523/2046/523
f 516/2024/516 515/2022/515 530/2045/530 531/2030/531
f 509/2025/509 508/2023/508 523/2046/523 524/2032/524
f 521/2041/521 483/2047/483 536/2048/536
f 490/2049/490 535/2038/535 550/2050/550
f 529/2043/529 528/2039/528 543/2051/543 544/2052/544
f 522/2044/522 521/2041/521 536/2048/536 537/2053/537
f 530/2045/530 529/2043/529 544/2052/544 545/2054/545
f 523/2046/523 522/2044/522 537/2053/537 538/2055/538
f 531/2030/531 530/2045/530 545/2054/545 546/2056/546
f 524/2032/524 523/2046/523 538/2055/538 539/2057/539
f 532/2031/532 531/2030/531 546/2056/546 547/2058/547
f 525/2033/525 524/2032/524 539/2057/539 540/2059/540
f 533/2034/533 532/2031/532 547/2058/547 548/2060/548
f 526/2035/526 525/2033/525 540/2059/540 541/2061/541
f 534/2036/534 533/2034/533 548/2060/548 549/2062/549
f 527/2037/527 526/2035/526 541/2061/541 542/2063/542
f 535/2038/535 534/2036/534 549/2062/549 550/2050/550
f 528/2039/528 527/2037/527 542/2063/542 543/2051/543
f 540/2059/540 539/2057/539 554/2064/554 555/2065/555
f 548/2060/548 547/2058/547 562/2066/562 563/2067/563
f 541/2061/541 540/2059/540 555/2065/555 556/2068/556
f 549/2062/549 548/2060/548 563/2067/563 564/2069/564
f 542/2063/542 541/2061/541 556/2068/556 557/2070/557
f 550/2050/550 549/2062/549 564/2069/564 565/2071/565
f 543/2051/543 542/2063/542 557/2070/557 558/2072/558
f 536/2048/536 483/2073/483 551/2074/551
f 490/2075/490 550/2050/550 565/2071/565
f 544/2052/544 543/2051/543 558/2072/558 559/2076/559
f 537/2053/537 536/2048/536 551/2074/551 552/2077/552
f 545/2054/545 544/2052/544 559/2076/559 560/2078/560
f 538/2055/538 537/2053/537 552/2077/552 553/2079/553
f 546/2056/546 545/2054/545 560/2078/560 561/2080/561
f 539/2057/539 538/2055/538 553/2079/553 554/2064/554
f 547/2058/547 546/2056/546 561/2080/561 562/2066/562
f 559/2076/559 558/2072/558 573/2081/573 574/2082/574
f 552/2077/552 551/2074/551 566/2083/566 567/2084/567
f 560/2078/560 559/2076/559 574/2082/574 575/2085/575
f 553/2079/553 552/2077/552 567/2084/567 568/2086/568
f 561/2080/561 560/2078/560 575/2085/575 576/2087/576
f 554/2064/554 553/2079/553 568/2086/568 569/2088/569
f 562/2066/562 561/2080/561 576/2087/576 577/2089/577
f 555/2065/555 554/2064/554 569/2088/569 570/2090/570
f 563/2067/563 562/2066/562 577/2089/577 578/2091/578
f 556/2068/556 555/2065/555 570/2090/570 571/2092/571
f 564/2069/564 563/2067/563 578/2091/578 579/2093/579
f 557/2070/557 556/2068/556 571/2092/571 572/2094/572
f 565/2071/565 564/2069/564 579/2093/579 580/2095/580
f 558/2072/558 557/2070/557 572/2094/572 573/2081/573
f 551/2074/551 483/2096/483 566/2083/566
f 490/2097/490 565/2071/565 580/2095/580
f 578/2091/578 577/2089/577 592/2098/592 593/2099/593
f 571/2092/571 570/2090/570 585/2100/585 586/2101/586
f 579/2093/579 578/2091/578 593/2099/593 594/2102/594
f 572/2094/572 571/2092/571 586/2101/586 587/2103/587
f 580/2095/580 579/2093/579 594/2102/594 595/2104/595
f 573/2081/573 572/2094/572 587/2103/587 588/2105/588
f 566/2083/566 483/2106/483 581/2107/581
f 490/2108/490 580/2095/580 595/2104/595
f 574/2082/574 573/2081/573 588/2105/588 589/2109/589
f 567/2084/567 566/2083/566 581/2107/581 582/2110/582
f 575/2085/575 574/2082/574 589/2109/589 590/2111/590
f 568/2086/568 567/2084/567 582/2110/582 583/2112/583
f 576/2087/576 575/2085/575 590/2111/590 591/2113/591
f 569/2088/569 568/2086/568 583/2112/583 584/2114/584
f 577/2089/577 576/2087/576 591/2113/591 592/2098/592
f 570/2090/570 569/2088/569 584/2114/584 585/2100/585
f 582/2110/582 581/2107/581 596/2115/596 597/2116/597
f 590/2111/590 589/2109/589 604/2117/604 605/2118/605
f 583/2112/583 582/2110/582 597/2116/597 598/2119/598
f 591/2113/591 590/2111/590 605/2118/605 606/2120/606
f 584/2114/584 583/2112/583 598/2119/598 599/2121/599
f 592/2098/592 591/2113/591 606/2120/606 607/2122/607
f 585/2100/585 584/2114/584 599/2121/599 600/2123/600
f 593/2099/593 592/2098/592 607/2122/607 608/2124/608
f 586/2101/586 585/2100/585 600/2123/600 601/2125/601
f 594/2102/594 593/2099/593 608/2124/608 609/2126/609
f 587/2103/587 586/2101/586 601/2125/601 602/2127/602
f 595/2104/595 594/2102/594 609/2126/609 610/2128/610
f 588/2105/588 587/2103/587 602/2127/602 603/2129/603
f 581/2107/581 483/2130/483 596/2115/596
f 490/2131/490 595/2104/595 610/2128/610
f 589/2109/589 588/2105/588 603/2129/603 604/2117/604
f 601/2125/601 600/2123/600 615/2132/615 616/2133/616
f 609/2126/609 608/2124/608 623/2134/623 624/2135/624
f 602/2127/602 601/2125/601 616/2133/616 617/2136/617
f 610/2128/610 609/2126/609 624/2135/624 625/2137/625
f 603/2129/603 602/2127/602 617/2136/617 618/2138/618
f 596/2115/596 483/2139/483 611/2140/611
f 490/2141/490 610/2128/610 625/2137/625
f 604/2117/604 603/2129/603 618/2138/618 619/2142/619
f 597/2116/597 596/2115/596 611/2140/611 612/2143/612
f 605/2118/605 604/2117/604 619/2142/619 620/2144/620
f 598/2119/598 597/2116/597 612/2143/612 613/2145/613
f 606/2120/606 605/2118/605 620/2144/620 621/2146/621
f 599/2121/599 598/2119/598 613/2145/613 614/2147/614
f 607/2122/607 606/2120/606 621/2146/621 622/2148/622
f 600/2123/600 599/2121/599 614/2147/614 615/2132/615
f 608/2124/608 607/2122/607 622/2148/622 623/2134/623
f 620/2144/620 619/2142/619 634/2149/634 635/2150/635
f 613/2145/613 612/2143/612 627/2151/627 628/2152/628
f 621/2146/621 620/2144/620 635/2150/635 636/2153/636
f 614/2147/614 613/2145/613 628/2152/628 629/2154/629
f 622/2148/622 621/2146/621 636/2153/636 637/2155/637
f 615/2132/615 614/2147/614 629/2154/629 630/2156/630
f 623/2134/623 622/2148/622 637/2155/637 638/2157/638
f 616/2133/616 615/2132/615 630/2156/630 631/2158/631
f 624/2135/624 623/2134/623 638/2157/638 639/2159/639
f 617/2136/617 616/2133/616 631/2158/631 632/2160/632
f 625/2137/625 624/2135/624 639/2159/639 640/2161/640
f 618/2138/618 617/2136/617 632/2160/632 633/2162/633
f 611/2140/611 483/2163/483 626/2164/626
f 490/2165/490 625/2137/625 640/2161/640
f 619/2142/619 618/2138/618 633/2162/633 634/2149/634
f 612/2143/612 611/2140/611 626/2164/626 627/2151/627
f 639/2159/639 638/2157/638 653/2166/653 654/2167/654
f 632/2160/632 631/2158/631 646/2168/646 647/2169/647
f 640/2161/640 639/2159/639 654/2167/654 655/2170/655
f 633/2162/633 632/2160/632 647/2169/647 648/2171/648
f 626/2164/626 483/2172/483 641/2173/641
f 490/2174/490 640/2161/640 655/2170/655
f 634/2149/634 633/2162/633 648/2171/648 649/2175/649
f 627/2151/627 626/2164/626 641/2173/641 642/2176/642
f 635/2150/635 634/2149/634 649/2175/649 650/2177/650
f 628/2152/628 627/2151/627 642/2176/642 643/2178/643
f 636/2153/636 635/2150/635 650/2177/650 651/2179/651
f 629/2154/629 628/2152/628 643/2178/643 644/2180/644
f 637/2155/637 636/2153/636 651/2179/651 652/2181/652
f 630/2156/630 629/2154/629 644/2180/644 645/2182/645
f 638/2157/638 637/2155/637 652/2181/652 653/2166/653
f 631/2158/631 630/2156/630 645/2182/645 646/2168/646
f 651/2179/651 650/2177/650 665/2183/665 666/2184/666
f 644/2180/644 643/2178/643 658/2185/658 659/2186/659
f 652/2181/652 651/2179/651 666/2184/666 667/2187/667
f 645/2182/645 644/2180/644 659/2186/659 660/2188/660
f 653/2166/653 652/2181/652 667/2187/667 668/2189/668
f 646/2168/646 645/2182/645 660/2188/660 661/2190/661
f 654/2167/654 653/2166/653 668/2189/668 669/2191/669
f 647/2169/647 646/2168/646 661/2190/661 662/2192/662
f 655/2170/655 654/2167/654 669/2191/669 670/2193/670
f 648/2171/648 647/2169/647 662/2192/662 663/2194/663
f 641/2173/641 483/2195/483 656/2196/656
f 490/2197/490 655/2170/655 670/2193/670
f 649/2175/649 648/2171/648 663/2194/663 664/2198/664
f 642/2176/642 641/2173/641 656/2196/656 657/2199/657
f 650/2177/650 649/2175/649 664/2198/664 665/2183/665
f 643/2178/643 642/2176/642 657/2199/657 658/2185/658
f 670/2193/670 669/2191/669 684/2200/684 685/2201/685
f 663/2194/663 662/2192/662 677/2202/677 678/2203/678
f 656/2196/656 483/2204/483 671/2205/671
f 490/2206/490 670/2193/670 685/2201/685
f 664/2198/664 663/2194/663 678/2203/678 679/2207/679
f 657/2199/657 656/2196/656 671/2205/671 672/2208/672
f 665/2183/665 664/2198/664 679/2207/679 680/2209/680
f 658/2185/658 657/2199/657 672/2208/672 673/2210/673
f 666/2184/666 665/2183/665 680/2209/680 681/2211/681
f 659/2186/659 658/2185/658 673/2210/673 674/2212/674
f 667/2187/667 666/2184/666 681/2211/681 682/2213/682
f 660/2188/660 659/2186/659 674/2212/674 675/2214/675
f 668/2189/668 667/2187/667 682/2213/682 683/2215/683
f 661/2190/661 660/2188/660 675/2214/675 676/2216/676
f 669/2191/669 668/2189/668 683/2215/683 684/2200/684
f 662/2192/662 661/2190/661 676/2216/676 677/2202/677
f 674/2212/674 673/2210/673 688/2217/688 689/2218/689
f 682/2213/682 681/2211/681 696/2219/696 697/2220/697
f 675/2214/675 674/2212/674 689/2218/689 690/2221/690
f 683/2215/683 682/2213/682 697/2220/697 698/2222/698
f 676/2216/676 675/2214/675 690/2221/690 691/2223/691
f 684/2200/684 683/2215/683 698/2222/698 699/2224/699
f 677/2202/677 676/2216/676 691/2223/691 692/2225/692
f 685/2201/685 684/2200/684 699/2224/699 700/2226/700
f 678/2203/678 677/2202/677 692/2225/692 693/2227/693
f 671/2205/671 483/2228/483 686/2229/686
f 490/2230/490 685/2201/685 700/2226/700
f 679/2207/679 678/2203/678 693/2227/693 694/2231/694
f 672/2208/672 671/2205/671 686/2229/686 687/2232/687
f 680/2209/680 679/2207/679 694/2231/694 695/2233/695
f 673/2210/673 672/2208/672 687/2232/687 688/2217/688
f 681/2211/681 680/2209/680 695/2233/695 696/2219/696
f 693/2227/693 692/2225/692 707/2234/707 708/2235/708
f 686/2229/686 483/2236/483 701/2237/701
f 490/2238/490 700/2226/700 715/2239/715
f 694/2231/694 693/2227/693 708/2235/708 709/2240/709
f 687/2232/687 686/2229/686 701/2237/701 702/2241/702
f 695/2233/695 694/2231/694 709/2240/709 710/2242/710
f 688/2217/688 687/2232/687 702/2241/702 703/2243/703
f 696/2219/696 695/2233/695 710/2242/710 711/2244/711
f 689/2218/689 688/2217/688 703/2243/703 704/2245/704
f 697/2220/697 696/2219/696 711/2244/711 712/2246/712
f 690/2221/690 689/2218/689 704/2245/704 705/2247/705
f 698/2222/698 697/2220/697 712/2246/712 713/2248/713
f 691/2223/691 690/2221/690 705/2247/705 706/2249/706
f 699/2224/699 698/2222/698 713/2248/713 714/2250/714
f 692/2225/692 691/2223/691 706/2249/706 707/2234/707
f 700/2226/700 699/2224/699 714/2250/714 715/2239/715
f 712/2246/712 711/2244/711 726/2251/726 727/2252/727
f 705/2247/705 704/2245/704 719/2253/719 720/2254/720
f 713/2248/713 712/2246/712 727/2252/727 728/2255/728
f 706/2249/706 705/2247/705 720/2254/720 721/2256/721
f 714/2250/714 713/2248/713 728/2255/728 729/2257/729
f 707/2234/707 706/2249/706 721/2256/721 722/2258/722
f 715/2239/715 714/2250/714 729/2257/729 730/2259/730
f 708/2235/708 707/2234/707 722/2258/722 723/2260/723
f 701/2237/701 483/2261/483 716/2262/716
f 490/2263/490 715/2239/715 730/2259/730
f 709/2240/709 708/2235/708 723/2260/723 724/2264/724
f 702/2241/702 701/2237/701 716/2262/716 717/2265/717
f 710/2242/710 709/2240/709 724/2264/724 725/2266/725
f 703/2243/703 702/2241/702 717/2265/717 718/2267/718
f 711/2244/711 710/2242/710 725/2266/725 726/2251/726
f 704/2245/704 703/2243/703 718/2267/718 719/2253/719
f 716/2262/716 483/2268/483 731/2269/731
f 490/2270/490 730/2259/730 745/2271/745
f 724/2264/724 723/2260/723 738/2272/738 739/2273/739
f 717/2265/717 716/2262/716 731/2269/731 732/2274/732
f 725/2266/725 724/2264/724 739/2273/739 740/2275/740
f 718/2267/718 717/2265/717 732/2274/732 733/2276/733
f 726/2251/726 725/2266/725 740/2275/740 741/2277/741
f 719/2253/719 718/2267/718 733/2276/733 734/2278/734
f 727/2252/727 726/2251/726 741/2277/741 742/2279/742
f 720/2254/720 719/2253/719 734/2278/734 735/2280/735
f 728/2255/728 727/2252/727 742/2279/742 743/2281/743
f 721/2256/721 720/2254/720 735/2280/735 736/2282/736
f 729/2257/729 728/2255/728 743/2281/743 744/2283/744
f 722/2258/722 721/2256/721 736/2282/736 737/2284/737
f 730/2259/730 729/2257/729 744/2283/744 745/2271/745
f 723/2260/723 722/2258/722 737/2284/737 738/2272/738
f 735/2280/735 734/2278/734 749/2285/749 750/2286/750
f 743/2281/743 742/2279/742 757/2287/757 758/2288/758
f 736/2282/736 735/2280/735 750/2286/750 751/2289/751
f 744/2283/744 743/2281/743 758/2288/758 759/2290/759
f 737/2284/737 736/2282/736 751/2289/751 752/2291/752
f 745/2271/745 744/2283/744 759/2290/759 760/2292/760
f 738/2272/738 737/2284/737 752/2291/752 753/2293/753
f 731/2269/731 483/2294/483 746/2295/746
f 490/2296/490 745/2271/745 760/2292/760
f 739/2273/739 738/2272/738 753/2293/753 754/2297/754
f 732/2274/732 731/2269/731 746/2295/746 747/2298/747
f 740/2275/740 739/2273/739 754/2297/754 755/2299/755
f 733/2276/733 732/2274/732 747/2298/747 748/2300/748
f 741/2277/741 740/2275/740 755/2299/755 756/2301/756
f 734/2278/734 733/2276/733 748/2300/748 749/2285/749
f 742/2279/742 741/2277/741 756/2301/756 757/2287/757
f 754/2297/754 753/2293/753 768/2302/768 769/2303/769
f 747/2298/747 746/2295/746 761/2304/761 762/2305/762
f 755/2299/755 754/2297/754 769/2303/769 770/2306/770
f 748/2300/748 747/2298/747 762/2305/762 763/2307/763
f 756/2301/756 755/2299/755 770/2306/770 771/2308/771
f 749/2285/749 748/2300/748 763/2307/763 764/2309/764
f 757/2287/757 756/2301/756 771/2308/771 772/2310/772
f 750/2286/750 749/2285/749 764/2309/764 765/2311/765
f 758/2288/758 757/2287/757 772/2310/772 773/2312/773
f 751/2289/751 750/2286/750 765/2311/765 766/2313/766
f 759/2290/759 758/2288/758 773/2312/773 774/2314/774
f 752/2291/752 751/2289/751 766/2313/766 767/2315/767
f 760/2292/760 759/2290/759 774/2314/774 775/2316/775
f 753/2293/753 752/2291/752 767/2315/767 768/2302/768
f 746/2295/746 483/2317/483 761/2304/761
f 490/2318/490 760/2292/760 775/2316/775
f 773/2312/773 772/2310/772 787/2319/787 788/2320/788
f 766/2313/766 765/2311/765 780/2321/780 781/2322/781
f 774/2314/774 773/2312/773 788/2320/788 789/2323/789
f 767/2315/767 766/2313/766 781/2322/781 782/2324/782
f 775/2316/775 774/2314/774 789/2323/789 790/2325/790
f 768/2302/768 767/2315/767 782/2324/782 783/2326/783
f 761/2304/761 483/2327/483 776/2328/776
f 490/2329/490 775/2316/775 790/2325/790
f 769/2303/769 768/2302/768 783/2326/783 784/2330/784
f 762/2305/762 761/2304/761 776/2328/776 777/2331/777
f 770/2306/770 769/2303/769 784/2330/784 785/2332/785
f 763/2307/763 762/2305/762 777/2331/777 778/2333/778
f 771/2308/771 770/2306/770 785/2332/785 786/2334/786
f 764/2309/764 763/2307/763 778/2333/778 779/2335/779
f 772/2310/772 771/2308/771 786/2334/786 787/2319/787
f 765/2311/765 764/2309/764 779/2335/779 780/2321/780
f 785/2332/785 784/2330/784 799/2336/799 800/2337/800
f 778/2333/778 777/2331/777 792/2338/792 793/2339/793
f 786/2334/786 785/2332/785 800/2337/800 801/2340/801
f 779/2335/779 778/2333/778 793/2339/793 794/2341/794
f 787/2319/787 786/2334/786 801/2340/801 802/2342/802
f 780/2321/780 779/2335/779 794/2341/794 795/2343/795
f 788/2320/788 787/2319/787 802/2342/802 803/2344/803
f 781/2322/781 780/2321/780 795/2343/795 796/2345/796
f 789/2323/789 788/2320/788 803/2344/803 804/2346/804
f 782/2324/782 781/2322/781 796/2345/796 797/2347/797
f 790/2325/790 789/2323/789 804/2346/804 805/2348/805
f 783/2326/783 782/2324/782 797/2347/797 798/2349/798
f 776/2328/776 483/2350/483 791/2351/791
f 490/2352/490 790/2325/790 805/2348/805
f 784/2330/784 783/2326/783 798/2349/798 799/2336/799
f 777/2331/777 776/2328/776 791/2351/791 792/2338/792
f 804/2346/804 803/2344/803 818/2353/818 819/2354/819
f 797/2347/797 796/2345/796 811/2355/811 812/2356/812
f 805/2348/805 804/2346/804 819/2354/819 820/2357/820
f 798/2349/798 797/2347/797 812/2356/812 813/2358/813
f 791/2351/791 483/2359/483 806/2360/806
f 490/2361/490 805/2348/805 820/2357/820
f 799/2336/799 798/2349/798 813/2358/813 814/2362/814
f 792/2338/792 791/2351/791 806/2360/806 807/2363/807
f 800/2337/800 799/2336/799 814/2362/814 815/2364/815
f 793/2339/793 792/2338/792 807/2363/807 808/2365/808
f 801/2340/801 800/2337/800 815/2364/815 816/2366/816
f 794/2341/794 793/2339/793 808/2365/808 809/2367/809
f 802/2342/802 801/2340/801 816/2366/816 817/2368/817
f 795/2343/795 794/2341/794 809/2367/809 810/2369/810
f 803/2344/803 802/2342/802 817/2368/817 818/2353/818
f 796/2345/796 795/2343/795 810/2369/810 811/2355/811
f 808/2365/808 807/2363/807 822/2370/822 823/2371/823
f 816/2366/816 815/2364/815 830/2372/830 831/2373/831
f 809/2367/809 808/2365/808 823/2371/823 824/2374/824
f 817/2368/817 816/2366/816 831/2373/831 832/2375/832
f 810/2369/810 809/2367/809 824/2374/824 825/2376/825
f 818/2353/818 817/2368/817 832/2375/832 833/2377/833
f 811/2355/811 810/2369/810 825/2376/825 826/2378/826
f 819/2354/819 818/2353/818 833/2377/833 834/2379/834
f 812/2356/812 811/2355/811 826/2378/826 827/2380/827
f 820/2357/820 819/2354/819 834/2379/834 835/2381/835
f 813/2358/813 812/2356/812 827/2380/827 828/2382/828
f 806/2360/806 483/2383/483 821/2384/821
f 490/2385/490 820/2357/820 835/2381/835
f 814/2362/814 813/2358/813 828/2382/828 829/2386/829
f 807/2363/807 806/2360/806 821/2384/821 822/2370/822
f 815/2364/815 814/2362/814 829/2386/829 830/2372/830
f 827/2380/827 826/2378/826 841/2387/841 842/2388/842
f 835/2381/835 834/2379/834 849/2389/849 850/2390/850
f 828/2382/828 827/2380/827 842/2388/842 843/2391/843
f 821/2384/821 483/2392/483 836/2393/836
f 490/2394/490 835/2381/835 850/2390/850
f 829/2386/829 828/2382/828 843/2391/843 844/2395/844
f 822/2370/822 821/2384/821 836/2393/836 837/2396/837
f 830/2372/830 829/2386/829 844/2395/844 845/2397/845
f 823/2371/823 822/2370/822 837/2396/837 838/2398/838
f 831/2373/831 830/2372/830 845/2397/845 846/2399/846
f 824/2374/824 823/2371/823 838/2398/838 839/2400/839
f 832/2375/832 831/2373/831 846/2399/846 847/2401/847
f 825/2376/825 824/2374/824 839/2400/839 840/2402/840
f 833/2377/833 832/2375/832 847/2401/847 848/2403/848
f 826/2378/826 825/2376/825 840/2402/840 841/2387/841
f 834/2379/834 833/2377/833 848/2403/848 849/2389/849
f 846/2404/846 845/2405/845 860/2406/860 861/2407/861
f 839/2408/839 838/2409/838 853/2410/853 854/2411/854
f 847/2412/847 846/2404/846 861/2407/861 862/2413/862
f 840/2414/840 839/2408/839 854/2411/854 855/2415/855
f 848/2416/848 847/2412/847 862/2413/862 863/2417/863
f 841/2418/841 840/2414/840 855/2415/855 856/2419/856
f 849/2420/849 848/2416/848 863/2417/863 864/2421/864
f 842/2422/842 841/2418/841 856/2419/856 857/2423/857
f 850/2424/850 849/2420/849 864/2421/864 865/2425/865
f 843/2426/843 842/2422/842 857/2423/857 858/2427/858
f 836/2428/836 483/2429/483 851/2430/851
f 490/2431/490 850/2424/850 865/2425/865
f 844/2432/844 843/2426/843 858/2427/858 859/2433/859
f 837/2434/837 836/2428/836 851/2430/851 852/2435/852
f 845/2405/845 844/2432/844 859/2433/859 860/2406/860
f 838/2409/838 837/2434/837 852/2435/852 853/2410/853
f 865/2425/865 864/2421/864 879/2436/879 880/2437/880
f 858/2427/858 857/2423/857 872/2438/872 873/2439/873
f 851/2430/851 483/2440/483 866/2441/866
f 490/2442/490 865/2425/865 880/2437/880
f 859/2433/859 858/2427/858 873/2439/873 874/2443/874
f 852/2435/852 851/2430/851 866/2441/866 867/2444/867
f 860/2406/860 859/2433/859 874/2443/874 875/2445/875
f 853/2410/853 852/2435/852 867/2444/867 868/2446/868
f 861/2407/861 860/2406/860 875/2445/875 876/2447/876
f 854/2411/854 853/2410/853 868/2446/868 869/2448/869
f 862/2413/862 861/2407/861 876/2447/876 877/2449/877
f 855/2415/855 854/2411/854 869/2448/869 870/2450/870
f 863/2417/863 862/2413/862 877/2449/877 878/2451/878
f 856/2419/856 855/2415/855 870/2450/870 871/2452/871
f 864/2421/864 863/2417/863 878/2451/878 879/2436/879
f 857/2423/857 856/2419/856 871/2452/871 872/2438/872
f 869/2448/869 868/2446/868 883/2453/883 884/2454/884
f 877/2449/877 876/2447/876 891/2455/891 892/2456/892
f 870/2450/870 869/2448/869 884/2454/884 885/2457/885
f 878/2451/878 877/2449/877 892/2456/892 893/2458/893
f 871/2452/871 870/2450/870 885/2457/885 886/2459/886
f 879/2436/879 878/2451/878 893/2458/893 894/2460/894
f 872/2438/872 871/2452/871 886/2459/886 887/2461/887
f 880/2437/880 879/2436/879 894/2460/894 895/2462/895
f 873/2439/873 872/2438/872 887/2461/887 888/2463/888
f 866/2441/866 483/2464/483 881/2465/881
f 490/2466/490 880/2437/880 895/2462/895
f 874/2443/874 873/2439/873 888/2463/888 889/2467/889
f 867/2444/867 866/2441/866 881/2465/881 882/2468/882
f 875/2445/875 874/2443/874 889/2467/889 890/2469/890
f 868/2446/868 867/2444/867 882/2468/882 883/2453/883
f 876/2447/876 875/2445/875 890/2469/890 891/2455/891
f 888/2463/888 887/2461/887 902/2470/902 903/2471/903
f 881/2465/881 483/2472/483 896/2473/896
f 490/2474/490 895/2462/895 910/2475/910
f 889/2467/889 888/2463/888 903/2471/903 904/2476/904
f 882/2468/882 881/2465/881 896/2473/896 897/2477/897
f 890/2469/890 889/2467/889 904/2476/904 905/2478/905
f 883/2453/883 882/2468/882 897/2477/897 898/2479/898
f 891/2455/891 890/2469/890 905/2478/905 906/2480/906
f 884/2454/884 883/2453/883 898/2479/898 899/2481/899
f 892/2456/892 891/2455/891 906/2480/906 907/2482/907
f 885/2457/885 884/2454/884 899/2481/899 900/2483/900
f 893/2458/893 892/2456/892 907/2482/907 908/2484/908
f 886/2459/886 885/2457/885 900/2483/900 901/2485/901
f 894/2460/894 893/2458/893 908/2484/908 909/2486/909
f 887/2461/887 886/2459/886 901/2485/901 902/2470/902
f 895/2462/895 894/2460/894 909/2486/909 910/2475/910
f 907/2482/907 906/2480/906 921/2487/921 922/2488/922
f 900/2483/900 899/2481/899 914/2489/914 915/2490/915
f 908/2484/908 907/2482/907 922/2488/922 923/2491/923
f 901/2485/901 900/2483/900 915/2490/915 916/2492/916
f 909/2486/909 908/2484/908 923/2491/923 924/2493/924
f 902/2470/902 901/2485/901 916/2492/916 917/2494/917
f 910/2475/910 909/2486/909 924/2493/924 925/2495/925
f 903/2471/903 902/2470/902 917/2494/917 918/2496/918
f 896/2473/896 483/2497/483 911/2498/911
f 490/2499/490 910/2475/910 925/2495/925
f 904/2476/904 903/2471/903 918/2496/918 919/2500/919
f 897/2477/897 896/2473/896 911/2498/911 912/2501/912
f 905/2478/905 904/2476/904 919/2500/919 920/2502/920
f 898/2479/898 897/2477/897 912/2501/912 913/2503/913
f 906/2480/906 905/2478/905 920/2502/920 921/2487/921
f 899/2481/899 898/2479/898 913/2503/913 914/2489/914
f 490/2504/490 925/2495/925 940/2505/940
f 919/2500/919 918/2496/918 933/2506/933 934/2507/934
f 912/2501/912 911/2498/911 926/2508/926 927/2509/927
f 920/2502/920 919/2500/919 934/2507/934 935/2510/935
f 913/2503/913 912/2501/912 927/2509/927 928/2511/928
f 921/2487/921 920/2502/920 935/2510/935 936/2512/936
f 914/2489/914 913/2503/913 928/2511/928 929/2513/929
f 922/2488/922 921/2487/921 936/2512/936 937/2514/937
f 915/2490/915 914/2489/914 929/2513/929 930/2515/930
f 923/2491/923 922/2488/922 937/2514/937 938/2516/938
f 916/2492/916 915/2490/915 930/2515/930 931/2517/931
f 924/2493/924 923/2491/923 938/2516/938 939/2518/939
f 917/2494/917 916/2492/916 931/2517/931 932/2519/932
f 925/2495/925 924/2493/924 939/2518/939 940/2505/940
f 918/2496/918 917/2494/917 932/2519/932 933/2506/933
f 911/2498/911 483/2520/483 926/2508/926
f 938/2516/938 937/2514/937 952/2521/952 953/2522/953
f 931/2517/931 930/2515/930 945/2523/945 946/2524/946
f 939/2518/939 938/2516/938 953/2522/953 954/2525/954
f 932/2519/932 931/2517/931 946/2524/946 947/2526/947
f 940/2505/940 939/2518/939 954/2525/954 955/2527/955
f 933/2506/933 932/2519/932 947/2526/947 948/2528/948
f 926/2508/926 483/2529/483 941/2530/941
f 490/2531/490 940/2505/940 955/2527/955
f 934/2507/934 933/2506/933 948/2528/948 949/2532/949
f 927/2509/927 926/2508/926 941/2530/941 942/2533/942
f 935/2510/935 934/2507/934 949/2532/949 950/2534/950
f 928/2511/928 927/2509/927 942/2533/942 943/2535/943
f 936/2512/936 935/2510/935 950/2534/950 951/2536/951
f 929/2513/929 928/2511/928 943/2535/943 944/2537/944
f 937/2514/937 936/2512/936 951/2536/951 952/2521/952
f 930/2515/930 929/2513/929 944/2537/944 945/2523/945
f 942/2533/942 941/2530/941 956/1986/956 957/1985/957
f 950/2534/950 949/2532/949 488/1981/488 960/1989/960
f 943/2535/943 942/2533/942 957/1985/957 484/1991/484
f 951/2536/951 950/2534/950 960/1989/960 489/1993/489
f 944/2537/944 943/2535/943 484/1991/484 958/1995/958
f 952/2521/952 951/2536/951 489/1993/489 961/1997/961
f 945/2523/945 944/2537/944 958/1995/958 485/1999/485
f 953/2522/953 952/2521/952 961/1997/961 962/2001/962
f 946/2524/946 945/2523/945 485/1999/485 959/2003/959
f 954/2525/954 953/2522/953 962/2001/962 963/2005/963
f 947/2526/947 946/2524/946 959/2003/959 486/2007/486
f 955/2527/955 954/2525/954 963/2005/963 964/2009/964
f 948/2528/948 947/2526/947 486/2007/486 487/1982/487
f 941/2530/941 483/2538/483 956/1986/956
f 490/2539/490 955/2527/955 964/2009/964
f 949/2532/949 948/2528/948 487/1982/487 488/1981/488
g Sphere.002_Sphere.002
v 0.000000 1.000000 0.000000
v 0.000000 0.831470 -0.555570
v 0.000000 0.555570 -0.831470
v 0.000000 0.195090 -0.980785
v 0.000000 0.000000 -1.000000
v 0.000000 -0.195090 -0.980785
v 0.000000 -0.555570 -0.831470
v 0.000000 -1.000000 0.000000
v 0.038060 0.980785 -0.191342
v 0.074658 0.923880 -0.375330
v 0.108386 0.831470 -0.544895
v 0.137950 0.707107 -0.693520
v 0.162212 0.555570 -0.815493
v 0.180240 0.382683 -0.906127
v 0.191342 0.195090 -0.961940
v 0.195090 0.000000 -0.980785
v 0.191342 -0.195090 -0.961940
v 0.180240 -0.382683 -0.906127
v 0.162212 -0.555570 -0.815493
v 0.137950 -0.707107 -0.693520
v 0.108386 -0.831470 -0.544895
v 0.074658 -0.923880 -0.375330
v 0.038060 -0.980785 -0.191342
v 0.074658 0.980785 -0.180240
v 0.146447 0.923880 -0.353553
v 0.212608 0.831470 -0.513280
v 0.270598 0.707107 -0.653281
v 0.318190 0.555570 -0.768178
v 0.353553 0.382683 -0.853553
v 0.375330 0.195090 -0.906127
v 0.382683 0.000000 -0.923879
v 0.375330 -0.195090 -0.906127
v 0.353553 -0.382683 -0.853553
v 0.318190 -0.555570 -0.768178
v 0.270598 -0.707107 -0.653281
v 0.212608 -0.831470 -0.513280
v 0.146447 -0.923880 -0.353553
v 0.074658 -0.980785 -0.180240
v 0.108386 0.980785 -0.162212
v 0.212608 0.923880 -0.318190
v 0.308658 0.831470 -0.461940
v 0.392847 0.707107 -0.587938
v 0.461940 0.555570 -0.691342
v 0.513280 0.382683 -0.768178
v 0.544895 0.195090 -0.815493
v 0.555570 0.000000 -0.831469
v 0.544895 -0.195090 -0.815493
v 0.513280 -0.382683 -0.768178
v 0.461940 -0.555570 -0.691342
v 0.392847 -0.707107 -0.587938
v 0.308658 -0.831470 -0.461940
v 0.212608 -0.923880 -0.318190
v 0.108386 -0.980785 -0.162212
v 0.137950 0.980785 -0.137950
v 0.270598 0.923880 -0.270598
v 0.392847 0.831470 -0.392847
v 0.500000 0.707107 -0.500000
v 0.587938 0.555570 -0.587938
v 0.653281 0.382683 -0.653281
v 0.693520 0.195090 -0.693520
v 0.707107 0.000000 -0.707107
v 0.693520 -0.195090 -0.693520
v 0.653281 -0.382683 -0.653281
v 0.587938 -0.555570 -0.587938
v 0.500000 -0.707107 -0.500000
v 0.392847 -0.831470 -0.392847
v 0.270598 -0.923880 -0.270598
v 0.137950 -0.980785 -0.137950
v 0.162212 0.980785 -0.108386
v 0.318190 0.923880 -0.212608
v 0.461940 0.831470 -0.308658
v 0.587938 0.707107 -0.392847
v 0.691342 0.555570 -0.461940
v 0.768178 0.382683 -0.513280
v 0.815493 0.195090 -0.544895
v 0.831470 0.000000 -0.555570
v 0.815493 -0.195090 -0.544895
v 0.768178 -0.382683 -0.513280
v 0.691342 -0.555570 -0.461940
v 0.587938 -0.707107 -0.392847
v 0.461940 -0.831470 -0.308658
v 0.318190 -0.923880 -0.212608
v 0.162212 -0.980785 -0.108386
v 0.180240 0.980785 -0.074658
v 0.353553 0.923880 -0.146447
v 0.513280 0.831470 -0.212607
v 0.653281 0.707107 -0.270598
v 0.768178 0.555570 -0.318190
v 0.853553 0.382683 -0.353553
v 0.906127 0.195090 -0.375330
v 0.923879 0.000000 -0.382683
v 0.906127 -0.195090 -0.375330
v 0.853553 -0.382683 -0.353553
v 0.768178 -0.555570 -0.318190
v 0.653281 -0.707107 -0.270598
v 0.513280 -0.831470 -0.212607
v 0.353553 -0.923880 -0.146447
v 0.180240 -0.980785 -0.074658
v 0.191342 0.980785 -0.038060
v 0.375330 0.923880 -0.074658
v 0.544895 0.831470 -0.108386
v 0.693520 0.707107 -0.137950
v 0.815493 0.555570 -0.162212
v 0.906127 0.382683 -0.180240
v 0.961940 0.195090 -0.191342
v 0.980785 0.000000 -0.195090
v 0.961940 -0.195090 -0.191342
v 0.906127 -0.382683 -0.180240
v 0.815493 -0.555570 -0.162212
v 0.693520 -0.707107 -0.137950
v 0.544895 -0.831470 -0.108386
v 0.375330 -0.923880 -0.074658
v 0.191342 -0.980785 -0.038060
v 0.195090 0.980785 0.000000
v 0.382683 0.923880 0.000000
v 0.555570 0.831470 0.000000
v 0.707107 0.707107 -0.000000
v 0.831469 0.555570 0.000000
v 0.923879 0.382683 -0.000000
v 0.980785 0.195090 0.000000
v 1.000000 0.000000 0.000000
v 0.980785 -0.195090 0.000000
v 0.923879 -0.382683 -0.000000
v 0.831469 -0.555570 0.000000
v 0.707107 -0.707107 -0.000000
v 0.555570 -0.831470 0.000000
v 0.382683 -0.923880 0.000000
v 0.195090 -0.980785 0.000000
v 0.191342 0.980785 0.038060
v 0.375330 0.923880 0.074658
v 0.544895 0.831470 0.108386
v 0.693520 0.707107 0.137950
v 0.815493 0.555570 0.162212
v 0.906127 0.382683 0.180240
v 0.961940 0.195090 0.191342
v 0.980785 0.000000 0.195090
v 0.961940 -0.195090 0.191342
v 0.906127 -0.382683 0.180240
v 0.815493 -0.555570 0.162212
v 0.693520 -0.707107 0.137950
v 0.544895 -0.831470 0.108386
v 0.375330 -0.923880 0.074658
v 0.191342 -0.980785 0.038060
v 0.180240 0.980785 0.074658
v 0.353553 0.923880 0.146447
v 0.513280 0.831470 0.212608
v 0.653281 0.707107 0.270598
v 0.768178 0.555570 0.318190
v 0.853553 0.382683 0.353553
v 0.906127 0.195090 0.375330
v 0.923879 0.000000 0.382683
v 0.906127 -0.195090 0.375330
v 0.853553 -0.382683 0.353553
v 0.768178 -0.555570 0.318190
v 0.653281 -0.707107 0.270598
v 0.513280 -0.831470 0.212608
v 0.353553 -0.923880 0.146447
v 0.180240 -0.980785 0.074658
v 0.162212 0.980785 0.108386
v 0.318190 0.923880 0.212608
v 0.461940 0.831470 0.308658
v 0.587938 0.707107 0.392847
v 0.691341 0.555570 0.461940
v 0.768178 0.382683 0.513280
v 0.815493 0.195090 0.544895
v 0.831469 0.000000 0.555570
v 0.815493 -0.195090 0.544895
v 0.768178 -0.382683 0.513280
v 0.691341 -0.555570 0.461940
v 0.587938 -0.707107 0.392847
v 0.461940 -0.831470 0.308658
v 0.318190 -0.923880 0.212608
v 0.162212 -0.980785 0.108386
v 0.137950 0.980785 0.137950
v 0.270598 0.923880 0.270598
v 0.392847 0.831470 0.392847
v 0.500000 0.707107 0.500000
v 0.587938 0.555570 0.587938
v 0.653281 0.382683 0.653281
v 0.693520 0.195090 0.693520
v 0.707106 0.000000 0.707107
v 0.693520 -0.195090 0.693520
v 0.653281 -0.382683 0.653281
v 0.587938 -0.555570 0.587938
v 0.500000 -0.707107 0.500000
v 0.392847 -0.831470 0.392847
v 0.270598 -0.923880 0.270598
v 0.137950 -0.980785 0.137950
v 0.108386 0.980785 0.162212
v 0.212607 0.923880 0.318190
v 0.308658 0.831470 0.461940
v 0.392847 0.707107 0.587938
v 0.461940 0.555570 0.691342
v 0.513280 0.382683 0.768178
v 0.544895 0.195090 0.815493
v 0.555570 0.000000 0.831469
v 0.544895 -0.195090 0.815493
v 0.513280 -0.382683 0.768178
v 0.461940 -0.555570 0.691342
v 0.392847 -0.707107 0.587938
v 0.308658 -0.831470 0.461940
v 0.212607 -0.923880 0.318190
v 0.108386 -0.980785 0.162212
v 0.074658 0.980785 0.180240
v 0.146447 0.923880 0.353553
v 0.212607 0.831470 0.513280
v 0.270598 0.707107 0.653281
v 0.318189 0.555570 0.768178
v 0.353553 0.382683 0.853553
v 0.375330 0.195090 0.906127
v 0.382683 0.000000 0.923879
v 0.375330 -0.195090 0.906127
v 0.353553 -0.382683 0.853553
v 0.318189 -0.555570 0.768178
v 0.270598 -0.707107 0.653281
v 0.212607 -0.831470 0.513280
v 0.146447 -0.923880 0.353553
v 0.074658 -0.980785 0.180240
v 0.038060 0.980785 0.191342
v 0.074658 0.923880 0.375330
v 0.108386 0.831470 0.544895
v 0.137950 0.707107 0.693520
v 0.162212 0.555570 0.815493
v 0.180240 0.382683 0.906127
v 0.191342 0.195090 0.961939
v 0.195090 0.000000 0.980785
v 0.191342 -0.195090 0.961939
v 0.180240 -0.382683 0.906127
v 0.162212 -0.555570 0.815493
v 0.137950 -0.707107 0.693520
v 0.108386 -0.831470 0.544895
v 0.074658 -0.923880 0.375330
v 0.038060 -0.980785 0.191342
v -0.000000 0.980785 0.195090
v -0.000000 0.923880 0.382683
v -0.000000 0.831470 0.555570
v -0.000000 0.707107 0.707107
v -0.000000 0.555570 0.831469
v 0.000000 0.382683 0.923879
v -0.000000 0.195090 0.980785
v -0.000000 0.000000 0.999999
v -0.000000 -0.195090 0.980785
v 0.000000 -0.382683 0.923879
v -0.000000 -0.555570 0.831469
v -0.000000 -0.707107 0.707107
v -0.000000 -0.831470 0.555570
v -0.000000 -0.923880 0.382683
v -0.000000 -0.980785 0.195090
v -0.038060 0.980785 0.191342
v -0.074658 0.923880 0.375330
v -0.108386 0.831470 0.544895
v -0.137950 0.707107 0.693520
v -0.162212 0.555570 0.815493
v -0.180240 0.382683 0.906127
v -0.191342 0.195090 0.961939
v -0.195091 0.000000 0.980785
v -0.191342 -0.195090 0.961939
v -0.180240 -0.382683 0.906127
v -0.162212 -0.555570 0.815493
v -0.137950 -0.707107 0.693520
v -0.108386 -0.831470 0.544895
v -0.074658 -0.923880 0.375330
v -0.038060 -0.980785 0.191342
v -0.074658 0.980785 0.180240
v -0.146447 0.923880 0.353553
v -0.212608 0.831470 0.513280
v -0.270598 0.707107 0.653281
v -0.318190 0.555570 0.768177
v -0.353553 0.382683 0.853553
v -0.375330 0.195090 0.906127
v -0.382683 0.000000 0.923879
v -0.375330 -0.195090 0.906127
v -0.353553 -0.382683 0.853553
v -0.318190 -0.555570 0.768177
v -0.270598 -0.707107 0.653281
v -0.212608 -0.831470 0.513280
v -0.146447 -0.923880 0.353553
v -0.074658 -0.980785 0.180240
v -0.108386 0.980785 0.162212
v -0.212608 0.923880 0.318190
v -0.308658 0.831470 0.461939
v -0.392847 0.707107 0.587938
v -0.461940 0.555570 0.691341
v -0.513280 0.382683 0.768178
v -0.544895 0.195090 0.815493
v -0.555570 0.000000 0.831469
v -0.544895 -0.195090 0.815493
v -0.513280 -0.382683 0.768178
v -0.461940 -0.555570 0.691341
v -0.392847 -0.707107 0.587938
v -0.308658 -0.831470 0.461939
v -0.212608 -0.923880 0.318190
v -0.108386 -0.980785 0.162212
v -0.137950 0.980785 0.137950
v -0.270598 0.923880 0.270598
v -0.392847 0.831470 0.392847
v -0.500000 0.707107 0.500000
v -0.587938 0.555570 0.587937
v -0.653281 0.382683 0.653281
v -0.693520 0.195090 0.693520
v -0.707106 0.000000 0.707106
v -0.693520 -0.195090 0.693520
v -0.653281 -0.382683 0.653281
v -0.587938 -0.555570 0.587937
v -0.500000 -0.707107 0.500000
v -0.392847 -0.831470 0.392847
v -0.270598 -0.923880 0.270598
v -0.137950 -0.980785 0.137950
v -0.162212 0.980785 0.108386
v -0.318190 0.923880 0.212607
v -0.461940 0.831470 0.308658
v -0.587938 0.707107 0.392847
v -0.691341 0.555570 0.461939
v -0.768177 0.382683 0.513280
v -0.815493 0.195090 0.544895
v -0.831469 0.000000 0.555569
v -0.815493 -0.195090 0.544895
v -0.768177 -0.382683 0.513280
v -0.691341 -0.555570 0.461939
v -0.587938 -0.707107 0.392847
v -0.461940 -0.831470 0.308658
v -0.318190 -0.923880 0.212607
v -0.162212 -0.980785 0.108386
v -0.180240 0.980785 0.074658
v -0.353553 0.923880 0.146447
v -0.513280 0.831470 0.212607
v -0.653281 0.707107 0.270598
v -0.768177 0.555570 0.318189
v -0.853553 0.382683 0.353553
v -0.906127 0.195090 0.375330
v -0.923879 0.000000 0.382683
v -0.906127 -0.195090 0.375330
v -0.853553 -0.382683 0.353553
v -0.768177 -0.555570 0.318189
v -0.653281 -0.707107 0.270598
v -0.513280 -0.831470 0.212607
v -0.353553 -0.923880 0.146447
v -0.180240 -0.980785 0.074658
v -0.191342 0.980785 0.038060
v -0.375330 0.923880 0.074658
v -0.544895 0.831470 0.108386
v -0.693520 0.707107 0.137950
v -0.815493 0.555570 0.162211
v -0.906127 0.382683 0.180240
v -0.961939 0.195090 0.191341
v -0.980784 0.000000 0.195090
v -0.961939 -0.195090 0.191341
v -0.906127 -0.382683 0.180240
v -0.815493 -0.555570 0.162211
v -0.693520 -0.707107 0.137950
v -0.544895 -0.831470 0.108386
v -0.375330 -0.923880 0.074658
v -0.191342 -0.980785 0.038060
v -0.195090 0.980785 -0.000000
v -0.382683 0.923880 -0.000000
v -0.555570 0.831470 -0.000000
v -0.707107 0.707107 -0.000000
v -0.831469 0.555570 -0.000000
v -0.923879 0.382683 -0.000000
v -0.980785 0.195090 -0.000000
v -0.999999 0.000000 -0.000000
v -0.980785 -0.195090 -0.000000
v -0.923879 -0.382683 -0.000000
v -0.831469 -0.555570 -0.000000
v -0.707107 -0.707107 -0.000000
v -0.555570 -0.831470 -0.000000
v -0.382683 -0.923880 -0.000000
v -0.195090 -0.980785 -0.000000
v -0.191342 0.980785 -0.038060
v -0.375330 0.923880 -0.074658
v -0.544895 0.831470 -0.108386
v -0.693520 0.707107 -0.137950
v -0.815493 0.555570 -0.162212
v -0.906127 0.382683 -0.180240
v -0.961939 0.195090 -0.191342
v -0.980784 0.000000 -0.195091
v -0.961939 -0.195090 -0.191342
v -0.906127 -0.382683 -0.180240
v -0.815493 -0.555570 -0.162212
v -0.693520 -0.707107 -0.137950
v -0.544895 -0.831470 -0.108386
v -0.375330 -0.923880 -0.074658
v -0.191342 -0.980785 -0.038060
v -0.180240 0.980785 -0.074658
v -0.353553 0.923880 -0.146447
v -0.513279 0.831470 -0.212607
v -0.653281 0.707107 -0.270598
v -0.768177 0.555570 -0.318190
v -0.853553 0.382683 -0.353553
v -0.906127 0.195090 -0.375330
v -0.923878 0.000000 -0.382683
v -0.906127 -0.195090 -0.375330
v -0.853553 -0.382683 -0.353553
v -0.768177 -0.555570 -0.318190
v -0.653281 -0.707107 -0.270598
v -0.513279 -0.831470 -0.212607
v -0.353553 -0.923880 -0.146447
v -0.180240 -0.980785 -0.074658
v -0.162212 0.980785 -0.108386
v -0.318189 0.923880 -0.212607
v -0.461939 0.831470 -0.308658
v -0.587938 0.707107 -0.392847
v -0.691341 0.555570 -0.461940
v -0.768177 0.382683 -0.513280
v -0.815493 0.195090 -0.544895
v -0.831468 0.000000 -0.555570
v -0.815493 -0.195090 -0.544895
v -0.768177 -0.382683 -0.513280
v -0.691341 -0.555570 -0.461940
v -0.587938 -0.707107 -0.392847
v -0.461939 -0.831470 -0.308658
v -0.318189 -0.923880 -0.212607
v -0.162212 -0.980785 -0.108386
v -0.137950 0.980785 -0.137950
v -0.270598 0.923880 -0.270598
v -0.392847 0.831470 -0.392847
v -0.500000 0.707107 -0.500000
v -0.587937 0.555570 -0.587938
v -0.653281 0.382683 -0.653281
v -0.693519 0.195090 -0.693520
v -0.707106 0.000000 -0.707106
v -0.693519 -0.195090 -0.693520
v -0.653281 -0.382683 -0.653281
v -0.587937 -0.555570 -0.587938
v -0.500000 -0.707107 -0.500000
v -0.392847 -0.831470 -0.392847
v -0.270598 -0.923880 -0.270598
v -0.137950 -0.980785 -0.137950
v -0.108386 0.980785 -0.162212
v -0.212607 0.923880 -0.318190
v -0.308658 0.831470 -0.461939
v -0.392847 0.707107 -0.587938
v -0.461939 0.555570 -0.691341
v -0.513280 0.382683 -0.768177
v -0.544895 0.195090 -0.815493
v -0.555569 0.000000 -0.831469
v -0.544895 -0.195090 -0.815493
v -0.513280 -0.382683 -0.768177
v -0.461939 -0.555570 -0.691341
v -0.392847 -0.707107 -0.587938
v -0.308658 -0.831470 -0.461939
v -0.212607 -0.923880 -0.318190
v -0.108386 -0.980785 -0.162212
v -0.074658 0.980785 -0.180240
v -0.146446 0.923880 -0.353553
v -0.212607 0.831470 -0.513279
v -0.270598 0.707107 -0.653281
v -0.318189 0.555570 -0.768177
v -0.353553 0.382683 -0.853553
v -0.375330 0.195090 -0.906127
v -0.382683 0.000000 -0.923879
v -0.375330 -0.195090 -0.906127
v -0.353553 -0.382683 -0.853553
v -0.318189 -0.555570 -0.768177
v -0.270598 -0.707107 -0.653281
v -0.212607 -0.831470 -0.513279
v -0.146446 -0.923880 -0.353553
v -0.074658 -0.980785 -0.180240
v -0.038060 0.980785 -0.191342
v -0.074658 0.923880 -0.375330
v -0.108386 0.831470 -0.544895
v -0.137950 0.707107 -0.693520
v -0.162211 0.555570 -0.815493
v -0.180240 0.382683 -0.906127
v -0.191341 0.195090 -0.961939
v -0.195090 0.000000 -0.980784
v -0.191341 -0.195090 -0.961939
v -0.180240 -0.382683 -0.906127
v -0.162211 -0.555570 -0.815493
v -0.137950 -0.707107 -0.693520
v -0.108386 -0.831470 -0.544895
v -0.074658 -0.923880 -0.375330
v -0.038060 -0.980785 -0.191342
v 0.000000 0.980785 -0.195090
v 0.000000 0.923880 -0.382683
v 0.000000 0.707107 -0.707107
v 0.000000 0.382683 -0.923879
v 0.000000 -0.382683 -0.923879
v 0.000000 -0.707107 -0.707107
v 0.000000 -0.831470 -0.555570
v 0.000000 -0.923880 -0.382683
v 0.000000 -0.980785 -0.195090
vn -0.0000 1.0000 -0.0000
vn -0.0000 0.8286 -0.5598
vn -0.0000 0.5528 -0.8333
vn -0.0000 0.1939 -0.9810
vn -0.0000 -0.0000 -1.0000
vn -0.0000 -0.1939 -0.9810
vn -0.0000 -0.5528 -0.8333
vn -0.0000 -1.0000 -0.0000
vn 0.0392 0.9796 -0.1971
vn 0.0757 0.9217 -0.3804
vn 0.1092 0.8286 -0.5490
vn 0.1385 0.7041 -0.6965
vn 0.1626 0.5528 -0.8173
vn 0.1804 0.3805 -0.9070
vn 0.1914 0.1939 -0.9622
vn 0.1951 -0.0000 -0.9808
vn 0.1914 -0.1939 -0.9622
vn 0.1804 -0.3805 -0.9070
vn 0.1626 -0.5528 -0.8173
vn 0.1385 -0.7041 -0.6965
vn 0.1092 -0.8286 -0.5490
vn 0.0757 -0.9217 -0.3804
vn 0.0392 -0.9796 -0.1971
vn 0.0769 0.9796 -0.1857
vn 0.1484 0.9217 -0.3584
vn 0.2142 0.8286 -0.5172
vn 0.2718 0.7041 -0.6561
vn 0.3189 0.5528 -0.7699
vn 0.3539 0.3805 -0.8544
vn 0.3754 0.1939 -0.9063
vn 0.3827 -0.0000 -0.9239
vn 0.3754 -0.1939 -0.9063
vn 0.3539 -0.3805 -0.8544
vn 0.3189 -0.5528 -0.7699
vn 0.2718 -0.7041 -0.6561
vn 0.2142 -0.8286 -0.5172
vn 0.1484 -0.9217 -0.3584
vn 0.0769 -0.9796 -0.1857
vn 0.1117 0.9796 -0.1671
vn 0.2155 0.9217 -0.3225
vn 0.3110 0.8286 -0.4654
vn 0.3945 0.7041 -0.5905
vn 0.4630 0.5528 -0.6929
vn 0.5138 0.3805 -0.7689
vn 0.5450 0.1939 -0.8157
vn 0.5556 -0.0000 -0.8315
vn 0.5450 -0.1939 -0.8157
vn 0.5138 -0.3805 -0.7689
vn 0.4630 -0.5528 -0.6929
vn 0.3945 -0.7041 -0.5905
vn 0.3110 -0.8286 -0.4654
vn 0.2155 -0.9217 -0.3225
vn 0.1117 -0.9796 -0.1671
vn 0.1421 0.9796 -0.1421
vn 0.2743 0.9217 -0.2743
vn 0.3958 0.8286 -0.3958
vn 0.5021 0.7041 -0.5021
vn 0.5893 0.5528 -0.5893
vn 0.6539 0.3805 -0.6539
vn 0.6937 0.1939 -0.6937
vn 0.7071 -0.0000 -0.7071
vn 0.6937 -0.1939 -0.6937
vn 0.6539 -0.3805 -0.6539
vn 0.5893 -0.5528 -0.5893
vn 0.5021 -0.7041 -0.5021
vn 0.3958 -0.8286 -0.3958
vn 0.2743 -0.9217 -0.2743
vn 0.1421 -0.9796 -0.1421
vn 0.1671 0.9796 -0.1117
vn 0.3225 0.9217 -0.2155
vn 0.4654 0.8286 -0.3110
vn 0.5905 0.7041 -0.3945
vn 0.6929 0.5528 -0.4630
vn 0.7689 0.3805 -0.5138
vn 0.8157 0.1939 -0.5450
vn 0.8315 -0.0000 -0.5556
vn 0.8157 -0.1939 -0.5450
vn 0.7689 -0.3805 -0.5138
vn 0.6929 -0.5528 -0.4630
vn 0.5905 -0.7041 -0.3945
vn 0.4654 -0.8286 -0.3110
vn 0.3225 -0.9217 -0.2155
vn 0.1671 -0.9796 -0.1117
vn 0.1857 0.9796 -0.0769
vn 0.3584 0.9217 -0.1484
vn 0.5172 0.8286 -0.2142
vn 0.6561 0.7041 -0.2718
vn 0.7699 0.5528 -0.3189
vn 0.8544 0.3805 -0.3539
vn 0.9063 0.1939 -0.3754
vn 0.9239 -0.0000 -0.3827
vn 0.9063 -0.1939 -0.3754
vn 0.8544 -0.3805 -0.3539
vn 0.7699 -0.5528 -0.3189
vn 0.6561 -0.7041 -0.2718
vn 0.5172 -0.8286 -0.2142
vn 0.3584 -0.9217 -0.1484
vn 0.1857 -0.9796 -0.0769
vn 0.1971 0.9796 -0.0392
vn 0.3804 0.9217 -0.0757
vn 0.5490 0.8286 -0.1092
vn 0.6965 0.7041 -0.1385
vn 0.8173 0.5528 -0.1626
vn 0.9070 0.3805 -0.1804
vn 0.9622 0.1939 -0.1914
vn 0.9808 -0.0000 -0.1951
vn 0.9622 -0.1939 -0.1914
vn 0.9070 -0.3805 -0.1804
vn 0.8173 -0.5528 -0.1626
vn 0.6965 -0.7041 -0.1385
vn 0.5490 -0.8286 -0.1092
vn 0.3804 -0.9217 -0.0757
vn 0.1971 -0.9796 -0.0392
vn 0.2010 0.9796 -0.0000
vn 0.3879 0.9217 -0.0000
vn 0.5598 0.8286 -0.0000
vn 0.7101 0.7041 -0.0000
vn 0.8333 0.5528 -0.0000
vn 0.9248 0.3805 -0.0000
vn 0.9810 0.1939 -0.0000
vn 1.0000 -0.0000 -0.0000
vn 0.9810 -0.1939 -0.0000
vn 0.9248 -0.3805 -0.0000
vn 0.8333 -0.5528 -0.0000
vn 0.7101 -0.7041 -0.0000
vn 0.5598 -0.8286 -0.0000
vn 0.3879 -0.9217 -0.0000
vn 0.2010 -0.9796 -0.0000
vn 0.1971 0.9796 0.0392
vn 0.3804 0.9217 0.0757
vn 0.5490 0.8286 0.1092
vn 0.6965 0.7041 0.1385
vn 0.8173 0.5528 0.1626
vn 0.9070 0.3805 0.1804
vn 0.9622 0.1939 0.1914
vn 0.9808 -0.0000 0.1951
vn 0.9622 -0.1939 0.1914
vn 0.9070 -0.3805 0.1804
vn 0.8173 -0.5528 0.1626
vn 0.6965 -0.7041 0.1385
vn 0.5490 -0.8286 0.1092
vn 0.3804 -0.9217 0.0757
vn 0.1971 -0.9796 0.0392
vn 0.1857 0.9796 0.0769
vn 0.3584 0.9217 0.1484
vn 0.5172 0.8286 0.2142
vn 0.6561 0.7041 0.2718
vn 0.7699 0.5528 0.3189
vn 0.8544 0.3805 0.3539
vn 0.9063 0.1939 0.3754
vn 0.9239 -0.0000 0.3827
vn 0.9063 -0.1939 0.3754
vn 0.8544 -0.3805 0.3539
vn 0.7699 -0.5528 0.3189
vn 0.6561 -0.7041 0.2718
vn 0.5172 -0.8286 0.2142
vn 0.3584 -0.9217 0.1484
vn 0.1857 -0.9796 0.0769
vn 0.1671 0.9796 0.1117
vn 0.3225 0.9217 0.2155
vn 0.4654 0.8286 0.3110
vn 0.5905 0.7041 0.3945
vn 0.6929 0.5528 0.4630
vn 0.7689 0.3805 0.5138
vn 0.8157 0.1939 0.5450
vn 0.8315 -0.0000 0.5556
vn 0.8157 -0.1939 0.5450
vn 0.7689 -0.3805 0.5138
vn 0.6929 -0.5528 0.4630
vn 0.5905 -0.7041 0.3945
vn 0.4654 -0.8286 0.3110
vn 0.3225 -0.9217 0.2155
vn 0.1671 -0.9796 0.1117
vn 0.1421 0.9796 0.1421
vn 0.2743 0.9217 0.2743
vn 0.3958 0.8286 0.3958
vn 0.5021 0.7041 0.5021
vn 0.5893 0.5528 0.5893
vn 0.6539 0.3805 0.6539
vn 0.6937 0.1939 0.6937
vn 0.7071 -0.0000 0.7071
vn 0.6937 -0.1939 0.6937
vn 0.6539 -0.3805 0.6539
vn 0.5893 -0.5528 0.5893
vn 0.5021 -0.7041 0.5021
vn 0.3958 -0.8286 0.3958
vn 0.2743 -0.9217 0.2743
vn 0.1421 -0.9796 0.1421
vn 0.1117 0.9796 0.1671
vn 0.2155 0.9217 0.3225
vn 0.3110 0.8286 0.4654
vn 0.3945 0.7041 0.5905
vn 0.4630 0.5528 0.6929
vn 0.5138 0.3805 0.7689
vn 0.5450 0.1939 0.8157
vn 0.5556 -0.0000 0.8315
vn 0.5450 -0.1939 0.8157
vn 0.5138 -0.3805 0.7689
vn 0.4630 -0.5528 0.6929
vn 0.3945 -0.7041 0.5905
vn 0.3110 -0.8286 0.4654
vn 0.2155 -0.9217 0.3225
vn 0.1117 -0.9796 0.1671
vn 0.0769 0.9796 0.1857
vn 0.1484 0.9217 0.3584
vn 0.2142 0.8286 0.5172
vn 0.2718 0.7041 0.6561
vn 0.3189 0.5528 0.7699
vn 0.3539 0.3805 0.8544
vn 0.3754 0.1939 0.9063
vn 0.3827 -0.0000 0.9239
vn 0.3754 -0.1939 0.9063
vn 0.3539 -0.3805 0.8544
vn 0.3189 -0.5528 0.7699
vn 0.2718 -0.7041 0.6561
vn 0.2142 -0.8286 0.5172
vn 0.1484 -0.9217 0.3584
vn 0.0769 -0.9796 0.1857
vn 0.0392 0.9796 0.1971
vn 0.0757 0.9217 0.3804
vn 0.1092 0.8286 0.5490
vn 0.1385 0.7041 0.6965
vn 0.1626 0.5528 0.8173
vn 0.1804 0.3805 0.9070
vn 0.1914 0.1939 0.9622
vn 0.1951 -0.0000 0.9808
vn 0.1914 -0.1939 0.9622
vn 0.1804 -0.3805 0.9070
vn 0.1626 -0.5528 0.8173
vn 0.1385 -0.7041 0.6965
vn 0.1092 -0.8286 0.5490
vn 0.0757 -0.9217 0.3804
vn 0.0392 -0.9796 0.1971
vn -0.0000 0.9796 0.2010
vn -0.0000 0.9217 0.3879
vn -0.0000 0.8286 0.5598
vn -0.0000 0.7041 0.7101
vn -0.0000 0.5528 0.8333
vn -0.0000 0.3805 0.9248
vn -0.0000 0.1939 0.9810
vn -0.0000 -0.0000 1.0000
vn -0.0000 -0.1939 0.9810
vn -0.0000 -0.3805 0.9248
vn -0.0000 -0.5528 0.8333
vn -0.0000 -0.7041 0.7101
vn -0.0000 -0.8286 0.5598
vn -0.0000 -0.9217 0.3879
vn -0.0000 -0.9796 0.2010
vn -0.0392 0.9796 0.1971
vn -0.0757 0.9217 0.3804
vn -0.1092 0.8286 0.5490
vn -0.1385 0.7041 0.6965
vn -0.1626 0.5528 0.8173
vn -0.1804 0.3805 0.9070
vn -0.1914 0.1939 0.9622
vn -0.1951 -0.0000 0.9808
vn -0.1914 -0.1939 0.9622
vn -0.1804 -0.3805 0.9070
vn -0.1626 -0.5528 0.8173
vn -0.1385 -0.7041 0.6965
vn -0.1092 -0.8286 0.5490
vn -0.0757 -0.9217 0.3804
vn -0.0392 -0.9796 0.1971
vn -0.0769 0.9796 0.1857
vn -0.1484 0.9217 0.3584
vn -0.2142 0.8286 0.5172
vn -0.2718 0.7041 0.6561
vn -0.3189 0.5528 0.7699
vn -0.3539 0.3805 0.8544
vn -0.3754 0.1939 0.9063
vn -0.3827 -0.0000 0.9239
vn -0.3754 -0.1939 0.9063
vn -0.3539 -0.3805 0.8544
vn -0.3189 -0.5528 0.7699
vn -0.2718 -0.7041 0.6561
vn -0.2142 -0.8286 0.5172
vn -0.1484 -0.9217 0.3584
vn -0.0769 -0.9796 0.1857
vn -0.1117 0.9796 0.1671
vn -0.2155 0.9217 0.3225
vn -0.3110 0.8286 0.4654
vn -0.3945 0.7041 0.5905
vn -0.4630 0.5528 0.6929
vn -0.5138 0.3805 0.7689
vn -0.5450 0.1939 0.8157
vn -0.5556 -0.0000 0.8315
vn -0.5450 -0.1939 0.8157
vn -0.5138 -0.3805 0.7689
vn -0.4630 -0.5528 0.6929
vn -0.3945 -0.7041 0.5905
vn -0.3110 -0.8286 0.4654
vn -0.2155 -0.9217 0.3225
vn -0.1117 -0.9796 0.1671
vn -0.1421 0.9796 0.1421
vn -0.2743 0.9217 0.2743
vn -0.3958 0.8286 0.3958
vn -0.5021 0.7041 0.5021
vn -0.5893 0.5528 0.5893
vn -0.6539 0.3805 0.6539
vn -0.6937 0.1939 0.6937
vn -0.7071 -0.0000 0.7071
vn -0.6937 -0.1939 0.6937
vn -0.6539 -0.3805 0.6539
vn -0.5893 -0.5528 0.5893
vn -0.5021 -0.7041 0.5021
vn -0.3958 -0.8286 0.3958
vn -0.2743 -0.9217 0.2743
vn -0.1421 -0.9796 0.1421
vn -0.1671 0.9796 0.1117
vn -0.3225 0.9217 0.2155
vn -0.4654 0.8286 0.3110
vn -0.5905 0.7041 0.3945
vn -0.6929 0.5528 0.4630
vn -0.7689 0.3805 0.5138
vn -0.8157 0.1939 0.5450
vn -0.8315 -0.0000 0.5556
vn -0.8157 -0.1939 0.5450
vn -0.7689 -0.3805 0.5138
vn -0.6929 -0.5528 0.4630
vn -0.5905 -0.7041 0.3945
vn -0.4654 -0.8286 0.3110
vn -0.3225 -0.9217 0.2155
vn -0.1671 -0.9796 0.1117
vn -0.1857 0.9796 0.0769
vn -0.3584 0.9217 0.1484
vn -0.5172 0.8286 0.2142
vn -0.6561 0.7041 0.2718
vn -0.7699 0.5528 0.3189
vn -0.8544 0.3805 0.3539
vn -0.9063 0.1939 0.3754
vn -0.9239 -0.0000 0.3827
vn -0.9063 -0.1939 0.3754
vn -0.8544 -0.3805 0.3539
vn -0.7699 -0.5528 0.3189
vn -0.6561 -0.7041 0.2718
vn -0.5172 -0.8286 0.2142
vn -0.3584 -0.9217 0.1484
vn -0.1857 -0.9796 0.0769
vn -0.1971 0.9796 0.0392
vn -0.3804 0.9217 0.0757
vn -0.5490 0.8286 0.1092
vn -0.6965 0.7041 0.1385
vn -0.8173 0.5528 0.1626
vn -0.9070 0.3805 0.1804
vn -0.9622 0.1939 0.1914
vn -0.9808 -0.0000 0.1951
vn -0.9622 -0.1939 0.1914
vn -0.9070 -0.3805 0.1804
vn -0.8173 -0.5528 0.1626
vn -0.6965 -0.7041 0.1385
vn -0.5490 -0.8286 0.1092
vn -0.3804 -0.9217 0.0757
vn -0.1971 -0.9796 0.0392
vn -0.2010 0.9796 -0.0000
vn -0.3879 0.9217 -0.0000
vn -0.5598 0.8286 -0.0000
vn -0.7101 0.7041 -0.0000
vn -0.8333 0.5528 -0.0000
vn -0.9248 0.3805 -0.0000
vn -0.9810 0.1939 -0.0000
vn -1.0000 -0.0000 -0.0000
vn -0.9810 -0.1939 -0.0000
vn -0.9248 -0.3805 -0.0000
vn -0.8333 -0.5528 -0.0000
vn -0.7101 -0.7041 -0.0000
vn -0.5598 -0.8286 -0.0000
vn -0.3879 -0.9217 -0.0000
vn -0.2010 -0.9796 -0.0000
vn -0.1971 0.9796 -0.0392
vn -0.3804 0.9217 -0.0757
vn -0.5490 0.8286 -0.1092
vn -0.6965 0.7041 -0.1385
vn -0.8173 0.5528 -0.1626
vn -0.9070 0.3805 -0.1804
vn -0.9622 0.1939 -0.1914
vn -0.9808 -0.0000 -0.1951
vn -0.9622 -0.1939 -0.1914
vn -0.9070 -0.3805 -0.1804
vn -0.8173 -0.5528 -0.1626
vn -0.6965 -0.7041 -0.1385
vn -0.5490 -0.8286 -0.1092
vn -0.3804 -0.9217 -0.0757
vn -0.1971 -0.9796 -0.0392
vn -0.1857 0.9796 -0.0769
vn -0.3584 0.9217 -0.1484
vn -0.5172 0.8286 -0.2142
vn -0.6561 0.7041 -0.2718
vn -0.7699 0.5528 -0.3189
vn -0.8544 0.3805 -0.3539
vn -0.9063 0.1939 -0.3754
vn -0.9239 -0.0000 -0.3827
vn -0.9063 -0.1939 -0.3754
vn -0.8544 -0.3805 -0.3539
vn -0.7699 -0.5528 -0.3189
vn -0.6561 -0.7041 -0.2718
vn -0.5172 -0.8286 -0.2142
vn -0.3584 -0.9217 -0.1484
vn -0.1857 -0.9796 -0.0769
vn -0.1671 0.9796 -0.1117
vn -0.3225 0.9217 -0.2155
vn -0.4654 0.8286 -0.3110
vn -0.5905 0.7041 -0.3945
vn -0.6929 0.5528 -0.4630
vn -0.7689 0.3805 -0.5138
vn -0.8157 0.1939 -0.5450
vn -0.8315 -0.0000 -0.5556
vn -0.8157 -0.1939 -0.5450
vn -0.7689 -0.3805 -0.5138
vn -0.6929 -0.5528 -0.4630
vn -0.5905 -0.7041 -0.3945
vn -0.4654 -0.8286 -0.3110
vn -0.3225 -0.9217 -0.2155
vn -0.1671 -0.9796 -0.1117
vn -0.1421 0.9796 -0.1421
vn -0.2743 0.9217 -0.2743
vn -0.3958 0.8286 -0.3958
vn -0.5021 0.7041 -0.5021
vn -0.5893 0.5528 -0.5893
vn -0.6539 0.3805 -0.6539
vn -0.6937 0.1939 -0.6937
vn -0.7071 -0.0000 -0.7071
vn -0.6937 -0.1939 -0.6937
vn -0.6539 -0.3805 -0.6539
vn -0.5893 -0.5528 -0.5893
vn -0.5021 -0.7041 -0.5021
vn -0.3958 -0.8286 -0.3958
vn -0.2743 -0.9217 -0.2743
vn -0.1421 -0.9796 -0.1421
vn -0.1117 0.9796 -0.1671
vn -0.2155 0.9217 -0.3225
vn -0.3110 0.8286 -0.4654
vn -0.3945 0.7041 -0.5905
vn -0.4630 0.5528 -0.6929
vn -0.5138 0.3805 -0.7689
vn -0.5450 0.1939 -0.8157
vn -0.5556 -0.0000 -0.8315
vn -0.5450 -0.1939 -0.8157
vn -0.5138 -0.3805 -0.7689
vn -0.4630 -0.5528 -0.6929
vn -0.3945 -0.7041 -0.5905
vn -0.3110 -0.8286 -0.4654
vn -0.2155 -0.9217 -0.3225
vn -0.1117 -0.9796 -0.1671
vn -0.0769 0.9796 -0.1857
vn -0.1484 0.9217 -0.3584
vn -0.2142 0.8286 -0.5172
vn -0.2718 0.7041 -0.6561
vn -0.3189 0.5528 -0.7699
vn -0.3539 0.3805 -0.8544
vn -0.3754 0.1939 -0.9063
vn -0.3827 -0.0000 -0.9239
vn -0.3754 -0.1939 -0.9063
vn -0.3539 -0.3805 -0.8544
vn -0.3189 -0.5528 -0.7699
vn -0.2718 -0.7041 -0.6561
vn -0.2142 -0.8286 -0.5172
vn -0.1484 -0.9217 -0.3584
vn -0.0769 -0.9796 -0.1857
vn -0.0392 0.9796 -0.1971
vn -0.0757 0.9217 -0.3804
vn -0.1092 0.8286 -0.5490
vn -0.1385 0.7041 -0.6965
vn -0.1626 0.5528 -0.8173
vn -0.1804 0.3805 -0.9070
vn -0.1914 0.1939 -0.9622
vn -0.1951 -0.0000 -0.9808
vn -0.1914 -0.1939 -0.9622
vn -0.1804 -0.3805 -0.9070
vn -0.1626 -0.5528 -0.8173
vn -0.1385 -0.7041 -0.6965
vn -0.1092 -0.8286 -0.5490
vn -0.0757 -0.9217 -0.3804
vn -0.0392 -0.9796 -0.1971
vn -0.0000 0.9796 -0.2010
vn -0.0000 0.9217 -0.3879
vn -0.0000 0.7041 -0.7101
vn -0.0000 0.3805 -0.9248
vn -0.0000 -0.3805 -0.9248
vn -0.0000 -0.7041 -0.7101
vn -0.0000 -0.8286 -0.5598
vn -0.0000 -0.9217 -0.3879
vn -0.0000 -0.9796 -0.2010
vt 0.750000 0.437500
vt 0.750000 0.500000
vt 0.718750 0.500000
vt 0.718750 0.437500
vt 0.750000 0.875000
vt 0.750000 0.937500
vt 0.718750 0.937500
vt 0.718750 0.875000
vt 0.750000 0.375000
vt 0.718750 0.375000
vt 0.750000 0.812500
vt 0.718750 0.812500
vt 0.750000 0.312500
vt 0.718750 0.312500
vt 0.750000 0.750000
vt 0.718750 0.750000
vt 0.750000 0.250000
vt 0.718750 0.250000
vt 0.750000 0.687500
vt 0.718750 0.687500
vt 0.750000 0.187500
vt 0.718750 0.187500
vt 0.750000 0.625000
vt 0.718750 0.625000
vt 0.750000 0.125000
vt 0.718750 0.125000
vt 0.750000 0.562500
vt 0.718750 0.562500
vt 0.750000 0.062500
vt 0.718750 0.062500
vt 0.734375 1.000000
vt 0.734375 0.000000
vt 0.687500 0.125000
vt 0.687500 0.062500
vt 0.687500 0.562500
vt 0.687500 0.500000
vt 0.703125 1.000000
vt 0.687500 0.937500
vt 0.703125 0.000000
vt 0.687500 0.437500
vt 0.687500 0.875000
vt 0.687500 0.375000
vt 0.687500 0.812500
vt 0.687500 0.312500
vt 0.687500 0.750000
vt 0.687500 0.250000
vt 0.687500 0.687500
vt 0.687500 0.187500
vt 0.687500 0.625000
vt 0.656250 0.312500
vt 0.656250 0.250000
vt 0.656250 0.750000
vt 0.656250 0.687500
vt 0.656250 0.187500
vt 0.656250 0.625000
vt 0.656250 0.125000
vt 0.656250 0.562500
vt 0.656250 0.062500
vt 0.656250 0.500000
vt 0.671875 1.000000
vt 0.656250 0.937500
vt 0.671875 0.000000
vt 0.656250 0.437500
vt 0.656250 0.875000
vt 0.656250 0.375000
vt 0.656250 0.812500
vt 0.640625 1.000000
vt 0.625000 0.937500
vt 0.640625 0.000000
vt 0.625000 0.062500
vt 0.625000 0.500000
vt 0.625000 0.437500
vt 0.625000 0.875000
vt 0.625000 0.375000
vt 0.625000 0.812500
vt 0.625000 0.312500
vt 0.625000 0.750000
vt 0.625000 0.250000
vt 0.625000 0.687500
vt 0.625000 0.187500
vt 0.625000 0.625000
vt 0.625000 0.125000
vt 0.625000 0.562500
vt 0.593750 0.750000
vt 0.593750 0.687500
vt 0.593750 0.250000
vt 0.593750 0.187500
vt 0.593750 0.625000
vt 0.593750 0.125000
vt 0.593750 0.562500
vt 0.593750 0.062500
vt 0.593750 0.500000
vt 0.609375 1.000000
vt 0.593750 0.937500
vt 0.609375 0.000000
vt 0.593750 0.437500
vt 0.593750 0.875000
vt 0.593750 0.375000
vt 0.593750 0.812500
vt 0.593750 0.312500
vt 0.562500 0.500000
vt 0.562500 0.437500
vt 0.562500 0.937500
vt 0.562500 0.875000
vt 0.562500 0.375000
vt 0.562500 0.812500
vt 0.562500 0.312500
vt 0.562500 0.750000
vt 0.562500 0.250000
vt 0.562500 0.687500
vt 0.562500 0.187500
vt 0.562500 0.625000
vt 0.562500 0.125000
vt 0.562500 0.562500
vt 0.562500 0.062500
vt 0.578125 1.000000
vt 0.578125 0.000000
vt 0.531250 0.250000
vt 0.531250 0.187500
vt 0.531250 0.687500
vt 0.531250 0.625000
vt 0.531250 0.125000
vt 0.531250 0.562500
vt 0.531250 0.062500
vt 0.531250 0.500000
vt 0.546875 1.000000
vt 0.531250 0.937500
vt 0.546875 0.000000
vt 0.531250 0.437500
vt 0.531250 0.875000
vt 0.531250 0.375000
vt 0.531250 0.812500
vt 0.531250 0.312500
vt 0.531250 0.750000
vt 0.500000 0.937500
vt 0.500000 0.875000
vt 0.500000 0.437500
vt 0.500000 0.375000
vt 0.500000 0.812500
vt 0.500000 0.312500
vt 0.500000 0.750000
vt 0.500000 0.250000
vt 0.500000 0.687500
vt 0.500000 0.187500
vt 0.500000 0.625000
vt 0.500000 0.125000
vt 0.500000 0.562500
vt 0.500000 0.062500
vt 0.500000 0.500000
vt 0.515625 1.000000
vt 0.515625 0.000000
vt 0.468750 0.687500
vt 0.468750 0.625000
vt 0.468750 0.187500
vt 0.468750 0.125000
vt 0.468750 0.562500
vt 0.468750 0.062500
vt 0.468750 0.500000
vt 0.484375 1.000000
vt 0.468750 0.937500
vt 0.484375 0.000000
vt 0.468750 0.437500
vt 0.468750 0.875000
vt 0.468750 0.375000
vt 0.468750 0.812500
vt 0.468750 0.312500
vt 0.468750 0.750000
vt 0.468750 0.250000
vt 0.437500 0.437500
vt 0.437500 0.375000
vt 0.437500 0.875000
vt 0.437500 0.812500
vt 0.437500 0.312500
vt 0.437500 0.750000
vt 0.437500 0.250000
vt 0.437500 0.687500
vt 0.437500 0.187500
vt 0.437500 0.625000
vt 0.437500 0.125000
vt 0.437500 0.562500
vt 0.437500 0.062500
vt 0.437500 0.500000
vt 0.453125 1.000000
vt 0.437500 0.937500
vt 0.453125 0.000000
vt 0.406250 0.187500
vt 0.406250 0.125000
vt 0.406250 0.625000
vt 0.406250 0.562500
vt 0.406250 0.062500
vt 0.406250 0.500000
vt 0.421875 1.000000
vt 0.406250 0.937500
vt 0.421875 0.000000
vt 0.406250 0.437500
vt 0.406250 0.875000
vt 0.406250 0.375000
vt 0.406250 0.812500
vt 0.406250 0.312500
vt 0.406250 0.750000
vt 0.406250 0.250000
vt 0.406250 0.687500
vt 0.375000 0.375000
vt 0.375000 0.312500
vt 0.375000 0.812500
vt 0.375000 0.750000
vt 0.375000 0.250000
vt 0.375000 0.687500
vt 0.375000 0.187500
vt 0.375000 0.625000
vt 0.375000 0.125000
vt 0.375000 0.562500
vt 0.375000 0.062500
vt 0.375000 0.500000
vt 0.390625 1.000000
vt 0.375000 0.937500
vt 0.390625 0.000000
vt 0.375000 0.437500
vt 0.375000 0.875000
vt 0.343750 0.125000
vt 0.343750 0.062500
vt 0.343750 0.562500
vt 0.343750 0.500000
vt 0.359375 1.000000
vt 0.343750 0.937500
vt 0.359375 0.000000
vt 0.343750 0.437500
vt 0.343750 0.875000
vt 0.343750 0.375000
vt 0.343750 0.812500
vt 0.343750 0.312500
vt 0.343750 0.750000
vt 0.343750 0.250000
vt 0.343750 0.687500
vt 0.343750 0.187500
vt 0.343750 0.625000
vt 0.312500 0.812500
vt 0.312500 0.750000
vt 0.312500 0.312500
vt 0.312500 0.250000
vt 0.312500 0.687500
vt 0.312500 0.187500
vt 0.312500 0.625000
vt 0.312500 0.125000
vt 0.312500 0.562500
vt 0.312500 0.062500
vt 0.312500 0.500000
vt 0.328125 1.000000
vt 0.312500 0.937500
vt 0.328125 0.000000
vt 0.312500 0.437500
vt 0.312500 0.875000
vt 0.312500 0.375000
vt 0.281250 0.562500
vt 0.281250 0.500000
vt 0.296875 1.000000
vt 0.281250 0.937500
vt 0.296875 0.000000
vt 0.281250 0.062500
vt 0.281250 0.437500
vt 0.281250 0.875000
vt 0.281250 0.375000
vt 0.281250 0.812500
vt 0.281250 0.312500
vt 0.281250 0.750000
vt 0.281250 0.250000
vt 0.281250 0.687500
vt 0.281250 0.187500
vt 0.281250 0.625000
vt 0.281250 0.125000
vt 0.250000 0.312500
vt 0.250000 0.250000
vt 0.250000 0.750000
vt 0.250000 0.687500
vt 0.250000 0.187500
vt 0.250000 0.625000
vt 0.250000 0.125000
vt 0.250000 0.562500
vt 0.250000 0.062500
vt 0.250000 0.500000
vt 0.265625 1.000000
vt 0.250000 0.937500
vt 0.265625 0.000000
vt 0.250000 0.437500
vt 0.250000 0.875000
vt 0.250000 0.375000
vt 0.250000 0.812500
vt 0.234375 1.000000
vt 0.218750 0.937500
vt 0.234375 0.000000
vt 0.218750 0.062500
vt 0.218750 0.500000
vt 0.218750 0.437500
vt 0.218750 0.875000
vt 0.218750 0.375000
vt 0.218750 0.812500
vt 0.218750 0.312500
vt 0.218750 0.750000
vt 0.218750 0.250000
vt 0.218750 0.687500
vt 0.218750 0.187500
vt 0.218750 0.625000
vt 0.218750 0.125000
vt 0.218750 0.562500
vt 0.187500 0.750000
vt 0.187500 0.687500
vt 0.187500 0.250000
vt 0.187500 0.187500
vt 0.187500 0.625000
vt 0.187500 0.125000
vt 0.187500 0.562500
vt 0.187500 0.062500
vt 0.187500 0.500000
vt 0.203125 1.000000
vt 0.187500 0.937500
vt 0.203125 0.000000
vt 0.187500 0.437500
vt 0.187500 0.875000
vt 0.187500 0.375000
vt 0.187500 0.812500
vt 0.187500 0.312500
vt 0.156250 0.500000
vt 0.156250 0.437500
vt 0.156250 0.937500
vt 0.156250 0.875000
vt 0.156250 0.375000
vt 0.156250 0.812500
vt 0.156250 0.312500
vt 0.156250 0.750000
vt 0.156250 0.250000
vt 0.156250 0.687500
vt 0.156250 0.187500
vt 0.156250 0.625000
vt 0.156250 0.125000
vt 0.156250 0.562500
vt 0.156250 0.062500
vt 0.171875 1.000000
vt 0.171875 0.000000
vt 0.125000 0.250000
vt 0.125000 0.187500
vt 0.125000 0.687500
vt 0.125000 0.625000
vt 0.125000 0.125000
vt 0.125000 0.562500
vt 0.125000 0.062500
vt 0.125000 0.500000
vt 0.140625 1.000000
vt 0.125000 0.937500
vt 0.140625 0.000000
vt 0.125000 0.437500
vt 0.125000 0.875000
vt 0.125000 0.375000
vt 0.125000 0.812500
vt 0.125000 0.312500
vt 0.125000 0.750000
vt 0.093750 0.437500
vt 0.093750 0.375000
vt 0.093750 0.875000
vt 0.093750 0.812500
vt 0.093750 0.312500
vt 0.093750 0.750000
vt 0.093750 0.250000
vt 0.093750 0.687500
vt 0.093750 0.187500
vt 0.093750 0.625000
vt 0.093750 0.125000
vt 0.093750 0.562500
vt 0.093750 0.062500
vt 0.093750 0.500000
vt 0.109375 1.000000
vt 0.093750 0.937500
vt 0.109375 0.000000
vt 0.062500 0.187500
vt 0.062500 0.125000
vt 0.062500 0.625000
vt 0.062500 0.562500
vt 0.062500 0.062500
vt 0.062500 0.500000
vt 0.078125 1.000000
vt 0.062500 0.937500
vt 0.078125 0.000000
vt 0.062500 0.437500
vt 0.062500 0.875000
vt 0.062500 0.375000
vt 0.062500 0.812500
vt 0.062500 0.312500
vt 0.062500 0.750000
vt 0.062500 0.250000
vt 0.062500 0.687500
vt 0.031250 0.875000
vt 0.031250 0.812500
vt 0.031250 0.375000
vt 0.031250 0.312500
vt 0.031250 0.750000
vt 0.031250 0.250000
vt 0.031250 0.687500
vt 0.031250 0.187500
vt 0.031250 0.625000
vt 0.031250 0.125000
vt 0.031250 0.562500
vt 0.031250 0.062500
vt 0.031250 0.500000
vt 0.046875 1.000000
vt 0.031250 0.937500
vt 0.046875 0.000000
vt 0.031250 0.437500
vt 0.000000 0.625000
vt 0.000000 0.562500
vt 0.000000 0.125000
vt 0.000000 0.062500
vt 0.000000 0.500000
vt 0.015625 1.000000
vt 0.000000 0.937500
vt 0.015625 0.000000
vt 0.000000 0.437500
vt 0.000000 0.875000
vt 0.000000 0.375000
vt 0.000000 0.812500
vt 0.000000 0.312500
vt 0.000000 0.750000
vt 0.000000 0.250000
vt 0.000000 0.687500
vt 0.000000 0.187500
vt 1.000000 0.312500
vt 1.000000 0.375000
vt 0.968750 0.375000
vt 0.968750 0.312500
vt 1.000000 0.750000
vt 1.000000 0.812500
vt 0.968750 0.812500
vt 0.968750 0.750000
vt 1.000000 0.250000
vt 0.968750 0.250000
vt 1.000000 0.687500
vt 0.968750 0.687500
vt 1.000000 0.187500
vt 0.968750 0.187500
vt 1.000000 0.625000
vt 0.968750 0.625000
vt 1.000000 0.125000
vt 0.968750 0.125000
vt 1.000000 0.562500
vt 0.968750 0.562500
vt 1.000000 0.062500
vt 0.968750 0.062500
vt 1.000000 0.500000
vt 0.968750 0.500000
vt 1.000000 0.937500
vt 0.984375 1.000000
vt 0.968750 0.937500
vt 0.984375 0.000000
vt 1.000000 0.437500
vt 0.968750 0.437500
vt 1.000000 0.875000
vt 0.968750 0.875000
vt 0.937500 0.125000
vt 0.937500 0.062500
vt 0.937500 0.562500
vt 0.937500 0.500000
vt 0.953125 1.000000
vt 0.937500 0.937500
vt 0.953125 0.000000
vt 0.937500 0.437500
vt 0.937500 0.875000
vt 0.937500 0.375000
vt 0.937500 0.812500
vt 0.937500 0.312500
vt 0.937500 0.750000
vt 0.937500 0.250000
vt 0.937500 0.687500
vt 0.937500 0.187500
vt 0.937500 0.625000
vt 0.906250 0.812500
vt 0.906250 0.750000
vt 0.906250 0.312500
vt 0.906250 0.250000
vt 0.906250 0.687500
vt 0.906250 0.187500
vt 0.906250 0.625000
vt 0.906250 0.125000
vt 0.906250 0.562500
vt 0.906250 0.062500
vt 0.906250 0.500000
vt 0.921875 1.000000
vt 0.906250 0.937500
vt 0.921875 0.000000
vt 0.906250 0.437500
vt 0.906250 0.875000
vt 0.906250 0.375000
vt 0.875000 0.562500
vt 0.875000 0.500000
vt 0.890625 1.000000
vt 0.875000 0.937500
vt 0.890625 0.000000
vt 0.875000 0.062500
vt 0.875000 0.437500
vt 0.875000 0.875000
vt 0.875000 0.375000
vt 0.875000 0.812500
vt 0.875000 0.312500
vt 0.875000 0.750000
vt 0.875000 0.250000
vt 0.875000 0.687500
vt 0.875000 0.187500
vt 0.875000 0.625000
vt 0.875000 0.125000
vt 0.843750 0.312500
vt 0.843750 0.250000
vt 0.843750 0.750000
vt 0.843750 0.687500
vt 0.843750 0.187500
vt 0.843750 0.625000
vt 0.843750 0.125000
vt 0.843750 0.562500
vt 0.843750 0.062500
vt 0.843750 0.500000
vt 0.859375 1.000000
vt 0.843750 0.937500
vt 0.859375 0.000000
vt 0.843750 0.437500
vt 0.843750 0.875000
vt 0.843750 0.375000
vt 0.843750 0.812500
vt 0.828125 0.000000
vt 0.812500 0.062500
vt 0.812500 0.500000
vt 0.812500 0.437500
vt 0.812500 0.937500
vt 0.812500 0.875000
vt 0.812500 0.375000
vt 0.812500 0.812500
vt 0.812500 0.312500
vt 0.812500 0.750000
vt 0.812500 0.250000
vt 0.812500 0.687500
vt 0.812500 0.187500
vt 0.812500 0.625000
vt 0.812500 0.125000
vt 0.812500 0.562500
vt 0.828125 1.000000
vt 0.781250 0.250000
vt 0.781250 0.187500
vt 0.781250 0.687500
vt 0.781250 0.625000
vt 0.781250 0.125000
vt 0.781250 0.562500
vt 0.781250 0.062500
vt 0.781250 0.500000
vt 0.796875 1.000000
vt 0.781250 0.937500
vt 0.796875 0.000000
vt 0.781250 0.437500
vt 0.781250 0.875000
vt 0.781250 0.375000
vt 0.781250 0.812500
vt 0.781250 0.312500
vt 0.781250 0.750000
vt 0.765625 1.000000
vt 0.765625 0.000000
s 1
g off
g Sphere.002_Material_vert
usemtl Material_vert
f 970/2540/970 969/2541/969 980/2542/980 981/2543/981
f 1439/2544/1439 1438/2545/1438 973/2546/973 974/2547/974
f 1442/2548/1442 970/2540/970 981/2543/981 982/2549/982
f 966/2550/966 1439/2544/1439 974/2547/974 975/2551/975
f 971/2552/971 1442/2548/1442 982/2549/982 983/2553/983
f 1440/2554/1440 966/2550/966 975/2551/975 976/2555/976
f 1443/2556/1443 971/2552/971 983/2553/983 984/2557/984
f 967/2558/967 1440/2554/1440 976/2555/976 977/2559/977
f 1444/2560/1444 1443/2556/1443 984/2557/984 985/2561/985
f 1441/2562/1441 967/2558/967 977/2559/977 978/2563/978
f 1445/2564/1445 1444/2560/1444 985/2561/985 986/2565/986
f 968/2566/968 1441/2562/1441 978/2563/978 979/2567/979
f 1446/2568/1446 1445/2564/1445 986/2565/986 987/2569/987
f 969/2541/969 968/2566/968 979/2567/979 980/2542/980
f 1438/2545/1438 965/2570/965 973/2546/973
f 972/2571/972 1446/2568/1446 987/2569/987
f 987/2569/987 986/2565/986 1001/2572/1001 1002/2573/1002
f 980/2542/980 979/2567/979 994/2574/994 995/2575/995
f 973/2546/973 965/2576/965 988/2577/988
f 972/2578/972 987/2569/987 1002/2573/1002
f 981/2543/981 980/2542/980 995/2575/995 996/2579/996
f 974/2547/974 973/2546/973 988/2577/988 989/2580/989
f 982/2549/982 981/2543/981 996/2579/996 997/2581/997
f 975/2551/975 974/2547/974 989/2580/989 990/2582/990
f 983/2553/983 982/2549/982 997/2581/997 998/2583/998
f 976/2555/976 975/2551/975 990/2582/990 991/2584/991
f 984/2557/984 983/2553/983 998/2583/998 999/2585/999
f 977/2559/977 976/2555/976 991/2584/991 992/2586/992
f 985/2561/985 984/2557/984 999/2585/999 1000/2587/1000
f 978/2563/978 977/2559/977 992/2586/992 993/2588/993
f 986/2565/986 985/2561/985 1000/2587/1000 1001/2572/1001
f 979/2567/979 978/2563/978 993/2588/993 994/2574/994
f 999/2585/999 998/2583/998 1013/2589/1013 1014/2590/1014
f 992/2586/992 991/2584/991 1006/2591/1006 1007/2592/1007
f 1000/2587/1000 999/2585/999 1014/2590/1014 1015/2593/1015
f 993/2588/993 992/2586/992 1007/2592/1007 1008/2594/1008
f 1001/2572/1001 1000/2587/1000 1015/2593/1015 1016/2595/1016
f 994/2574/994 993/2588/993 1008/2594/1008 1009/2596/1009
f 1002/2573/1002 1001/2572/1001 1016/2595/1016 1017/2597/1017
f 995/2575/995 994/2574/994 1009/2596/1009 1010/2598/1010
f 988/2577/988 965/2599/965 1003/2600/1003
f 972/2601/972 1002/2573/1002 1017/2597/1017
f 996/2579/996 995/2575/995 1010/2598/1010 1011/2602/1011
f 989/2580/989 988/2577/988 1003/2600/1003 1004/2603/1004
f 997/2581/997 996/2579/996 1011/2602/1011 1012/2604/1012
f 990/2582/990 989/2580/989 1004/2603/1004 1005/2605/1005
f 998/2583/998 997/2581/997 1012/2604/1012 1013/2589/1013
f 991/2584/991 990/2582/990 1005/2605/1005 1006/2591/1006
f 1003/2600/1003 965/2606/965 1018/2607/1018
f 972/2608/972 1017/2597/1017 1032/2609/1032
f 1011/2602/1011 1010/2598/1010 1025/2610/1025 1026/2611/1026
f 1004/2603/1004 1003/2600/1003 1018/2607/1018 1019/2612/1019
f 1012/2604/1012 1011/2602/1011 1026/2611/1026 1027/2613/1027
f 1005/2605/1005 1004/2603/1004 1019/2612/1019 1020/2614/1020
f 1013/2589/1013 1012/2604/1012 1027/2613/1027 1028/2615/1028
f 1006/2591/1006 1005/2605/1005 1020/2614/1020 1021/2616/1021
f 1014/2590/1014 1013/2589/1013 1028/2615/1028 1029/2617/1029
f 1007/2592/1007 1006/2591/1006 1021/2616/1021 1022/2618/1022
f 1015/2593/1015 1014/2590/1014 1029/2617/1029 1030/2619/1030
f 1008/2594/1008 1007/2592/1007 1022/2618/1022 1023/2620/1023
f 1016/2595/1016 1015/2593/1015 1030/2619/1030 1031/2621/1031
f 1009/2596/1009 1008/2594/1008 1023/2620/1023 1024/2622/1024
f 1017/2597/1017 1016/2595/1016 1031/2621/1031 1032/2609/1032
f 1010/2598/1010 1009/2596/1009 1024/2622/1024 1025/2610/1025
f 1022/2618/1022 1021/2616/1021 1036/2623/1036 1037/2624/1037
f 1030/2619/1030 1029/2617/1029 1044/2625/1044 1045/2626/1045
f 1023/2620/1023 1022/2618/1022 1037/2624/1037 1038/2627/1038
f 1031/2621/1031 1030/2619/1030 1045/2626/1045 1046/2628/1046
f 1024/2622/1024 1023/2620/1023 1038/2627/1038 1039/2629/1039
f 1032/2609/1032 1031/2621/1031 1046/2628/1046 1047/2630/1047
f 1025/2610/1025 1024/2622/1024 1039/2629/1039 1040/2631/1040
f 1018/2607/1018 965/2632/965 1033/2633/1033
f 972/2634/972 1032/2609/1032 1047/2630/1047
f 1026/2611/1026 1025/2610/1025 1040/2631/1040 1041/2635/1041
f 1019/2612/1019 1018/2607/1018 1033/2633/1033 1034/2636/1034
f 1027/2613/1027 1026/2611/1026 1041/2635/1041 1042/2637/1042
f 1020/2614/1020 1019/2612/1019 1034/2636/1034 1035/2638/1035
f 1028/2615/1028 1027/2613/1027 1042/2637/1042 1043/2639/1043
f 1021/2616/1021 1020/2614/1020 1035/2638/1035 1036/2623/1036
f 1029/2617/1029 1028/2615/1028 1043/2639/1043 1044/2625/1044
f 1041/2635/1041 1040/2631/1040 1055/2640/1055 1056/2641/1056
f 1034/2636/1034 1033/2633/1033 1048/2642/1048 1049/2643/1049
f 1042/2637/1042 1041/2635/1041 1056/2641/1056 1057/2644/1057
f 1035/2638/1035 1034/2636/1034 1049/2643/1049 1050/2645/1050
f 1043/2639/1043 1042/2637/1042 1057/2644/1057 1058/2646/1058
f 1036/2623/1036 1035/2638/1035 1050/2645/1050 1051/2647/1051
f 1044/2625/1044 1043/2639/1043 1058/2646/1058 1059/2648/1059
f 1037/2624/1037 1036/2623/1036 1051/2647/1051 1052/2649/1052
f 1045/2626/1045 1044/2625/1044 1059/2648/1059 1060/2650/1060
f 1038/2627/1038 1037/2624/1037 1052/2649/1052 1053/2651/1053
f 1046/2628/1046 1045/2626/1045 1060/2650/1060 1061/2652/1061
f 1039/2629/1039 1038/2627/1038 1053/2651/1053 1054/2653/1054
f 1047/2630/1047 1046/2628/1046 1061/2652/1061 1062/2654/1062
f 1040/2631/1040 1039/2629/1039 1054/2653/1054 1055/2640/1055
f 1033/2633/1033 965/2655/965 1048/2642/1048
f 972/2656/972 1047/2630/1047 1062/2654/1062
f 1060/2650/1060 1059/2648/1059 1074/2657/1074 1075/2658/1075
f 1053/2651/1053 1052/2649/1052 1067/2659/1067 1068/2660/1068
f 1061/2652/1061 1060/2650/1060 1075/2658/1075 1076/2661/1076
f 1054/2653/1054 1053/2651/1053 1068/2660/1068 1069/2662/1069
f 1062/2654/1062 1061/2652/1061 1076/2661/1076 1077/2663/1077
f 1055/2640/1055 1054/2653/1054 1069/2662/1069 1070/2664/1070
f 1048/2642/1048 965/2665/965 1063/2666/1063
f 972/2667/972 1062/2654/1062 1077/2663/1077
f 1056/2641/1056 1055/2640/1055 1070/2664/1070 1071/2668/1071
f 1049/2643/1049 1048/2642/1048 1063/2666/1063 1064/2669/1064
f 1057/2644/1057 1056/2641/1056 1071/2668/1071 1072/2670/1072
f 1050/2645/1050 1049/2643/1049 1064/2669/1064 1065/2671/1065
f 1058/2646/1058 1057/2644/1057 1072/2670/1072 1073/2672/1073
f 1051/2647/1051 1050/2645/1050 1065/2671/1065 1066/2673/1066
f 1059/2648/1059 1058/2646/1058 1073/2672/1073 1074/2657/1074
f 1052/2649/1052 1051/2647/1051 1066/2673/1066 1067/2659/1067
f 1064/2669/1064 1063/2666/1063 1078/2674/1078 1079/2675/1079
f 1072/2670/1072 1071/2668/1071 1086/2676/1086 1087/2677/1087
f 1065/2671/1065 1064/2669/1064 1079/2675/1079 1080/2678/1080
f 1073/2672/1073 1072/2670/1072 1087/2677/1087 1088/2679/1088
f 1066/2673/1066 1065/2671/1065 1080/2678/1080 1081/2680/1081
f 1074/2657/1074 1073/2672/1073 1088/2679/1088 1089/2681/1089
f 1067/2659/1067 1066/2673/1066 1081/2680/1081 1082/2682/1082
f 1075/2658/1075 1074/2657/1074 1089/2681/1089 1090/2683/1090
f 1068/2660/1068 1067/2659/1067 1082/2682/1082 1083/2684/1083
f 1076/2661/1076 1075/2658/1075 1090/2683/1090 1091/2685/1091
f 1069/2662/1069 1068/2660/1068 1083/2684/1083 1084/2686/1084
f 1077/2663/1077 1076/2661/1076 1091/2685/1091 1092/2687/1092
f 1070/2664/1070 1069/2662/1069 1084/2686/1084 1085/2688/1085
f 1063/2666/1063 965/2689/965 1078/2674/1078
f 972/2690/972 1077/2663/1077 1092/2687/1092
f 1071/2668/1071 1070/2664/1070 1085/2688/1085 1086/2676/1086
f 1083/2684/1083 1082/2682/1082 1097/2691/1097 1098/2692/1098
f 1091/2685/1091 1090/2683/1090 1105/2693/1105 1106/2694/1106
f 1084/2686/1084 1083/2684/1083 1098/2692/1098 1099/2695/1099
f 1092/2687/1092 1091/2685/1091 1106/2694/1106 1107/2696/1107
f 1085/2688/1085 1084/2686/1084 1099/2695/1099 1100/2697/1100
f 1078/2674/1078 965/2698/965 1093/2699/1093
f 972/2700/972 1092/2687/1092 1107/2696/1107
f 1086/2676/1086 1085/2688/1085 1100/2697/1100 1101/2701/1101
f 1079/2675/1079 1078/2674/1078 1093/2699/1093 1094/2702/1094
f 1087/2677/1087 1086/2676/1086 1101/2701/1101 1102/2703/1102
f 1080/2678/1080 1079/2675/1079 1094/2702/1094 1095/2704/1095
f 1088/2679/1088 1087/2677/1087 1102/2703/1102 1103/2705/1103
f 1081/2680/1081 1080/2678/1080 1095/2704/1095 1096/2706/1096
f 1089/2681/1089 1088/2679/1088 1103/2705/1103 1104/2707/1104
f 1082/2682/1082 1081/2680/1081 1096/2706/1096 1097/2691/1097
f 1090/2683/1090 1089/2681/1089 1104/2707/1104 1105/2693/1105
f 1102/2703/1102 1101/2701/1101 1116/2708/1116 1117/2709/1117
f 1095/2704/1095 1094/2702/1094 1109/2710/1109 1110/2711/1110
f 1103/2705/1103 1102/2703/1102 1117/2709/1117 1118/2712/1118
f 1096/2706/1096 1095/2704/1095 1110/2711/1110 1111/2713/1111
f 1104/2707/1104 1103/2705/1103 1118/2712/1118 1119/2714/1119
f 1097/2691/1097 1096/2706/1096 1111/2713/1111 1112/2715/1112
f 1105/2693/1105 1104/2707/1104 1119/2714/1119 1120/2716/1120
f 1098/2692/1098 1097/2691/1097 1112/2715/1112 1113/2717/1113
f 1106/2694/1106 1105/2693/1105 1120/2716/1120 1121/2718/1121
f 1099/2695/1099 1098/2692/1098 1113/2717/1113 1114/2719/1114
f 1107/2696/1107 1106/2694/1106 1121/2718/1121 1122/2720/1122
f 1100/2697/1100 1099/2695/1099 1114/2719/1114 1115/2721/1115
f 1093/2699/1093 965/2722/965 1108/2723/1108
f 972/2724/972 1107/2696/1107 1122/2720/1122
f 1101/2701/1101 1100/2697/1100 1115/2721/1115 1116/2708/1116
f 1094/2702/1094 1093/2699/1093 1108/2723/1108 1109/2710/1109
f 1121/2718/1121 1120/2716/1120 1135/2725/1135 1136/2726/1136
f 1114/2719/1114 1113/2717/1113 1128/2727/1128 1129/2728/1129
f 1122/2720/1122 1121/2718/1121 1136/2726/1136 1137/2729/1137
f 1115/2721/1115 1114/2719/1114 1129/2728/1129 1130/2730/1130
f 1108/2723/1108 965/2731/965 1123/2732/1123
f 972/2733/972 1122/2720/1122 1137/2729/1137
f 1116/2708/1116 1115/2721/1115 1130/2730/1130 1131/2734/1131
f 1109/2710/1109 1108/2723/1108 1123/2732/1123 1124/2735/1124
f 1117/2709/1117 1116/2708/1116 1131/2734/1131 1132/2736/1132
f 1110/2711/1110 1109/2710/1109 1124/2735/1124 1125/2737/1125
f 1118/2712/1118 1117/2709/1117 1132/2736/1132 1133/2738/1133
f 1111/2713/1111 1110/2711/1110 1125/2737/1125 1126/2739/1126
f 1119/2714/1119 1118/2712/1118 1133/2738/1133 1134/2740/1134
f 1112/2715/1112 1111/2713/1111 1126/2739/1126 1127/2741/1127
f 1120/2716/1120 1119/2714/1119 1134/2740/1134 1135/2725/1135
f 1113/2717/1113 1112/2715/1112 1127/2741/1127 1128/2727/1128
f 1133/2738/1133 1132/2736/1132 1147/2742/1147 1148/2743/1148
f 1126/2739/1126 1125/2737/1125 1140/2744/1140 1141/2745/1141
f 1134/2740/1134 1133/2738/1133 1148/2743/1148 1149/2746/1149
f 1127/2741/1127 1126/2739/1126 1141/2745/1141 1142/2747/1142
f 1135/2725/1135 1134/2740/1134 1149/2746/1149 1150/2748/1150
f 1128/2727/1128 1127/2741/1127 1142/2747/1142 1143/2749/1143
f 1136/2726/1136 1135/2725/1135 1150/2748/1150 1151/2750/1151
f 1129/2728/1129 1128/2727/1128 1143/2749/1143 1144/2751/1144
f 1137/2729/1137 1136/2726/1136 1151/2750/1151 1152/2752/1152
f 1130/2730/1130 1129/2728/1129 1144/2751/1144 1145/2753/1145
f 1123/2732/1123 965/2754/965 1138/2755/1138
f 972/2756/972 1137/2729/1137 1152/2752/1152
f 1131/2734/1131 1130/2730/1130 1145/2753/1145 1146/2757/1146
f 1124/2735/1124 1123/2732/1123 1138/2755/1138 1139/2758/1139
f 1132/2736/1132 1131/2734/1131 1146/2757/1146 1147/2742/1147
f 1125/2737/1125 1124/2735/1124 1139/2758/1139 1140/2744/1140
f 1152/2752/1152 1151/2750/1151 1166/2759/1166 1167/2760/1167
f 1145/2753/1145 1144/2751/1144 1159/2761/1159 1160/2762/1160
f 1138/2755/1138 965/2763/965 1153/2764/1153
f 972/2765/972 1152/2752/1152 1167/2760/1167
f 1146/2757/1146 1145/2753/1145 1160/2762/1160 1161/2766/1161
f 1139/2758/1139 1138/2755/1138 1153/2764/1153 1154/2767/1154
f 1147/2742/1147 1146/2757/1146 1161/2766/1161 1162/2768/1162
f 1140/2744/1140 1139/2758/1139 1154/2767/1154 1155/2769/1155
f 1148/2743/1148 1147/2742/1147 1162/2768/1162 1163/2770/1163
f 1141/2745/1141 1140/2744/1140 1155/2769/1155 1156/2771/1156
f 1149/2746/1149 1148/2743/1148 1163/2770/1163 1164/2772/1164
f 1142/2747/1142 1141/2745/1141 1156/2771/1156 1157/2773/1157
f 1150/2748/1150 1149/2746/1149 1164/2772/1164 1165/2774/1165
f 1143/2749/1143 1142/2747/1142 1157/2773/1157 1158/2775/1158
f 1151/2750/1151 1150/2748/1150 1165/2774/1165 1166/2759/1166
f 1144/2751/1144 1143/2749/1143 1158/2775/1158 1159/2761/1159
f 1156/2771/1156 1155/2769/1155 1170/2776/1170 1171/2777/1171
f 1164/2772/1164 1163/2770/1163 1178/2778/1178 1179/2779/1179
f 1157/2773/1157 1156/2771/1156 1171/2777/1171 1172/2780/1172
f 1165/2774/1165 1164/2772/1164 1179/2779/1179 1180/2781/1180
f 1158/2775/1158 1157/2773/1157 1172/2780/1172 1173/2782/1173
f 1166/2759/1166 1165/2774/1165 1180/2781/1180 1181/2783/1181
f 1159/2761/1159 1158/2775/1158 1173/2782/1173 1174/2784/1174
f 1167/2760/1167 1166/2759/1166 1181/2783/1181 1182/2785/1182
f 1160/2762/1160 1159/2761/1159 1174/2784/1174 1175/2786/1175
f 1153/2764/1153 965/2787/965 1168/2788/1168
f 972/2789/972 1167/2760/1167 1182/2785/1182
f 1161/2766/1161 1160/2762/1160 1175/2786/1175 1176/2790/1176
f 1154/2767/1154 1153/2764/1153 1168/2788/1168 1169/2791/1169
f 1162/2768/1162 1161/2766/1161 1176/2790/1176 1177/2792/1177
f 1155/2769/1155 1154/2767/1154 1169/2791/1169 1170/2776/1170
f 1163/2770/1163 1162/2768/1162 1177/2792/1177 1178/2778/1178
f 1175/2786/1175 1174/2784/1174 1189/2793/1189 1190/2794/1190
f 1168/2788/1168 965/2795/965 1183/2796/1183
f 972/2797/972 1182/2785/1182 1197/2798/1197
f 1176/2790/1176 1175/2786/1175 1190/2794/1190 1191/2799/1191
f 1169/2791/1169 1168/2788/1168 1183/2796/1183 1184/2800/1184
f 1177/2792/1177 1176/2790/1176 1191/2799/1191 1192/2801/1192
f 1170/2776/1170 1169/2791/1169 1184/2800/1184 1185/2802/1185
f 1178/2778/1178 1177/2792/1177 1192/2801/1192 1193/2803/1193
f 1171/2777/1171 1170/2776/1170 1185/2802/1185 1186/2804/1186
f 1179/2779/1179 1178/2778/1178 1193/2803/1193 1194/2805/1194
f 1172/2780/1172 1171/2777/1171 1186/2804/1186 1187/2806/1187
f 1180/2781/1180 1179/2779/1179 1194/2805/1194 1195/2807/1195
f 1173/2782/1173 1172/2780/1172 1187/2806/1187 1188/2808/1188
f 1181/2783/1181 1180/2781/1180 1195/2807/1195 1196/2809/1196
f 1174/2784/1174 1173/2782/1173 1188/2808/1188 1189/2793/1189
f 1182/2785/1182 1181/2783/1181 1196/2809/1196 1197/2798/1197
f 1194/2805/1194 1193/2803/1193 1208/2810/1208 1209/2811/1209
f 1187/2806/1187 1186/2804/1186 1201/2812/1201 1202/2813/1202
f 1195/2807/1195 1194/2805/1194 1209/2811/1209 1210/2814/1210
f 1188/2808/1188 1187/2806/1187 1202/2813/1202 1203/2815/1203
f 1196/2809/1196 1195/2807/1195 1210/2814/1210 1211/2816/1211
f 1189/2793/1189 1188/2808/1188 1203/2815/1203 1204/2817/1204
f 1197/2798/1197 1196/2809/1196 1211/2816/1211 1212/2818/1212
f 1190/2794/1190 1189/2793/1189 1204/2817/1204 1205/2819/1205
f 1183/2796/1183 965/2820/965 1198/2821/1198
f 972/2822/972 1197/2798/1197 1212/2818/1212
f 1191/2799/1191 1190/2794/1190 1205/2819/1205 1206/2823/1206
f 1184/2800/1184 1183/2796/1183 1198/2821/1198 1199/2824/1199
f 1192/2801/1192 1191/2799/1191 1206/2823/1206 1207/2825/1207
f 1185/2802/1185 1184/2800/1184 1199/2824/1199 1200/2826/1200
f 1193/2803/1193 1192/2801/1192 1207/2825/1207 1208/2810/1208
f 1186/2804/1186 1185/2802/1185 1200/2826/1200 1201/2812/1201
f 1198/2821/1198 965/2827/965 1213/2828/1213
f 972/2829/972 1212/2818/1212 1227/2830/1227
f 1206/2823/1206 1205/2819/1205 1220/2831/1220 1221/2832/1221
f 1199/2824/1199 1198/2821/1198 1213/2828/1213 1214/2833/1214
f 1207/2825/1207 1206/2823/1206 1221/2832/1221 1222/2834/1222
f 1200/2826/1200 1199/2824/1199 1214/2833/1214 1215/2835/1215
f 1208/2810/1208 1207/2825/1207 1222/2834/1222 1223/2836/1223
f 1201/2812/1201 1200/2826/1200 1215/2835/1215 1216/2837/1216
f 1209/2811/1209 1208/2810/1208 1223/2836/1223 1224/2838/1224
f 1202/2813/1202 1201/2812/1201 1216/2837/1216 1217/2839/1217
f 1210/2814/1210 1209/2811/1209 1224/2838/1224 1225/2840/1225
f 1203/2815/1203 1202/2813/1202 1217/2839/1217 1218/2841/1218
f 1211/2816/1211 1210/2814/1210 1225/2840/1225 1226/2842/1226
f 1204/2817/1204 1203/2815/1203 1218/2841/1218 1219/2843/1219
f 1212/2818/1212 1211/2816/1211 1226/2842/1226 1227/2830/1227
f 1205/2819/1205 1204/2817/1204 1219/2843/1219 1220/2831/1220
f 1217/2839/1217 1216/2837/1216 1231/2844/1231 1232/2845/1232
f 1225/2840/1225 1224/2838/1224 1239/2846/1239 1240/2847/1240
f 1218/2841/1218 1217/2839/1217 1232/2845/1232 1233/2848/1233
f 1226/2842/1226 1225/2840/1225 1240/2847/1240 1241/2849/1241
f 1219/2843/1219 1218/2841/1218 1233/2848/1233 1234/2850/1234
f 1227/2830/1227 1226/2842/1226 1241/2849/1241 1242/2851/1242
f 1220/2831/1220 1219/2843/1219 1234/2850/1234 1235/2852/1235
f 1213/2828/1213 965/2853/965 1228/2854/1228
f 972/2855/972 1227/2830/1227 1242/2851/1242
f 1221/2832/1221 1220/2831/1220 1235/2852/1235 1236/2856/1236
f 1214/2833/1214 1213/2828/1213 1228/2854/1228 1229/2857/1229
f 1222/2834/1222 1221/2832/1221 1236/2856/1236 1237/2858/1237
f 1215/2835/1215 1214/2833/1214 1229/2857/1229 1230/2859/1230
f 1223/2836/1223 1222/2834/1222 1237/2858/1237 1238/2860/1238
f 1216/2837/1216 1215/2835/1215 1230/2859/1230 1231/2844/1231
f 1224/2838/1224 1223/2836/1223 1238/2860/1238 1239/2846/1239
f 1236/2856/1236 1235/2852/1235 1250/2861/1250 1251/2862/1251
f 1229/2857/1229 1228/2854/1228 1243/2863/1243 1244/2864/1244
f 1237/2858/1237 1236/2856/1236 1251/2862/1251 1252/2865/1252
f 1230/2859/1230 1229/2857/1229 1244/2864/1244 1245/2866/1245
f 1238/2860/1238 1237/2858/1237 1252/2865/1252 1253/2867/1253
f 1231/2844/1231 1230/2859/1230 1245/2866/1245 1246/2868/1246
f 1239/2846/1239 1238/2860/1238 1253/2867/1253 1254/2869/1254
f 1232/2845/1232 1231/2844/1231 1246/2868/1246 1247/2870/1247
f 1240/2847/1240 1239/2846/1239 1254/2869/1254 1255/2871/1255
f 1233/2848/1233 1232/2845/1232 1247/2870/1247 1248/2872/1248
f 1241/2849/1241 1240/2847/1240 1255/2871/1255 1256/2873/1256
f 1234/2850/1234 1233/2848/1233 1248/2872/1248 1249/2874/1249
f 1242/2851/1242 1241/2849/1241 1256/2873/1256 1257/2875/1257
f 1235/2852/1235 1234/2850/1234 1249/2874/1249 1250/2861/1250
f 1228/2854/1228 965/2876/965 1243/2863/1243
f 972/2877/972 1242/2851/1242 1257/2875/1257
f 1255/2871/1255 1254/2869/1254 1269/2878/1269 1270/2879/1270
f 1248/2872/1248 1247/2870/1247 1262/2880/1262 1263/2881/1263
f 1256/2873/1256 1255/2871/1255 1270/2879/1270 1271/2882/1271
f 1249/2874/1249 1248/2872/1248 1263/2881/1263 1264/2883/1264
f 1257/2875/1257 1256/2873/1256 1271/2882/1271 1272/2884/1272
f 1250/2861/1250 1249/2874/1249 1264/2883/1264 1265/2885/1265
f 1243/2863/1243 965/2886/965 1258/2887/1258
f 972/2888/972 1257/2875/1257 1272/2884/1272
f 1251/2862/1251 1250/2861/1250 1265/2885/1265 1266/2889/1266
f 1244/2864/1244 1243/2863/1243 1258/2887/1258 1259/2890/1259
f 1252/2865/1252 1251/2862/1251 1266/2889/1266 1267/2891/1267
f 1245/2866/1245 1244/2864/1244 1259/2890/1259 1260/2892/1260
f 1253/2867/1253 1252/2865/1252 1267/2891/1267 1268/2893/1268
f 1246/2868/1246 1245/2866/1245 1260/2892/1260 1261/2894/1261
f 1254/2869/1254 1253/2867/1253 1268/2893/1268 1269/2878/1269
f 1247/2870/1247 1246/2868/1246 1261/2894/1261 1262/2880/1262
f 1267/2891/1267 1266/2889/1266 1281/2895/1281 1282/2896/1282
f 1260/2892/1260 1259/2890/1259 1274/2897/1274 1275/2898/1275
f 1268/2893/1268 1267/2891/1267 1282/2896/1282 1283/2899/1283
f 1261/2894/1261 1260/2892/1260 1275/2898/1275 1276/2900/1276
f 1269/2878/1269 1268/2893/1268 1283/2899/1283 1284/2901/1284
f 1262/2880/1262 1261/2894/1261 1276/2900/1276 1277/2902/1277
f 1270/2879/1270 1269/2878/1269 1284/2901/1284 1285/2903/1285
f 1263/2881/1263 1262/2880/1262 1277/2902/1277 1278/2904/1278
f 1271/2882/1271 1270/2879/1270 1285/2903/1285 1286/2905/1286
f 1264/2883/1264 1263/2881/1263 1278/2904/1278 1279/2906/1279
f 1272/2884/1272 1271/2882/1271 1286/2905/1286 1287/2907/1287
f 1265/2885/1265 1264/2883/1264 1279/2906/1279 1280/2908/1280
f 1258/2887/1258 965/2909/965 1273/2910/1273
f 972/2911/972 1272/2884/1272 1287/2907/1287
f 1266/2889/1266 1265/2885/1265 1280/2908/1280 1281/2895/1281
f 1259/2890/1259 1258/2887/1258 1273/2910/1273 1274/2897/1274
f 1286/2905/1286 1285/2903/1285 1300/2912/1300 1301/2913/1301
f 1279/2906/1279 1278/2904/1278 1293/2914/1293 1294/2915/1294
f 1287/2907/1287 1286/2905/1286 1301/2913/1301 1302/2916/1302
f 1280/2908/1280 1279/2906/1279 1294/2915/1294 1295/2917/1295
f 1273/2910/1273 965/2918/965 1288/2919/1288
f 972/2920/972 1287/2907/1287 1302/2916/1302
f 1281/2895/1281 1280/2908/1280 1295/2917/1295 1296/2921/1296
f 1274/2897/1274 1273/2910/1273 1288/2919/1288 1289/2922/1289
f 1282/2896/1282 1281/2895/1281 1296/2921/1296 1297/2923/1297
f 1275/2898/1275 1274/2897/1274 1289/2922/1289 1290/2924/1290
f 1283/2899/1283 1282/2896/1282 1297/2923/1297 1298/2925/1298
f 1276/2900/1276 1275/2898/1275 1290/2924/1290 1291/2926/1291
f 1284/2901/1284 1283/2899/1283 1298/2925/1298 1299/2927/1299
f 1277/2902/1277 1276/2900/1276 1291/2926/1291 1292/2928/1292
f 1285/2903/1285 1284/2901/1284 1299/2927/1299 1300/2912/1300
f 1278/2904/1278 1277/2902/1277 1292/2928/1292 1293/2914/1293
f 1290/2924/1290 1289/2922/1289 1304/2929/1304 1305/2930/1305
f 1298/2925/1298 1297/2923/1297 1312/2931/1312 1313/2932/1313
f 1291/2926/1291 1290/2924/1290 1305/2930/1305 1306/2933/1306
f 1299/2927/1299 1298/2925/1298 1313/2932/1313 1314/2934/1314
f 1292/2928/1292 1291/2926/1291 1306/2933/1306 1307/2935/1307
f 1300/2912/1300 1299/2927/1299 1314/2934/1314 1315/2936/1315
f 1293/2914/1293 1292/2928/1292 1307/2935/1307 1308/2937/1308
f 1301/2913/1301 1300/2912/1300 1315/2936/1315 1316/2938/1316
f 1294/2915/1294 1293/2914/1293 1308/2937/1308 1309/2939/1309
f 1302/2916/1302 1301/2913/1301 1316/2938/1316 1317/2940/1317
f 1295/2917/1295 1294/2915/1294 1309/2939/1309 1310/2941/1310
f 1288/2919/1288 965/2942/965 1303/2943/1303
f 972/2944/972 1302/2916/1302 1317/2940/1317
f 1296/2921/1296 1295/2917/1295 1310/2941/1310 1311/2945/1311
f 1289/2922/1289 1288/2919/1288 1303/2943/1303 1304/2929/1304
f 1297/2923/1297 1296/2921/1296 1311/2945/1311 1312/2931/1312
f 1309/2939/1309 1308/2937/1308 1323/2946/1323 1324/2947/1324
f 1317/2940/1317 1316/2938/1316 1331/2948/1331 1332/2949/1332
f 1310/2941/1310 1309/2939/1309 1324/2947/1324 1325/2950/1325
f 1303/2943/1303 965/2951/965 1318/2952/1318
f 972/2953/972 1317/2940/1317 1332/2949/1332
f 1311/2945/1311 1310/2941/1310 1325/2950/1325 1326/2954/1326
f 1304/2929/1304 1303/2943/1303 1318/2952/1318 1319/2955/1319
f 1312/2931/1312 1311/2945/1311 1326/2954/1326 1327/2956/1327
f 1305/2930/1305 1304/2929/1304 1319/2955/1319 1320/2957/1320
f 1313/2932/1313 1312/2931/1312 1327/2956/1327 1328/2958/1328
f 1306/2933/1306 1305/2930/1305 1320/2957/1320 1321/2959/1321
f 1314/2934/1314 1313/2932/1313 1328/2958/1328 1329/2960/1329
f 1307/2935/1307 1306/2933/1306 1321/2959/1321 1322/2961/1322
f 1315/2936/1315 1314/2934/1314 1329/2960/1329 1330/2962/1330
f 1308/2937/1308 1307/2935/1307 1322/2961/1322 1323/2946/1323
f 1316/2938/1316 1315/2936/1315 1330/2962/1330 1331/2948/1331
f 1328/2963/1328 1327/2964/1327 1342/2965/1342 1343/2966/1343
f 1321/2967/1321 1320/2968/1320 1335/2969/1335 1336/2970/1336
f 1329/2971/1329 1328/2963/1328 1343/2966/1343 1344/2972/1344
f 1322/2973/1322 1321/2967/1321 1336/2970/1336 1337/2974/1337
f 1330/2975/1330 1329/2971/1329 1344/2972/1344 1345/2976/1345
f 1323/2977/1323 1322/2973/1322 1337/2974/1337 1338/2978/1338
f 1331/2979/1331 1330/2975/1330 1345/2976/1345 1346/2980/1346
f 1324/2981/1324 1323/2977/1323 1338/2978/1338 1339/2982/1339
f 1332/2983/1332 1331/2979/1331 1346/2980/1346 1347/2984/1347
f 1325/2985/1325 1324/2981/1324 1339/2982/1339 1340/2986/1340
f 1318/2987/1318 965/2988/965 1333/2989/1333
f 972/2990/972 1332/2983/1332 1347/2984/1347
f 1326/2991/1326 1325/2985/1325 1340/2986/1340 1341/2992/1341
f 1319/2993/1319 1318/2987/1318 1333/2989/1333 1334/2994/1334
f 1327/2964/1327 1326/2991/1326 1341/2992/1341 1342/2965/1342
f 1320/2968/1320 1319/2993/1319 1334/2994/1334 1335/2969/1335
f 1347/2984/1347 1346/2980/1346 1361/2995/1361 1362/2996/1362
f 1340/2986/1340 1339/2982/1339 1354/2997/1354 1355/2998/1355
f 1333/2989/1333 965/2999/965 1348/3000/1348
f 972/3001/972 1347/2984/1347 1362/2996/1362
f 1341/2992/1341 1340/2986/1340 1355/2998/1355 1356/3002/1356
f 1334/2994/1334 1333/2989/1333 1348/3000/1348 1349/3003/1349
f 1342/2965/1342 1341/2992/1341 1356/3002/1356 1357/3004/1357
f 1335/2969/1335 1334/2994/1334 1349/3003/1349 1350/3005/1350
f 1343/2966/1343 1342/2965/1342 1357/3004/1357 1358/3006/1358
f 1336/2970/1336 1335/2969/1335 1350/3005/1350 1351/3007/1351
f 1344/2972/1344 1343/2966/1343 1358/3006/1358 1359/3008/1359
f 1337/2974/1337 1336/2970/1336 1351/3007/1351 1352/3009/1352
f 1345/2976/1345 1344/2972/1344 1359/3008/1359 1360/3010/1360
f 1338/2978/1338 1337/2974/1337 1352/3009/1352 1353/3011/1353
f 1346/2980/1346 1345/2976/1345 1360/3010/1360 1361/2995/1361
f 1339/2982/1339 1338/2978/1338 1353/3011/1353 1354/2997/1354
f 1351/3007/1351 1350/3005/1350 1365/3012/1365 1366/3013/1366
f 1359/3008/1359 1358/3006/1358 1373/3014/1373 1374/3015/1374
f 1352/3009/1352 1351/3007/1351 1366/3013/1366 1367/3016/1367
f 1360/3010/1360 1359/3008/1359 1374/3015/1374 1375/3017/1375
f 1353/3011/1353 1352/3009/1352 1367/3016/1367 1368/3018/1368
f 1361/2995/1361 1360/3010/1360 1375/3017/1375 1376/3019/1376
f 1354/2997/1354 1353/3011/1353 1368/3018/1368 1369/3020/1369
f 1362/2996/1362 1361/2995/1361 1376/3019/1376 1377/3021/1377
f 1355/2998/1355 1354/2997/1354 1369/3020/1369 1370/3022/1370
f 1348/3000/1348 965/3023/965 1363/3024/1363
f 972/3025/972 1362/2996/1362 1377/3021/1377
f 1356/3002/1356 1355/2998/1355 1370/3022/1370 1371/3026/1371
f 1349/3003/1349 1348/3000/1348 1363/3024/1363 1364/3027/1364
f 1357/3004/1357 1356/3002/1356 1371/3026/1371 1372/3028/1372
f 1350/3005/1350 1349/3003/1349 1364/3027/1364 1365/3012/1365
f 1358/3006/1358 1357/3004/1357 1372/3028/1372 1373/3014/1373
f 1370/3022/1370 1369/3020/1369 1384/3029/1384 1385/3030/1385
f 1363/3024/1363 965/3031/965 1378/3032/1378
f 972/3033/972 1377/3021/1377 1392/3034/1392
f 1371/3026/1371 1370/3022/1370 1385/3030/1385 1386/3035/1386
f 1364/3027/1364 1363/3024/1363 1378/3032/1378 1379/3036/1379
f 1372/3028/1372 1371/3026/1371 1386/3035/1386 1387/3037/1387
f 1365/3012/1365 1364/3027/1364 1379/3036/1379 1380/3038/1380
f 1373/3014/1373 1372/3028/1372 1387/3037/1387 1388/3039/1388
f 1366/3013/1366 1365/3012/1365 1380/3038/1380 1381/3040/1381
f 1374/3015/1374 1373/3014/1373 1388/3039/1388 1389/3041/1389
f 1367/3016/1367 1366/3013/1366 1381/3040/1381 1382/3042/1382
f 1375/3017/1375 1374/3015/1374 1389/3041/1389 1390/3043/1390
f 1368/3018/1368 1367/3016/1367 1382/3042/1382 1383/3044/1383
f 1376/3019/1376 1375/3017/1375 1390/3043/1390 1391/3045/1391
f 1369/3020/1369 1368/3018/1368 1383/3044/1383 1384/3029/1384
f 1377/3021/1377 1376/3019/1376 1391/3045/1391 1392/3034/1392
f 1389/3041/1389 1388/3039/1388 1403/3046/1403 1404/3047/1404
f 1382/3042/1382 1381/3040/1381 1396/3048/1396 1397/3049/1397
f 1390/3043/1390 1389/3041/1389 1404/3047/1404 1405/3050/1405
f 1383/3044/1383 1382/3042/1382 1397/3049/1397 1398/3051/1398
f 1391/3045/1391 1390/3043/1390 1405/3050/1405 1406/3052/1406
f 1384/3029/1384 1383/3044/1383 1398/3051/1398 1399/3053/1399
f 1392/3034/1392 1391/3045/1391 1406/3052/1406 1407/3054/1407
f 1385/3030/1385 1384/3029/1384 1399/3053/1399 1400/3055/1400
f 1378/3032/1378 965/3056/965 1393/3057/1393
f 972/3058/972 1392/3034/1392 1407/3054/1407
f 1386/3035/1386 1385/3030/1385 1400/3055/1400 1401/3059/1401
f 1379/3036/1379 1378/3032/1378 1393/3057/1393 1394/3060/1394
f 1387/3037/1387 1386/3035/1386 1401/3059/1401 1402/3061/1402
f 1380/3038/1380 1379/3036/1379 1394/3060/1394 1395/3062/1395
f 1388/3039/1388 1387/3037/1387 1402/3061/1402 1403/3046/1403
f 1381/3040/1381 1380/3038/1380 1395/3062/1395 1396/3048/1396
f 972/3063/972 1407/3054/1407 1422/3064/1422
f 1401/3059/1401 1400/3055/1400 1415/3065/1415 1416/3066/1416
f 1394/3060/1394 1393/3057/1393 1408/3067/1408 1409/3068/1409
f 1402/3061/1402 1401/3059/1401 1416/3066/1416 1417/3069/1417
f 1395/3062/1395 1394/3060/1394 1409/3068/1409 1410/3070/1410
f 1403/3046/1403 1402/3061/1402 1417/3069/1417 1418/3071/1418
f 1396/3048/1396 1395/3062/1395 1410/3070/1410 1411/3072/1411
f 1404/3047/1404 1403/3046/1403 1418/3071/1418 1419/3073/1419
f 1397/3049/1397 1396/3048/1396 1411/3072/1411 1412/3074/1412
f 1405/3050/1405 1404/3047/1404 1419/3073/1419 1420/3075/1420
f 1398/3051/1398 1397/3049/1397 1412/3074/1412 1413/3076/1413
f 1406/3052/1406 1405/3050/1405 1420/3075/1420 1421/3077/1421
f 1399/3053/1399 1398/3051/1398 1413/3076/1413 1414/3078/1414
f 1407/3054/1407 1406/3052/1406 1421/3077/1421 1422/3064/1422
f 1400/3055/1400 1399/3053/1399 1414/3078/1414 1415/3065/1415
f 1393/3057/1393 965/3079/965 1408/3067/1408
f 1420/3075/1420 1419/3073/1419 1434/3080/1434 1435/3081/1435
f 1413/3076/1413 1412/3074/1412 1427/3082/1427 1428/3083/1428
f 1421/3077/1421 1420/3075/1420 1435/3081/1435 1436/3084/1436
f 1414/3078/1414 1413/3076/1413 1428/3083/1428 1429/3085/1429
f 1422/3064/1422 1421/3077/1421 1436/3084/1436 1437/3086/1437
f 1415/3065/1415 1414/3078/1414 1429/3085/1429 1430/3087/1430
f 1408/3067/1408 965/3088/965 1423/3089/1423
f 972/3090/972 1422/3064/1422 1437/3086/1437
f 1416/3066/1416 1415/3065/1415 1430/3087/1430 1431/3091/1431
f 1409/3068/1409 1408/3067/1408 1423/3089/1423 1424/3092/1424
f 1417/3069/1417 1416/3066/1416 1431/3091/1431 1432/3093/1432
f 1410/3070/1410 1409/3068/1409 1424/3092/1424 1425/3094/1425
f 1418/3071/1418 1417/3069/1417 1432/3093/1432 1433/3095/1433
f 1411/3072/1411 1410/3070/1410 1425/3094/1425 1426/3096/1426
f 1419/3073/1419 1418/3071/1418 1433/3095/1433 1434/3080/1434
f 1412/3074/1412 1411/3072/1411 1426/3096/1426 1427/3082/1427
f 1424/3092/1424 1423/3089/1423 1438/2545/1438 1439/2544/1439
f 1432/3093/1432 1431/3091/1431 970/2540/970 1442/2548/1442
f 1425/3094/1425 1424/3092/1424 1439/2544/1439 966/2550/966
f 1433/3095/1433 1432/3093/1432 1442/2548/1442 971/2552/971
f 1426/3096/1426 1425/3094/1425 966/2550/966 1440/2554/1440
f 1434/3080/1434 1433/3095/1433 971/2552/971 1443/2556/1443
f 1427/3082/1427 1426/3096/1426 1440/2554/1440 967/2558/967
f 1435/3081/1435 1434/3080/1434 1443/2556/1443 1444/2560/1444
f 1428/3083/1428 1427/3082/1427 967/2558/967 1441/2562/1441
f 1436/3084/1436 1435/3081/1435 1444/2560/1444 1445/2564/1445
f 1429/3085/1429 1428/3083/1428 1441/2562/1441 968/2566/968
f 1437/3086/1437 1436/3084/1436 1445/2564/1445 1446/2568/1446
f 1430/3087/1430 1429/3085/1429 968/2566/968 969/2541/969
f 1423/3089/1423 965/3097/965 1438/2545/1438
f 972/3098/972 1437/3086/1437 1446/2568/1446
f 1431/3091/1431 1430/3087/1430 969/2541/969 970/2540/970
g Sphere.003_Sphere.003
v -0.000000 9.808620 0.055890
v -0.000000 9.640089 -0.499680
v -0.000000 9.364190 -0.775580
v -0.000000 9.003710 -0.924895
v -0.000000 1.987067 -0.944110
v -0.000000 1.791977 -0.924895
v -0.000000 1.431497 -0.775580
v -0.000000 0.987067 0.055890
v 0.038060 9.789406 -0.135452
v 0.074658 9.732500 -0.319440
v 0.108386 9.640089 -0.489005
v 0.137950 9.515726 -0.637630
v 0.162212 9.364190 -0.759603
v 0.180240 9.191303 -0.850237
v 0.191342 9.003710 -0.906050
v 0.195090 1.987067 -0.924895
v 0.191342 1.791977 -0.906050
v 0.180240 1.604384 -0.850237
v 0.162212 1.431497 -0.759603
v 0.137950 1.279960 -0.637630
v 0.108386 1.155598 -0.489005
v 0.074658 1.063188 -0.319440
v 0.038060 1.006282 -0.135452
v 0.074658 9.789406 -0.124350
v 0.146447 9.732500 -0.297663
v 0.212608 9.640089 -0.457390
v 0.270598 9.515726 -0.597391
v 0.318190 9.364190 -0.712288
v 0.353553 9.191303 -0.797663
v 0.375330 9.003710 -0.850237
v 0.382683 1.987067 -0.867989
v 0.375330 1.791977 -0.850237
v 0.353553 1.604384 -0.797663
v 0.318190 1.431497 -0.712288
v 0.270598 1.279960 -0.597391
v 0.212608 1.155598 -0.457390
v 0.146447 1.063188 -0.297663
v 0.074658 1.006282 -0.124350
v 0.108386 9.789406 -0.106322
v 0.212608 9.732500 -0.262300
v 0.308658 9.640089 -0.406050
v 0.392847 9.515726 -0.532048
v 0.461940 9.364190 -0.635451
v 0.513280 9.191303 -0.712288
v 0.544895 9.003710 -0.759603
v 0.555570 1.987067 -0.775579
v 0.544895 1.791977 -0.759603
v 0.513280 1.604384 -0.712288
v 0.461940 1.431497 -0.635451
v 0.392847 1.279960 -0.532048
v 0.308658 1.155598 -0.406050
v 0.212608 1.063188 -0.262300
v 0.108386 1.006282 -0.106322
v 0.137950 9.789406 -0.082060
v 0.270598 9.732500 -0.214708
v 0.392847 9.640089 -0.336957
v 0.500000 9.515726 -0.444110
v 0.587938 9.364190 -0.532048
v 0.653281 9.191303 -0.597391
v 0.693520 9.003710 -0.637630
v 0.707107 1.987067 -0.651217
v 0.693520 1.791977 -0.637630
v 0.653281 1.604384 -0.597391
v 0.587938 1.431497 -0.532048
v 0.500000 1.279960 -0.444110
v 0.392847 1.155598 -0.336957
v 0.270598 1.063188 -0.214708
v 0.137950 1.006282 -0.082060
v 0.162212 9.789406 -0.052496
v 0.318190 9.732500 -0.156717
v 0.461940 9.640089 -0.252768
v 0.587938 9.515726 -0.336957
v 0.691342 9.364190 -0.406050
v 0.768178 9.191303 -0.457390
v 0.815493 9.003710 -0.489005
v 0.831470 1.987067 -0.499680
v 0.815493 1.791977 -0.489005
v 0.768178 1.604384 -0.457390
v 0.691342 1.431497 -0.406050
v 0.587938 1.279960 -0.336957
v 0.461940 1.155598 -0.252768
v 0.318190 1.063188 -0.156717
v 0.162212 1.006282 -0.052496
v 0.180240 9.789406 -0.018768
v 0.353553 9.732500 -0.090557
v 0.513280 9.640089 -0.156717
v 0.653281 9.515726 -0.214708
v 0.768178 9.364190 -0.262299
v 0.853553 9.191303 -0.297663
v 0.906127 9.003710 -0.319440
v 0.923879 1.987067 -0.326793
v 0.906127 1.791977 -0.319440
v 0.853553 1.604384 -0.297663
v 0.768178 1.431497 -0.262299
v 0.653281 1.279960 -0.214708
v 0.513280 1.155598 -0.156717
v 0.353553 1.063188 -0.090557
v 0.180240 1.006282 -0.018768
v 0.191342 9.789406 0.017830
v 0.375330 9.732500 -0.018768
v 0.544895 9.640089 -0.052496
v 0.693520 9.515726 -0.082060
v 0.815493 9.364190 -0.106321
v 0.906127 9.191303 -0.124350
v 0.961940 9.003710 -0.135452
v 0.980785 1.987067 -0.139200
v 0.961940 1.791977 -0.135452
v 0.906127 1.604384 -0.124350
v 0.815493 1.431497 -0.106321
v 0.693520 1.279960 -0.082060
v 0.544895 1.155598 -0.052496
v 0.375330 1.063188 -0.018768
v 0.191342 1.006282 0.017830
v 0.195090 9.789406 0.055890
v 0.382683 9.732500 0.055890
v 0.555570 9.640089 0.055890
v 0.707107 9.515726 0.055890
v 0.831469 9.364190 0.055890
v 0.923879 9.191303 0.055890
v 0.980785 9.003710 0.055890
v 1.000000 1.987067 0.055890
v 0.980785 1.791977 0.055890
v 0.923879 1.604384 0.055890
v 0.831469 1.431497 0.055890
v 0.707107 1.279960 0.055890
v 0.555570 1.155598 0.055890
v 0.382683 1.063188 0.055890
v 0.195090 1.006282 0.055890
v 0.191342 9.789406 0.093950
v 0.375330 9.732500 0.130548
v 0.544895 9.640089 0.164276
v 0.693520 9.515726 0.193840
v 0.815493 9.364190 0.218102
v 0.906127 9.191303 0.236130
v 0.961940 9.003710 0.247232
v 0.980785 1.987067 0.250980
v 0.961940 1.791977 0.247232
v 0.906127 1.604384 0.236130
v 0.815493 1.431497 0.218102
v 0.693520 1.279960 0.193840
v 0.544895 1.155598 0.164276
v 0.375330 1.063188 0.130548
v 0.191342 1.006282 0.093950
v 0.180240 9.789406 0.130548
v 0.353553 9.732500 0.202337
v 0.513280 9.640089 0.268498
v 0.653281 9.515726 0.326488
v 0.768178 9.364190 0.374080
v 0.853553 9.191303 0.409443
v 0.906127 9.003710 0.431220
v 0.923879 1.987067 0.438574
v 0.906127 1.791977 0.431220
v 0.853553 1.604384 0.409443
v 0.768178 1.431497 0.374080
v 0.653281 1.279960 0.326488
v 0.513280 1.155598 0.268498
v 0.353553 1.063188 0.202337
v 0.180240 1.006282 0.130548
v 0.162212 9.789406 0.164276
v 0.318190 9.732500 0.268498
v 0.461940 9.640089 0.364548
v 0.587938 9.515726 0.448738
v 0.691341 9.364190 0.517830
v 0.768178 9.191303 0.569170
v 0.815493 9.003710 0.600785
v 0.831469 1.987067 0.611460
v 0.815493 1.791977 0.600785
v 0.768178 1.604384 0.569170
v 0.691341 1.431497 0.517830
v 0.587938 1.279960 0.448738
v 0.461940 1.155598 0.364548
v 0.318190 1.063188 0.268498
v 0.162212 1.006282 0.164276
v 0.137950 9.789406 0.193840
v 0.270598 9.732500 0.326488
v 0.392847 9.640089 0.448738
v 0.500000 9.515726 0.555890
v 0.587938 9.364190 0.643828
v 0.653281 9.191303 0.709171
v 0.693520 9.003710 0.749410
v 0.707106 1.987067 0.762997
v 0.693520 1.791977 0.749410
v 0.653281 1.604384 0.709171
v 0.587938 1.431497 0.643828
v 0.500000 1.279960 0.555890
v 0.392847 1.155598 0.448738
v 0.270598 1.063188 0.326488
v 0.137950 1.006282 0.193840
v 0.108386 9.789406 0.218102
v 0.212607 9.732500 0.374080
v 0.308658 9.640089 0.517830
v 0.392847 9.515726 0.643828
v 0.461940 9.364190 0.747232
v 0.513280 9.191303 0.824068
v 0.544895 9.003710 0.871383
v 0.555570 1.987067 0.887359
v 0.544895 1.791977 0.871383
v 0.513280 1.604384 0.824068
v 0.461940 1.431497 0.747232
v 0.392847 1.279960 0.643828
v 0.308658 1.155598 0.517830
v 0.212607 1.063188 0.374080
v 0.108386 1.006282 0.218102
v 0.074658 9.789406 0.236130
v 0.146447 9.732500 0.409443
v 0.212607 9.640089 0.569170
v 0.270598 9.515726 0.709171
v 0.318189 9.364190 0.824068
v 0.353553 9.191303 0.909443
v 0.375330 9.003710 0.962017
v 0.382683 1.987067 0.979769
v 0.375330 1.791977 0.962017
v 0.353553 1.604384 0.909443
v 0.318189 1.431497 0.824068
v 0.270598 1.279960 0.709171
v 0.212607 1.155598 0.569170
v 0.146447 1.063188 0.409443
v 0.074658 1.006282 0.236130
v 0.038060 9.789406 0.247232
v 0.074658 9.732500 0.431220
v 0.108386 9.640089 0.600785
v 0.137950 9.515726 0.749410
v 0.162212 9.364190 0.871383
v 0.180240 9.191303 0.962017
v 0.191342 9.003710 1.017830
v 0.195090 1.987067 1.036675
v 0.191342 1.791977 1.017830
v 0.180240 1.604384 0.962017
v 0.162212 1.431497 0.871383
v 0.137950 1.279960 0.749410
v 0.108386 1.155598 0.600785
v 0.074658 1.063188 0.431220
v 0.038060 1.006282 0.247232
v -0.000000 9.789406 0.250980
v -0.000000 9.732500 0.438573
v -0.000000 9.640089 0.611460
v -0.000000 9.515726 0.762997
v -0.000000 9.364190 0.887359
v 0.000000 9.191303 0.979769
v -0.000000 9.003710 1.036675
v -0.000000 1.987067 1.055889
v -0.000000 1.791977 1.036675
v 0.000000 1.604384 0.979769
v -0.000000 1.431497 0.887359
v -0.000000 1.279960 0.762997
v -0.000000 1.155598 0.611460
v -0.000000 1.063188 0.438573
v -0.000000 1.006282 0.250980
v -0.038060 9.789406 0.247232
v -0.074658 9.732500 0.431220
v -0.108386 9.640089 0.600785
v -0.137950 9.515726 0.749410
v -0.162212 9.364190 0.871383
v -0.180240 9.191303 0.962017
v -0.191342 9.003710 1.017829
v -0.195091 1.987067 1.036675
v -0.191342 1.791977 1.017829
v -0.180240 1.604384 0.962017
v -0.162212 1.431497 0.871383
v -0.137950 1.279960 0.749410
v -0.108386 1.155598 0.600785
v -0.074658 1.063188 0.431220
v -0.038060 1.006282 0.247232
v -0.074658 9.789406 0.236130
v -0.146447 9.732500 0.409443
v -0.212608 9.640089 0.569170
v -0.270598 9.515726 0.709171
v -0.318190 9.364190 0.824067
v -0.353553 9.191303 0.909443
v -0.375330 9.003710 0.962017
v -0.382683 1.987067 0.979769
v -0.375330 1.791977 0.962017
v -0.353553 1.604384 0.909443
v -0.318190 1.431497 0.824067
v -0.270598 1.279960 0.709171
v -0.212608 1.155598 0.569170
v -0.146447 1.063188 0.409443
v -0.074658 1.006282 0.236130
v -0.108386 9.789406 0.218102
v -0.212608 9.732500 0.374080
v -0.308658 9.640089 0.517829
v -0.392847 9.515726 0.643828
v -0.461940 9.364190 0.747231
v -0.513280 9.191303 0.824068
v -0.544895 9.003710 0.871383
v -0.555570 1.987067 0.887359
v -0.544895 1.791977 0.871383
v -0.513280 1.604384 0.824068
v -0.461940 1.431497 0.747231
v -0.392847 1.279960 0.643828
v -0.308658 1.155598 0.517829
v -0.212608 1.063188 0.374080
v -0.108386 1.006282 0.218102
v -0.137950 9.789406 0.193840
v -0.270598 9.732500 0.326488
v -0.392847 9.640089 0.448737
v -0.500000 9.515726 0.555890
v -0.587938 9.364190 0.643827
v -0.653281 9.191303 0.709171
v -0.693520 9.003710 0.749410
v -0.707106 1.987067 0.762996
v -0.693520 1.791977 0.749410
v -0.653281 1.604384 0.709171
v -0.587938 1.431497 0.643827
v -0.500000 1.279960 0.555890
v -0.392847 1.155598 0.448737
v -0.270598 1.063188 0.326488
v -0.137950 1.006282 0.193840
v -0.162212 9.789406 0.164276
v -0.318190 9.732500 0.268497
v -0.461940 9.640089 0.364548
v -0.587938 9.515726 0.448737
v -0.691341 9.364190 0.517830
v -0.768177 9.191303 0.569170
v -0.815493 9.003710 0.600785
v -0.831469 1.987067 0.611459
v -0.815493 1.791977 0.600785
v -0.768177 1.604384 0.569170
v -0.691341 1.431497 0.517830
v -0.587938 1.279960 0.448737
v -0.461940 1.155598 0.364548
v -0.318190 1.063188 0.268497
v -0.162212 1.006282 0.164276
v -0.180240 9.789406 0.130548
v -0.353553 9.732500 0.202337
v -0.513280 9.640089 0.268497
v -0.653281 9.515726 0.326488
v -0.768177 9.364190 0.374079
v -0.853553 9.191303 0.409443
v -0.906127 9.003710 0.431220
v -0.923879 1.987067 0.438573
v -0.906127 1.791977 0.431220
v -0.853553 1.604384 0.409443
v -0.768177 1.431497 0.374079
v -0.653281 1.279960 0.326488
v -0.513280 1.155598 0.268497
v -0.353553 1.063188 0.202337
v -0.180240 1.006282 0.130548
v -0.191342 9.789406 0.093950
v -0.375330 9.732500 0.130548
v -0.544895 9.640089 0.164276
v -0.693520 9.515726 0.193840
v -0.815493 9.364190 0.218102
v -0.906127 9.191303 0.236130
v -0.961939 9.003710 0.247231
v -0.980784 1.987067 0.250980
v -0.961939 1.791977 0.247231
v -0.906127 1.604384 0.236130
v -0.815493 1.431497 0.218102
v -0.693520 1.279960 0.193840
v -0.544895 1.155598 0.164276
v -0.375330 1.063188 0.130548
v -0.191342 1.006282 0.093950
v -0.195090 9.789406 0.055890
v -0.382683 9.732500 0.055890
v -0.555570 9.640089 0.055890
v -0.707107 9.515726 0.055890
v -0.831469 9.364190 0.055890
v -0.923879 9.191303 0.055890
v -0.980785 9.003710 0.055890
v -0.999999 1.987067 0.055890
v -0.980785 1.791977 0.055890
v -0.923879 1.604384 0.055890
v -0.831469 1.431497 0.055890
v -0.707107 1.279960 0.055890
v -0.555570 1.155598 0.055890
v -0.382683 1.063188 0.055890
v -0.195090 1.006282 0.055890
v -0.191342 9.789406 0.017830
v -0.375330 9.732500 -0.018768
v -0.544895 9.640089 -0.052496
v -0.693520 9.515726 -0.082060
v -0.815493 9.364190 -0.106322
v -0.906127 9.191303 -0.124350
v -0.961939 9.003710 -0.135452
v -0.980784 1.987067 -0.139200
v -0.961939 1.791977 -0.135452
v -0.906127 1.604384 -0.124350
v -0.815493 1.431497 -0.106322
v -0.693520 1.279960 -0.082060
v -0.544895 1.155598 -0.052496
v -0.375330 1.063188 -0.018768
v -0.191342 1.006282 0.017830
v -0.180240 9.789406 -0.018768
v -0.353553 9.732500 -0.090557
v -0.513279 9.640089 -0.156717
v -0.653281 9.515726 -0.214708
v -0.768177 9.364190 -0.262300
v -0.853553 9.191303 -0.297663
v -0.906127 9.003710 -0.319440
v -0.923878 1.987067 -0.326793
v -0.906127 1.791977 -0.319440
v -0.853553 1.604384 -0.297663
v -0.768177 1.431497 -0.262300
v -0.653281 1.279960 -0.214708
v -0.513279 1.155598 -0.156717
v -0.353553 1.063188 -0.090557
v -0.180240 1.006282 -0.018768
v -0.162212 9.789406 -0.052496
v -0.318189 9.732500 -0.156717
v -0.461939 9.640089 -0.252768
v -0.587938 9.515726 -0.336957
v -0.691341 9.364190 -0.406050
v -0.768177 9.191303 -0.457390
v -0.815493 9.003710 -0.489005
v -0.831468 1.987067 -0.499680
v -0.815493 1.791977 -0.489005
v -0.768177 1.604384 -0.457390
v -0.691341 1.431497 -0.406050
v -0.587938 1.279960 -0.336957
v -0.461939 1.155598 -0.252768
v -0.318189 1.063188 -0.156717
v -0.162212 1.006282 -0.052496
v -0.137950 9.789406 -0.082059
v -0.270598 9.732500 -0.214708
v -0.392847 9.640089 -0.336957
v -0.500000 9.515726 -0.444110
v -0.587937 9.364190 -0.532047
v -0.653281 9.191303 -0.597391
v -0.693519 9.003710 -0.637630
v -0.707106 1.987067 -0.651216
v -0.693519 1.791977 -0.637630
v -0.653281 1.604384 -0.597391
v -0.587937 1.431497 -0.532047
v -0.500000 1.279960 -0.444110
v -0.392847 1.155598 -0.336957
v -0.270598 1.063188 -0.214708
v -0.137950 1.006282 -0.082059
v -0.108386 9.789406 -0.106321
v -0.212607 9.732500 -0.262299
v -0.308658 9.640089 -0.406049
v -0.392847 9.515726 -0.532048
v -0.461939 9.364190 -0.635451
v -0.513280 9.191303 -0.712287
v -0.544895 9.003710 -0.759603
v -0.555569 1.987067 -0.775579
v -0.544895 1.791977 -0.759603
v -0.513280 1.604384 -0.712287
v -0.461939 1.431497 -0.635451
v -0.392847 1.279960 -0.532048
v -0.308658 1.155598 -0.406049
v -0.212607 1.063188 -0.262299
v -0.108386 1.006282 -0.106321
v -0.074658 9.789406 -0.124350
v -0.146446 9.732500 -0.297663
v -0.212607 9.640089 -0.457389
v -0.270598 9.515726 -0.597391
v -0.318189 9.364190 -0.712287
v -0.353553 9.191303 -0.797663
v -0.375330 9.003710 -0.850237
v -0.382683 1.987067 -0.867989
v -0.375330 1.791977 -0.850237
v -0.353553 1.604384 -0.797663
v -0.318189 1.431497 -0.712287
v -0.270598 1.279960 -0.597391
v -0.212607 1.155598 -0.457389
v -0.146446 1.063188 -0.297663
v -0.074658 1.006282 -0.124350
v -0.038060 9.789406 -0.135451
v -0.074658 9.732500 -0.319440
v -0.108386 9.640089 -0.489004
v -0.137950 9.515726 -0.637630
v -0.162211 9.364190 -0.759602
v -0.180240 9.191303 -0.850237
v -0.191341 9.003710 -0.906049
v -0.195090 1.987067 -0.924894
v -0.191341 1.791977 -0.906049
v -0.180240 1.604384 -0.850237
v -0.162211 1.431497 -0.759602
v -0.137950 1.279960 -0.637630
v -0.108386 1.155598 -0.489004
v -0.074658 1.063188 -0.319440
v -0.038060 1.006282 -0.135451
v 0.000000 9.789406 -0.139200
v 0.000000 9.732500 -0.326793
v 0.000000 9.515726 -0.651217
v 0.000000 9.191303 -0.867989
v 0.000000 1.604384 -0.867989
v 0.000000 1.279960 -0.651217
v 0.000000 1.155598 -0.499679
v 0.000000 1.063188 -0.326793
v 0.000000 1.006282 -0.139200
vn -0.0000 1.0000 -0.0000
vn -0.0000 0.8286 -0.5598
vn -0.0000 0.5528 -0.8333
vn -0.0000 0.1468 -0.9892
vn -0.0000 -0.0476 -0.9989
vn -0.0000 -0.1939 -0.9810
vn -0.0000 -0.5528 -0.8333
vn -0.0000 -1.0000 -0.0000
vn 0.0392 0.9796 -0.1971
vn 0.0757 0.9217 -0.3804
vn 0.1092 0.8286 -0.5490
vn 0.1385 0.7041 -0.6965
vn 0.1626 0.5528 -0.8173
vn 0.1804 0.3805 -0.9070
vn 0.1930 0.1468 -0.9702
vn 0.1949 -0.0476 -0.9797
vn 0.1914 -0.1939 -0.9622
vn 0.1804 -0.3805 -0.9070
vn 0.1626 -0.5528 -0.8173
vn 0.1385 -0.7041 -0.6965
vn 0.1092 -0.8286 -0.5490
vn 0.0757 -0.9217 -0.3804
vn 0.0392 -0.9796 -0.1971
vn 0.0769 0.9796 -0.1857
vn 0.1484 0.9217 -0.3584
vn 0.2142 0.8286 -0.5172
vn 0.2718 0.7041 -0.6561
vn 0.3189 0.5528 -0.7699
vn 0.3539 0.3805 -0.8544
vn 0.3785 0.1468 -0.9139
vn 0.3823 -0.0476 -0.9228
vn 0.3754 -0.1939 -0.9063
vn 0.3539 -0.3805 -0.8544
vn 0.3189 -0.5528 -0.7699
vn 0.2718 -0.7041 -0.6561
vn 0.2142 -0.8286 -0.5172
vn 0.1484 -0.9217 -0.3584
vn 0.0769 -0.9796 -0.1857
vn 0.1117 0.9796 -0.1671
vn 0.2155 0.9217 -0.3225
vn 0.3110 0.8286 -0.4654
vn 0.3945 0.7041 -0.5905
vn 0.4630 0.5528 -0.6929
vn 0.5138 0.3805 -0.7689
vn 0.5496 0.1468 -0.8225
vn 0.5549 -0.0476 -0.8305
vn 0.5450 -0.1939 -0.8157
vn 0.5138 -0.3805 -0.7689
vn 0.4630 -0.5528 -0.6929
vn 0.3945 -0.7041 -0.5905
vn 0.3110 -0.8286 -0.4654
vn 0.2155 -0.9217 -0.3225
vn 0.1117 -0.9796 -0.1671
vn 0.1421 0.9796 -0.1421
vn 0.2743 0.9217 -0.2743
vn 0.3958 0.8286 -0.3958
vn 0.5021 0.7041 -0.5021
vn 0.5893 0.5528 -0.5893
vn 0.6539 0.3805 -0.6539
vn 0.6994 0.1468 -0.6994
vn 0.7063 -0.0476 -0.7063
vn 0.6937 -0.1939 -0.6937
vn 0.6539 -0.3805 -0.6539
vn 0.5893 -0.5528 -0.5893
vn 0.5021 -0.7041 -0.5021
vn 0.3958 -0.8286 -0.3958
vn 0.2743 -0.9217 -0.2743
vn 0.1421 -0.9796 -0.1421
vn 0.1671 0.9796 -0.1117
vn 0.3225 0.9217 -0.2155
vn 0.4654 0.8286 -0.3110
vn 0.5905 0.7041 -0.3945
vn 0.6929 0.5528 -0.4630
vn 0.7689 0.3805 -0.5138
vn 0.8225 0.1468 -0.5496
vn 0.8305 -0.0476 -0.5549
vn 0.8157 -0.1939 -0.5450
vn 0.7689 -0.3805 -0.5138
vn 0.6929 -0.5528 -0.4630
vn 0.5905 -0.7041 -0.3945
vn 0.4654 -0.8286 -0.3110
vn 0.3225 -0.9217 -0.2155
vn 0.1671 -0.9796 -0.1117
vn 0.1857 0.9796 -0.0769
vn 0.3584 0.9217 -0.1484
vn 0.5172 0.8286 -0.2142
vn 0.6561 0.7041 -0.2718
vn 0.7699 0.5528 -0.3189
vn 0.8544 0.3805 -0.3539
vn 0.9139 0.1468 -0.3785
vn 0.9228 -0.0476 -0.3823
vn 0.9063 -0.1939 -0.3754
vn 0.8544 -0.3805 -0.3539
vn 0.7699 -0.5528 -0.3189
vn 0.6561 -0.7041 -0.2718
vn 0.5172 -0.8286 -0.2142
vn 0.3584 -0.9217 -0.1484
vn 0.1857 -0.9796 -0.0769
vn 0.1971 0.9796 -0.0392
vn 0.3804 0.9217 -0.0757
vn 0.5490 0.8286 -0.1092
vn 0.6965 0.7041 -0.1385
vn 0.8173 0.5528 -0.1626
vn 0.9070 0.3805 -0.1804
vn 0.9702 0.1468 -0.1930
vn 0.9797 -0.0476 -0.1949
vn 0.9622 -0.1939 -0.1914
vn 0.9070 -0.3805 -0.1804
vn 0.8173 -0.5528 -0.1626
vn 0.6965 -0.7041 -0.1385
vn 0.5490 -0.8286 -0.1092
vn 0.3804 -0.9217 -0.0757
vn 0.1971 -0.9796 -0.0392
vn 0.2010 0.9796 -0.0000
vn 0.3879 0.9217 -0.0000
vn 0.5598 0.8286 -0.0000
vn 0.7101 0.7041 -0.0000
vn 0.8333 0.5528 -0.0000
vn 0.9248 0.3805 -0.0000
vn 0.9892 0.1468 -0.0000
vn 0.9989 -0.0476 -0.0000
vn 0.9810 -0.1939 -0.0000
vn 0.9248 -0.3805 -0.0000
vn 0.8333 -0.5528 -0.0000
vn 0.7101 -0.7041 -0.0000
vn 0.5598 -0.8286 -0.0000
vn 0.3879 -0.9217 -0.0000
vn 0.2010 -0.9796 -0.0000
vn 0.1971 0.9796 0.0392
vn 0.3804 0.9217 0.0757
vn 0.5490 0.8286 0.1092
vn 0.6965 0.7041 0.1385
vn 0.8173 0.5528 0.1626
vn 0.9070 0.3805 0.1804
vn 0.9702 0.1468 0.1930
vn 0.9797 -0.0476 0.1949
vn 0.9622 -0.1939 0.1914
vn 0.9070 -0.3805 0.1804
vn 0.8173 -0.5528 0.1626
vn 0.6965 -0.7041 0.1385
vn 0.5490 -0.8286 0.1092
vn 0.3804 -0.9217 0.0757
vn 0.1971 -0.9796 0.0392
vn 0.1857 0.9796 0.0769
vn 0.3584 0.9217 0.1484
vn 0.5172 0.8286 0.2142
vn 0.6561 0.7041 0.2718
vn 0.7699 0.5528 0.3189
vn 0.8544 0.3805 0.3539
vn 0.9139 0.1468 0.3785
vn 0.9228 -0.0476 0.3823
vn 0.9063 -0.1939 0.3754
vn 0.8544 -0.3805 0.3539
vn 0.7699 -0.5528 0.3189
vn 0.6561 -0.7041 0.2718
vn 0.5172 -0.8286 0.2142
vn 0.3584 -0.9217 0.1484
vn 0.1857 -0.9796 0.0769
vn 0.1671 0.9796 0.1117
vn 0.3225 0.9217 0.2155
vn 0.4654 0.8286 0.3110
vn 0.5905 0.7041 0.3945
vn 0.6929 0.5528 0.4630
vn 0.7689 0.3805 0.5138
vn 0.8225 0.1468 0.5496
vn 0.8305 -0.0476 0.5549
vn 0.8157 -0.1939 0.5450
vn 0.7689 -0.3805 0.5138
vn 0.6929 -0.5528 0.4630
vn 0.5905 -0.7041 0.3945
vn 0.4654 -0.8286 0.3110
vn 0.3225 -0.9217 0.2155
vn 0.1671 -0.9796 0.1117
vn 0.1421 0.9796 0.1421
vn 0.2743 0.9217 0.2743
vn 0.3958 0.8286 0.3958
vn 0.5021 0.7041 0.5021
vn 0.5893 0.5528 0.5893
vn 0.6539 0.3805 0.6539
vn 0.6994 0.1468 0.6994
vn 0.7063 -0.0476 0.7063
vn 0.6937 -0.1939 0.6937
vn 0.6539 -0.3805 0.6539
vn 0.5893 -0.5528 0.5893
vn 0.5021 -0.7041 0.5021
vn 0.3958 -0.8286 0.3958
vn 0.2743 -0.9217 0.2743
vn 0.1421 -0.9796 0.1421
vn 0.1117 0.9796 0.1671
vn 0.2155 0.9217 0.3225
vn 0.3110 0.8286 0.4654
vn 0.3945 0.7041 0.5905
vn 0.4630 0.5528 0.6929
vn 0.5138 0.3805 0.7689
vn 0.5496 0.1468 0.8225
vn 0.5549 -0.0476 0.8305
vn 0.5450 -0.1939 0.8157
vn 0.5138 -0.3805 0.7689
vn 0.4630 -0.5528 0.6929
vn 0.3945 -0.7041 0.5905
vn 0.3110 -0.8286 0.4654
vn 0.2155 -0.9217 0.3225
vn 0.1117 -0.9796 0.1671
vn 0.0769 0.9796 0.1857
vn 0.1484 0.9217 0.3584
vn 0.2142 0.8286 0.5172
vn 0.2718 0.7041 0.6561
vn 0.3189 0.5528 0.7699
vn 0.3539 0.3805 0.8544
vn 0.3785 0.1468 0.9139
vn 0.3823 -0.0476 0.9228
vn 0.3754 -0.1939 0.9063
vn 0.3539 -0.3805 0.8544
vn 0.3189 -0.5528 0.7699
vn 0.2718 -0.7041 0.6561
vn 0.2142 -0.8286 0.5172
vn 0.1484 -0.9217 0.3584
vn 0.0769 -0.9796 0.1857
vn 0.0392 0.9796 0.1971
vn 0.0757 0.9217 0.3804
vn 0.1092 0.8286 0.5490
vn 0.1385 0.7041 0.6965
vn 0.1626 0.5528 0.8173
vn 0.1804 0.3805 0.9070
vn 0.1930 0.1468 0.9702
vn 0.1949 -0.0476 0.9797
vn 0.1914 -0.1939 0.9622
vn 0.1804 -0.3805 0.9070
vn 0.1626 -0.5528 0.8173
vn 0.1385 -0.7041 0.6965
vn 0.1092 -0.8286 0.5490
vn 0.0757 -0.9217 0.3804
vn 0.0392 -0.9796 0.1971
vn -0.0000 0.9796 0.2010
vn -0.0000 0.9217 0.3879
vn -0.0000 0.8286 0.5598
vn -0.0000 0.7041 0.7101
vn -0.0000 0.5528 0.8333
vn -0.0000 0.3805 0.9248
vn -0.0000 0.1468 0.9892
vn -0.0000 -0.0476 0.9989
vn -0.0000 -0.1939 0.9810
vn -0.0000 -0.3805 0.9248
vn -0.0000 -0.5528 0.8333
vn -0.0000 -0.7041 0.7101
vn -0.0000 -0.8286 0.5598
vn -0.0000 -0.9217 0.3879
vn -0.0000 -0.9796 0.2010
vn -0.0392 0.9796 0.1971
vn -0.0757 0.9217 0.3804
vn -0.1092 0.8286 0.5490
vn -0.1385 0.7041 0.6965
vn -0.1626 0.5528 0.8173
vn -0.1804 0.3805 0.9070
vn -0.1930 0.1468 0.9702
vn -0.1949 -0.0476 0.9797
vn -0.1914 -0.1939 0.9622
vn -0.1804 -0.3805 0.9070
vn -0.1626 -0.5528 0.8173
vn -0.1385 -0.7041 0.6965
vn -0.1092 -0.8286 0.5490
vn -0.0757 -0.9217 0.3804
vn -0.0392 -0.9796 0.1971
vn -0.0769 0.9796 0.1857
vn -0.1484 0.9217 0.3584
vn -0.2142 0.8286 0.5172
vn -0.2718 0.7041 0.6561
vn -0.3189 0.5528 0.7699
vn -0.3539 0.3805 0.8544
vn -0.3785 0.1468 0.9139
vn -0.3823 -0.0476 0.9228
vn -0.3754 -0.1939 0.9063
vn -0.3539 -0.3805 0.8544
vn -0.3189 -0.5528 0.7699
vn -0.2718 -0.7041 0.6561
vn -0.2142 -0.8286 0.5172
vn -0.1484 -0.9217 0.3584
vn -0.0769 -0.9796 0.1857
vn -0.1117 0.9796 0.1671
vn -0.2155 0.9217 0.3225
vn -0.3110 0.8286 0.4654
vn -0.3945 0.7041 0.5905
vn -0.4630 0.5528 0.6929
vn -0.5138 0.3805 0.7689
vn -0.5496 0.1468 0.8225
vn -0.5549 -0.0476 0.8305
vn -0.5450 -0.1939 0.8157
vn -0.5138 -0.3805 0.7689
vn -0.4630 -0.5528 0.6929
vn -0.3945 -0.7041 0.5905
vn -0.3110 -0.8286 0.4654
vn -0.2155 -0.9217 0.3225
vn -0.1117 -0.9796 0.1671
vn -0.1421 0.9796 0.1421
vn -0.2743 0.9217 0.2743
vn -0.3958 0.8286 0.3958
vn -0.5021 0.7041 0.5021
vn -0.5893 0.5528 0.5893
vn -0.6539 0.3805 0.6539
vn -0.6994 0.1468 0.6994
vn -0.7063 -0.0475 0.7063
vn -0.6937 -0.1939 0.6937
vn -0.6539 -0.3805 0.6539
vn -0.5893 -0.5528 0.5893
vn -0.5021 -0.7041 0.5021
vn -0.3958 -0.8286 0.3958
vn -0.2743 -0.9217 0.2743
vn -0.1421 -0.9796 0.1421
vn -0.1671 0.9796 0.1117
vn -0.3225 0.9217 0.2155
vn -0.4654 0.8286 0.3110
vn -0.5905 0.7041 0.3945
vn -0.6929 0.5528 0.4630
vn -0.7689 0.3805 0.5138
vn -0.8225 0.1468 0.5496
vn -0.8305 -0.0475 0.5549
vn -0.8157 -0.1939 0.5450
vn -0.7689 -0.3805 0.5138
vn -0.6929 -0.5528 0.4630
vn -0.5905 -0.7041 0.3945
vn -0.4654 -0.8286 0.3110
vn -0.3225 -0.9217 0.2155
vn -0.1671 -0.9796 0.1117
vn -0.1857 0.9796 0.0769
vn -0.3584 0.9217 0.1484
vn -0.5172 0.8286 0.2142
vn -0.6561 0.7041 0.2718
vn -0.7699 0.5528 0.3189
vn -0.8544 0.3805 0.3539
vn -0.9139 0.1468 0.3785
vn -0.9228 -0.0475 0.3822
vn -0.9063 -0.1939 0.3754
vn -0.8544 -0.3805 0.3539
vn -0.7699 -0.5528 0.3189
vn -0.6561 -0.7041 0.2718
vn -0.5172 -0.8286 0.2142
vn -0.3584 -0.9217 0.1484
vn -0.1857 -0.9796 0.0769
vn -0.1971 0.9796 0.0392
vn -0.3804 0.9217 0.0757
vn -0.5490 0.8286 0.1092
vn -0.6965 0.7041 0.1385
vn -0.8173 0.5528 0.1626
vn -0.9070 0.3805 0.1804
vn -0.9702 0.1468 0.1930
vn -0.9797 -0.0475 0.1949
vn -0.9622 -0.1939 0.1914
vn -0.9070 -0.3805 0.1804
vn -0.8173 -0.5528 0.1626
vn -0.6965 -0.7041 0.1385
vn -0.5490 -0.8286 0.1092
vn -0.3804 -0.9217 0.0757
vn -0.1971 -0.9796 0.0392
vn -0.2010 0.9796 -0.0000
vn -0.3879 0.9217 -0.0000
vn -0.5598 0.8286 -0.0000
vn -0.7101 0.7041 -0.0000
vn -0.8333 0.5528 -0.0000
vn -0.9248 0.3805 -0.0000
vn -0.9892 0.1468 -0.0000
vn -0.9989 -0.0475 -0.0000
vn -0.9810 -0.1939 -0.0000
vn -0.9248 -0.3805 -0.0000
vn -0.8333 -0.5528 -0.0000
vn -0.7101 -0.7041 -0.0000
vn -0.5598 -0.8286 -0.0000
vn -0.3879 -0.9217 -0.0000
vn -0.2010 -0.9796 -0.0000
vn -0.1971 0.9796 -0.0392
vn -0.3804 0.9217 -0.0757
vn -0.5490 0.8286 -0.1092
vn -0.6965 0.7041 -0.1385
vn -0.8173 0.5528 -0.1626
vn -0.9070 0.3805 -0.1804
vn -0.9702 0.1468 -0.1930
vn -0.9797 -0.0475 -0.1949
vn -0.9622 -0.1939 -0.1914
vn -0.9070 -0.3805 -0.1804
vn -0.8173 -0.5528 -0.1626
vn -0.6965 -0.7041 -0.1385
vn -0.5490 -0.8286 -0.1092
vn -0.3804 -0.9217 -0.0757
vn -0.1971 -0.9796 -0.0392
vn -0.1857 0.9796 -0.0769
vn -0.3584 0.9217 -0.1484
vn -0.5172 0.8286 -0.2142
vn -0.6561 0.7041 -0.2718
vn -0.7699 0.5528 -0.3189
vn -0.8544 0.3805 -0.3539
vn -0.9139 0.1468 -0.3785
vn -0.9228 -0.0475 -0.3823
vn -0.9063 -0.1939 -0.3754
vn -0.8544 -0.3805 -0.3539
vn -0.7699 -0.5528 -0.3189
vn -0.6561 -0.7041 -0.2718
vn -0.5172 -0.8286 -0.2142
vn -0.3584 -0.9217 -0.1484
vn -0.1857 -0.9796 -0.0769
vn -0.1671 0.9796 -0.1117
vn -0.3225 0.9217 -0.2155
vn -0.4654 0.8286 -0.3110
vn -0.5905 0.7041 -0.3945
vn -0.6929 0.5528 -0.4630
vn -0.7689 0.3805 -0.5138
vn -0.8225 0.1468 -0.5496
vn -0.8305 -0.0475 -0.5549
vn -0.8157 -0.1939 -0.5450
vn -0.7689 -0.3805 -0.5138
vn -0.6929 -0.5528 -0.4630
vn -0.5905 -0.7041 -0.3945
vn -0.4654 -0.8286 -0.3110
vn -0.3225 -0.9217 -0.2155
vn -0.1671 -0.9796 -0.1117
vn -0.1421 0.9796 -0.1421
vn -0.2743 0.9217 -0.2743
vn -0.3958 0.8286 -0.3958
vn -0.5021 0.7041 -0.5021
vn -0.5893 0.5528 -0.5893
vn -0.6539 0.3805 -0.6539
vn -0.6994 0.1468 -0.6994
vn -0.7063 -0.0475 -0.7063
vn -0.6937 -0.1939 -0.6937
vn -0.6539 -0.3805 -0.6539
vn -0.5893 -0.5528 -0.5893
vn -0.5021 -0.7041 -0.5021
vn -0.3958 -0.8286 -0.3958
vn -0.2743 -0.9217 -0.2743
vn -0.1421 -0.9796 -0.1421
vn -0.1117 0.9796 -0.1671
vn -0.2155 0.9217 -0.3225
vn -0.3110 0.8286 -0.4654
vn -0.3945 0.7041 -0.5905
vn -0.4630 0.5528 -0.6929
vn -0.5138 0.3805 -0.7689
vn -0.5496 0.1468 -0.8225
vn -0.5549 -0.0475 -0.8305
vn -0.5450 -0.1939 -0.8157
vn -0.5138 -0.3805 -0.7689
vn -0.4630 -0.5528 -0.6929
vn -0.3945 -0.7041 -0.5905
vn -0.3110 -0.8286 -0.4654
vn -0.2155 -0.9217 -0.3225
vn -0.1117 -0.9796 -0.1671
vn -0.0769 0.9796 -0.1857
vn -0.1484 0.9217 -0.3584
vn -0.2142 0.8286 -0.5172
vn -0.2718 0.7041 -0.6561
vn -0.3189 0.5528 -0.7699
vn -0.3539 0.3805 -0.8544
vn -0.3785 0.1468 -0.9139
vn -0.3823 -0.0475 -0.9228
vn -0.3754 -0.1939 -0.9063
vn -0.3539 -0.3805 -0.8544
vn -0.3189 -0.5528 -0.7699
vn -0.2718 -0.7041 -0.6561
vn -0.2142 -0.8286 -0.5172
vn -0.1484 -0.9217 -0.3584
vn -0.0769 -0.9796 -0.1857
vn -0.0392 0.9796 -0.1971
vn -0.0757 0.9217 -0.3804
vn -0.1092 0.8286 -0.5490
vn -0.1385 0.7041 -0.6965
vn -0.1626 0.5528 -0.8173
vn -0.1804 0.3805 -0.9070
vn -0.1930 0.1468 -0.9702
vn -0.1949 -0.0475 -0.9797
vn -0.1914 -0.1939 -0.9622
vn -0.1804 -0.3805 -0.9070
vn -0.1626 -0.5528 -0.8173
vn -0.1385 -0.7041 -0.6965
vn -0.1092 -0.8286 -0.5490
vn -0.0757 -0.9217 -0.3804
vn -0.0392 -0.9796 -0.1971
vn -0.0000 0.9796 -0.2010
vn -0.0000 0.9217 -0.3879
vn -0.0000 0.7041 -0.7101
vn -0.0000 0.3805 -0.9248
vn -0.0000 -0.3805 -0.9248
vn -0.0000 -0.7041 -0.7101
vn -0.0000 -0.8286 -0.5598
vn -0.0000 -0.9217 -0.3879
vn -0.0000 -0.9796 -0.2010
vt 0.750000 0.437500
vt 0.750000 0.500000
vt 0.718750 0.500000
vt 0.718750 0.437500
vt 0.755451 1.511933
vt 0.745099 1.574433
vt 0.723643 1.574432
vt 0.713291 1.511932
vt 0.750000 0.375000
vt 0.718750 0.375000
vt 0.753008 1.845439
vt 0.747204 1.907940
vt 0.721543 1.907940
vt 0.715739 1.845441
vt 0.750000 0.312500
vt 0.718750 0.312500
vt 0.751942 2.137680
vt 0.748177 2.200184
vt 0.720574 2.200185
vt 0.716805 2.137683
vt 0.750000 0.250000
vt 0.718750 0.250000
vt 0.751303 2.375211
vt 0.748771 2.437716
vt 0.719979 2.437716
vt 0.717445 2.375212
vt 0.750000 0.187500
vt 0.718750 0.187500
vt 0.750847 2.547158
vt 0.749198 2.609658
vt 0.719547 2.609658
vt 0.717899 2.547155
vt 0.750000 0.125000
vt 0.718750 0.125000
vt 0.750483 2.645400
vt 0.749544 2.707899
vt 0.719203 2.707896
vt 0.718269 2.645401
vt 0.750000 0.062500
vt 0.718750 0.062500
vt 0.749855 2.727093
vt 0.718899 2.727093
vt 0.749997 1.152722
vt 0.734372 1.215222
vt 0.718747 1.152722
vt 0.734375 0.000000
vt 0.687500 0.125000
vt 0.687500 0.062500
vt 0.718601 2.727086
vt 0.687646 2.727086
vt 0.687500 0.500000
vt 0.718750 1.152722
vt 0.703125 1.215222
vt 0.687500 1.152722
vt 0.703125 0.000000
vt 0.687500 0.437500
vt 0.724206 1.511933
vt 0.713853 1.574433
vt 0.692397 1.574433
vt 0.682046 1.511933
vt 0.687500 0.375000
vt 0.721760 1.845440
vt 0.715955 1.907940
vt 0.690295 1.907941
vt 0.684491 1.845442
vt 0.687500 0.312500
vt 0.720693 2.137683
vt 0.716926 2.200184
vt 0.689325 2.200184
vt 0.685557 2.137684
vt 0.687500 0.250000
vt 0.720055 2.375219
vt 0.717521 2.437717
vt 0.688729 2.437717
vt 0.686197 2.375218
vt 0.687500 0.187500
vt 0.719597 2.547155
vt 0.717948 2.609652
vt 0.688300 2.609651
vt 0.686651 2.547154
vt 0.719229 2.645400
vt 0.718297 2.707906
vt 0.687955 2.707907
vt 0.687018 2.645396
vt 0.656250 0.312500
vt 0.656250 0.250000
vt 0.688803 2.375211
vt 0.686270 2.437713
vt 0.657480 2.437714
vt 0.654945 2.375214
vt 0.656250 0.187500
vt 0.688349 2.547158
vt 0.686699 2.609658
vt 0.657051 2.609659
vt 0.655403 2.547160
vt 0.656250 0.125000
vt 0.687980 2.645400
vt 0.687047 2.707906
vt 0.656706 2.707906
vt 0.655768 2.645396
vt 0.656250 0.062500
vt 0.687353 2.727088
vt 0.656396 2.727078
vt 0.656250 0.500000
vt 0.687500 1.152722
vt 0.671875 1.215222
vt 0.656250 1.152722
vt 0.671875 0.000000
vt 0.656250 0.437500
vt 0.692955 1.511932
vt 0.682604 1.574432
vt 0.661147 1.574432
vt 0.650795 1.511932
vt 0.656250 0.375000
vt 0.690510 1.845443
vt 0.684706 1.907944
vt 0.659045 1.907943
vt 0.653240 1.845441
vt 0.689444 2.137683
vt 0.685676 2.200183
vt 0.658074 2.200181
vt 0.654308 2.137684
vt 0.656250 1.152722
vt 0.640625 1.215222
vt 0.625000 1.152721
vt 0.640625 0.000000
vt 0.625000 0.062500
vt 0.625000 0.500000
vt 0.625000 0.437500
vt 0.661705 1.511932
vt 0.651353 1.574433
vt 0.629897 1.574432
vt 0.619545 1.511933
vt 0.625000 0.375000
vt 0.659259 1.845441
vt 0.653457 1.907943
vt 0.627795 1.907942
vt 0.621990 1.845439
vt 0.625000 0.312500
vt 0.658193 2.137680
vt 0.654426 2.200181
vt 0.626824 2.200183
vt 0.623056 2.137680
vt 0.625000 0.250000
vt 0.657555 2.375217
vt 0.655021 2.437714
vt 0.626228 2.437716
vt 0.623696 2.375216
vt 0.625000 0.187500
vt 0.657099 2.547157
vt 0.655451 2.609655
vt 0.625801 2.609656
vt 0.624153 2.547159
vt 0.625000 0.125000
vt 0.656732 2.645399
vt 0.655797 2.707904
vt 0.625455 2.707904
vt 0.624517 2.645394
vt 0.656104 2.727089
vt 0.625146 2.727086
vt 0.626305 2.375216
vt 0.623771 2.437714
vt 0.594977 2.437714
vt 0.592447 2.375218
vt 0.593750 0.250000
vt 0.593750 0.187500
vt 0.625848 2.547159
vt 0.624200 2.609655
vt 0.594550 2.609653
vt 0.592903 2.547158
vt 0.593750 0.125000
vt 0.625480 2.645402
vt 0.624546 2.707904
vt 0.594204 2.707899
vt 0.593267 2.645392
vt 0.593750 0.062500
vt 0.624854 2.727089
vt 0.593896 2.727086
vt 0.593750 0.500000
vt 0.625000 1.152722
vt 0.609375 1.215221
vt 0.593750 1.152722
vt 0.609375 0.000000
vt 0.593750 0.437500
vt 0.630455 1.511933
vt 0.620103 1.574433
vt 0.598647 1.574432
vt 0.588295 1.511932
vt 0.593750 0.375000
vt 0.628010 1.845441
vt 0.622206 1.907942
vt 0.596544 1.907938
vt 0.590741 1.845443
vt 0.593750 0.312500
vt 0.626942 2.137678
vt 0.623176 2.200180
vt 0.595574 2.200180
vt 0.591806 2.137678
vt 0.562500 0.500000
vt 0.562500 0.437500
vt 0.599205 1.511933
vt 0.588854 1.574432
vt 0.567397 1.574432
vt 0.557046 1.511933
vt 0.562500 0.375000
vt 0.596761 1.845442
vt 0.590955 1.907941
vt 0.565295 1.907941
vt 0.559491 1.845442
vt 0.562500 0.312500
vt 0.595693 2.137683
vt 0.591926 2.200181
vt 0.564324 2.200182
vt 0.560556 2.137682
vt 0.562500 0.250000
vt 0.595054 2.375216
vt 0.592520 2.437714
vt 0.563730 2.437715
vt 0.561195 2.375217
vt 0.562500 0.187500
vt 0.594598 2.547151
vt 0.592952 2.609666
vt 0.563301 2.609658
vt 0.561651 2.547151
vt 0.562500 0.125000
vt 0.594229 2.645396
vt 0.593296 2.707900
vt 0.562953 2.707902
vt 0.562019 2.645401
vt 0.562500 0.062500
vt 0.593604 2.727089
vt 0.562645 2.727086
vt 0.593750 1.152722
vt 0.578125 1.215222
vt 0.562500 1.152722
vt 0.578125 0.000000
vt 0.531250 0.250000
vt 0.531250 0.187500
vt 0.563348 2.547156
vt 0.561701 2.609655
vt 0.532052 2.609656
vt 0.530403 2.547160
vt 0.531250 0.125000
vt 0.562979 2.645400
vt 0.562045 2.707898
vt 0.531703 2.707897
vt 0.530769 2.645402
vt 0.531250 0.062500
vt 0.562352 2.727082
vt 0.531398 2.727083
vt 0.531250 0.500000
vt 0.562500 1.152722
vt 0.546875 1.215222
vt 0.531250 1.152722
vt 0.546875 0.000000
vt 0.531250 0.437500
vt 0.567955 1.511932
vt 0.557603 1.574433
vt 0.536147 1.574433
vt 0.525795 1.511933
vt 0.531250 0.375000
vt 0.565509 1.845440
vt 0.559705 1.907941
vt 0.534044 1.907940
vt 0.528240 1.845441
vt 0.531250 0.312500
vt 0.564444 2.137683
vt 0.560677 2.200184
vt 0.533075 2.200184
vt 0.529309 2.137684
vt 0.563803 2.375212
vt 0.561270 2.437716
vt 0.532479 2.437716
vt 0.529945 2.375214
vt 0.536705 1.511932
vt 0.526353 1.574433
vt 0.504897 1.574433
vt 0.494545 1.511932
vt 0.500000 0.437500
vt 0.500000 0.375000
vt 0.534260 1.845440
vt 0.528456 1.907940
vt 0.502794 1.907938
vt 0.496990 1.845438
vt 0.500000 0.312500
vt 0.533193 2.137682
vt 0.529426 2.200184
vt 0.501824 2.200186
vt 0.498057 2.137683
vt 0.500000 0.250000
vt 0.532554 2.375217
vt 0.530020 2.437712
vt 0.501228 2.437711
vt 0.498696 2.375216
vt 0.500000 0.187500
vt 0.532098 2.547155
vt 0.530450 2.609653
vt 0.500800 2.609659
vt 0.499151 2.547157
vt 0.500000 0.125000
vt 0.531731 2.645402
vt 0.530795 2.707903
vt 0.500454 2.707903
vt 0.499516 2.645391
vt 0.500000 0.062500
vt 0.531104 2.727093
vt 0.500149 2.727093
vt 0.500000 0.500000
vt 0.531250 1.152722
vt 0.515625 1.215222
vt 0.500000 1.152722
vt 0.515625 0.000000
vt 0.500847 2.547157
vt 0.499199 2.609664
vt 0.469551 2.609660
vt 0.467903 2.547155
vt 0.468750 0.187500
vt 0.468750 0.125000
vt 0.500480 2.645396
vt 0.499545 2.707898
vt 0.469203 2.707897
vt 0.468269 2.645401
vt 0.468750 0.062500
vt 0.499855 2.727089
vt 0.468898 2.727086
vt 0.468750 0.500000
vt 0.500000 1.152722
vt 0.484375 1.215222
vt 0.468750 1.152722
vt 0.484375 0.000000
vt 0.468750 0.437500
vt 0.505455 1.511933
vt 0.495103 1.574433
vt 0.473647 1.574432
vt 0.463295 1.511931
vt 0.468750 0.375000
vt 0.503011 1.845443
vt 0.497206 1.907942
vt 0.471544 1.907940
vt 0.465741 1.845442
vt 0.468750 0.312500
vt 0.501944 2.137684
vt 0.498175 2.200182
vt 0.470573 2.200182
vt 0.466806 2.137682
vt 0.468750 0.250000
vt 0.501305 2.375215
vt 0.498771 2.437715
vt 0.469981 2.437717
vt 0.467446 2.375216
vt 0.437500 0.437500
vt 0.437500 0.375000
vt 0.471760 1.845440
vt 0.465955 1.907941
vt 0.440295 1.907941
vt 0.434490 1.845438
vt 0.437500 0.312500
vt 0.470694 2.137681
vt 0.466927 2.200185
vt 0.439325 2.200185
vt 0.435557 2.137684
vt 0.437500 0.250000
vt 0.470056 2.375219
vt 0.467521 2.437716
vt 0.438730 2.437719
vt 0.436197 2.375218
vt 0.437500 0.187500
vt 0.469599 2.547162
vt 0.467949 2.609654
vt 0.438300 2.609656
vt 0.436653 2.547161
vt 0.437500 0.125000
vt 0.469230 2.645399
vt 0.468293 2.707892
vt 0.437954 2.707902
vt 0.437018 2.645400
vt 0.437500 0.062500
vt 0.468604 2.727089
vt 0.437646 2.727086
vt 0.437500 0.500000
vt 0.468750 1.152722
vt 0.453125 1.215221
vt 0.437500 1.152722
vt 0.453125 0.000000
vt 0.474205 1.511933
vt 0.463853 1.574433
vt 0.442397 1.574433
vt 0.432045 1.511933
vt 0.406250 0.187500
vt 0.406250 0.125000
vt 0.437981 2.645398
vt 0.437046 2.707907
vt 0.406704 2.707903
vt 0.405768 2.645401
vt 0.406250 0.062500
vt 0.437354 2.727093
vt 0.406398 2.727092
vt 0.406250 0.500000
vt 0.437500 1.152722
vt 0.421875 1.215222
vt 0.406250 1.152722
vt 0.421875 0.000000
vt 0.406250 0.437500
vt 0.442955 1.511932
vt 0.432603 1.574432
vt 0.411147 1.574432
vt 0.400795 1.511932
vt 0.406250 0.375000
vt 0.440510 1.845440
vt 0.434706 1.907943
vt 0.409045 1.907943
vt 0.403241 1.845439
vt 0.406250 0.312500
vt 0.439444 2.137686
vt 0.435676 2.200184
vt 0.408075 2.200182
vt 0.404307 2.137685
vt 0.406250 0.250000
vt 0.438803 2.375212
vt 0.436270 2.437716
vt 0.407480 2.437716
vt 0.404946 2.375216
vt 0.438348 2.547157
vt 0.436699 2.609652
vt 0.407051 2.609660
vt 0.405403 2.547157
vt 0.375000 0.375000
vt 0.375000 0.312500
vt 0.408194 2.137684
vt 0.404426 2.200181
vt 0.376824 2.200185
vt 0.373057 2.137685
vt 0.375000 0.250000
vt 0.407554 2.375216
vt 0.405020 2.437715
vt 0.376229 2.437716
vt 0.373695 2.375215
vt 0.375000 0.187500
vt 0.407099 2.547158
vt 0.405450 2.609659
vt 0.375800 2.609652
vt 0.374153 2.547156
vt 0.375000 0.125000
vt 0.406730 2.645396
vt 0.405796 2.707908
vt 0.375454 2.707902
vt 0.374518 2.645391
vt 0.375000 0.062500
vt 0.406103 2.727087
vt 0.375147 2.727086
vt 0.375000 0.500000
vt 0.406250 1.152722
vt 0.390625 1.215222
vt 0.375000 1.152722
vt 0.390625 0.000000
vt 0.375000 0.437500
vt 0.411705 1.511933
vt 0.401354 1.574433
vt 0.379897 1.574433
vt 0.369545 1.511932
vt 0.409260 1.845441
vt 0.403456 1.907940
vt 0.377795 1.907940
vt 0.371991 1.845440
vt 0.343750 0.125000
vt 0.343750 0.062500
vt 0.374853 2.727081
vt 0.343898 2.727080
vt 0.343750 0.500000
vt 0.375000 1.152722
vt 0.359375 1.215222
vt 0.343750 1.152722
vt 0.359375 0.000000
vt 0.343750 0.437500
vt 0.380455 1.511932
vt 0.370103 1.574433
vt 0.348647 1.574433
vt 0.338295 1.511933
vt 0.343750 0.375000
vt 0.378009 1.845438
vt 0.372205 1.907938
vt 0.346545 1.907940
vt 0.340740 1.845438
vt 0.343750 0.312500
vt 0.376944 2.137685
vt 0.373176 2.200183
vt 0.345575 2.200184
vt 0.341807 2.137684
vt 0.343750 0.250000
vt 0.376304 2.375216
vt 0.373771 2.437717
vt 0.344978 2.437710
vt 0.342446 2.375218
vt 0.343750 0.187500
vt 0.375849 2.547158
vt 0.374200 2.609659
vt 0.344552 2.609661
vt 0.342903 2.547157
vt 0.375480 2.645396
vt 0.374544 2.707891
vt 0.344203 2.707898
vt 0.343269 2.645409
vt 0.345694 2.137681
vt 0.341927 2.200184
vt 0.314325 2.200182
vt 0.310558 2.137683
vt 0.312500 0.312500
vt 0.312500 0.250000
vt 0.345054 2.375219
vt 0.342520 2.437716
vt 0.313730 2.437716
vt 0.311196 2.375220
vt 0.312500 0.187500
vt 0.344600 2.547162
vt 0.342951 2.609661
vt 0.313301 2.609659
vt 0.311653 2.547161
vt 0.312500 0.125000
vt 0.344230 2.645401
vt 0.343295 2.707902
vt 0.312954 2.707902
vt 0.312017 2.645400
vt 0.312500 0.062500
vt 0.343602 2.727077
vt 0.312647 2.727077
vt 0.312500 0.500000
vt 0.343750 1.152722
vt 0.328125 1.215222
vt 0.312500 1.152722
vt 0.328125 0.000000
vt 0.312500 0.437500
vt 0.349205 1.511933
vt 0.338853 1.574433
vt 0.317397 1.574432
vt 0.307045 1.511934
vt 0.312500 0.375000
vt 0.346760 1.845440
vt 0.340956 1.907942
vt 0.315295 1.907941
vt 0.309490 1.845440
vt 0.312354 2.727088
vt 0.281398 2.727085
vt 0.281250 0.500000
vt 0.312500 1.152722
vt 0.296875 1.215222
vt 0.281250 1.152722
vt 0.296875 0.000000
vt 0.281250 0.062500
vt 0.281250 0.437500
vt 0.317955 1.511933
vt 0.307603 1.574433
vt 0.286147 1.574433
vt 0.275795 1.511933
vt 0.281250 0.375000
vt 0.315510 1.845440
vt 0.309706 1.907939
vt 0.284045 1.907938
vt 0.278241 1.845440
vt 0.281250 0.312500
vt 0.314444 2.137682
vt 0.310676 2.200181
vt 0.283074 2.200181
vt 0.279307 2.137681
vt 0.281250 0.250000
vt 0.313803 2.375217
vt 0.311270 2.437714
vt 0.282479 2.437711
vt 0.279946 2.375218
vt 0.281250 0.187500
vt 0.313348 2.547153
vt 0.311701 2.609663
vt 0.282052 2.609663
vt 0.280403 2.547154
vt 0.281250 0.125000
vt 0.312979 2.645395
vt 0.312045 2.707900
vt 0.281703 2.707897
vt 0.280767 2.645396
vt 0.250000 0.312500
vt 0.250000 0.250000
vt 0.282554 2.375215
vt 0.280020 2.437714
vt 0.251229 2.437714
vt 0.248696 2.375216
vt 0.250000 0.187500
vt 0.282099 2.547158
vt 0.280450 2.609660
vt 0.250801 2.609663
vt 0.249152 2.547157
vt 0.250000 0.125000
vt 0.281731 2.645405
vt 0.280796 2.707905
vt 0.250453 2.707897
vt 0.249519 2.645404
vt 0.250000 0.062500
vt 0.281103 2.727087
vt 0.250148 2.727097
vt 0.250000 0.500000
vt 0.265625 1.215222
vt 0.250000 1.152722
vt 0.265625 0.000000
vt 0.250000 0.437500
vt 0.286705 1.511933
vt 0.276353 1.574433
vt 0.254897 1.574432
vt 0.244545 1.511933
vt 0.250000 0.375000
vt 0.284260 1.845441
vt 0.278456 1.907942
vt 0.252795 1.907942
vt 0.246991 1.845440
vt 0.283193 2.137682
vt 0.279426 2.200181
vt 0.251824 2.200181
vt 0.248057 2.137682
vt 0.250000 1.152722
vt 0.234375 1.215222
vt 0.218750 1.152722
vt 0.234375 0.000000
vt 0.218750 0.062500
vt 0.218750 0.500000
vt 0.218750 0.437500
vt 0.255455 1.511932
vt 0.245103 1.574432
vt 0.223647 1.574433
vt 0.213295 1.511932
vt 0.218750 0.375000
vt 0.253009 1.845439
vt 0.247205 1.907939
vt 0.221544 1.907941
vt 0.215740 1.845441
vt 0.218750 0.312500
vt 0.251943 2.137682
vt 0.248176 2.200183
vt 0.220575 2.200183
vt 0.216807 2.137682
vt 0.218750 0.250000
vt 0.251304 2.375215
vt 0.248771 2.437717
vt 0.219980 2.437717
vt 0.217446 2.375214
vt 0.218750 0.187500
vt 0.250849 2.547161
vt 0.249200 2.609660
vt 0.219551 2.609658
vt 0.217902 2.547160
vt 0.218750 0.125000
vt 0.250480 2.645396
vt 0.249546 2.707898
vt 0.219204 2.707898
vt 0.218269 2.645399
vt 0.249853 2.727086
vt 0.218897 2.727086
vt 0.220053 2.375213
vt 0.217521 2.437716
vt 0.188729 2.437715
vt 0.186195 2.375211
vt 0.187500 0.250000
vt 0.187500 0.187500
vt 0.219599 2.547160
vt 0.217950 2.609662
vt 0.188301 2.609664
vt 0.186652 2.547153
vt 0.187500 0.125000
vt 0.219231 2.645406
vt 0.218295 2.707899
vt 0.187954 2.707897
vt 0.187019 2.645396
vt 0.187500 0.062500
vt 0.218603 2.727088
vt 0.187647 2.727087
vt 0.187500 0.500000
vt 0.218750 1.152722
vt 0.203125 1.215222
vt 0.187500 1.152722
vt 0.203125 0.000000
vt 0.187500 0.437500
vt 0.224205 1.511932
vt 0.213853 1.574432
vt 0.192397 1.574432
vt 0.182045 1.511932
vt 0.187500 0.375000
vt 0.221760 1.845444
vt 0.215955 1.907939
vt 0.190295 1.907939
vt 0.184491 1.845443
vt 0.187500 0.312500
vt 0.220694 2.137684
vt 0.216926 2.200181
vt 0.189325 2.200180
vt 0.185558 2.137683
vt 0.156250 0.500000
vt 0.156250 0.437500
vt 0.192955 1.511933
vt 0.182603 1.574432
vt 0.161147 1.574432
vt 0.150795 1.511933
vt 0.156250 0.375000
vt 0.190510 1.845443
vt 0.184706 1.907939
vt 0.159045 1.907939
vt 0.153241 1.845441
vt 0.156250 0.312500
vt 0.189443 2.137684
vt 0.185675 2.200181
vt 0.158074 2.200183
vt 0.154307 2.137683
vt 0.156250 0.250000
vt 0.188804 2.375214
vt 0.186271 2.437717
vt 0.157480 2.437712
vt 0.154947 2.375213
vt 0.156250 0.187500
vt 0.188348 2.547154
vt 0.186700 2.609664
vt 0.157050 2.609660
vt 0.155402 2.547161
vt 0.156250 0.125000
vt 0.187981 2.645404
vt 0.187046 2.707901
vt 0.156705 2.707902
vt 0.155769 2.645400
vt 0.156250 0.062500
vt 0.187352 2.727087
vt 0.156397 2.727090
vt 0.187500 1.152722
vt 0.171875 1.215222
vt 0.156250 1.152722
vt 0.171875 0.000000
vt 0.125000 0.250000
vt 0.125000 0.187500
vt 0.157097 2.547154
vt 0.155450 2.609669
vt 0.125800 2.609657
vt 0.124151 2.547156
vt 0.125000 0.125000
vt 0.156731 2.645395
vt 0.155796 2.707902
vt 0.125455 2.707903
vt 0.124520 2.645396
vt 0.125000 0.062500
vt 0.156103 2.727091
vt 0.125147 2.727091
vt 0.125000 0.500000
vt 0.156250 1.152722
vt 0.140625 1.215222
vt 0.125000 1.152722
vt 0.140625 0.000000
vt 0.125000 0.437500
vt 0.161705 1.511932
vt 0.151354 1.574433
vt 0.129897 1.574432
vt 0.119545 1.511932
vt 0.125000 0.375000
vt 0.159260 1.845440
vt 0.153455 1.907939
vt 0.127795 1.907939
vt 0.121990 1.845442
vt 0.125000 0.312500
vt 0.158193 2.137683
vt 0.154426 2.200185
vt 0.126824 2.200183
vt 0.123057 2.137683
vt 0.157555 2.375216
vt 0.155021 2.437713
vt 0.126230 2.437713
vt 0.123697 2.375214
vt 0.093750 0.437500
vt 0.093750 0.375000
vt 0.128010 1.845440
vt 0.122206 1.907943
vt 0.096545 1.907943
vt 0.090741 1.845440
vt 0.093750 0.312500
vt 0.126943 2.137685
vt 0.123176 2.200182
vt 0.095574 2.200182
vt 0.091807 2.137685
vt 0.093750 0.250000
vt 0.126304 2.375217
vt 0.123771 2.437720
vt 0.094979 2.437719
vt 0.092446 2.375216
vt 0.093750 0.187500
vt 0.125848 2.547153
vt 0.124200 2.609660
vt 0.094551 2.609659
vt 0.092902 2.547160
vt 0.093750 0.125000
vt 0.125481 2.645396
vt 0.124545 2.707891
vt 0.094204 2.707897
vt 0.093269 2.645401
vt 0.093750 0.062500
vt 0.124852 2.727086
vt 0.093897 2.727092
vt 0.093750 0.500000
vt 0.125000 1.152722
vt 0.109375 1.215222
vt 0.093750 1.152722
vt 0.109375 0.000000
vt 0.130455 1.511932
vt 0.120103 1.574433
vt 0.098647 1.574434
vt 0.088295 1.511933
vt 0.062500 0.187500
vt 0.062500 0.125000
vt 0.094230 2.645402
vt 0.093295 2.707899
vt 0.062953 2.707897
vt 0.062019 2.645395
vt 0.062500 0.062500
vt 0.093603 2.727081
vt 0.062647 2.727079
vt 0.062500 0.500000
vt 0.078125 1.215222
vt 0.062500 1.152722
vt 0.078125 0.000000
vt 0.062500 0.437500
vt 0.099205 1.511932
vt 0.088853 1.574433
vt 0.067397 1.574433
vt 0.057045 1.511932
vt 0.062500 0.375000
vt 0.096760 1.845441
vt 0.090956 1.907943
vt 0.065295 1.907942
vt 0.059491 1.845441
vt 0.062500 0.312500
vt 0.095693 2.137681
vt 0.091926 2.200179
vt 0.064324 2.200180
vt 0.060557 2.137682
vt 0.062500 0.250000
vt 0.095054 2.375213
vt 0.092521 2.437716
vt 0.063729 2.437716
vt 0.061196 2.375213
vt 0.094598 2.547157
vt 0.092950 2.609658
vt 0.063301 2.609655
vt 0.061653 2.547158
vt 0.065510 1.845443
vt 0.059706 1.907941
vt 0.034045 1.907941
vt 0.028240 1.845440
vt 0.031250 0.375000
vt 0.031250 0.312500
vt 0.064443 2.137681
vt 0.060676 2.200182
vt 0.033074 2.200182
vt 0.029307 2.137681
vt 0.031250 0.250000
vt 0.063804 2.375215
vt 0.061271 2.437715
vt 0.032479 2.437714
vt 0.029946 2.375214
vt 0.031250 0.187500
vt 0.063348 2.547156
vt 0.061700 2.609660
vt 0.032050 2.609659
vt 0.030402 2.547153
vt 0.031250 0.125000
vt 0.062980 2.645398
vt 0.062046 2.707898
vt 0.031704 2.707907
vt 0.030769 2.645406
vt 0.031250 0.062500
vt 0.062353 2.727083
vt 0.031398 2.727089
vt 0.031250 0.500000
vt 0.062500 1.152722
vt 0.046875 1.215222
vt 0.031250 1.152722
vt 0.046875 0.000000
vt 0.031250 0.437500
vt 0.067955 1.511932
vt 0.057603 1.574432
vt 0.036147 1.574432
vt 0.025795 1.511932
vt 0.031730 2.645395
vt 0.030795 2.707892
vt 0.000453 2.707894
vt -0.000482 2.645401
vt 0.000000 0.125000
vt 0.000000 0.062500
vt 0.031102 2.727084
vt 0.000147 2.727088
vt 0.000000 0.500000
vt 0.031250 1.152722
vt 0.015625 1.215222
vt -0.000000 1.152722
vt 0.015625 0.000000
vt 0.000000 0.437500
vt 0.036705 1.511931
vt 0.026353 1.574432
vt 0.004897 1.574432
vt -0.005455 1.511931
vt 0.000000 0.375000
vt 0.034260 1.845442
vt 0.028456 1.907942
vt 0.002795 1.907942
vt -0.003010 1.845440
vt 0.000000 0.312500
vt 0.033194 2.137681
vt 0.029426 2.200180
vt 0.001825 2.200182
vt -0.001943 2.137681
vt 0.000000 0.250000
vt 0.032554 2.375215
vt 0.030021 2.437716
vt 0.001229 2.437716
vt -0.001304 2.375214
vt 0.000000 0.187500
vt 0.032098 2.547161
vt 0.030450 2.609656
vt 0.000801 2.609654
vt -0.000847 2.547160
vt 1.000000 0.312500
vt 1.000000 0.375000
vt 0.968750 0.375000
vt 0.968750 0.312500
vt 1.001944 2.137682
vt 0.998176 2.200181
vt 0.970576 2.200184
vt 0.966805 2.137681
vt 1.000000 0.250000
vt 0.968750 0.250000
vt 1.001303 2.375214
vt 0.998771 2.437716
vt 0.969980 2.437716
vt 0.967444 2.375214
vt 1.000000 0.187500
vt 0.968750 0.187500
vt 1.000847 2.547156
vt 0.999201 2.609659
vt 0.969553 2.609659
vt 0.967902 2.547156
vt 1.000000 0.125000
vt 0.968750 0.125000
vt 1.000479 2.645398
vt 0.999546 2.707903
vt 0.969206 2.707904
vt 0.968267 2.645406
vt 1.000000 0.062500
vt 0.968750 0.062500
vt 1.000000 0.500000
vt 0.999851 2.727085
vt 0.968897 2.727085
vt 0.968750 0.500000
vt 1.000000 1.152722
vt 0.984375 1.215222
vt 0.968750 1.152722
vt 0.984375 0.000000
vt 1.000000 0.437500
vt 0.968750 0.437500
vt 1.005456 1.511932
vt 0.995103 1.574432
vt 0.973647 1.574432
vt 0.963295 1.511932
vt 1.003008 1.845441
vt 0.997204 1.907939
vt 0.971543 1.907940
vt 0.965740 1.845442
vt 0.937500 0.125000
vt 0.937500 0.062500
vt 0.968605 2.727092
vt 0.937649 2.727096
vt 0.937500 0.500000
vt 0.968750 1.152722
vt 0.953125 1.215222
vt 0.937500 1.152722
vt 0.953125 0.000000
vt 0.937500 0.437500
vt 0.974205 1.511932
vt 0.963853 1.574433
vt 0.942397 1.574432
vt 0.932045 1.511933
vt 0.937500 0.375000
vt 0.971759 1.845441
vt 0.965955 1.907941
vt 0.940296 1.907941
vt 0.934491 1.845441
vt 0.937500 0.312500
vt 0.970693 2.137682
vt 0.966925 2.200179
vt 0.939322 2.200179
vt 0.935555 2.137679
vt 0.937500 0.250000
vt 0.970056 2.375220
vt 0.967523 2.437721
vt 0.938730 2.437721
vt 0.936198 2.375218
vt 0.937500 0.187500
vt 0.969598 2.547158
vt 0.967948 2.609654
vt 0.938301 2.609659
vt 0.936651 2.547159
vt 0.969231 2.645396
vt 0.968298 2.707903
vt 0.937956 2.707902
vt 0.937021 2.645398
vt 0.939442 2.137679
vt 0.935678 2.200183
vt 0.908074 2.200183
vt 0.904307 2.137680
vt 0.906250 0.312500
vt 0.906250 0.250000
vt 0.938804 2.375216
vt 0.936270 2.437716
vt 0.907480 2.437716
vt 0.904947 2.375217
vt 0.906250 0.187500
vt 0.938350 2.547158
vt 0.936700 2.609663
vt 0.907052 2.609663
vt 0.905404 2.547164
vt 0.906250 0.125000
vt 0.937981 2.645400
vt 0.937046 2.707896
vt 0.906704 2.707896
vt 0.905770 2.645398
vt 0.906250 0.062500
vt 0.937353 2.727093
vt 0.906399 2.727092
vt 0.906250 0.500000
vt 0.937500 1.152722
vt 0.921875 1.215222
vt 0.906250 1.152722
vt 0.921875 0.000000
vt 0.906250 0.437500
vt 0.942955 1.511931
vt 0.932602 1.574430
vt 0.911147 1.574431
vt 0.900795 1.511933
vt 0.906250 0.375000
vt 0.940510 1.845441
vt 0.934707 1.907942
vt 0.909045 1.907942
vt 0.903241 1.845443
vt 0.906103 2.727093
vt 0.875146 2.727091
vt 0.875000 0.500000
vt 0.906250 1.152722
vt 0.890625 1.215222
vt 0.875000 1.152722
vt 0.890625 0.000000
vt 0.875000 0.062500
vt 0.875000 0.437500
vt 0.911705 1.511932
vt 0.901354 1.574433
vt 0.879897 1.574432
vt 0.869545 1.511932
vt 0.875000 0.375000
vt 0.909261 1.845443
vt 0.903458 1.907945
vt 0.877797 1.907944
vt 0.871993 1.845444
vt 0.875000 0.312500
vt 0.908191 2.137679
vt 0.904425 2.200180
vt 0.876822 2.200180
vt 0.873056 2.137680
vt 0.875000 0.250000
vt 0.907554 2.375217
vt 0.905020 2.437715
vt 0.876228 2.437714
vt 0.873695 2.375216
vt 0.875000 0.187500
vt 0.907098 2.547156
vt 0.905450 2.609662
vt 0.875803 2.609663
vt 0.874152 2.547164
vt 0.875000 0.125000
vt 0.906732 2.645396
vt 0.905796 2.707897
vt 0.875454 2.707896
vt 0.874518 2.645395
vt 0.843750 0.312500
vt 0.843750 0.250000
vt 0.876306 2.375217
vt 0.873773 2.437719
vt 0.844981 2.437717
vt 0.842445 2.375216
vt 0.843750 0.187500
vt 0.875848 2.547158
vt 0.874200 2.609654
vt 0.844550 2.609655
vt 0.842901 2.547157
vt 0.843750 0.125000
vt 0.875484 2.645405
vt 0.874546 2.707900
vt 0.844206 2.707901
vt 0.843269 2.645404
vt 0.843750 0.062500
vt 0.874855 2.727097
vt 0.843900 2.727097
vt 0.843750 0.500000
vt 0.875000 1.152722
vt 0.859375 1.215222
vt 0.843750 1.152722
vt 0.859375 0.000000
vt 0.843750 0.437500
vt 0.880455 1.511932
vt 0.870103 1.574431
vt 0.848647 1.574432
vt 0.838296 1.511932
vt 0.843750 0.375000
vt 0.878009 1.845440
vt 0.872207 1.907943
vt 0.846546 1.907944
vt 0.840741 1.845440
vt 0.876942 2.137678
vt 0.873175 2.200183
vt 0.845574 2.200183
vt 0.841805 2.137682
vt 0.828125 0.000000
vt 0.812500 0.062500
vt 0.812500 0.500000
vt 0.812500 0.437500
vt 0.849205 1.511933
vt 0.838852 1.574432
vt 0.817397 1.574432
vt 0.807045 1.511933
vt 0.812500 0.375000
vt 0.846761 1.845443
vt 0.840956 1.907942
vt 0.815296 1.907941
vt 0.809491 1.845441
vt 0.812500 0.312500
vt 0.845693 2.137682
vt 0.841925 2.200184
vt 0.814324 2.200186
vt 0.810558 2.137684
vt 0.812500 0.250000
vt 0.845057 2.375222
vt 0.842521 2.437716
vt 0.813728 2.437715
vt 0.811198 2.375220
vt 0.812500 0.187500
vt 0.844594 2.547153
vt 0.842947 2.609655
vt 0.813303 2.609664
vt 0.811651 2.547152
vt 0.812500 0.125000
vt 0.844232 2.645399
vt 0.843297 2.707897
vt 0.812953 2.707895
vt 0.812021 2.645402
vt 0.843603 2.727092
vt 0.812648 2.727091
vt 0.843750 1.152722
vt 0.828125 1.215222
vt 0.812500 1.152722
vt 0.781250 0.250000
vt 0.781250 0.187500
vt 0.813347 2.547158
vt 0.811697 2.609652
vt 0.782049 2.609652
vt 0.780401 2.547155
vt 0.781250 0.125000
vt 0.812982 2.645404
vt 0.812046 2.707891
vt 0.781703 2.707894
vt 0.780772 2.645404
vt 0.781250 0.062500
vt 0.812352 2.727092
vt 0.781398 2.727091
vt 0.781250 0.500000
vt 0.812500 1.152722
vt 0.796875 1.215222
vt 0.781250 1.152722
vt 0.796875 0.000000
vt 0.781250 0.437500
vt 0.817955 1.511933
vt 0.807603 1.574432
vt 0.786146 1.574432
vt 0.775795 1.511933
vt 0.781250 0.375000
vt 0.815510 1.845442
vt 0.809707 1.907941
vt 0.784045 1.907941
vt 0.778240 1.845441
vt 0.781250 0.312500
vt 0.814443 2.137680
vt 0.810675 2.200181
vt 0.783075 2.200186
vt 0.779306 2.137682
vt 0.813807 2.375215
vt 0.811272 2.437716
vt 0.782480 2.437716
vt 0.779948 2.375221
vt 0.786705 1.511933
vt 0.776353 1.574434
vt 0.754898 1.574434
vt 0.744545 1.511934
vt 0.784256 1.845439
vt 0.778453 1.907942
vt 0.752791 1.907940
vt 0.746987 1.845441
vt 0.783193 2.137684
vt 0.779422 2.200183
vt 0.751822 2.200184
vt 0.748055 2.137683
vt 0.782552 2.375216
vt 0.780021 2.437717
vt 0.751229 2.437716
vt 0.748695 2.375217
vt 0.782097 2.547160
vt 0.780449 2.609660
vt 0.750799 2.609659
vt 0.749151 2.547160
vt 0.781730 2.645396
vt 0.780793 2.707892
vt 0.750454 2.707897
vt 0.749519 2.645396
vt 0.781103 2.727088
vt 0.750148 2.727088
vt 0.765625 1.215222
vt 0.750000 1.152722
vt 0.765625 0.000000
s 1
g off
g Sphere.003_material_rose
usemtl material_rose
f 1452/3099/1452 1451/3100/1451 1462/3101/1462 1463/3102/1463
f 1921/3103/1921 1920/3104/1920 1455/3105/1455 1456/3106/1456
f 1924/3107/1924 1452/3099/1452 1463/3102/1463 1464/3108/1464
f 1448/3109/1448 1921/3110/1921 1456/3111/1456 1457/3112/1457
f 1453/3113/1453 1924/3107/1924 1464/3108/1464 1465/3114/1465
f 1922/3115/1922 1448/3116/1448 1457/3117/1457 1458/3118/1458
f 1925/3119/1925 1453/3113/1453 1465/3114/1465 1466/3120/1466
f 1449/3121/1449 1922/3122/1922 1458/3123/1458 1459/3124/1459
f 1926/3125/1926 1925/3119/1925 1466/3120/1466 1467/3126/1467
f 1923/3127/1923 1449/3128/1449 1459/3129/1459 1460/3130/1460
f 1927/3131/1927 1926/3125/1926 1467/3126/1467 1468/3132/1468
f 1450/3133/1450 1923/3134/1923 1460/3135/1460 1461/3136/1461
f 1928/3137/1928 1927/3131/1927 1468/3132/1468 1469/3138/1469
f 1451/3100/1451 1450/3139/1450 1461/3140/1461 1462/3101/1462
f 1920/3141/1920 1447/3142/1447 1455/3143/1455
f 1454/3144/1454 1928/3137/1928 1469/3138/1469
f 1469/3138/1469 1468/3132/1468 1483/3145/1483 1484/3146/1484
f 1462/3101/1462 1461/3147/1461 1476/3148/1476 1477/3149/1477
f 1455/3150/1455 1447/3151/1447 1470/3152/1470
f 1454/3153/1454 1469/3138/1469 1484/3146/1484
f 1463/3102/1463 1462/3101/1462 1477/3149/1477 1478/3154/1478
f 1456/3155/1456 1455/3156/1455 1470/3157/1470 1471/3158/1471
f 1464/3108/1464 1463/3102/1463 1478/3154/1478 1479/3159/1479
f 1457/3160/1457 1456/3161/1456 1471/3162/1471 1472/3163/1472
f 1465/3114/1465 1464/3108/1464 1479/3159/1479 1480/3164/1480
f 1458/3165/1458 1457/3166/1457 1472/3167/1472 1473/3168/1473
f 1466/3120/1466 1465/3114/1465 1480/3164/1480 1481/3169/1481
f 1459/3170/1459 1458/3171/1458 1473/3172/1473 1474/3173/1474
f 1467/3126/1467 1466/3120/1466 1481/3169/1481 1482/3174/1482
f 1460/3175/1460 1459/3176/1459 1474/3177/1474 1475/3178/1475
f 1468/3132/1468 1467/3126/1467 1482/3174/1482 1483/3145/1483
f 1461/3179/1461 1460/3180/1460 1475/3181/1475 1476/3182/1476
f 1481/3169/1481 1480/3164/1480 1495/3183/1495 1496/3184/1496
f 1474/3185/1474 1473/3186/1473 1488/3187/1488 1489/3188/1489
f 1482/3174/1482 1481/3169/1481 1496/3184/1496 1497/3189/1497
f 1475/3190/1475 1474/3191/1474 1489/3192/1489 1490/3193/1490
f 1483/3145/1483 1482/3174/1482 1497/3189/1497 1498/3194/1498
f 1476/3195/1476 1475/3196/1475 1490/3197/1490 1491/3198/1491
f 1484/3146/1484 1483/3145/1483 1498/3194/1498 1499/3199/1499
f 1477/3149/1477 1476/3200/1476 1491/3201/1491 1492/3202/1492
f 1470/3203/1470 1447/3204/1447 1485/3205/1485
f 1454/3206/1454 1484/3146/1484 1499/3199/1499
f 1478/3154/1478 1477/3149/1477 1492/3202/1492 1493/3207/1493
f 1471/3208/1471 1470/3209/1470 1485/3210/1485 1486/3211/1486
f 1479/3159/1479 1478/3154/1478 1493/3207/1493 1494/3212/1494
f 1472/3213/1472 1471/3214/1471 1486/3215/1486 1487/3216/1487
f 1480/3164/1480 1479/3159/1479 1494/3212/1494 1495/3183/1495
f 1473/3217/1473 1472/3218/1472 1487/3219/1487 1488/3220/1488
f 1485/3221/1485 1447/3222/1447 1500/3223/1500
f 1454/3224/1454 1499/3199/1499 1514/3225/1514
f 1493/3207/1493 1492/3202/1492 1507/3226/1507 1508/3227/1508
f 1486/3228/1486 1485/3229/1485 1500/3230/1500 1501/3231/1501
f 1494/3212/1494 1493/3207/1493 1508/3227/1508 1509/3232/1509
f 1487/3233/1487 1486/3234/1486 1501/3235/1501 1502/3236/1502
f 1495/3183/1495 1494/3212/1494 1509/3232/1509 1510/3237/1510
f 1488/3238/1488 1487/3239/1487 1502/3240/1502 1503/3241/1503
f 1496/3184/1496 1495/3183/1495 1510/3237/1510 1511/3242/1511
f 1489/3243/1489 1488/3244/1488 1503/3245/1503 1504/3246/1504
f 1497/3189/1497 1496/3184/1496 1511/3242/1511 1512/3247/1512
f 1490/3248/1490 1489/3249/1489 1504/3250/1504 1505/3251/1505
f 1498/3194/1498 1497/3189/1497 1512/3247/1512 1513/3252/1513
f 1491/3253/1491 1490/3254/1490 1505/3255/1505 1506/3256/1506
f 1499/3199/1499 1498/3194/1498 1513/3252/1513 1514/3225/1514
f 1492/3202/1492 1491/3257/1491 1506/3258/1506 1507/3226/1507
f 1504/3259/1504 1503/3260/1503 1518/3261/1518 1519/3262/1519
f 1512/3247/1512 1511/3242/1511 1526/3263/1526 1527/3264/1527
f 1505/3265/1505 1504/3266/1504 1519/3267/1519 1520/3268/1520
f 1513/3252/1513 1512/3247/1512 1527/3264/1527 1528/3269/1528
f 1506/3270/1506 1505/3271/1505 1520/3272/1520 1521/3273/1521
f 1514/3225/1514 1513/3252/1513 1528/3269/1528 1529/3274/1529
f 1507/3226/1507 1506/3275/1506 1521/3276/1521 1522/3277/1522
f 1500/3278/1500 1447/3279/1447 1515/3280/1515
f 1454/3281/1454 1514/3225/1514 1529/3274/1529
f 1508/3227/1508 1507/3226/1507 1522/3277/1522 1523/3282/1523
f 1501/3283/1501 1500/3284/1500 1515/3285/1515 1516/3286/1516
f 1509/3232/1509 1508/3227/1508 1523/3282/1523 1524/3287/1524
f 1502/3288/1502 1501/3289/1501 1516/3290/1516 1517/3291/1517
f 1510/3237/1510 1509/3232/1509 1524/3287/1524 1525/3292/1525
f 1503/3293/1503 1502/3294/1502 1517/3295/1517 1518/3296/1518
f 1511/3242/1511 1510/3237/1510 1525/3292/1525 1526/3263/1526
f 1523/3282/1523 1522/3277/1522 1537/3297/1537 1538/3298/1538
f 1516/3299/1516 1515/3300/1515 1530/3301/1530 1531/3302/1531
f 1524/3287/1524 1523/3282/1523 1538/3298/1538 1539/3303/1539
f 1517/3304/1517 1516/3305/1516 1531/3306/1531 1532/3307/1532
f 1525/3292/1525 1524/3287/1524 1539/3303/1539 1540/3308/1540
f 1518/3309/1518 1517/3310/1517 1532/3311/1532 1533/3312/1533
f 1526/3263/1526 1525/3292/1525 1540/3308/1540 1541/3313/1541
f 1519/3314/1519 1518/3315/1518 1533/3316/1533 1534/3317/1534
f 1527/3264/1527 1526/3263/1526 1541/3313/1541 1542/3318/1542
f 1520/3319/1520 1519/3320/1519 1534/3321/1534 1535/3322/1535
f 1528/3269/1528 1527/3264/1527 1542/3318/1542 1543/3323/1543
f 1521/3324/1521 1520/3325/1520 1535/3326/1535 1536/3327/1536
f 1529/3274/1529 1528/3269/1528 1543/3323/1543 1544/3328/1544
f 1522/3277/1522 1521/3329/1521 1536/3330/1536 1537/3297/1537
f 1515/3331/1515 1447/3332/1447 1530/3333/1530
f 1454/3334/1454 1529/3274/1529 1544/3328/1544
f 1542/3318/1542 1541/3313/1541 1556/3335/1556 1557/3336/1557
f 1535/3337/1535 1534/3338/1534 1549/3339/1549 1550/3340/1550
f 1543/3323/1543 1542/3318/1542 1557/3336/1557 1558/3341/1558
f 1536/3342/1536 1535/3343/1535 1550/3344/1550 1551/3345/1551
f 1544/3328/1544 1543/3323/1543 1558/3341/1558 1559/3346/1559
f 1537/3297/1537 1536/3347/1536 1551/3348/1551 1552/3349/1552
f 1530/3350/1530 1447/3351/1447 1545/3352/1545
f 1454/3353/1454 1544/3328/1544 1559/3346/1559
f 1538/3298/1538 1537/3297/1537 1552/3349/1552 1553/3354/1553
f 1531/3355/1531 1530/3356/1530 1545/3357/1545 1546/3358/1546
f 1539/3303/1539 1538/3298/1538 1553/3354/1553 1554/3359/1554
f 1532/3360/1532 1531/3361/1531 1546/3362/1546 1547/3363/1547
f 1540/3308/1540 1539/3303/1539 1554/3359/1554 1555/3364/1555
f 1533/3365/1533 1532/3366/1532 1547/3367/1547 1548/3368/1548
f 1541/3313/1541 1540/3308/1540 1555/3364/1555 1556/3335/1556
f 1534/3369/1534 1533/3370/1533 1548/3371/1548 1549/3372/1549
f 1546/3373/1546 1545/3374/1545 1560/3375/1560 1561/3376/1561
f 1554/3359/1554 1553/3354/1553 1568/3377/1568 1569/3378/1569
f 1547/3379/1547 1546/3380/1546 1561/3381/1561 1562/3382/1562
f 1555/3364/1555 1554/3359/1554 1569/3378/1569 1570/3383/1570
f 1548/3384/1548 1547/3385/1547 1562/3386/1562 1563/3387/1563
f 1556/3335/1556 1555/3364/1555 1570/3383/1570 1571/3388/1571
f 1549/3389/1549 1548/3390/1548 1563/3391/1563 1564/3392/1564
f 1557/3336/1557 1556/3335/1556 1571/3388/1571 1572/3393/1572
f 1550/3394/1550 1549/3395/1549 1564/3396/1564 1565/3397/1565
f 1558/3341/1558 1557/3336/1557 1572/3393/1572 1573/3398/1573
f 1551/3399/1551 1550/3400/1550 1565/3401/1565 1566/3402/1566
f 1559/3346/1559 1558/3341/1558 1573/3398/1573 1574/3403/1574
f 1552/3349/1552 1551/3404/1551 1566/3405/1566 1567/3406/1567
f 1545/3407/1545 1447/3408/1447 1560/3409/1560
f 1454/3410/1454 1559/3346/1559 1574/3403/1574
f 1553/3354/1553 1552/3349/1552 1567/3406/1567 1568/3377/1568
f 1565/3411/1565 1564/3412/1564 1579/3413/1579 1580/3414/1580
f 1573/3398/1573 1572/3393/1572 1587/3415/1587 1588/3416/1588
f 1566/3417/1566 1565/3418/1565 1580/3419/1580 1581/3420/1581
f 1574/3403/1574 1573/3398/1573 1588/3416/1588 1589/3421/1589
f 1567/3406/1567 1566/3422/1566 1581/3423/1581 1582/3424/1582
f 1560/3425/1560 1447/3426/1447 1575/3427/1575
f 1454/3428/1454 1574/3403/1574 1589/3421/1589
f 1568/3377/1568 1567/3406/1567 1582/3424/1582 1583/3429/1583
f 1561/3430/1561 1560/3431/1560 1575/3432/1575 1576/3433/1576
f 1569/3378/1569 1568/3377/1568 1583/3429/1583 1584/3434/1584
f 1562/3435/1562 1561/3436/1561 1576/3437/1576 1577/3438/1577
f 1570/3383/1570 1569/3378/1569 1584/3434/1584 1585/3439/1585
f 1563/3440/1563 1562/3441/1562 1577/3442/1577 1578/3443/1578
f 1571/3388/1571 1570/3383/1570 1585/3439/1585 1586/3444/1586
f 1564/3445/1564 1563/3446/1563 1578/3447/1578 1579/3448/1579
f 1572/3393/1572 1571/3388/1571 1586/3444/1586 1587/3415/1587
f 1584/3434/1584 1583/3429/1583 1598/3449/1598 1599/3450/1599
f 1577/3451/1577 1576/3452/1576 1591/3453/1591 1592/3454/1592
f 1585/3439/1585 1584/3434/1584 1599/3450/1599 1600/3455/1600
f 1578/3456/1578 1577/3457/1577 1592/3458/1592 1593/3459/1593
f 1586/3444/1586 1585/3439/1585 1600/3455/1600 1601/3460/1601
f 1579/3461/1579 1578/3462/1578 1593/3463/1593 1594/3464/1594
f 1587/3415/1587 1586/3444/1586 1601/3460/1601 1602/3465/1602
f 1580/3466/1580 1579/3467/1579 1594/3468/1594 1595/3469/1595
f 1588/3416/1588 1587/3415/1587 1602/3465/1602 1603/3470/1603
f 1581/3471/1581 1580/3472/1580 1595/3473/1595 1596/3474/1596
f 1589/3421/1589 1588/3416/1588 1603/3470/1603 1604/3475/1604
f 1582/3424/1582 1581/3476/1581 1596/3477/1596 1597/3478/1597
f 1575/3479/1575 1447/3480/1447 1590/3481/1590
f 1454/3482/1454 1589/3421/1589 1604/3475/1604
f 1583/3429/1583 1582/3424/1582 1597/3478/1597 1598/3449/1598
f 1576/3483/1576 1575/3484/1575 1590/3485/1590 1591/3486/1591
f 1603/3470/1603 1602/3465/1602 1617/3487/1617 1618/3488/1618
f 1596/3489/1596 1595/3490/1595 1610/3491/1610 1611/3492/1611
f 1604/3475/1604 1603/3470/1603 1618/3488/1618 1619/3493/1619
f 1597/3478/1597 1596/3494/1596 1611/3495/1611 1612/3496/1612
f 1590/3497/1590 1447/3498/1447 1605/3499/1605
f 1454/3500/1454 1604/3475/1604 1619/3493/1619
f 1598/3449/1598 1597/3478/1597 1612/3496/1612 1613/3501/1613
f 1591/3502/1591 1590/3503/1590 1605/3504/1605 1606/3505/1606
f 1599/3450/1599 1598/3449/1598 1613/3501/1613 1614/3506/1614
f 1592/3507/1592 1591/3508/1591 1606/3509/1606 1607/3510/1607
f 1600/3455/1600 1599/3450/1599 1614/3506/1614 1615/3511/1615
f 1593/3512/1593 1592/3513/1592 1607/3514/1607 1608/3515/1608
f 1601/3460/1601 1600/3455/1600 1615/3511/1615 1616/3516/1616
f 1594/3517/1594 1593/3518/1593 1608/3519/1608 1609/3520/1609
f 1602/3465/1602 1601/3460/1601 1616/3516/1616 1617/3487/1617
f 1595/3521/1595 1594/3522/1594 1609/3523/1609 1610/3524/1610
f 1615/3511/1615 1614/3506/1614 1629/3525/1629 1630/3526/1630
f 1608/3527/1608 1607/3528/1607 1622/3529/1622 1623/3530/1623
f 1616/3516/1616 1615/3511/1615 1630/3526/1630 1631/3531/1631
f 1609/3532/1609 1608/3533/1608 1623/3534/1623 1624/3535/1624
f 1617/3487/1617 1616/3516/1616 1631/3531/1631 1632/3536/1632
f 1610/3537/1610 1609/3538/1609 1624/3539/1624 1625/3540/1625
f 1618/3488/1618 1617/3487/1617 1632/3536/1632 1633/3541/1633
f 1611/3542/1611 1610/3543/1610 1625/3544/1625 1626/3545/1626
f 1619/3493/1619 1618/3488/1618 1633/3541/1633 1634/3546/1634
f 1612/3496/1612 1611/3547/1611 1626/3548/1626 1627/3549/1627
f 1605/3550/1605 1447/3551/1447 1620/3552/1620
f 1454/3553/1454 1619/3493/1619 1634/3546/1634
f 1613/3501/1613 1612/3496/1612 1627/3549/1627 1628/3554/1628
f 1606/3555/1606 1605/3556/1605 1620/3557/1620 1621/3558/1621
f 1614/3506/1614 1613/3501/1613 1628/3554/1628 1629/3525/1629
f 1607/3559/1607 1606/3560/1606 1621/3561/1621 1622/3562/1622
f 1634/3546/1634 1633/3541/1633 1648/3563/1648 1649/3564/1649
f 1627/3549/1627 1626/3565/1626 1641/3566/1641 1642/3567/1642
f 1620/3568/1620 1447/3569/1447 1635/3570/1635
f 1454/3571/1454 1634/3546/1634 1649/3564/1649
f 1628/3554/1628 1627/3549/1627 1642/3567/1642 1643/3572/1643
f 1621/3573/1621 1620/3574/1620 1635/3575/1635 1636/3576/1636
f 1629/3525/1629 1628/3554/1628 1643/3572/1643 1644/3577/1644
f 1622/3578/1622 1621/3579/1621 1636/3580/1636 1637/3581/1637
f 1630/3526/1630 1629/3525/1629 1644/3577/1644 1645/3582/1645
f 1623/3583/1623 1622/3584/1622 1637/3585/1637 1638/3586/1638
f 1631/3531/1631 1630/3526/1630 1645/3582/1645 1646/3587/1646
f 1624/3588/1624 1623/3589/1623 1638/3590/1638 1639/3591/1639
f 1632/3536/1632 1631/3531/1631 1646/3587/1646 1647/3592/1647
f 1625/3593/1625 1624/3594/1624 1639/3595/1639 1640/3596/1640
f 1633/3541/1633 1632/3536/1632 1647/3592/1647 1648/3563/1648
f 1626/3597/1626 1625/3598/1625 1640/3599/1640 1641/3600/1641
f 1638/3601/1638 1637/3602/1637 1652/3603/1652 1653/3604/1653
f 1646/3587/1646 1645/3582/1645 1660/3605/1660 1661/3606/1661
f 1639/3607/1639 1638/3608/1638 1653/3609/1653 1654/3610/1654
f 1647/3592/1647 1646/3587/1646 1661/3606/1661 1662/3611/1662
f 1640/3612/1640 1639/3613/1639 1654/3614/1654 1655/3615/1655
f 1648/3563/1648 1647/3592/1647 1662/3611/1662 1663/3616/1663
f 1641/3617/1641 1640/3618/1640 1655/3619/1655 1656/3620/1656
f 1649/3564/1649 1648/3563/1648 1663/3616/1663 1664/3621/1664
f 1642/3567/1642 1641/3622/1641 1656/3623/1656 1657/3624/1657
f 1635/3625/1635 1447/3626/1447 1650/3627/1650
f 1454/3628/1454 1649/3564/1649 1664/3621/1664
f 1643/3572/1643 1642/3567/1642 1657/3624/1657 1658/3629/1658
f 1636/3630/1636 1635/3631/1635 1650/3632/1650 1651/3633/1651
f 1644/3577/1644 1643/3572/1643 1658/3629/1658 1659/3634/1659
f 1637/3635/1637 1636/3636/1636 1651/3637/1651 1652/3638/1652
f 1645/3582/1645 1644/3577/1644 1659/3634/1659 1660/3605/1660
f 1657/3624/1657 1656/3639/1656 1671/3640/1671 1672/3641/1672
f 1650/3642/1650 1447/3643/1447 1665/3644/1665
f 1454/3645/1454 1664/3621/1664 1679/3646/1679
f 1658/3629/1658 1657/3624/1657 1672/3641/1672 1673/3647/1673
f 1651/3648/1651 1650/3649/1650 1665/3650/1665 1666/3651/1666
f 1659/3634/1659 1658/3629/1658 1673/3647/1673 1674/3652/1674
f 1652/3653/1652 1651/3654/1651 1666/3655/1666 1667/3656/1667
f 1660/3605/1660 1659/3634/1659 1674/3652/1674 1675/3657/1675
f 1653/3658/1653 1652/3659/1652 1667/3660/1667 1668/3661/1668
f 1661/3606/1661 1660/3605/1660 1675/3657/1675 1676/3662/1676
f 1654/3663/1654 1653/3664/1653 1668/3665/1668 1669/3666/1669
f 1662/3611/1662 1661/3606/1661 1676/3662/1676 1677/3667/1677
f 1655/3668/1655 1654/3669/1654 1669/3670/1669 1670/3671/1670
f 1663/3616/1663 1662/3611/1662 1677/3667/1677 1678/3672/1678
f 1656/3673/1656 1655/3674/1655 1670/3675/1670 1671/3676/1671
f 1664/3621/1664 1663/3616/1663 1678/3672/1678 1679/3646/1679
f 1676/3662/1676 1675/3657/1675 1690/3677/1690 1691/3678/1691
f 1669/3679/1669 1668/3680/1668 1683/3681/1683 1684/3682/1684
f 1677/3667/1677 1676/3662/1676 1691/3678/1691 1692/3683/1692
f 1670/3684/1670 1669/3685/1669 1684/3686/1684 1685/3687/1685
f 1678/3672/1678 1677/3667/1677 1692/3683/1692 1693/3688/1693
f 1671/3689/1671 1670/3690/1670 1685/3691/1685 1686/3692/1686
f 1679/3646/1679 1678/3672/1678 1693/3688/1693 1694/3693/1694
f 1672/3641/1672 1671/3694/1671 1686/3695/1686 1687/3696/1687
f 1665/3644/1665 1447/3697/1447 1680/3698/1680
f 1454/3699/1454 1679/3646/1679 1694/3693/1694
f 1673/3647/1673 1672/3641/1672 1687/3696/1687 1688/3700/1688
f 1666/3701/1666 1665/3702/1665 1680/3703/1680 1681/3704/1681
f 1674/3652/1674 1673/3647/1673 1688/3700/1688 1689/3705/1689
f 1667/3706/1667 1666/3707/1666 1681/3708/1681 1682/3709/1682
f 1675/3657/1675 1674/3652/1674 1689/3705/1689 1690/3677/1690
f 1668/3710/1668 1667/3711/1667 1682/3712/1682 1683/3713/1683
f 1680/3714/1680 1447/3715/1447 1695/3716/1695
f 1454/3717/1454 1694/3693/1694 1709/3718/1709
f 1688/3700/1688 1687/3696/1687 1702/3719/1702 1703/3720/1703
f 1681/3721/1681 1680/3722/1680 1695/3723/1695 1696/3724/1696
f 1689/3705/1689 1688/3700/1688 1703/3720/1703 1704/3725/1704
f 1682/3726/1682 1681/3727/1681 1696/3728/1696 1697/3729/1697
f 1690/3677/1690 1689/3705/1689 1704/3725/1704 1705/3730/1705
f 1683/3731/1683 1682/3732/1682 1697/3733/1697 1698/3734/1698
f 1691/3678/1691 1690/3677/1690 1705/3730/1705 1706/3735/1706
f 1684/3736/1684 1683/3737/1683 1698/3738/1698 1699/3739/1699
f 1692/3683/1692 1691/3678/1691 1706/3735/1706 1707/3740/1707
f 1685/3741/1685 1684/3742/1684 1699/3743/1699 1700/3744/1700
f 1693/3688/1693 1692/3683/1692 1707/3740/1707 1708/3745/1708
f 1686/3746/1686 1685/3747/1685 1700/3748/1700 1701/3749/1701
f 1694/3693/1694 1693/3688/1693 1708/3745/1708 1709/3718/1709
f 1687/3696/1687 1686/3750/1686 1701/3751/1701 1702/3719/1702
f 1699/3752/1699 1698/3753/1698 1713/3754/1713 1714/3755/1714
f 1707/3740/1707 1706/3735/1706 1721/3756/1721 1722/3757/1722
f 1700/3758/1700 1699/3759/1699 1714/3760/1714 1715/3761/1715
f 1708/3745/1708 1707/3740/1707 1722/3757/1722 1723/3762/1723
f 1701/3763/1701 1700/3764/1700 1715/3765/1715 1716/3766/1716
f 1709/3718/1709 1708/3745/1708 1723/3762/1723 1724/3767/1724
f 1702/3719/1702 1701/3768/1701 1716/3769/1716 1717/3770/1717
f 1695/3771/1695 1447/3772/1447 1710/3773/1710
f 1454/3774/1454 1709/3718/1709 1724/3767/1724
f 1703/3720/1703 1702/3719/1702 1717/3770/1717 1718/3775/1718
f 1696/3776/1696 1695/3777/1695 1710/3778/1710 1711/3779/1711
f 1704/3725/1704 1703/3720/1703 1718/3775/1718 1719/3780/1719
f 1697/3781/1697 1696/3782/1696 1711/3783/1711 1712/3784/1712
f 1705/3730/1705 1704/3725/1704 1719/3780/1719 1720/3785/1720
f 1698/3786/1698 1697/3787/1697 1712/3788/1712 1713/3789/1713
f 1706/3735/1706 1705/3730/1705 1720/3785/1720 1721/3756/1721
f 1718/3775/1718 1717/3770/1717 1732/3790/1732 1733/3791/1733
f 1711/3792/1711 1710/3793/1710 1725/3794/1725 1726/3795/1726
f 1719/3780/1719 1718/3775/1718 1733/3791/1733 1734/3796/1734
f 1712/3797/1712 1711/3798/1711 1726/3799/1726 1727/3800/1727
f 1720/3785/1720 1719/3780/1719 1734/3796/1734 1735/3801/1735
f 1713/3802/1713 1712/3803/1712 1727/3804/1727 1728/3805/1728
f 1721/3756/1721 1720/3785/1720 1735/3801/1735 1736/3806/1736
f 1714/3807/1714 1713/3808/1713 1728/3809/1728 1729/3810/1729
f 1722/3757/1722 1721/3756/1721 1736/3806/1736 1737/3811/1737
f 1715/3812/1715 1714/3813/1714 1729/3814/1729 1730/3815/1730
f 1723/3762/1723 1722/3757/1722 1737/3811/1737 1738/3816/1738
f 1716/3817/1716 1715/3818/1715 1730/3819/1730 1731/3820/1731
f 1724/3767/1724 1723/3762/1723 1738/3816/1738 1739/3821/1739
f 1717/3770/1717 1716/3822/1716 1731/3823/1731 1732/3790/1732
f 1710/3824/1710 1447/3825/1447 1725/3826/1725
f 1454/3827/1454 1724/3767/1724 1739/3821/1739
f 1737/3811/1737 1736/3806/1736 1751/3828/1751 1752/3829/1752
f 1730/3830/1730 1729/3831/1729 1744/3832/1744 1745/3833/1745
f 1738/3816/1738 1737/3811/1737 1752/3829/1752 1753/3834/1753
f 1731/3835/1731 1730/3836/1730 1745/3837/1745 1746/3838/1746
f 1739/3821/1739 1738/3816/1738 1753/3834/1753 1754/3839/1754
f 1732/3790/1732 1731/3840/1731 1746/3841/1746 1747/3842/1747
f 1725/3843/1725 1447/3844/1447 1740/3845/1740
f 1454/3846/1454 1739/3821/1739 1754/3839/1754
f 1733/3791/1733 1732/3790/1732 1747/3842/1747 1748/3847/1748
f 1726/3848/1726 1725/3849/1725 1740/3850/1740 1741/3851/1741
f 1734/3796/1734 1733/3791/1733 1748/3847/1748 1749/3852/1749
f 1727/3853/1727 1726/3854/1726 1741/3855/1741 1742/3856/1742
f 1735/3801/1735 1734/3796/1734 1749/3852/1749 1750/3857/1750
f 1728/3858/1728 1727/3859/1727 1742/3860/1742 1743/3861/1743
f 1736/3806/1736 1735/3801/1735 1750/3857/1750 1751/3828/1751
f 1729/3862/1729 1728/3863/1728 1743/3864/1743 1744/3865/1744
f 1749/3852/1749 1748/3847/1748 1763/3866/1763 1764/3867/1764
f 1742/3868/1742 1741/3869/1741 1756/3870/1756 1757/3871/1757
f 1750/3857/1750 1749/3852/1749 1764/3867/1764 1765/3872/1765
f 1743/3873/1743 1742/3874/1742 1757/3875/1757 1758/3876/1758
f 1751/3828/1751 1750/3857/1750 1765/3872/1765 1766/3877/1766
f 1744/3878/1744 1743/3879/1743 1758/3880/1758 1759/3881/1759
f 1752/3829/1752 1751/3828/1751 1766/3877/1766 1767/3882/1767
f 1745/3883/1745 1744/3884/1744 1759/3885/1759 1760/3886/1760
f 1753/3834/1753 1752/3829/1752 1767/3882/1767 1768/3887/1768
f 1746/3888/1746 1745/3889/1745 1760/3890/1760 1761/3891/1761
f 1754/3839/1754 1753/3834/1753 1768/3887/1768 1769/3892/1769
f 1747/3842/1747 1746/3893/1746 1761/3894/1761 1762/3895/1762
f 1740/3896/1740 1447/3897/1447 1755/3898/1755
f 1454/3899/1454 1754/3839/1754 1769/3892/1769
f 1748/3847/1748 1747/3842/1747 1762/3895/1762 1763/3866/1763
f 1741/3900/1741 1740/3901/1740 1755/3902/1755 1756/3903/1756
f 1768/3887/1768 1767/3882/1767 1782/3904/1782 1783/3905/1783
f 1761/3906/1761 1760/3907/1760 1775/3908/1775 1776/3909/1776
f 1769/3892/1769 1768/3887/1768 1783/3905/1783 1784/3910/1784
f 1762/3895/1762 1761/3911/1761 1776/3912/1776 1777/3913/1777
f 1755/3898/1755 1447/3914/1447 1770/3915/1770
f 1454/3916/1454 1769/3892/1769 1784/3910/1784
f 1763/3866/1763 1762/3895/1762 1777/3913/1777 1778/3917/1778
f 1756/3918/1756 1755/3919/1755 1770/3920/1770 1771/3921/1771
f 1764/3867/1764 1763/3866/1763 1778/3917/1778 1779/3922/1779
f 1757/3923/1757 1756/3924/1756 1771/3925/1771 1772/3926/1772
f 1765/3872/1765 1764/3867/1764 1779/3922/1779 1780/3927/1780
f 1758/3928/1758 1757/3929/1757 1772/3930/1772 1773/3931/1773
f 1766/3877/1766 1765/3872/1765 1780/3927/1780 1781/3932/1781
f 1759/3933/1759 1758/3934/1758 1773/3935/1773 1774/3936/1774
f 1767/3882/1767 1766/3877/1766 1781/3932/1781 1782/3904/1782
f 1760/3937/1760 1759/3938/1759 1774/3939/1774 1775/3940/1775
f 1772/3941/1772 1771/3942/1771 1786/3943/1786 1787/3944/1787
f 1780/3927/1780 1779/3922/1779 1794/3945/1794 1795/3946/1795
f 1773/3947/1773 1772/3948/1772 1787/3949/1787 1788/3950/1788
f 1781/3932/1781 1780/3927/1780 1795/3946/1795 1796/3951/1796
f 1774/3952/1774 1773/3953/1773 1788/3954/1788 1789/3955/1789
f 1782/3904/1782 1781/3932/1781 1796/3951/1796 1797/3956/1797
f 1775/3957/1775 1774/3958/1774 1789/3959/1789 1790/3960/1790
f 1783/3905/1783 1782/3904/1782 1797/3956/1797 1798/3961/1798
f 1776/3962/1776 1775/3963/1775 1790/3964/1790 1791/3965/1791
f 1784/3910/1784 1783/3905/1783 1798/3961/1798 1799/3966/1799
f 1777/3913/1777 1776/3967/1776 1791/3968/1791 1792/3969/1792
f 1770/3970/1770 1447/3971/1447 1785/3972/1785
f 1454/3973/1454 1784/3910/1784 1799/3966/1799
f 1778/3917/1778 1777/3913/1777 1792/3969/1792 1793/3974/1793
f 1771/3975/1771 1770/3976/1770 1785/3977/1785 1786/3978/1786
f 1779/3922/1779 1778/3917/1778 1793/3974/1793 1794/3945/1794
f 1791/3979/1791 1790/3980/1790 1805/3981/1805 1806/3982/1806
f 1799/3966/1799 1798/3961/1798 1813/3983/1813 1814/3984/1814
f 1792/3969/1792 1791/3985/1791 1806/3986/1806 1807/3987/1807
f 1785/3988/1785 1447/3989/1447 1800/3990/1800
f 1454/3991/1454 1799/3966/1799 1814/3984/1814
f 1793/3974/1793 1792/3969/1792 1807/3987/1807 1808/3992/1808
f 1786/3993/1786 1785/3994/1785 1800/3995/1800 1801/3996/1801
f 1794/3945/1794 1793/3974/1793 1808/3992/1808 1809/3997/1809
f 1787/3998/1787 1786/3999/1786 1801/4000/1801 1802/4001/1802
f 1795/3946/1795 1794/3945/1794 1809/3997/1809 1810/4002/1810
f 1788/4003/1788 1787/4004/1787 1802/4005/1802 1803/4006/1803
f 1796/3951/1796 1795/3946/1795 1810/4002/1810 1811/4007/1811
f 1789/4008/1789 1788/4009/1788 1803/4010/1803 1804/4011/1804
f 1797/3956/1797 1796/3951/1796 1811/4007/1811 1812/4012/1812
f 1790/4013/1790 1789/4014/1789 1804/4015/1804 1805/4016/1805
f 1798/3961/1798 1797/3956/1797 1812/4012/1812 1813/3983/1813
f 1810/4017/1810 1809/4018/1809 1824/4019/1824 1825/4020/1825
f 1803/4021/1803 1802/4022/1802 1817/4023/1817 1818/4024/1818
f 1811/4025/1811 1810/4017/1810 1825/4020/1825 1826/4026/1826
f 1804/4027/1804 1803/4028/1803 1818/4029/1818 1819/4030/1819
f 1812/4031/1812 1811/4025/1811 1826/4026/1826 1827/4032/1827
f 1805/4033/1805 1804/4034/1804 1819/4035/1819 1820/4036/1820
f 1813/4037/1813 1812/4031/1812 1827/4032/1827 1828/4038/1828
f 1806/4039/1806 1805/4040/1805 1820/4041/1820 1821/4042/1821
f 1814/4043/1814 1813/4037/1813 1828/4038/1828 1829/4044/1829
f 1807/4045/1807 1806/4046/1806 1821/4047/1821 1822/4048/1822
f 1800/4049/1800 1447/4050/1447 1815/4051/1815
f 1454/4052/1454 1814/4043/1814 1829/4044/1829
f 1808/4053/1808 1807/4045/1807 1822/4048/1822 1823/4054/1823
f 1801/4055/1801 1800/4056/1800 1815/4057/1815 1816/4058/1816
f 1809/4018/1809 1808/4053/1808 1823/4054/1823 1824/4019/1824
f 1802/4059/1802 1801/4060/1801 1816/4061/1816 1817/4062/1817
f 1829/4044/1829 1828/4038/1828 1843/4063/1843 1844/4064/1844
f 1822/4048/1822 1821/4065/1821 1836/4066/1836 1837/4067/1837
f 1815/4068/1815 1447/4069/1447 1830/4070/1830
f 1454/4071/1454 1829/4044/1829 1844/4064/1844
f 1823/4054/1823 1822/4048/1822 1837/4067/1837 1838/4072/1838
f 1816/4073/1816 1815/4074/1815 1830/4075/1830 1831/4076/1831
f 1824/4019/1824 1823/4054/1823 1838/4072/1838 1839/4077/1839
f 1817/4078/1817 1816/4079/1816 1831/4080/1831 1832/4081/1832
f 1825/4020/1825 1824/4019/1824 1839/4077/1839 1840/4082/1840
f 1818/4083/1818 1817/4084/1817 1832/4085/1832 1833/4086/1833
f 1826/4026/1826 1825/4020/1825 1840/4082/1840 1841/4087/1841
f 1819/4088/1819 1818/4089/1818 1833/4090/1833 1834/4091/1834
f 1827/4032/1827 1826/4026/1826 1841/4087/1841 1842/4092/1842
f 1820/4093/1820 1819/4094/1819 1834/4095/1834 1835/4096/1835
f 1828/4038/1828 1827/4032/1827 1842/4092/1842 1843/4063/1843
f 1821/4097/1821 1820/4098/1820 1835/4099/1835 1836/4100/1836
f 1833/4101/1833 1832/4102/1832 1847/4103/1847 1848/4104/1848
f 1841/4087/1841 1840/4082/1840 1855/4105/1855 1856/4106/1856
f 1834/4107/1834 1833/4108/1833 1848/4109/1848 1849/4110/1849
f 1842/4092/1842 1841/4087/1841 1856/4106/1856 1857/4111/1857
f 1835/4112/1835 1834/4113/1834 1849/4114/1849 1850/4115/1850
f 1843/4063/1843 1842/4092/1842 1857/4111/1857 1858/4116/1858
f 1836/4117/1836 1835/4118/1835 1850/4119/1850 1851/4120/1851
f 1844/4064/1844 1843/4063/1843 1858/4116/1858 1859/4121/1859
f 1837/4067/1837 1836/4122/1836 1851/4123/1851 1852/4124/1852
f 1830/4125/1830 1447/4126/1447 1845/4127/1845
f 1454/4128/1454 1844/4064/1844 1859/4121/1859
f 1838/4072/1838 1837/4067/1837 1852/4124/1852 1853/4129/1853
f 1831/4130/1831 1830/4131/1830 1845/4132/1845 1846/4133/1846
f 1839/4077/1839 1838/4072/1838 1853/4129/1853 1854/4134/1854
f 1832/4135/1832 1831/4136/1831 1846/4137/1846 1847/4138/1847
f 1840/4082/1840 1839/4077/1839 1854/4134/1854 1855/4105/1855
f 1852/4124/1852 1851/4139/1851 1866/4140/1866 1867/4141/1867
f 1845/4142/1845 1447/4143/1447 1860/4144/1860
f 1454/4145/1454 1859/4121/1859 1874/4146/1874
f 1853/4129/1853 1852/4124/1852 1867/4141/1867 1868/4147/1868
f 1846/4148/1846 1845/4149/1845 1860/4150/1860 1861/4151/1861
f 1854/4134/1854 1853/4129/1853 1868/4147/1868 1869/4152/1869
f 1847/4153/1847 1846/4154/1846 1861/4155/1861 1862/4156/1862
f 1855/4105/1855 1854/4134/1854 1869/4152/1869 1870/4157/1870
f 1848/4158/1848 1847/4159/1847 1862/4160/1862 1863/4161/1863
f 1856/4106/1856 1855/4105/1855 1870/4157/1870 1871/4162/1871
f 1849/4163/1849 1848/4164/1848 1863/4165/1863 1864/4166/1864
f 1857/4111/1857 1856/4106/1856 1871/4162/1871 1872/4167/1872
f 1850/4168/1850 1849/4169/1849 1864/4170/1864 1865/4171/1865
f 1858/4116/1858 1857/4111/1857 1872/4167/1872 1873/4172/1873
f 1851/4173/1851 1850/4174/1850 1865/4175/1865 1866/4176/1866
f 1859/4121/1859 1858/4116/1858 1873/4172/1873 1874/4146/1874
f 1871/4162/1871 1870/4157/1870 1885/4177/1885 1886/4178/1886
f 1864/4179/1864 1863/4180/1863 1878/4181/1878 1879/4182/1879
f 1872/4167/1872 1871/4162/1871 1886/4178/1886 1887/4183/1887
f 1865/4184/1865 1864/4185/1864 1879/4186/1879 1880/4187/1880
f 1873/4172/1873 1872/4167/1872 1887/4183/1887 1888/4188/1888
f 1866/4189/1866 1865/4190/1865 1880/4191/1880 1881/4192/1881
f 1874/4146/1874 1873/4172/1873 1888/4188/1888 1889/4193/1889
f 1867/4141/1867 1866/4194/1866 1881/4195/1881 1882/4196/1882
f 1860/4197/1860 1447/4198/1447 1875/4199/1875
f 1454/4200/1454 1874/4146/1874 1889/4193/1889
f 1868/4147/1868 1867/4141/1867 1882/4196/1882 1883/4201/1883
f 1861/4202/1861 1860/4203/1860 1875/4204/1875 1876/4205/1876
f 1869/4152/1869 1868/4147/1868 1883/4201/1883 1884/4206/1884
f 1862/4207/1862 1861/4208/1861 1876/4209/1876 1877/4210/1877
f 1870/4157/1870 1869/4152/1869 1884/4206/1884 1885/4177/1885
f 1863/4211/1863 1862/4212/1862 1877/4213/1877 1878/4214/1878
f 1454/4215/1454 1889/4193/1889 1904/4216/1904
f 1883/4201/1883 1882/4196/1882 1897/4217/1897 1898/4218/1898
f 1876/4219/1876 1875/4220/1875 1890/4221/1890 1891/4222/1891
f 1884/4206/1884 1883/4201/1883 1898/4218/1898 1899/4223/1899
f 1877/4224/1877 1876/4225/1876 1891/4226/1891 1892/4227/1892
f 1885/4177/1885 1884/4206/1884 1899/4223/1899 1900/4228/1900
f 1878/4229/1878 1877/4230/1877 1892/4231/1892 1893/4232/1893
f 1886/4178/1886 1885/4177/1885 1900/4228/1900 1901/4233/1901
f 1879/4234/1879 1878/4235/1878 1893/4236/1893 1894/4237/1894
f 1887/4183/1887 1886/4178/1886 1901/4233/1901 1902/4238/1902
f 1880/4239/1880 1879/4240/1879 1894/4241/1894 1895/4242/1895
f 1888/4188/1888 1887/4183/1887 1902/4238/1902 1903/4243/1903
f 1881/4244/1881 1880/4245/1880 1895/4246/1895 1896/4247/1896
f 1889/4193/1889 1888/4188/1888 1903/4243/1903 1904/4216/1904
f 1882/4196/1882 1881/4248/1881 1896/4249/1896 1897/4217/1897
f 1875/4250/1875 1447/4251/1447 1890/4252/1890
f 1902/4238/1902 1901/4233/1901 1916/4253/1916 1917/4254/1917
f 1895/4255/1895 1894/4256/1894 1909/4257/1909 1910/4258/1910
f 1903/4243/1903 1902/4238/1902 1917/4254/1917 1918/4259/1918
f 1896/4260/1896 1895/4261/1895 1910/4262/1910 1911/4263/1911
f 1904/4216/1904 1903/4243/1903 1918/4259/1918 1919/4264/1919
f 1897/4217/1897 1896/4265/1896 1911/4266/1911 1912/4267/1912
f 1890/4268/1890 1447/4269/1447 1905/4270/1905
f 1454/4271/1454 1904/4216/1904 1919/4264/1919
f 1898/4218/1898 1897/4217/1897 1912/4267/1912 1913/4272/1913
f 1891/4273/1891 1890/4274/1890 1905/4275/1905 1906/4276/1906
f 1899/4223/1899 1898/4218/1898 1913/4272/1913 1914/4277/1914
f 1892/4278/1892 1891/4279/1891 1906/4280/1906 1907/4281/1907
f 1900/4228/1900 1899/4223/1899 1914/4277/1914 1915/4282/1915
f 1893/4283/1893 1892/4284/1892 1907/4285/1907 1908/4286/1908
f 1901/4233/1901 1900/4228/1900 1915/4282/1915 1916/4253/1916
f 1894/4287/1894 1893/4288/1893 1908/4289/1908 1909/4290/1909
f 1906/4291/1906 1905/4292/1905 1920/4293/1920 1921/4294/1921
f 1914/4277/1914 1913/4272/1913 1452/3099/1452 1924/3107/1924
f 1907/4295/1907 1906/4296/1906 1921/4297/1921 1448/4298/1448
f 1915/4282/1915 1914/4277/1914 1924/3107/1924 1453/3113/1453
f 1908/4299/1908 1907/4300/1907 1448/4301/1448 1922/4302/1922
f 1916/4253/1916 1915/4282/1915 1453/3113/1453 1925/3119/1925
f 1909/4303/1909 1908/4304/1908 1922/4305/1922 1449/4306/1449
f 1917/4254/1917 1916/4253/1916 1925/3119/1925 1926/3125/1926
f 1910/4307/1910 1909/4308/1909 1449/4309/1449 1923/4310/1923
f 1918/4259/1918 1917/4254/1917 1926/3125/1926 1927/3131/1927
f 1911/4311/1911 1910/4312/1910 1923/4313/1923 1450/4314/1450
f 1919/4264/1919 1918/4259/1918 1927/3131/1927 1928/3137/1928
f 1912/4267/1912 1911/4315/1911 1450/4316/1450 1451/3100/1451
f 1905/4270/1905 1447/4317/1447 1920/4318/1920
f 1454/4319/1454 1919/4264/1919 1928/3137/1928
f 1913/4272/1913 1912/4267/1912 1451/3100/1451 1452/3099/1452
g Sphere.004_Sphere.004
v 0.000000 1.000000 0.000000
v 0.000000 0.831470 -0.555570
v 0.000000 0.555570 -0.831470
v 0.000000 0.195090 -0.980785
v 0.000000 0.000000 -1.000000
v 0.000000 -0.195090 -0.980785
v 0.000000 -0.555570 -0.831470
v 0.000000 -1.000000 0.000000
v 0.038060 0.980785 -0.191342
v 0.074658 0.923880 -0.375330
v 0.108386 0.831470 -0.544895
v 0.137950 0.707107 -0.693520
v 0.162212 0.555570 -0.815493
v 0.180240 0.382683 -0.906127
v 0.191342 0.195090 -0.961940
v 0.195090 0.000000 -0.980785
v 0.191342 -0.195090 -0.961940
v 0.180240 -0.382683 -0.906127
v 0.162212 -0.555570 -0.815493
v 0.137950 -0.707107 -0.693520
v 0.108386 -0.831470 -0.544895
v 0.074658 -0.923880 -0.375330
v 0.038060 -0.980785 -0.191342
v 0.074658 0.980785 -0.180240
v 0.146447 0.923880 -0.353553
v 0.212608 0.831470 -0.513280
v 0.270598 0.707107 -0.653281
v 0.318190 0.555570 -0.768178
v 0.353553 0.382683 -0.853553
v 0.375330 0.195090 -0.906127
v 0.382683 0.000000 -0.923879
v 0.375330 -0.195090 -0.906127
v 0.353553 -0.382683 -0.853553
v 0.318190 -0.555570 -0.768178
v 0.270598 -0.707107 -0.653281
v 0.212608 -0.831470 -0.513280
v 0.146447 -0.923880 -0.353553
v 0.074658 -0.980785 -0.180240
v 0.108386 0.980785 -0.162212
v 0.212608 0.923880 -0.318190
v 0.308658 0.831470 -0.461940
v 0.392847 0.707107 -0.587938
v 0.461940 0.555570 -0.691342
v 0.513280 0.382683 -0.768178
v 0.544895 0.195090 -0.815493
v 0.555570 0.000000 -0.831469
v 0.544895 -0.195090 -0.815493
v 0.513280 -0.382683 -0.768178
v 0.461940 -0.555570 -0.691342
v 0.392847 -0.707107 -0.587938
v 0.308658 -0.831470 -0.461940
v 0.212608 -0.923880 -0.318190
v 0.108386 -0.980785 -0.162212
v 0.137950 0.980785 -0.137950
v 0.270598 0.923880 -0.270598
v 0.392847 0.831470 -0.392847
v 0.500000 0.707107 -0.500000
v 0.587938 0.555570 -0.587938
v 0.653281 0.382683 -0.653281
v 0.693520 0.195090 -0.693520
v 0.707107 0.000000 -0.707107
v 0.693520 -0.195090 -0.693520
v 0.653281 -0.382683 -0.653281
v 0.587938 -0.555570 -0.587938
v 0.500000 -0.707107 -0.500000
v 0.392847 -0.831470 -0.392847
v 0.270598 -0.923880 -0.270598
v 0.137950 -0.980785 -0.137950
v 0.162212 0.980785 -0.108386
v 0.318190 0.923880 -0.212608
v 0.461940 0.831470 -0.308658
v 0.587938 0.707107 -0.392847
v 0.691342 0.555570 -0.461940
v 0.768178 0.382683 -0.513280
v 0.815493 0.195090 -0.544895
v 0.831470 0.000000 -0.555570
v 0.815493 -0.195090 -0.544895
v 0.768178 -0.382683 -0.513280
v 0.691342 -0.555570 -0.461940
v 0.587938 -0.707107 -0.392847
v 0.461940 -0.831470 -0.308658
v 0.318190 -0.923880 -0.212608
v 0.162212 -0.980785 -0.108386
v 0.180240 0.980785 -0.074658
v 0.353553 0.923880 -0.146447
v 0.513280 0.831470 -0.212607
v 0.653281 0.707107 -0.270598
v 0.768178 0.555570 -0.318190
v 0.853553 0.382683 -0.353553
v 0.906127 0.195090 -0.375330
v 0.923879 0.000000 -0.382683
v 0.906127 -0.195090 -0.375330
v 0.853553 -0.382683 -0.353553
v 0.768178 -0.555570 -0.318190
v 0.653281 -0.707107 -0.270598
v 0.513280 -0.831470 -0.212607
v 0.353553 -0.923880 -0.146447
v 0.180240 -0.980785 -0.074658
v 0.191342 0.980785 -0.038060
v 0.375330 0.923880 -0.074658
v 0.544895 0.831470 -0.108386
v 0.693520 0.707107 -0.137950
v 0.815493 0.555570 -0.162212
v 0.906127 0.382683 -0.180240
v 0.961940 0.195090 -0.191342
v 0.980785 0.000000 -0.195090
v 0.961940 -0.195090 -0.191342
v 0.906127 -0.382683 -0.180240
v 0.815493 -0.555570 -0.162212
v 0.693520 -0.707107 -0.137950
v 0.544895 -0.831470 -0.108386
v 0.375330 -0.923880 -0.074658
v 0.191342 -0.980785 -0.038060
v 0.195090 0.980785 0.000000
v 0.382683 0.923880 0.000000
v 0.555570 0.831470 0.000000
v 0.707107 0.707107 -0.000000
v 0.831469 0.555570 0.000000
v 0.923879 0.382683 -0.000000
v 0.980785 0.195090 0.000000
v 1.000000 0.000000 0.000000
v 0.980785 -0.195090 0.000000
v 0.923879 -0.382683 -0.000000
v 0.831469 -0.555570 0.000000
v 0.707107 -0.707107 -0.000000
v 0.555570 -0.831470 0.000000
v 0.382683 -0.923880 0.000000
v 0.195090 -0.980785 0.000000
v 0.191342 0.980785 0.038060
v 0.375330 0.923880 0.074658
v 0.544895 0.831470 0.108386
v 0.693520 0.707107 0.137950
v 0.815493 0.555570 0.162212
v 0.906127 0.382683 0.180240
v 0.961940 0.195090 0.191342
v 0.980785 0.000000 0.195090
v 0.961940 -0.195090 0.191342
v 0.906127 -0.382683 0.180240
v 0.815493 -0.555570 0.162212
v 0.693520 -0.707107 0.137950
v 0.544895 -0.831470 0.108386
v 0.375330 -0.923880 0.074658
v 0.191342 -0.980785 0.038060
v 0.180240 0.980785 0.074658
v 0.353553 0.923880 0.146447
v 0.513280 0.831470 0.212608
v 0.653281 0.707107 0.270598
v 0.768178 0.555570 0.318190
v 0.853553 0.382683 0.353553
v 0.906127 0.195090 0.375330
v 0.923879 0.000000 0.382683
v 0.906127 -0.195090 0.375330
v 0.853553 -0.382683 0.353553
v 0.768178 -0.555570 0.318190
v 0.653281 -0.707107 0.270598
v 0.513280 -0.831470 0.212608
v 0.353553 -0.923880 0.146447
v 0.180240 -0.980785 0.074658
v 0.162212 0.980785 0.108386
v 0.318190 0.923880 0.212608
v 0.461940 0.831470 0.308658
v 0.587938 0.707107 0.392847
v 0.691341 0.555570 0.461940
v 0.768178 0.382683 0.513280
v 0.815493 0.195090 0.544895
v 0.831469 0.000000 0.555570
v 0.815493 -0.195090 0.544895
v 0.768178 -0.382683 0.513280
v 0.691341 -0.555570 0.461940
v 0.587938 -0.707107 0.392847
v 0.461940 -0.831470 0.308658
v 0.318190 -0.923880 0.212608
v 0.162212 -0.980785 0.108386
v 0.137950 0.980785 0.137950
v 0.270598 0.923880 0.270598
v 0.392847 0.831470 0.392847
v 0.500000 0.707107 0.500000
v 0.587938 0.555570 0.587938
v 0.653281 0.382683 0.653281
v 0.693520 0.195090 0.693520
v 0.707106 0.000000 0.707107
v 0.693520 -0.195090 0.693520
v 0.653281 -0.382683 0.653281
v 0.587938 -0.555570 0.587938
v 0.500000 -0.707107 0.500000
v 0.392847 -0.831470 0.392847
v 0.270598 -0.923880 0.270598
v 0.137950 -0.980785 0.137950
v 0.108386 0.980785 0.162212
v 0.212607 0.923880 0.318190
v 0.308658 0.831470 0.461940
v 0.392847 0.707107 0.587938
v 0.461940 0.555570 0.691342
v 0.513280 0.382683 0.768178
v 0.544895 0.195090 0.815493
v 0.555570 0.000000 0.831469
v 0.544895 -0.195090 0.815493
v 0.513280 -0.382683 0.768178
v 0.461940 -0.555570 0.691342
v 0.392847 -0.707107 0.587938
v 0.308658 -0.831470 0.461940
v 0.212607 -0.923880 0.318190
v 0.108386 -0.980785 0.162212
v 0.074658 0.980785 0.180240
v 0.146447 0.923880 0.353553
v 0.212607 0.831470 0.513280
v 0.270598 0.707107 0.653281
v 0.318189 0.555570 0.768178
v 0.353553 0.382683 0.853553
v 0.375330 0.195090 0.906127
v 0.382683 0.000000 0.923879
v 0.375330 -0.195090 0.906127
v 0.353553 -0.382683 0.853553
v 0.318189 -0.555570 0.768178
v 0.270598 -0.707107 0.653281
v 0.212607 -0.831470 0.513280
v 0.146447 -0.923880 0.353553
v 0.074658 -0.980785 0.180240
v 0.038060 0.980785 0.191342
v 0.074658 0.923880 0.375330
v 0.108386 0.831470 0.544895
v 0.137950 0.707107 0.693520
v 0.162212 0.555570 0.815493
v 0.180240 0.382683 0.906127
v 0.191342 0.195090 0.961939
v 0.195090 0.000000 0.980785
v 0.191342 -0.195090 0.961939
v 0.180240 -0.382683 0.906127
v 0.162212 -0.555570 0.815493
v 0.137950 -0.707107 0.693520
v 0.108386 -0.831470 0.544895
v 0.074658 -0.923880 0.375330
v 0.038060 -0.980785 0.191342
v -0.000000 0.980785 0.195090
v -0.000000 0.923880 0.382683
v -0.000000 0.831470 0.555570
v -0.000000 0.707107 0.707107
v -0.000000 0.555570 0.831469
v 0.000000 0.382683 0.923879
v -0.000000 0.195090 0.980785
v -0.000000 0.000000 0.999999
v -0.000000 -0.195090 0.980785
v 0.000000 -0.382683 0.923879
v -0.000000 -0.555570 0.831469
v -0.000000 -0.707107 0.707107
v -0.000000 -0.831470 0.555570
v -0.000000 -0.923880 0.382683
v -0.000000 -0.980785 0.195090
v -0.038060 0.980785 0.191342
v -0.074658 0.923880 0.375330
v -0.108386 0.831470 0.544895
v -0.137950 0.707107 0.693520
v -0.162212 0.555570 0.815493
v -0.180240 0.382683 0.906127
v -0.191342 0.195090 0.961939
v -0.195091 0.000000 0.980785
v -0.191342 -0.195090 0.961939
v -0.180240 -0.382683 0.906127
v -0.162212 -0.555570 0.815493
v -0.137950 -0.707107 0.693520
v -0.108386 -0.831470 0.544895
v -0.074658 -0.923880 0.375330
v -0.038060 -0.980785 0.191342
v -0.074658 0.980785 0.180240
v -0.146447 0.923880 0.353553
v -0.212608 0.831470 0.513280
v -0.270598 0.707107 0.653281
v -0.318190 0.555570 0.768177
v -0.353553 0.382683 0.853553
v -0.375330 0.195090 0.906127
v -0.382683 0.000000 0.923879
v -0.375330 -0.195090 0.906127
v -0.353553 -0.382683 0.853553
v -0.318190 -0.555570 0.768177
v -0.270598 -0.707107 0.653281
v -0.212608 -0.831470 0.513280
v -0.146447 -0.923880 0.353553
v -0.074658 -0.980785 0.180240
v -0.108386 0.980785 0.162212
v -0.212608 0.923880 0.318190
v -0.308658 0.831470 0.461939
v -0.392847 0.707107 0.587938
v -0.461940 0.555570 0.691341
v -0.513280 0.382683 0.768178
v -0.544895 0.195090 0.815493
v -0.555570 0.000000 0.831469
v -0.544895 -0.195090 0.815493
v -0.513280 -0.382683 0.768178
v -0.461940 -0.555570 0.691341
v -0.392847 -0.707107 0.587938
v -0.308658 -0.831470 0.461939
v -0.212608 -0.923880 0.318190
v -0.108386 -0.980785 0.162212
v -0.137950 0.980785 0.137950
v -0.270598 0.923880 0.270598
v -0.392847 0.831470 0.392847
v -0.500000 0.707107 0.500000
v -0.587938 0.555570 0.587937
v -0.653281 0.382683 0.653281
v -0.693520 0.195090 0.693520
v -0.707106 0.000000 0.707106
v -0.693520 -0.195090 0.693520
v -0.653281 -0.382683 0.653281
v -0.587938 -0.555570 0.587937
v -0.500000 -0.707107 0.500000
v -0.392847 -0.831470 0.392847
v -0.270598 -0.923880 0.270598
v -0.137950 -0.980785 0.137950
v -0.162212 0.980785 0.108386
v -0.318190 0.923880 0.212607
v -0.461940 0.831470 0.308658
v -0.587938 0.707107 0.392847
v -0.691341 0.555570 0.461939
v -0.768177 0.382683 0.513280
v -0.815493 0.195090 0.544895
v -0.831469 0.000000 0.555569
v -0.815493 -0.195090 0.544895
v -0.768177 -0.382683 0.513280
v -0.691341 -0.555570 0.461939
v -0.587938 -0.707107 0.392847
v -0.461940 -0.831470 0.308658
v -0.318190 -0.923880 0.212607
v -0.162212 -0.980785 0.108386
v -0.180240 0.980785 0.074658
v -0.353553 0.923880 0.146447
v -0.513280 0.831470 0.212607
v -0.653281 0.707107 0.270598
v -0.768177 0.555570 0.318189
v -0.853553 0.382683 0.353553
v -0.906127 0.195090 0.375330
v -0.923879 0.000000 0.382683
v -0.906127 -0.195090 0.375330
v -0.853553 -0.382683 0.353553
v -0.768177 -0.555570 0.318189
v -0.653281 -0.707107 0.270598
v -0.513280 -0.831470 0.212607
v -0.353553 -0.923880 0.146447
v -0.180240 -0.980785 0.074658
v -0.191342 0.980785 0.038060
v -0.375330 0.923880 0.074658
v -0.544895 0.831470 0.108386
v -0.693520 0.707107 0.137950
v -0.815493 0.555570 0.162211
v -0.906127 0.382683 0.180240
v -0.961939 0.195090 0.191341
v -0.980784 0.000000 0.195090
v -0.961939 -0.195090 0.191341
v -0.906127 -0.382683 0.180240
v -0.815493 -0.555570 0.162211
v -0.693520 -0.707107 0.137950
v -0.544895 -0.831470 0.108386
v -0.375330 -0.923880 0.074658
v -0.191342 -0.980785 0.038060
v -0.195090 0.980785 -0.000000
v -0.382683 0.923880 -0.000000
v -0.555570 0.831470 -0.000000
v -0.707107 0.707107 -0.000000
v -0.831469 0.555570 -0.000000
v -0.923879 0.382683 -0.000000
v -0.980785 0.195090 -0.000000
v -0.999999 0.000000 -0.000000
v -0.980785 -0.195090 -0.000000
v -0.923879 -0.382683 -0.000000
v -0.831469 -0.555570 -0.000000
v -0.707107 -0.707107 -0.000000
v -0.555570 -0.831470 -0.000000
v -0.382683 -0.923880 -0.000000
v -0.195090 -0.980785 -0.000000
v -0.191342 0.980785 -0.038060
v -0.375330 0.923880 -0.074658
v -0.544895 0.831470 -0.108386
v -0.693520 0.707107 -0.137950
v -0.815493 0.555570 -0.162212
v -0.906127 0.382683 -0.180240
v -0.961939 0.195090 -0.191342
v -0.980784 0.000000 -0.195091
v -0.961939 -0.195090 -0.191342
v -0.906127 -0.382683 -0.180240
v -0.815493 -0.555570 -0.162212
v -0.693520 -0.707107 -0.137950
v -0.544895 -0.831470 -0.108386
v -0.375330 -0.923880 -0.074658
v -0.191342 -0.980785 -0.038060
v -0.180240 0.980785 -0.074658
v -0.353553 0.923880 -0.146447
v -0.513279 0.831470 -0.212607
v -0.653281 0.707107 -0.270598
v -0.768177 0.555570 -0.318190
v -0.853553 0.382683 -0.353553
v -0.906127 0.195090 -0.375330
v -0.923878 0.000000 -0.382683
v -0.906127 -0.195090 -0.375330
v -0.853553 -0.382683 -0.353553
v -0.768177 -0.555570 -0.318190
v -0.653281 -0.707107 -0.270598
v -0.513279 -0.831470 -0.212607
v -0.353553 -0.923880 -0.146447
v -0.180240 -0.980785 -0.074658
v -0.162212 0.980785 -0.108386
v -0.318189 0.923880 -0.212607
v -0.461939 0.831470 -0.308658
v -0.587938 0.707107 -0.392847
v -0.691341 0.555570 -0.461940
v -0.768177 0.382683 -0.513280
v -0.815493 0.195090 -0.544895
v -0.831468 0.000000 -0.555570
v -0.815493 -0.195090 -0.544895
v -0.768177 -0.382683 -0.513280
v -0.691341 -0.555570 -0.461940
v -0.587938 -0.707107 -0.392847
v -0.461939 -0.831470 -0.308658
v -0.318189 -0.923880 -0.212607
v -0.162212 -0.980785 -0.108386
v -0.137950 0.980785 -0.137950
v -0.270598 0.923880 -0.270598
v -0.392847 0.831470 -0.392847
v -0.500000 0.707107 -0.500000
v -0.587937 0.555570 -0.587938
v -0.653281 0.382683 -0.653281
v -0.693519 0.195090 -0.693520
v -0.707106 0.000000 -0.707106
v -0.693519 -0.195090 -0.693520
v -0.653281 -0.382683 -0.653281
v -0.587937 -0.555570 -0.587938
v -0.500000 -0.707107 -0.500000
v -0.392847 -0.831470 -0.392847
v -0.270598 -0.923880 -0.270598
v -0.137950 -0.980785 -0.137950
v -0.108386 0.980785 -0.162212
v -0.212607 0.923880 -0.318190
v -0.308658 0.831470 -0.461939
v -0.392847 0.707107 -0.587938
v -0.461939 0.555570 -0.691341
v -0.513280 0.382683 -0.768177
v -0.544895 0.195090 -0.815493
v -0.555569 0.000000 -0.831469
v -0.544895 -0.195090 -0.815493
v -0.513280 -0.382683 -0.768177
v -0.461939 -0.555570 -0.691341
v -0.392847 -0.707107 -0.587938
v -0.308658 -0.831470 -0.461939
v -0.212607 -0.923880 -0.318190
v -0.108386 -0.980785 -0.162212
v -0.074658 0.980785 -0.180240
v -0.146446 0.923880 -0.353553
v -0.212607 0.831470 -0.513279
v -0.270598 0.707107 -0.653281
v -0.318189 0.555570 -0.768177
v -0.353553 0.382683 -0.853553
v -0.375330 0.195090 -0.906127
v -0.382683 0.000000 -0.923879
v -0.375330 -0.195090 -0.906127
v -0.353553 -0.382683 -0.853553
v -0.318189 -0.555570 -0.768177
v -0.270598 -0.707107 -0.653281
v -0.212607 -0.831470 -0.513279
v -0.146446 -0.923880 -0.353553
v -0.074658 -0.980785 -0.180240
v -0.038060 0.980785 -0.191342
v -0.074658 0.923880 -0.375330
v -0.108386 0.831470 -0.544895
v -0.137950 0.707107 -0.693520
v -0.162211 0.555570 -0.815493
v -0.180240 0.382683 -0.906127
v -0.191341 0.195090 -0.961939
v -0.195090 0.000000 -0.980784
v -0.191341 -0.195090 -0.961939
v -0.180240 -0.382683 -0.906127
v -0.162211 -0.555570 -0.815493
v -0.137950 -0.707107 -0.693520
v -0.108386 -0.831470 -0.544895
v -0.074658 -0.923880 -0.375330
v -0.038060 -0.980785 -0.191342
v 0.000000 0.980785 -0.195090
v 0.000000 0.923880 -0.382683
v 0.000000 0.707107 -0.707107
v 0.000000 0.382683 -0.923879
v 0.000000 -0.382683 -0.923879
v 0.000000 -0.707107 -0.707107
v 0.000000 -0.831470 -0.555570
v 0.000000 -0.923880 -0.382683
v 0.000000 -0.980785 -0.195090
vn 0.0975 -0.0975 -0.9904
vn 0.0286 0.9565 -0.2902
vn 0.0938 -0.2890 -0.9527
vn 0.0464 0.8810 -0.4709
vn 0.0865 -0.4696 -0.8786
vn 0.0624 0.7715 -0.6332
vn 0.0759 -0.6326 -0.7708
vn 0.0759 0.6326 -0.7708
vn 0.0624 -0.7715 -0.6332
vn 0.0865 0.4696 -0.8786
vn 0.0464 -0.8810 -0.4709
vn 0.0938 0.2890 -0.9527
vn 0.0286 -0.9565 -0.2902
vn 0.0975 0.0975 -0.9904
vn 0.0097 0.9951 -0.0980
vn 0.0097 -0.9951 -0.0980
vn 0.0846 -0.9565 -0.2790
vn 0.2889 0.0976 -0.9524
vn 0.0286 0.9951 -0.0942
vn 0.0286 -0.9951 -0.0942
vn 0.2889 -0.0976 -0.9524
vn 0.0846 0.9565 -0.2790
vn 0.2779 -0.2890 -0.9161
vn 0.1374 0.8810 -0.4528
vn 0.2563 -0.4696 -0.8448
vn 0.1847 0.7715 -0.6088
vn 0.2248 -0.6326 -0.7412
vn 0.2248 0.6326 -0.7412
vn 0.1847 -0.7715 -0.6088
vn 0.2563 0.4696 -0.8448
vn 0.1374 -0.8810 -0.4528
vn 0.2779 0.2890 -0.9161
vn 0.3651 -0.6326 -0.6831
vn 0.3651 0.6326 -0.6831
vn 0.2999 -0.7715 -0.5611
vn 0.4162 0.4696 -0.7786
vn 0.2230 -0.8810 -0.4173
vn 0.4513 0.2890 -0.8443
vn 0.1374 -0.9565 -0.2571
vn 0.4691 0.0975 -0.8777
vn 0.0464 0.9951 -0.0869
vn 0.0464 -0.9951 -0.0869
vn 0.4691 -0.0975 -0.8777
vn 0.1374 0.9565 -0.2571
vn 0.4513 -0.2890 -0.8443
vn 0.2230 0.8810 -0.4173
vn 0.4162 -0.4696 -0.7786
vn 0.2999 0.7715 -0.5611
vn 0.0625 0.9951 -0.0761
vn 0.0625 -0.9951 -0.0761
vn 0.6314 -0.0975 -0.7693
vn 0.1850 0.9565 -0.2254
vn 0.6073 -0.2890 -0.7400
vn 0.3002 0.8810 -0.3658
vn 0.5601 -0.4696 -0.6825
vn 0.4036 0.7715 -0.4918
vn 0.4913 -0.6326 -0.5987
vn 0.4913 0.6326 -0.5987
vn 0.4036 -0.7715 -0.4918
vn 0.5601 0.4696 -0.6825
vn 0.3002 -0.8810 -0.3658
vn 0.6073 0.2890 -0.7400
vn 0.1850 -0.9565 -0.2254
vn 0.6314 0.0975 -0.7693
vn 0.5987 0.6326 -0.4913
vn 0.4918 -0.7715 -0.4036
vn 0.6825 0.4696 -0.5601
vn 0.3658 -0.8810 -0.3002
vn 0.7400 0.2890 -0.6073
vn 0.2254 -0.9565 -0.1850
vn 0.7693 0.0975 -0.6314
vn 0.0761 0.9951 -0.0625
vn 0.0761 -0.9951 -0.0625
vn 0.7693 -0.0975 -0.6314
vn 0.2254 0.9565 -0.1850
vn 0.7400 -0.2890 -0.6073
vn 0.3658 0.8810 -0.3002
vn 0.6825 -0.4696 -0.5601
vn 0.4918 0.7715 -0.4036
vn 0.5987 -0.6326 -0.4913
vn 0.8777 -0.0975 -0.4691
vn 0.2571 0.9565 -0.1374
vn 0.8443 -0.2890 -0.4513
vn 0.4173 0.8810 -0.2230
vn 0.7786 -0.4696 -0.4162
vn 0.5611 0.7715 -0.2999
vn 0.6831 -0.6326 -0.3651
vn 0.6831 0.6326 -0.3651
vn 0.5611 -0.7715 -0.2999
vn 0.7786 0.4696 -0.4162
vn 0.4173 -0.8810 -0.2230
vn 0.8443 0.2890 -0.4513
vn 0.2571 -0.9565 -0.1374
vn 0.8777 0.0975 -0.4691
vn 0.0869 0.9951 -0.0464
vn 0.0869 -0.9951 -0.0464
vn 0.6088 -0.7715 -0.1847
vn 0.8448 0.4696 -0.2563
vn 0.4528 -0.8810 -0.1374
vn 0.9161 0.2890 -0.2779
vn 0.2790 -0.9565 -0.0846
vn 0.9524 0.0975 -0.2889
vn 0.0942 0.9951 -0.0286
vn 0.0942 -0.9951 -0.0286
vn 0.9524 -0.0975 -0.2889
vn 0.2790 0.9565 -0.0846
vn 0.9161 -0.2890 -0.2779
vn 0.4528 0.8810 -0.1374
vn 0.8448 -0.4696 -0.2563
vn 0.6088 0.7715 -0.1847
vn 0.7412 -0.6326 -0.2248
vn 0.7412 0.6326 -0.2248
vn 0.2902 0.9565 -0.0286
vn 0.9527 -0.2890 -0.0938
vn 0.4709 0.8810 -0.0464
vn 0.8786 -0.4696 -0.0865
vn 0.6332 0.7715 -0.0624
vn 0.7708 -0.6326 -0.0759
vn 0.7708 0.6326 -0.0759
vn 0.6332 -0.7715 -0.0624
vn 0.8786 0.4696 -0.0865
vn 0.4709 -0.8810 -0.0464
vn 0.9527 0.2890 -0.0938
vn 0.2902 -0.9565 -0.0286
vn 0.9904 0.0975 -0.0975
vn 0.0980 0.9951 -0.0097
vn 0.0980 -0.9951 -0.0097
vn 0.9904 -0.0975 -0.0975
vn 0.8786 0.4696 0.0865
vn 0.4709 -0.8810 0.0464
vn 0.9527 0.2890 0.0938
vn 0.2902 -0.9565 0.0286
vn 0.9904 0.0975 0.0976
vn 0.0980 0.9951 0.0097
vn 0.0980 -0.9951 0.0097
vn 0.9904 -0.0975 0.0976
vn 0.2902 0.9565 0.0286
vn 0.9527 -0.2890 0.0938
vn 0.4709 0.8810 0.0464
vn 0.8786 -0.4696 0.0865
vn 0.6332 0.7715 0.0624
vn 0.7708 -0.6326 0.0759
vn 0.7708 0.6326 0.0759
vn 0.6332 -0.7715 0.0624
vn 0.9161 -0.2890 0.2779
vn 0.4528 0.8810 0.1374
vn 0.8448 -0.4696 0.2563
vn 0.6088 0.7715 0.1847
vn 0.7412 -0.6326 0.2248
vn 0.7412 0.6326 0.2248
vn 0.6088 -0.7715 0.1847
vn 0.8448 0.4696 0.2563
vn 0.4528 -0.8810 0.1374
vn 0.9161 0.2890 0.2779
vn 0.2790 -0.9565 0.0846
vn 0.9524 0.0975 0.2889
vn 0.0942 0.9951 0.0286
vn 0.0942 -0.9951 0.0286
vn 0.9524 -0.0975 0.2889
vn 0.2790 0.9565 0.0846
vn 0.4173 -0.8810 0.2230
vn 0.8443 0.2890 0.4513
vn 0.2571 -0.9565 0.1374
vn 0.8777 0.0975 0.4691
vn 0.0869 0.9951 0.0464
vn 0.0869 -0.9951 0.0464
vn 0.8777 -0.0975 0.4691
vn 0.2571 0.9565 0.1374
vn 0.8443 -0.2890 0.4513
vn 0.4173 0.8810 0.2230
vn 0.7786 -0.4696 0.4162
vn 0.5611 0.7715 0.2999
vn 0.6831 -0.6326 0.3651
vn 0.6831 0.6326 0.3651
vn 0.5611 -0.7715 0.2999
vn 0.7786 0.4696 0.4162
vn 0.6825 -0.4696 0.5601
vn 0.4918 0.7715 0.4036
vn 0.5987 -0.6326 0.4913
vn 0.5987 0.6326 0.4913
vn 0.4918 -0.7715 0.4036
vn 0.6825 0.4696 0.5601
vn 0.3658 -0.8810 0.3002
vn 0.7400 0.2890 0.6073
vn 0.2254 -0.9565 0.1850
vn 0.7693 0.0975 0.6314
vn 0.0761 0.9951 0.0625
vn 0.0761 -0.9951 0.0625
vn 0.7693 -0.0975 0.6314
vn 0.2254 0.9565 0.1850
vn 0.7400 -0.2890 0.6073
vn 0.3658 0.8810 0.3002
vn 0.1850 -0.9565 0.2254
vn 0.6314 0.0975 0.7693
vn 0.0625 0.9951 0.0761
vn 0.0625 -0.9951 0.0761
vn 0.6314 -0.0975 0.7693
vn 0.1850 0.9565 0.2254
vn 0.6073 -0.2890 0.7400
vn 0.3002 0.8810 0.3658
vn 0.5601 -0.4696 0.6825
vn 0.4036 0.7715 0.4918
vn 0.4913 -0.6326 0.5987
vn 0.4913 0.6326 0.5987
vn 0.4036 -0.7715 0.4918
vn 0.5601 0.4696 0.6825
vn 0.3002 -0.8810 0.3658
vn 0.6073 0.2890 0.7400
vn 0.2999 0.7715 0.5611
vn 0.3651 -0.6326 0.6831
vn 0.3651 0.6326 0.6831
vn 0.2999 -0.7715 0.5611
vn 0.4162 0.4696 0.7786
vn 0.2230 -0.8810 0.4173
vn 0.4513 0.2890 0.8443
vn 0.1374 -0.9565 0.2571
vn 0.4691 0.0975 0.8777
vn 0.0464 0.9951 0.0869
vn 0.0464 -0.9951 0.0869
vn 0.4691 -0.0975 0.8777
vn 0.1374 0.9565 0.2571
vn 0.4513 -0.2890 0.8443
vn 0.2230 0.8810 0.4173
vn 0.4162 -0.4696 0.7786
vn 0.2889 0.0975 0.9524
vn 0.0286 0.9951 0.0942
vn 0.0286 -0.9951 0.0942
vn 0.2889 -0.0975 0.9524
vn 0.0846 0.9565 0.2790
vn 0.2779 -0.2890 0.9161
vn 0.1374 0.8810 0.4528
vn 0.2563 -0.4696 0.8448
vn 0.1847 0.7715 0.6088
vn 0.2248 -0.6326 0.7412
vn 0.2248 0.6326 0.7412
vn 0.1847 -0.7715 0.6088
vn 0.2563 0.4696 0.8448
vn 0.1374 -0.8810 0.4528
vn 0.2779 0.2890 0.9161
vn 0.0846 -0.9565 0.2790
vn 0.0759 -0.6326 0.7708
vn 0.0759 0.6326 0.7708
vn 0.0624 -0.7715 0.6332
vn 0.0865 0.4696 0.8786
vn 0.0464 -0.8810 0.4709
vn 0.0938 0.2890 0.9527
vn 0.0286 -0.9565 0.2902
vn 0.0975 0.0975 0.9904
vn 0.0097 0.9951 0.0980
vn 0.0097 -0.9951 0.0980
vn 0.0975 -0.0975 0.9904
vn 0.0286 0.9565 0.2902
vn 0.0938 -0.2890 0.9527
vn 0.0464 0.8810 0.4709
vn 0.0865 -0.4696 0.8786
vn 0.0624 0.7715 0.6332
vn -0.0097 0.9951 0.0980
vn -0.0097 -0.9951 0.0980
vn -0.0976 -0.0975 0.9904
vn -0.0286 0.9565 0.2902
vn -0.0938 -0.2890 0.9527
vn -0.0464 0.8810 0.4709
vn -0.0865 -0.4696 0.8786
vn -0.0624 0.7715 0.6332
vn -0.0759 -0.6326 0.7708
vn -0.0759 0.6326 0.7708
vn -0.0624 -0.7715 0.6332
vn -0.0865 0.4696 0.8786
vn -0.0464 -0.8810 0.4709
vn -0.0938 0.2890 0.9527
vn -0.0286 -0.9565 0.2902
vn -0.0976 0.0975 0.9904
vn -0.2248 0.6326 0.7412
vn -0.1847 -0.7715 0.6088
vn -0.2563 0.4696 0.8448
vn -0.1374 -0.8810 0.4528
vn -0.2779 0.2890 0.9161
vn -0.0846 -0.9565 0.2790
vn -0.2889 0.0975 0.9524
vn -0.0286 0.9951 0.0942
vn -0.0286 -0.9951 0.0942
vn -0.2889 -0.0975 0.9524
vn -0.0846 0.9565 0.2790
vn -0.2779 -0.2890 0.9161
vn -0.1374 0.8810 0.4528
vn -0.2563 -0.4696 0.8448
vn -0.1847 0.7715 0.6088
vn -0.2248 -0.6326 0.7412
vn -0.4691 -0.0975 0.8777
vn -0.1374 0.9565 0.2571
vn -0.4513 -0.2890 0.8443
vn -0.2230 0.8810 0.4173
vn -0.4162 -0.4696 0.7786
vn -0.2999 0.7715 0.5611
vn -0.3651 -0.6326 0.6831
vn -0.3651 0.6326 0.6831
vn -0.2999 -0.7715 0.5611
vn -0.4162 0.4696 0.7786
vn -0.2230 -0.8810 0.4173
vn -0.4513 0.2890 0.8443
vn -0.1374 -0.9565 0.2571
vn -0.4691 0.0975 0.8777
vn -0.0464 0.9951 0.0869
vn -0.0464 -0.9951 0.0869
vn -0.4036 -0.7715 0.4918
vn -0.5601 0.4696 0.6825
vn -0.3002 -0.8810 0.3658
vn -0.6073 0.2890 0.7400
vn -0.1850 -0.9565 0.2254
vn -0.6314 0.0975 0.7693
vn -0.0625 0.9951 0.0761
vn -0.0625 -0.9951 0.0761
vn -0.6314 -0.0975 0.7693
vn -0.1850 0.9565 0.2254
vn -0.6073 -0.2890 0.7400
vn -0.3002 0.8810 0.3658
vn -0.5601 -0.4696 0.6825
vn -0.4036 0.7715 0.4918
vn -0.4913 -0.6326 0.5987
vn -0.4913 0.6326 0.5987
vn -0.7400 -0.2890 0.6073
vn -0.3658 0.8810 0.3002
vn -0.6825 -0.4696 0.5601
vn -0.4918 0.7715 0.4036
vn -0.5987 -0.6326 0.4913
vn -0.5987 0.6326 0.4913
vn -0.4918 -0.7715 0.4036
vn -0.6825 0.4696 0.5601
vn -0.3658 -0.8810 0.3002
vn -0.7400 0.2890 0.6073
vn -0.2254 -0.9565 0.1850
vn -0.7693 0.0975 0.6314
vn -0.0761 0.9951 0.0625
vn -0.0761 -0.9951 0.0625
vn -0.7693 -0.0975 0.6314
vn -0.2254 0.9565 0.1850
vn -0.4173 -0.8810 0.2230
vn -0.8443 0.2890 0.4513
vn -0.2571 -0.9565 0.1374
vn -0.8777 0.0975 0.4691
vn -0.0869 0.9951 0.0464
vn -0.0869 -0.9951 0.0464
vn -0.8777 -0.0975 0.4691
vn -0.2571 0.9565 0.1374
vn -0.8443 -0.2890 0.4513
vn -0.4173 0.8810 0.2230
vn -0.7786 -0.4696 0.4162
vn -0.5611 0.7715 0.2999
vn -0.6831 -0.6326 0.3651
vn -0.6831 0.6326 0.3651
vn -0.5611 -0.7715 0.2999
vn -0.7786 0.4696 0.4162
vn -0.4528 0.8810 0.1374
vn -0.8448 -0.4696 0.2563
vn -0.6088 0.7715 0.1847
vn -0.7412 -0.6326 0.2248
vn -0.7412 0.6326 0.2248
vn -0.6088 -0.7715 0.1847
vn -0.8448 0.4696 0.2563
vn -0.4528 -0.8810 0.1374
vn -0.9161 0.2890 0.2779
vn -0.2790 -0.9565 0.0846
vn -0.9524 0.0975 0.2889
vn -0.0942 0.9951 0.0286
vn -0.0942 -0.9951 0.0286
vn -0.9524 -0.0975 0.2889
vn -0.2790 0.9565 0.0846
vn -0.9161 -0.2890 0.2779
vn -0.9527 0.2890 0.0938
vn -0.2902 -0.9565 0.0286
vn -0.9904 0.0975 0.0975
vn -0.0980 0.9951 0.0097
vn -0.0980 -0.9951 0.0097
vn -0.9904 -0.0975 0.0975
vn -0.2902 0.9565 0.0286
vn -0.9527 -0.2890 0.0938
vn -0.4709 0.8810 0.0464
vn -0.8786 -0.4696 0.0865
vn -0.6332 0.7715 0.0624
vn -0.7708 -0.6326 0.0759
vn -0.7708 0.6326 0.0759
vn -0.6332 -0.7715 0.0624
vn -0.8786 0.4696 0.0865
vn -0.4709 -0.8810 0.0464
vn -0.8786 -0.4696 -0.0865
vn -0.6332 0.7715 -0.0624
vn -0.7708 -0.6326 -0.0759
vn -0.7708 0.6326 -0.0759
vn -0.6332 -0.7715 -0.0624
vn -0.8786 0.4696 -0.0865
vn -0.4709 -0.8810 -0.0464
vn -0.9527 0.2890 -0.0938
vn -0.2902 -0.9565 -0.0286
vn -0.9904 0.0975 -0.0976
vn -0.0980 0.9951 -0.0097
vn -0.0980 -0.9951 -0.0097
vn -0.9904 -0.0975 -0.0976
vn -0.2902 0.9565 -0.0286
vn -0.9527 -0.2890 -0.0938
vn -0.4709 0.8810 -0.0464
vn -0.2790 -0.9565 -0.0846
vn -0.9524 0.0975 -0.2889
vn -0.0942 0.9951 -0.0286
vn -0.0942 -0.9951 -0.0286
vn -0.9524 -0.0975 -0.2889
vn -0.2790 0.9565 -0.0846
vn -0.9161 -0.2890 -0.2779
vn -0.4528 0.8810 -0.1374
vn -0.8448 -0.4696 -0.2563
vn -0.6088 0.7715 -0.1847
vn -0.7412 -0.6326 -0.2248
vn -0.7412 0.6326 -0.2248
vn -0.6088 -0.7715 -0.1847
vn -0.8448 0.4696 -0.2563
vn -0.4528 -0.8810 -0.1374
vn -0.9161 0.2890 -0.2779
vn -0.5611 0.7715 -0.2999
vn -0.6831 -0.6326 -0.3651
vn -0.6831 0.6326 -0.3651
vn -0.5611 -0.7715 -0.2999
vn -0.7786 0.4696 -0.4162
vn -0.4173 -0.8810 -0.2231
vn -0.8443 0.2890 -0.4513
vn -0.2571 -0.9565 -0.1374
vn -0.8777 0.0975 -0.4691
vn -0.0869 0.9951 -0.0464
vn -0.0869 -0.9951 -0.0464
vn -0.8777 -0.0975 -0.4691
vn -0.2571 0.9565 -0.1374
vn -0.8443 -0.2890 -0.4513
vn -0.4173 0.8810 -0.2231
vn -0.7786 -0.4696 -0.4162
vn -0.7693 0.0975 -0.6314
vn -0.0761 0.9951 -0.0625
vn -0.0761 -0.9951 -0.0625
vn -0.7693 -0.0975 -0.6314
vn -0.2254 0.9565 -0.1850
vn -0.7400 -0.2890 -0.6073
vn -0.3658 0.8810 -0.3002
vn -0.6825 -0.4696 -0.5601
vn -0.4918 0.7715 -0.4036
vn -0.5987 -0.6326 -0.4913
vn -0.5987 0.6326 -0.4913
vn -0.4918 -0.7715 -0.4036
vn -0.6825 0.4696 -0.5601
vn -0.3658 -0.8810 -0.3002
vn -0.7400 0.2890 -0.6073
vn -0.2254 -0.9565 -0.1850
vn -0.4913 -0.6326 -0.5987
vn -0.4913 0.6326 -0.5987
vn -0.4036 -0.7715 -0.4918
vn -0.5601 0.4696 -0.6825
vn -0.3002 -0.8810 -0.3658
vn -0.6073 0.2890 -0.7400
vn -0.1850 -0.9565 -0.2254
vn -0.6314 0.0975 -0.7693
vn -0.0625 0.9951 -0.0761
vn -0.0625 -0.9951 -0.0761
vn -0.6314 -0.0975 -0.7693
vn -0.1850 0.9565 -0.2254
vn -0.6073 -0.2890 -0.7400
vn -0.3002 0.8810 -0.3658
vn -0.5601 -0.4696 -0.6825
vn -0.4036 0.7715 -0.4918
vn -0.0464 -0.9951 -0.0869
vn -0.4691 -0.0975 -0.8777
vn -0.1374 0.9565 -0.2571
vn -0.4513 -0.2890 -0.8443
vn -0.2230 0.8810 -0.4173
vn -0.4162 -0.4696 -0.7786
vn -0.2999 0.7715 -0.5611
vn -0.3651 -0.6326 -0.6831
vn -0.3651 0.6326 -0.6831
vn -0.2999 -0.7715 -0.5611
vn -0.4162 0.4696 -0.7786
vn -0.2230 -0.8810 -0.4173
vn -0.4513 0.2890 -0.8443
vn -0.1374 -0.9565 -0.2571
vn -0.4691 0.0975 -0.8777
vn -0.0464 0.9951 -0.0869
vn -0.1847 -0.7715 -0.6088
vn -0.2563 0.4696 -0.8448
vn -0.1374 -0.8810 -0.4528
vn -0.2779 0.2890 -0.9161
vn -0.0846 -0.9565 -0.2790
vn -0.2889 0.0975 -0.9524
vn -0.0286 0.9951 -0.0942
vn -0.0286 -0.9951 -0.0942
vn -0.2889 -0.0975 -0.9524
vn -0.0846 0.9565 -0.2790
vn -0.2779 -0.2890 -0.9161
vn -0.1374 0.8810 -0.4528
vn -0.2563 -0.4696 -0.8448
vn -0.1847 0.7715 -0.6088
vn -0.2248 -0.6326 -0.7412
vn -0.2248 0.6326 -0.7412
vn -0.0286 0.9565 -0.2902
vn -0.0938 -0.2890 -0.9527
vn -0.0464 0.8810 -0.4709
vn -0.0865 -0.4696 -0.8786
vn -0.0624 0.7715 -0.6332
vn -0.0759 -0.6326 -0.7708
vn -0.0759 0.6326 -0.7708
vn -0.0624 -0.7715 -0.6332
vn -0.0865 0.4696 -0.8786
vn -0.0464 -0.8810 -0.4709
vn -0.0938 0.2890 -0.9527
vn -0.0286 -0.9565 -0.2902
vn -0.0976 0.0975 -0.9904
vn -0.0097 0.9951 -0.0980
vn -0.0097 -0.9951 -0.0980
vn -0.0976 -0.0975 -0.9904
vt 0.750000 0.437500
vt 0.750000 0.500000
vt 0.718750 0.500000
vt 0.718750 0.437500
vt 0.750000 0.875000
vt 0.750000 0.937500
vt 0.718750 0.937500
vt 0.718750 0.875000
vt 0.750000 0.375000
vt 0.718750 0.375000
vt 0.750000 0.812500
vt 0.718750 0.812500
vt 0.750000 0.312500
vt 0.718750 0.312500
vt 0.750000 0.750000
vt 0.718750 0.750000
vt 0.750000 0.250000
vt 0.718750 0.250000
vt 0.750000 0.687500
vt 0.718750 0.687500
vt 0.750000 0.187500
vt 0.718750 0.187500
vt 0.750000 0.625000
vt 0.718750 0.625000
vt 0.750000 0.125000
vt 0.718750 0.125000
vt 0.750000 0.562500
vt 0.718750 0.562500
vt 0.750000 0.062500
vt 0.718750 0.062500
vt 0.734375 1.000000
vt 0.734375 0.000000
vt 0.687500 0.125000
vt 0.687500 0.062500
vt 0.687500 0.562500
vt 0.687500 0.500000
vt 0.703125 1.000000
vt 0.687500 0.937500
vt 0.703125 0.000000
vt 0.687500 0.437500
vt 0.687500 0.875000
vt 0.687500 0.375000
vt 0.687500 0.812500
vt 0.687500 0.312500
vt 0.687500 0.750000
vt 0.687500 0.250000
vt 0.687500 0.687500
vt 0.687500 0.187500
vt 0.687500 0.625000
vt 0.656250 0.312500
vt 0.656250 0.250000
vt 0.656250 0.750000
vt 0.656250 0.687500
vt 0.656250 0.187500
vt 0.656250 0.625000
vt 0.656250 0.125000
vt 0.656250 0.562500
vt 0.656250 0.062500
vt 0.656250 0.500000
vt 0.671875 1.000000
vt 0.656250 0.937500
vt 0.671875 0.000000
vt 0.656250 0.437500
vt 0.656250 0.875000
vt 0.656250 0.375000
vt 0.656250 0.812500
vt 0.640625 1.000000
vt 0.625000 0.937500
vt 0.640625 0.000000
vt 0.625000 0.062500
vt 0.625000 0.500000
vt 0.625000 0.437500
vt 0.625000 0.875000
vt 0.625000 0.375000
vt 0.625000 0.812500
vt 0.625000 0.312500
vt 0.625000 0.750000
vt 0.625000 0.250000
vt 0.625000 0.687500
vt 0.625000 0.187500
vt 0.625000 0.625000
vt 0.625000 0.125000
vt 0.625000 0.562500
vt 0.593750 0.750000
vt 0.593750 0.687500
vt 0.593750 0.250000
vt 0.593750 0.187500
vt 0.593750 0.625000
vt 0.593750 0.125000
vt 0.593750 0.562500
vt 0.593750 0.062500
vt 0.593750 0.500000
vt 0.609375 1.000000
vt 0.593750 0.937500
vt 0.609375 0.000000
vt 0.593750 0.437500
vt 0.593750 0.875000
vt 0.593750 0.375000
vt 0.593750 0.812500
vt 0.593750 0.312500
vt 0.562500 0.500000
vt 0.562500 0.437500
vt 0.562500 0.937500
vt 0.562500 0.875000
vt 0.562500 0.375000
vt 0.562500 0.812500
vt 0.562500 0.312500
vt 0.562500 0.750000
vt 0.562500 0.250000
vt 0.562500 0.687500
vt 0.562500 0.187500
vt 0.562500 0.625000
vt 0.562500 0.125000
vt 0.562500 0.562500
vt 0.562500 0.062500
vt 0.578125 1.000000
vt 0.578125 0.000000
vt 0.531250 0.250000
vt 0.531250 0.187500
vt 0.531250 0.687500
vt 0.531250 0.625000
vt 0.531250 0.125000
vt 0.531250 0.562500
vt 0.531250 0.062500
vt 0.531250 0.500000
vt 0.546875 1.000000
vt 0.531250 0.937500
vt 0.546875 0.000000
vt 0.531250 0.437500
vt 0.531250 0.875000
vt 0.531250 0.375000
vt 0.531250 0.812500
vt 0.531250 0.312500
vt 0.531250 0.750000
vt 0.500000 0.937500
vt 0.500000 0.875000
vt 0.500000 0.437500
vt 0.500000 0.375000
vt 0.500000 0.812500
vt 0.500000 0.312500
vt 0.500000 0.750000
vt 0.500000 0.250000
vt 0.500000 0.687500
vt 0.500000 0.187500
vt 0.500000 0.625000
vt 0.500000 0.125000
vt 0.500000 0.562500
vt 0.500000 0.062500
vt 0.500000 0.500000
vt 0.515625 1.000000
vt 0.515625 0.000000
vt 0.468750 0.687500
vt 0.468750 0.625000
vt 0.468750 0.187500
vt 0.468750 0.125000
vt 0.468750 0.562500
vt 0.468750 0.062500
vt 0.468750 0.500000
vt 0.484375 1.000000
vt 0.468750 0.937500
vt 0.484375 0.000000
vt 0.468750 0.437500
vt 0.468750 0.875000
vt 0.468750 0.375000
vt 0.468750 0.812500
vt 0.468750 0.312500
vt 0.468750 0.750000
vt 0.468750 0.250000
vt 0.437500 0.437500
vt 0.437500 0.375000
vt 0.437500 0.875000
vt 0.437500 0.812500
vt 0.437500 0.312500
vt 0.437500 0.750000
vt 0.437500 0.250000
vt 0.437500 0.687500
vt 0.437500 0.187500
vt 0.437500 0.625000
vt 0.437500 0.125000
vt 0.437500 0.562500
vt 0.437500 0.062500
vt 0.437500 0.500000
vt 0.453125 1.000000
vt 0.437500 0.937500
vt 0.453125 0.000000
vt 0.406250 0.187500
vt 0.406250 0.125000
vt 0.406250 0.625000
vt 0.406250 0.562500
vt 0.406250 0.062500
vt 0.406250 0.500000
vt 0.421875 1.000000
vt 0.406250 0.937500
vt 0.421875 0.000000
vt 0.406250 0.437500
vt 0.406250 0.875000
vt 0.406250 0.375000
vt 0.406250 0.812500
vt 0.406250 0.312500
vt 0.406250 0.750000
vt 0.406250 0.250000
vt 0.406250 0.687500
vt 0.375000 0.375000
vt 0.375000 0.312500
vt 0.375000 0.812500
vt 0.375000 0.750000
vt 0.375000 0.250000
vt 0.375000 0.687500
vt 0.375000 0.187500
vt 0.375000 0.625000
vt 0.375000 0.125000
vt 0.375000 0.562500
vt 0.375000 0.062500
vt 0.375000 0.500000
vt 0.390625 1.000000
vt 0.375000 0.937500
vt 0.390625 0.000000
vt 0.375000 0.437500
vt 0.375000 0.875000
vt 0.343750 0.125000
vt 0.343750 0.062500
vt 0.343750 0.562500
vt 0.343750 0.500000
vt 0.359375 1.000000
vt 0.343750 0.937500
vt 0.359375 0.000000
vt 0.343750 0.437500
vt 0.343750 0.875000
vt 0.343750 0.375000
vt 0.343750 0.812500
vt 0.343750 0.312500
vt 0.343750 0.750000
vt 0.343750 0.250000
vt 0.343750 0.687500
vt 0.343750 0.187500
vt 0.343750 0.625000
vt 0.312500 0.812500
vt 0.312500 0.750000
vt 0.312500 0.312500
vt 0.312500 0.250000
vt 0.312500 0.687500
vt 0.312500 0.187500
vt 0.312500 0.625000
vt 0.312500 0.125000
vt 0.312500 0.562500
vt 0.312500 0.062500
vt 0.312500 0.500000
vt 0.328125 1.000000
vt 0.312500 0.937500
vt 0.328125 0.000000
vt 0.312500 0.437500
vt 0.312500 0.875000
vt 0.312500 0.375000
vt 0.281250 0.562500
vt 0.281250 0.500000
vt 0.296875 1.000000
vt 0.281250 0.937500
vt 0.296875 0.000000
vt 0.281250 0.062500
vt 0.281250 0.437500
vt 0.281250 0.875000
vt 0.281250 0.375000
vt 0.281250 0.812500
vt 0.281250 0.312500
vt 0.281250 0.750000
vt 0.281250 0.250000
vt 0.281250 0.687500
vt 0.281250 0.187500
vt 0.281250 0.625000
vt 0.281250 0.125000
vt 0.250000 0.312500
vt 0.250000 0.250000
vt 0.250000 0.750000
vt 0.250000 0.687500
vt 0.250000 0.187500
vt 0.250000 0.625000
vt 0.250000 0.125000
vt 0.250000 0.562500
vt 0.250000 0.062500
vt 0.250000 0.500000
vt 0.265625 1.000000
vt 0.250000 0.937500
vt 0.265625 0.000000
vt 0.250000 0.437500
vt 0.250000 0.875000
vt 0.250000 0.375000
vt 0.250000 0.812500
vt 0.234375 1.000000
vt 0.218750 0.937500
vt 0.234375 0.000000
vt 0.218750 0.062500
vt 0.218750 0.500000
vt 0.218750 0.437500
vt 0.218750 0.875000
vt 0.218750 0.375000
vt 0.218750 0.812500
vt 0.218750 0.312500
vt 0.218750 0.750000
vt 0.218750 0.250000
vt 0.218750 0.687500
vt 0.218750 0.187500
vt 0.218750 0.625000
vt 0.218750 0.125000
vt 0.218750 0.562500
vt 0.187500 0.750000
vt 0.187500 0.687500
vt 0.187500 0.250000
vt 0.187500 0.187500
vt 0.187500 0.625000
vt 0.187500 0.125000
vt 0.187500 0.562500
vt 0.187500 0.062500
vt 0.187500 0.500000
vt 0.203125 1.000000
vt 0.187500 0.937500
vt 0.203125 0.000000
vt 0.187500 0.437500
vt 0.187500 0.875000
vt 0.187500 0.375000
vt 0.187500 0.812500
vt 0.187500 0.312500
vt 0.156250 0.500000
vt 0.156250 0.437500
vt 0.156250 0.937500
vt 0.156250 0.875000
vt 0.156250 0.375000
vt 0.156250 0.812500
vt 0.156250 0.312500
vt 0.156250 0.750000
vt 0.156250 0.250000
vt 0.156250 0.687500
vt 0.156250 0.187500
vt 0.156250 0.625000
vt 0.156250 0.125000
vt 0.156250 0.562500
vt 0.156250 0.062500
vt 0.171875 1.000000
vt 0.171875 0.000000
vt 0.125000 0.250000
vt 0.125000 0.187500
vt 0.125000 0.687500
vt 0.125000 0.625000
vt 0.125000 0.125000
vt 0.125000 0.562500
vt 0.125000 0.062500
vt 0.125000 0.500000
vt 0.140625 1.000000
vt 0.125000 0.937500
vt 0.140625 0.000000
vt 0.125000 0.437500
vt 0.125000 0.875000
vt 0.125000 0.375000
vt 0.125000 0.812500
vt 0.125000 0.312500
vt 0.125000 0.750000
vt 0.093750 0.437500
vt 0.093750 0.375000
vt 0.093750 0.875000
vt 0.093750 0.812500
vt 0.093750 0.312500
vt 0.093750 0.750000
vt 0.093750 0.250000
vt 0.093750 0.687500
vt 0.093750 0.187500
vt 0.093750 0.625000
vt 0.093750 0.125000
vt 0.093750 0.562500
vt 0.093750 0.062500
vt 0.093750 0.500000
vt 0.109375 1.000000
vt 0.093750 0.937500
vt 0.109375 0.000000
vt 0.062500 0.187500
vt 0.062500 0.125000
vt 0.062500 0.625000
vt 0.062500 0.562500
vt 0.062500 0.062500
vt 0.062500 0.500000
vt 0.078125 1.000000
vt 0.062500 0.937500
vt 0.078125 0.000000
vt 0.062500 0.437500
vt 0.062500 0.875000
vt 0.062500 0.375000
vt 0.062500 0.812500
vt 0.062500 0.312500
vt 0.062500 0.750000
vt 0.062500 0.250000
vt 0.062500 0.687500
vt 0.031250 0.875000
vt 0.031250 0.812500
vt 0.031250 0.375000
vt 0.031250 0.312500
vt 0.031250 0.750000
vt 0.031250 0.250000
vt 0.031250 0.687500
vt 0.031250 0.187500
vt 0.031250 0.625000
vt 0.031250 0.125000
vt 0.031250 0.562500
vt 0.031250 0.062500
vt 0.031250 0.500000
vt 0.046875 1.000000
vt 0.031250 0.937500
vt 0.046875 0.000000
vt 0.031250 0.437500
vt 0.000000 0.625000
vt 0.000000 0.562500
vt 0.000000 0.125000
vt 0.000000 0.062500
vt 0.000000 0.500000
vt 0.015625 1.000000
vt 0.000000 0.937500
vt 0.015625 0.000000
vt 0.000000 0.437500
vt 0.000000 0.875000
vt 0.000000 0.375000
vt 0.000000 0.812500
vt 0.000000 0.312500
vt 0.000000 0.750000
vt 0.000000 0.250000
vt 0.000000 0.687500
vt 0.000000 0.187500
vt 1.000000 0.312500
vt 1.000000 0.375000
vt 0.968750 0.375000
vt 0.968750 0.312500
vt 1.000000 0.750000
vt 1.000000 0.812500
vt 0.968750 0.812500
vt 0.968750 0.750000
vt 1.000000 0.250000
vt 0.968750 0.250000
vt 1.000000 0.687500
vt 0.968750 0.687500
vt 1.000000 0.187500
vt 0.968750 0.187500
vt 1.000000 0.625000
vt 0.968750 0.625000
vt 1.000000 0.125000
vt 0.968750 0.125000
vt 1.000000 0.562500
vt 0.968750 0.562500
vt 1.000000 0.062500
vt 0.968750 0.062500
vt 1.000000 0.500000
vt 0.968750 0.500000
vt 1.000000 0.937500
vt 0.984375 1.000000
vt 0.968750 0.937500
vt 0.984375 0.000000
vt 1.000000 0.437500
vt 0.968750 0.437500
vt 1.000000 0.875000
vt 0.968750 0.875000
vt 0.937500 0.125000
vt 0.937500 0.062500
vt 0.937500 0.562500
vt 0.937500 0.500000
vt 0.953125 1.000000
vt 0.937500 0.937500
vt 0.953125 0.000000
vt 0.937500 0.437500
vt 0.937500 0.875000
vt 0.937500 0.375000
vt 0.937500 0.812500
vt 0.937500 0.312500
vt 0.937500 0.750000
vt 0.937500 0.250000
vt 0.937500 0.687500
vt 0.937500 0.187500
vt 0.937500 0.625000
vt 0.906250 0.812500
vt 0.906250 0.750000
vt 0.906250 0.312500
vt 0.906250 0.250000
vt 0.906250 0.687500
vt 0.906250 0.187500
vt 0.906250 0.625000
vt 0.906250 0.125000
vt 0.906250 0.562500
vt 0.906250 0.062500
vt 0.906250 0.500000
vt 0.921875 1.000000
vt 0.906250 0.937500
vt 0.921875 0.000000
vt 0.906250 0.437500
vt 0.906250 0.875000
vt 0.906250 0.375000
vt 0.875000 0.562500
vt 0.875000 0.500000
vt 0.890625 1.000000
vt 0.875000 0.937500
vt 0.890625 0.000000
vt 0.875000 0.062500
vt 0.875000 0.437500
vt 0.875000 0.875000
vt 0.875000 0.375000
vt 0.875000 0.812500
vt 0.875000 0.312500
vt 0.875000 0.750000
vt 0.875000 0.250000
vt 0.875000 0.687500
vt 0.875000 0.187500
vt 0.875000 0.625000
vt 0.875000 0.125000
vt 0.843750 0.312500
vt 0.843750 0.250000
vt 0.843750 0.750000
vt 0.843750 0.687500
vt 0.843750 0.187500
vt 0.843750 0.625000
vt 0.843750 0.125000
vt 0.843750 0.562500
vt 0.843750 0.062500
vt 0.843750 0.500000
vt 0.859375 1.000000
vt 0.843750 0.937500
vt 0.859375 0.000000
vt 0.843750 0.437500
vt 0.843750 0.875000
vt 0.843750 0.375000
vt 0.843750 0.812500
vt 0.828125 0.000000
vt 0.812500 0.062500
vt 0.812500 0.500000
vt 0.812500 0.437500
vt 0.812500 0.937500
vt 0.812500 0.875000
vt 0.812500 0.375000
vt 0.812500 0.812500
vt 0.812500 0.312500
vt 0.812500 0.750000
vt 0.812500 0.250000
vt 0.812500 0.687500
vt 0.812500 0.187500
vt 0.812500 0.625000
vt 0.812500 0.125000
vt 0.812500 0.562500
vt 0.828125 1.000000
vt 0.781250 0.250000
vt 0.781250 0.187500
vt 0.781250 0.687500
vt 0.781250 0.625000
vt 0.781250 0.125000
vt 0.781250 0.562500
vt 0.781250 0.062500
vt 0.781250 0.500000
vt 0.796875 1.000000
vt 0.781250 0.937500
vt 0.796875 0.000000
vt 0.781250 0.437500
vt 0.781250 0.875000
vt 0.781250 0.375000
vt 0.781250 0.812500
vt 0.781250 0.312500
vt 0.781250 0.750000
vt 0.765625 1.000000
vt 0.765625 0.000000
s 0
g off
f 1934/4320/1929 1933/4321/1929 1944/4322/1929 1945/4323/1929
f 2403/4324/1930 2402/4325/1930 1937/4326/1930 1938/4327/1930
f 2406/4328/1931 1934/4320/1931 1945/4323/1931 1946/4329/1931
f 1930/4330/1932 2403/4324/1932 1938/4327/1932 1939/4331/1932
f 1935/4332/1933 2406/4328/1933 1946/4329/1933 1947/4333/1933
f 2404/4334/1934 1930/4330/1934 1939/4331/1934 1940/4335/1934
f 2407/4336/1935 1935/4332/1935 1947/4333/1935 1948/4337/1935
f 1931/4338/1936 2404/4334/1936 1940/4335/1936 1941/4339/1936
f 2408/4340/1937 2407/4336/1937 1948/4337/1937 1949/4341/1937
f 2405/4342/1938 1931/4338/1938 1941/4339/1938 1942/4343/1938
f 2409/4344/1939 2408/4340/1939 1949/4341/1939 1950/4345/1939
f 1932/4346/1940 2405/4342/1940 1942/4343/1940 1943/4347/1940
f 2410/4348/1941 2409/4344/1941 1950/4345/1941 1951/4349/1941
f 1933/4321/1942 1932/4346/1942 1943/4347/1942 1944/4322/1942
f 2402/4325/1943 1929/4350/1943 1937/4326/1943
f 1936/4351/1944 2410/4348/1944 1951/4349/1944
f 1951/4349/1945 1950/4345/1945 1965/4352/1945 1966/4353/1945
f 1944/4322/1946 1943/4347/1946 1958/4354/1946 1959/4355/1946
f 1937/4326/1947 1929/4356/1947 1952/4357/1947
f 1936/4358/1948 1951/4349/1948 1966/4353/1948
f 1945/4323/1949 1944/4322/1949 1959/4355/1949 1960/4359/1949
f 1938/4327/1950 1937/4326/1950 1952/4357/1950 1953/4360/1950
f 1946/4329/1951 1945/4323/1951 1960/4359/1951 1961/4361/1951
f 1939/4331/1952 1938/4327/1952 1953/4360/1952 1954/4362/1952
f 1947/4333/1953 1946/4329/1953 1961/4361/1953 1962/4363/1953
f 1940/4335/1954 1939/4331/1954 1954/4362/1954 1955/4364/1954
f 1948/4337/1955 1947/4333/1955 1962/4363/1955 1963/4365/1955
f 1941/4339/1956 1940/4335/1956 1955/4364/1956 1956/4366/1956
f 1949/4341/1957 1948/4337/1957 1963/4365/1957 1964/4367/1957
f 1942/4343/1958 1941/4339/1958 1956/4366/1958 1957/4368/1958
f 1950/4345/1959 1949/4341/1959 1964/4367/1959 1965/4352/1959
f 1943/4347/1960 1942/4343/1960 1957/4368/1960 1958/4354/1960
f 1963/4365/1961 1962/4363/1961 1977/4369/1961 1978/4370/1961
f 1956/4366/1962 1955/4364/1962 1970/4371/1962 1971/4372/1962
f 1964/4367/1963 1963/4365/1963 1978/4370/1963 1979/4373/1963
f 1957/4368/1964 1956/4366/1964 1971/4372/1964 1972/4374/1964
f 1965/4352/1965 1964/4367/1965 1979/4373/1965 1980/4375/1965
f 1958/4354/1966 1957/4368/1966 1972/4374/1966 1973/4376/1966
f 1966/4353/1967 1965/4352/1967 1980/4375/1967 1981/4377/1967
f 1959/4355/1968 1958/4354/1968 1973/4376/1968 1974/4378/1968
f 1952/4357/1969 1929/4379/1969 1967/4380/1969
f 1936/4381/1970 1966/4353/1970 1981/4377/1970
f 1960/4359/1971 1959/4355/1971 1974/4378/1971 1975/4382/1971
f 1953/4360/1972 1952/4357/1972 1967/4380/1972 1968/4383/1972
f 1961/4361/1973 1960/4359/1973 1975/4382/1973 1976/4384/1973
f 1954/4362/1974 1953/4360/1974 1968/4383/1974 1969/4385/1974
f 1962/4363/1975 1961/4361/1975 1976/4384/1975 1977/4369/1975
f 1955/4364/1976 1954/4362/1976 1969/4385/1976 1970/4371/1976
f 1967/4380/1977 1929/4386/1977 1982/4387/1977
f 1936/4388/1978 1981/4377/1978 1996/4389/1978
f 1975/4382/1979 1974/4378/1979 1989/4390/1979 1990/4391/1979
f 1968/4383/1980 1967/4380/1980 1982/4387/1980 1983/4392/1980
f 1976/4384/1981 1975/4382/1981 1990/4391/1981 1991/4393/1981
f 1969/4385/1982 1968/4383/1982 1983/4392/1982 1984/4394/1982
f 1977/4369/1983 1976/4384/1983 1991/4393/1983 1992/4395/1983
f 1970/4371/1984 1969/4385/1984 1984/4394/1984 1985/4396/1984
f 1978/4370/1985 1977/4369/1985 1992/4395/1985 1993/4397/1985
f 1971/4372/1986 1970/4371/1986 1985/4396/1986 1986/4398/1986
f 1979/4373/1987 1978/4370/1987 1993/4397/1987 1994/4399/1987
f 1972/4374/1988 1971/4372/1988 1986/4398/1988 1987/4400/1988
f 1980/4375/1989 1979/4373/1989 1994/4399/1989 1995/4401/1989
f 1973/4376/1990 1972/4374/1990 1987/4400/1990 1988/4402/1990
f 1981/4377/1991 1980/4375/1991 1995/4401/1991 1996/4389/1991
f 1974/4378/1992 1973/4376/1992 1988/4402/1992 1989/4390/1992
f 1986/4398/1993 1985/4396/1993 2000/4403/1993 2001/4404/1993
f 1994/4399/1994 1993/4397/1994 2008/4405/1994 2009/4406/1994
f 1987/4400/1995 1986/4398/1995 2001/4404/1995 2002/4407/1995
f 1995/4401/1996 1994/4399/1996 2009/4406/1996 2010/4408/1996
f 1988/4402/1997 1987/4400/1997 2002/4407/1997 2003/4409/1997
f 1996/4389/1998 1995/4401/1998 2010/4408/1998 2011/4410/1998
f 1989/4390/1999 1988/4402/1999 2003/4409/1999 2004/4411/1999
f 1982/4387/2000 1929/4412/2000 1997/4413/2000
f 1936/4414/2001 1996/4389/2001 2011/4410/2001
f 1990/4391/2002 1989/4390/2002 2004/4411/2002 2005/4415/2002
f 1983/4392/2003 1982/4387/2003 1997/4413/2003 1998/4416/2003
f 1991/4393/2004 1990/4391/2004 2005/4415/2004 2006/4417/2004
f 1984/4394/2005 1983/4392/2005 1998/4416/2005 1999/4418/2005
f 1992/4395/2006 1991/4393/2006 2006/4417/2006 2007/4419/2006
f 1985/4396/2007 1984/4394/2007 1999/4418/2007 2000/4403/2007
f 1993/4397/2008 1992/4395/2008 2007/4419/2008 2008/4405/2008
f 2005/4415/2009 2004/4411/2009 2019/4420/2009 2020/4421/2009
f 1998/4416/2010 1997/4413/2010 2012/4422/2010 2013/4423/2010
f 2006/4417/2011 2005/4415/2011 2020/4421/2011 2021/4424/2011
f 1999/4418/2012 1998/4416/2012 2013/4423/2012 2014/4425/2012
f 2007/4419/2013 2006/4417/2013 2021/4424/2013 2022/4426/2013
f 2000/4403/2014 1999/4418/2014 2014/4425/2014 2015/4427/2014
f 2008/4405/2015 2007/4419/2015 2022/4426/2015 2023/4428/2015
f 2001/4404/2016 2000/4403/2016 2015/4427/2016 2016/4429/2016
f 2009/4406/2017 2008/4405/2017 2023/4428/2017 2024/4430/2017
f 2002/4407/2018 2001/4404/2018 2016/4429/2018 2017/4431/2018
f 2010/4408/2019 2009/4406/2019 2024/4430/2019 2025/4432/2019
f 2003/4409/2020 2002/4407/2020 2017/4431/2020 2018/4433/2020
f 2011/4410/2021 2010/4408/2021 2025/4432/2021 2026/4434/2021
f 2004/4411/2022 2003/4409/2022 2018/4433/2022 2019/4420/2022
f 1997/4413/2023 1929/4435/2023 2012/4422/2023
f 1936/4436/2024 2011/4410/2024 2026/4434/2024
f 2024/4430/2025 2023/4428/2025 2038/4437/2025 2039/4438/2025
f 2017/4431/2026 2016/4429/2026 2031/4439/2026 2032/4440/2026
f 2025/4432/2027 2024/4430/2027 2039/4438/2027 2040/4441/2027
f 2018/4433/2028 2017/4431/2028 2032/4440/2028 2033/4442/2028
f 2026/4434/2029 2025/4432/2029 2040/4441/2029 2041/4443/2029
f 2019/4420/2030 2018/4433/2030 2033/4442/2030 2034/4444/2030
f 2012/4422/2031 1929/4445/2031 2027/4446/2031
f 1936/4447/2032 2026/4434/2032 2041/4443/2032
f 2020/4421/2033 2019/4420/2033 2034/4444/2033 2035/4448/2033
f 2013/4423/2034 2012/4422/2034 2027/4446/2034 2028/4449/2034
f 2021/4424/2035 2020/4421/2035 2035/4448/2035 2036/4450/2035
f 2014/4425/2036 2013/4423/2036 2028/4449/2036 2029/4451/2036
f 2022/4426/2037 2021/4424/2037 2036/4450/2037 2037/4452/2037
f 2015/4427/2038 2014/4425/2038 2029/4451/2038 2030/4453/2038
f 2023/4428/2039 2022/4426/2039 2037/4452/2039 2038/4437/2039
f 2016/4429/2040 2015/4427/2040 2030/4453/2040 2031/4439/2040
f 2028/4449/2041 2027/4446/2041 2042/4454/2041 2043/4455/2041
f 2036/4450/2042 2035/4448/2042 2050/4456/2042 2051/4457/2042
f 2029/4451/2043 2028/4449/2043 2043/4455/2043 2044/4458/2043
f 2037/4452/2044 2036/4450/2044 2051/4457/2044 2052/4459/2044
f 2030/4453/2045 2029/4451/2045 2044/4458/2045 2045/4460/2045
f 2038/4437/2046 2037/4452/2046 2052/4459/2046 2053/4461/2046
f 2031/4439/2047 2030/4453/2047 2045/4460/2047 2046/4462/2047
f 2039/4438/2048 2038/4437/2048 2053/4461/2048 2054/4463/2048
f 2032/4440/2049 2031/4439/2049 2046/4462/2049 2047/4464/2049
f 2040/4441/2050 2039/4438/2050 2054/4463/2050 2055/4465/2050
f 2033/4442/2051 2032/4440/2051 2047/4464/2051 2048/4466/2051
f 2041/4443/2052 2040/4441/2052 2055/4465/2052 2056/4467/2052
f 2034/4444/2053 2033/4442/2053 2048/4466/2053 2049/4468/2053
f 2027/4446/2054 1929/4469/2054 2042/4454/2054
f 1936/4470/2055 2041/4443/2055 2056/4467/2055
f 2035/4448/2056 2034/4444/2056 2049/4468/2056 2050/4456/2056
f 2047/4464/2057 2046/4462/2057 2061/4471/2057 2062/4472/2057
f 2055/4465/2058 2054/4463/2058 2069/4473/2058 2070/4474/2058
f 2048/4466/2059 2047/4464/2059 2062/4472/2059 2063/4475/2059
f 2056/4467/2060 2055/4465/2060 2070/4474/2060 2071/4476/2060
f 2049/4468/2061 2048/4466/2061 2063/4475/2061 2064/4477/2061
f 2042/4454/2062 1929/4478/2062 2057/4479/2062
f 1936/4480/2063 2056/4467/2063 2071/4476/2063
f 2050/4456/2064 2049/4468/2064 2064/4477/2064 2065/4481/2064
f 2043/4455/2065 2042/4454/2065 2057/4479/2065 2058/4482/2065
f 2051/4457/2066 2050/4456/2066 2065/4481/2066 2066/4483/2066
f 2044/4458/2067 2043/4455/2067 2058/4482/2067 2059/4484/2067
f 2052/4459/2068 2051/4457/2068 2066/4483/2068 2067/4485/2068
f 2045/4460/2069 2044/4458/2069 2059/4484/2069 2060/4486/2069
f 2053/4461/2070 2052/4459/2070 2067/4485/2070 2068/4487/2070
f 2046/4462/2071 2045/4460/2071 2060/4486/2071 2061/4471/2071
f 2054/4463/2072 2053/4461/2072 2068/4487/2072 2069/4473/2072
f 2066/4483/2073 2065/4481/2073 2080/4488/2073 2081/4489/2073
f 2059/4484/2074 2058/4482/2074 2073/4490/2074 2074/4491/2074
f 2067/4485/2075 2066/4483/2075 2081/4489/2075 2082/4492/2075
f 2060/4486/2076 2059/4484/2076 2074/4491/2076 2075/4493/2076
f 2068/4487/2077 2067/4485/2077 2082/4492/2077 2083/4494/2077
f 2061/4471/2078 2060/4486/2078 2075/4493/2078 2076/4495/2078
f 2069/4473/2079 2068/4487/2079 2083/4494/2079 2084/4496/2079
f 2062/4472/2080 2061/4471/2080 2076/4495/2080 2077/4497/2080
f 2070/4474/2081 2069/4473/2081 2084/4496/2081 2085/4498/2081
f 2063/4475/2082 2062/4472/2082 2077/4497/2082 2078/4499/2082
f 2071/4476/2083 2070/4474/2083 2085/4498/2083 2086/4500/2083
f 2064/4477/2084 2063/4475/2084 2078/4499/2084 2079/4501/2084
f 2057/4479/2085 1929/4502/2085 2072/4503/2085
f 1936/4504/2086 2071/4476/2086 2086/4500/2086
f 2065/4481/2087 2064/4477/2087 2079/4501/2087 2080/4488/2087
f 2058/4482/2088 2057/4479/2088 2072/4503/2088 2073/4490/2088
f 2085/4498/2089 2084/4496/2089 2099/4505/2089 2100/4506/2089
f 2078/4499/2090 2077/4497/2090 2092/4507/2090 2093/4508/2090
f 2086/4500/2091 2085/4498/2091 2100/4506/2091 2101/4509/2091
f 2079/4501/2092 2078/4499/2092 2093/4508/2092 2094/4510/2092
f 2072/4503/2093 1929/4511/2093 2087/4512/2093
f 1936/4513/2094 2086/4500/2094 2101/4509/2094
f 2080/4488/2095 2079/4501/2095 2094/4510/2095 2095/4514/2095
f 2073/4490/2096 2072/4503/2096 2087/4512/2096 2088/4515/2096
f 2081/4489/2097 2080/4488/2097 2095/4514/2097 2096/4516/2097
f 2074/4491/2098 2073/4490/2098 2088/4515/2098 2089/4517/2098
f 2082/4492/2099 2081/4489/2099 2096/4516/2099 2097/4518/2099
f 2075/4493/2100 2074/4491/2100 2089/4517/2100 2090/4519/2100
f 2083/4494/2101 2082/4492/2101 2097/4518/2101 2098/4520/2101
f 2076/4495/2102 2075/4493/2102 2090/4519/2102 2091/4521/2102
f 2084/4496/2103 2083/4494/2103 2098/4520/2103 2099/4505/2103
f 2077/4497/2104 2076/4495/2104 2091/4521/2104 2092/4507/2104
f 2097/4518/2105 2096/4516/2105 2111/4522/2105 2112/4523/2105
f 2090/4519/2106 2089/4517/2106 2104/4524/2106 2105/4525/2106
f 2098/4520/2107 2097/4518/2107 2112/4523/2107 2113/4526/2107
f 2091/4521/2108 2090/4519/2108 2105/4525/2108 2106/4527/2108
f 2099/4505/2109 2098/4520/2109 2113/4526/2109 2114/4528/2109
f 2092/4507/2110 2091/4521/2110 2106/4527/2110 2107/4529/2110
f 2100/4506/2111 2099/4505/2111 2114/4528/2111 2115/4530/2111
f 2093/4508/2112 2092/4507/2112 2107/4529/2112 2108/4531/2112
f 2101/4509/2113 2100/4506/2113 2115/4530/2113 2116/4532/2113
f 2094/4510/2114 2093/4508/2114 2108/4531/2114 2109/4533/2114
f 2087/4512/2115 1929/4534/2115 2102/4535/2115
f 1936/4536/2116 2101/4509/2116 2116/4532/2116
f 2095/4514/2117 2094/4510/2117 2109/4533/2117 2110/4537/2117
f 2088/4515/2118 2087/4512/2118 2102/4535/2118 2103/4538/2118
f 2096/4516/2119 2095/4514/2119 2110/4537/2119 2111/4522/2119
f 2089/4517/2120 2088/4515/2120 2103/4538/2120 2104/4524/2120
f 2116/4532/2121 2115/4530/2121 2130/4539/2121 2131/4540/2121
f 2109/4533/2122 2108/4531/2122 2123/4541/2122 2124/4542/2122
f 2102/4535/2123 1929/4543/2123 2117/4544/2123
f 1936/4545/2124 2116/4532/2124 2131/4540/2124
f 2110/4537/2125 2109/4533/2125 2124/4542/2125 2125/4546/2125
f 2103/4538/2126 2102/4535/2126 2117/4544/2126 2118/4547/2126
f 2111/4522/2127 2110/4537/2127 2125/4546/2127 2126/4548/2127
f 2104/4524/2128 2103/4538/2128 2118/4547/2128 2119/4549/2128
f 2112/4523/2129 2111/4522/2129 2126/4548/2129 2127/4550/2129
f 2105/4525/2130 2104/4524/2130 2119/4549/2130 2120/4551/2130
f 2113/4526/2131 2112/4523/2131 2127/4550/2131 2128/4552/2131
f 2106/4527/2132 2105/4525/2132 2120/4551/2132 2121/4553/2132
f 2114/4528/2133 2113/4526/2133 2128/4552/2133 2129/4554/2133
f 2107/4529/2134 2106/4527/2134 2121/4553/2134 2122/4555/2134
f 2115/4530/2135 2114/4528/2135 2129/4554/2135 2130/4539/2135
f 2108/4531/2136 2107/4529/2136 2122/4555/2136 2123/4541/2136
f 2120/4551/2137 2119/4549/2137 2134/4556/2137 2135/4557/2137
f 2128/4552/2138 2127/4550/2138 2142/4558/2138 2143/4559/2138
f 2121/4553/2139 2120/4551/2139 2135/4557/2139 2136/4560/2139
f 2129/4554/2140 2128/4552/2140 2143/4559/2140 2144/4561/2140
f 2122/4555/2141 2121/4553/2141 2136/4560/2141 2137/4562/2141
f 2130/4539/2142 2129/4554/2142 2144/4561/2142 2145/4563/2142
f 2123/4541/2143 2122/4555/2143 2137/4562/2143 2138/4564/2143
f 2131/4540/2144 2130/4539/2144 2145/4563/2144 2146/4565/2144
f 2124/4542/2145 2123/4541/2145 2138/4564/2145 2139/4566/2145
f 2117/4544/2146 1929/4567/2146 2132/4568/2146
f 1936/4569/2147 2131/4540/2147 2146/4565/2147
f 2125/4546/2148 2124/4542/2148 2139/4566/2148 2140/4570/2148
f 2118/4547/2149 2117/4544/2149 2132/4568/2149 2133/4571/2149
f 2126/4548/2150 2125/4546/2150 2140/4570/2150 2141/4572/2150
f 2119/4549/2151 2118/4547/2151 2133/4571/2151 2134/4556/2151
f 2127/4550/2152 2126/4548/2152 2141/4572/2152 2142/4558/2152
f 2139/4566/2153 2138/4564/2153 2153/4573/2153 2154/4574/2153
f 2132/4568/2154 1929/4575/2154 2147/4576/2154
f 1936/4577/2155 2146/4565/2155 2161/4578/2155
f 2140/4570/2156 2139/4566/2156 2154/4574/2156 2155/4579/2156
f 2133/4571/2157 2132/4568/2157 2147/4576/2157 2148/4580/2157
f 2141/4572/2158 2140/4570/2158 2155/4579/2158 2156/4581/2158
f 2134/4556/2159 2133/4571/2159 2148/4580/2159 2149/4582/2159
f 2142/4558/2160 2141/4572/2160 2156/4581/2160 2157/4583/2160
f 2135/4557/2161 2134/4556/2161 2149/4582/2161 2150/4584/2161
f 2143/4559/2162 2142/4558/2162 2157/4583/2162 2158/4585/2162
f 2136/4560/2163 2135/4557/2163 2150/4584/2163 2151/4586/2163
f 2144/4561/2164 2143/4559/2164 2158/4585/2164 2159/4587/2164
f 2137/4562/2165 2136/4560/2165 2151/4586/2165 2152/4588/2165
f 2145/4563/2166 2144/4561/2166 2159/4587/2166 2160/4589/2166
f 2138/4564/2167 2137/4562/2167 2152/4588/2167 2153/4573/2167
f 2146/4565/2168 2145/4563/2168 2160/4589/2168 2161/4578/2168
f 2158/4585/2169 2157/4583/2169 2172/4590/2169 2173/4591/2169
f 2151/4586/2170 2150/4584/2170 2165/4592/2170 2166/4593/2170
f 2159/4587/2171 2158/4585/2171 2173/4591/2171 2174/4594/2171
f 2152/4588/2172 2151/4586/2172 2166/4593/2172 2167/4595/2172
f 2160/4589/2173 2159/4587/2173 2174/4594/2173 2175/4596/2173
f 2153/4573/2174 2152/4588/2174 2167/4595/2174 2168/4597/2174
f 2161/4578/2175 2160/4589/2175 2175/4596/2175 2176/4598/2175
f 2154/4574/2176 2153/4573/2176 2168/4597/2176 2169/4599/2176
f 2147/4576/2177 1929/4600/2177 2162/4601/2177
f 1936/4602/2178 2161/4578/2178 2176/4598/2178
f 2155/4579/2179 2154/4574/2179 2169/4599/2179 2170/4603/2179
f 2148/4580/2180 2147/4576/2180 2162/4601/2180 2163/4604/2180
f 2156/4581/2181 2155/4579/2181 2170/4603/2181 2171/4605/2181
f 2149/4582/2182 2148/4580/2182 2163/4604/2182 2164/4606/2182
f 2157/4583/2183 2156/4581/2183 2171/4605/2183 2172/4590/2183
f 2150/4584/2184 2149/4582/2184 2164/4606/2184 2165/4592/2184
f 2162/4601/2185 1929/4607/2185 2177/4608/2185
f 1936/4609/2186 2176/4598/2186 2191/4610/2186
f 2170/4603/2187 2169/4599/2187 2184/4611/2187 2185/4612/2187
f 2163/4604/2188 2162/4601/2188 2177/4608/2188 2178/4613/2188
f 2171/4605/2189 2170/4603/2189 2185/4612/2189 2186/4614/2189
f 2164/4606/2190 2163/4604/2190 2178/4613/2190 2179/4615/2190
f 2172/4590/2191 2171/4605/2191 2186/4614/2191 2187/4616/2191
f 2165/4592/2192 2164/4606/2192 2179/4615/2192 2180/4617/2192
f 2173/4591/2193 2172/4590/2193 2187/4616/2193 2188/4618/2193
f 2166/4593/2194 2165/4592/2194 2180/4617/2194 2181/4619/2194
f 2174/4594/2195 2173/4591/2195 2188/4618/2195 2189/4620/2195
f 2167/4595/2196 2166/4593/2196 2181/4619/2196 2182/4621/2196
f 2175/4596/2197 2174/4594/2197 2189/4620/2197 2190/4622/2197
f 2168/4597/2198 2167/4595/2198 2182/4621/2198 2183/4623/2198
f 2176/4598/2199 2175/4596/2199 2190/4622/2199 2191/4610/2199
f 2169/4599/2200 2168/4597/2200 2183/4623/2200 2184/4611/2200
f 2181/4619/2201 2180/4617/2201 2195/4624/2201 2196/4625/2201
f 2189/4620/2202 2188/4618/2202 2203/4626/2202 2204/4627/2202
f 2182/4621/2203 2181/4619/2203 2196/4625/2203 2197/4628/2203
f 2190/4622/2204 2189/4620/2204 2204/4627/2204 2205/4629/2204
f 2183/4623/2205 2182/4621/2205 2197/4628/2205 2198/4630/2205
f 2191/4610/2206 2190/4622/2206 2205/4629/2206 2206/4631/2206
f 2184/4611/2207 2183/4623/2207 2198/4630/2207 2199/4632/2207
f 2177/4608/2208 1929/4633/2208 2192/4634/2208
f 1936/4635/2209 2191/4610/2209 2206/4631/2209
f 2185/4612/2210 2184/4611/2210 2199/4632/2210 2200/4636/2210
f 2178/4613/2211 2177/4608/2211 2192/4634/2211 2193/4637/2211
f 2186/4614/2212 2185/4612/2212 2200/4636/2212 2201/4638/2212
f 2179/4615/2213 2178/4613/2213 2193/4637/2213 2194/4639/2213
f 2187/4616/2214 2186/4614/2214 2201/4638/2214 2202/4640/2214
f 2180/4617/2215 2179/4615/2215 2194/4639/2215 2195/4624/2215
f 2188/4618/2216 2187/4616/2216 2202/4640/2216 2203/4626/2216
f 2200/4636/2217 2199/4632/2217 2214/4641/2217 2215/4642/2217
f 2193/4637/2218 2192/4634/2218 2207/4643/2218 2208/4644/2218
f 2201/4638/2219 2200/4636/2219 2215/4642/2219 2216/4645/2219
f 2194/4639/2220 2193/4637/2220 2208/4644/2220 2209/4646/2220
f 2202/4640/2221 2201/4638/2221 2216/4645/2221 2217/4647/2221
f 2195/4624/2222 2194/4639/2222 2209/4646/2222 2210/4648/2222
f 2203/4626/2223 2202/4640/2223 2217/4647/2223 2218/4649/2223
f 2196/4625/2224 2195/4624/2224 2210/4648/2224 2211/4650/2224
f 2204/4627/2225 2203/4626/2225 2218/4649/2225 2219/4651/2225
f 2197/4628/2226 2196/4625/2226 2211/4650/2226 2212/4652/2226
f 2205/4629/2227 2204/4627/2227 2219/4651/2227 2220/4653/2227
f 2198/4630/2228 2197/4628/2228 2212/4652/2228 2213/4654/2228
f 2206/4631/2229 2205/4629/2229 2220/4653/2229 2221/4655/2229
f 2199/4632/2230 2198/4630/2230 2213/4654/2230 2214/4641/2230
f 2192/4634/2231 1929/4656/2231 2207/4643/2231
f 1936/4657/2232 2206/4631/2232 2221/4655/2232
f 2219/4651/2233 2218/4649/2233 2233/4658/2233 2234/4659/2233
f 2212/4652/2234 2211/4650/2234 2226/4660/2234 2227/4661/2234
f 2220/4653/2235 2219/4651/2235 2234/4659/2235 2235/4662/2235
f 2213/4654/2236 2212/4652/2236 2227/4661/2236 2228/4663/2236
f 2221/4655/2237 2220/4653/2237 2235/4662/2237 2236/4664/2237
f 2214/4641/2238 2213/4654/2238 2228/4663/2238 2229/4665/2238
f 2207/4643/2239 1929/4666/2239 2222/4667/2239
f 1936/4668/2240 2221/4655/2240 2236/4664/2240
f 2215/4642/2241 2214/4641/2241 2229/4665/2241 2230/4669/2241
f 2208/4644/2242 2207/4643/2242 2222/4667/2242 2223/4670/2242
f 2216/4645/2243 2215/4642/2243 2230/4669/2243 2231/4671/2243
f 2209/4646/2244 2208/4644/2244 2223/4670/2244 2224/4672/2244
f 2217/4647/2245 2216/4645/2245 2231/4671/2245 2232/4673/2245
f 2210/4648/2246 2209/4646/2246 2224/4672/2246 2225/4674/2246
f 2218/4649/2247 2217/4647/2247 2232/4673/2247 2233/4658/2247
f 2211/4650/2248 2210/4648/2248 2225/4674/2248 2226/4660/2248
f 2231/4671/2249 2230/4669/2249 2245/4675/2249 2246/4676/2249
f 2224/4672/2250 2223/4670/2250 2238/4677/2250 2239/4678/2250
f 2232/4673/2251 2231/4671/2251 2246/4676/2251 2247/4679/2251
f 2225/4674/2252 2224/4672/2252 2239/4678/2252 2240/4680/2252
f 2233/4658/2253 2232/4673/2253 2247/4679/2253 2248/4681/2253
f 2226/4660/2254 2225/4674/2254 2240/4680/2254 2241/4682/2254
f 2234/4659/2255 2233/4658/2255 2248/4681/2255 2249/4683/2255
f 2227/4661/2256 2226/4660/2256 2241/4682/2256 2242/4684/2256
f 2235/4662/2257 2234/4659/2257 2249/4683/2257 2250/4685/2257
f 2228/4663/2258 2227/4661/2258 2242/4684/2258 2243/4686/2258
f 2236/4664/2259 2235/4662/2259 2250/4685/2259 2251/4687/2259
f 2229/4665/2260 2228/4663/2260 2243/4686/2260 2244/4688/2260
f 2222/4667/2261 1929/4689/2261 2237/4690/2261
f 1936/4691/2262 2236/4664/2262 2251/4687/2262
f 2230/4669/2263 2229/4665/2263 2244/4688/2263 2245/4675/2263
f 2223/4670/2264 2222/4667/2264 2237/4690/2264 2238/4677/2264
f 2250/4685/2265 2249/4683/2265 2264/4692/2265 2265/4693/2265
f 2243/4686/2266 2242/4684/2266 2257/4694/2266 2258/4695/2266
f 2251/4687/2267 2250/4685/2267 2265/4693/2267 2266/4696/2267
f 2244/4688/2268 2243/4686/2268 2258/4695/2268 2259/4697/2268
f 2237/4690/2269 1929/4698/2269 2252/4699/2269
f 1936/4700/2270 2251/4687/2270 2266/4696/2270
f 2245/4675/2271 2244/4688/2271 2259/4697/2271 2260/4701/2271
f 2238/4677/2272 2237/4690/2272 2252/4699/2272 2253/4702/2272
f 2246/4676/2273 2245/4675/2273 2260/4701/2273 2261/4703/2273
f 2239/4678/2274 2238/4677/2274 2253/4702/2274 2254/4704/2274
f 2247/4679/2275 2246/4676/2275 2261/4703/2275 2262/4705/2275
f 2240/4680/2276 2239/4678/2276 2254/4704/2276 2255/4706/2276
f 2248/4681/2277 2247/4679/2277 2262/4705/2277 2263/4707/2277
f 2241/4682/2278 2240/4680/2278 2255/4706/2278 2256/4708/2278
f 2249/4683/2279 2248/4681/2279 2263/4707/2279 2264/4692/2279
f 2242/4684/2280 2241/4682/2280 2256/4708/2280 2257/4694/2280
f 2254/4704/2281 2253/4702/2281 2268/4709/2281 2269/4710/2281
f 2262/4705/2282 2261/4703/2282 2276/4711/2282 2277/4712/2282
f 2255/4706/2283 2254/4704/2283 2269/4710/2283 2270/4713/2283
f 2263/4707/2284 2262/4705/2284 2277/4712/2284 2278/4714/2284
f 2256/4708/2285 2255/4706/2285 2270/4713/2285 2271/4715/2285
f 2264/4692/2286 2263/4707/2286 2278/4714/2286 2279/4716/2286
f 2257/4694/2287 2256/4708/2287 2271/4715/2287 2272/4717/2287
f 2265/4693/2288 2264/4692/2288 2279/4716/2288 2280/4718/2288
f 2258/4695/2289 2257/4694/2289 2272/4717/2289 2273/4719/2289
f 2266/4696/2290 2265/4693/2290 2280/4718/2290 2281/4720/2290
f 2259/4697/2291 2258/4695/2291 2273/4719/2291 2274/4721/2291
f 2252/4699/2292 1929/4722/2292 2267/4723/2292
f 1936/4724/2293 2266/4696/2293 2281/4720/2293
f 2260/4701/2294 2259/4697/2294 2274/4721/2294 2275/4725/2294
f 2253/4702/2295 2252/4699/2295 2267/4723/2295 2268/4709/2295
f 2261/4703/2296 2260/4701/2296 2275/4725/2296 2276/4711/2296
f 2273/4719/2297 2272/4717/2297 2287/4726/2297 2288/4727/2297
f 2281/4720/2298 2280/4718/2298 2295/4728/2298 2296/4729/2298
f 2274/4721/2299 2273/4719/2299 2288/4727/2299 2289/4730/2299
f 2267/4723/2300 1929/4731/2300 2282/4732/2300
f 1936/4733/2301 2281/4720/2301 2296/4729/2301
f 2275/4725/2302 2274/4721/2302 2289/4730/2302 2290/4734/2302
f 2268/4709/2303 2267/4723/2303 2282/4732/2303 2283/4735/2303
f 2276/4711/2304 2275/4725/2304 2290/4734/2304 2291/4736/2304
f 2269/4710/2305 2268/4709/2305 2283/4735/2305 2284/4737/2305
f 2277/4712/2306 2276/4711/2306 2291/4736/2306 2292/4738/2306
f 2270/4713/2307 2269/4710/2307 2284/4737/2307 2285/4739/2307
f 2278/4714/2308 2277/4712/2308 2292/4738/2308 2293/4740/2308
f 2271/4715/2309 2270/4713/2309 2285/4739/2309 2286/4741/2309
f 2279/4716/2310 2278/4714/2310 2293/4740/2310 2294/4742/2310
f 2272/4717/2311 2271/4715/2311 2286/4741/2311 2287/4726/2311
f 2280/4718/2312 2279/4716/2312 2294/4742/2312 2295/4728/2312
f 2292/4743/2313 2291/4744/2313 2306/4745/2313 2307/4746/2313
f 2285/4747/2314 2284/4748/2314 2299/4749/2314 2300/4750/2314
f 2293/4751/2315 2292/4743/2315 2307/4746/2315 2308/4752/2315
f 2286/4753/2316 2285/4747/2316 2300/4750/2316 2301/4754/2316
f 2294/4755/2317 2293/4751/2317 2308/4752/2317 2309/4756/2317
f 2287/4757/2318 2286/4753/2318 2301/4754/2318 2302/4758/2318
f 2295/4759/2319 2294/4755/2319 2309/4756/2319 2310/4760/2319
f 2288/4761/2320 2287/4757/2320 2302/4758/2320 2303/4762/2320
f 2296/4763/2321 2295/4759/2321 2310/4760/2321 2311/4764/2321
f 2289/4765/2322 2288/4761/2322 2303/4762/2322 2304/4766/2322
f 2282/4767/2323 1929/4768/2323 2297/4769/2323
f 1936/4770/2324 2296/4763/2324 2311/4764/2324
f 2290/4771/2325 2289/4765/2325 2304/4766/2325 2305/4772/2325
f 2283/4773/2326 2282/4767/2326 2297/4769/2326 2298/4774/2326
f 2291/4744/2327 2290/4771/2327 2305/4772/2327 2306/4745/2327
f 2284/4748/2328 2283/4773/2328 2298/4774/2328 2299/4749/2328
f 2311/4764/2329 2310/4760/2329 2325/4775/2329 2326/4776/2329
f 2304/4766/2330 2303/4762/2330 2318/4777/2330 2319/4778/2330
f 2297/4769/2331 1929/4779/2331 2312/4780/2331
f 1936/4781/2332 2311/4764/2332 2326/4776/2332
f 2305/4772/2333 2304/4766/2333 2319/4778/2333 2320/4782/2333
f 2298/4774/2334 2297/4769/2334 2312/4780/2334 2313/4783/2334
f 2306/4745/2335 2305/4772/2335 2320/4782/2335 2321/4784/2335
f 2299/4749/2336 2298/4774/2336 2313/4783/2336 2314/4785/2336
f 2307/4746/2337 2306/4745/2337 2321/4784/2337 2322/4786/2337
f 2300/4750/2338 2299/4749/2338 2314/4785/2338 2315/4787/2338
f 2308/4752/2339 2307/4746/2339 2322/4786/2339 2323/4788/2339
f 2301/4754/2340 2300/4750/2340 2315/4787/2340 2316/4789/2340
f 2309/4756/2341 2308/4752/2341 2323/4788/2341 2324/4790/2341
f 2302/4758/2342 2301/4754/2342 2316/4789/2342 2317/4791/2342
f 2310/4760/2343 2309/4756/2343 2324/4790/2343 2325/4775/2343
f 2303/4762/2344 2302/4758/2344 2317/4791/2344 2318/4777/2344
f 2315/4787/2345 2314/4785/2345 2329/4792/2345 2330/4793/2345
f 2323/4788/2346 2322/4786/2346 2337/4794/2346 2338/4795/2346
f 2316/4789/2347 2315/4787/2347 2330/4793/2347 2331/4796/2347
f 2324/4790/2348 2323/4788/2348 2338/4795/2348 2339/4797/2348
f 2317/4791/2349 2316/4789/2349 2331/4796/2349 2332/4798/2349
f 2325/4775/2350 2324/4790/2350 2339/4797/2350 2340/4799/2350
f 2318/4777/2351 2317/4791/2351 2332/4798/2351 2333/4800/2351
f 2326/4776/2352 2325/4775/2352 2340/4799/2352 2341/4801/2352
f 2319/4778/2353 2318/4777/2353 2333/4800/2353 2334/4802/2353
f 2312/4780/2354 1929/4803/2354 2327/4804/2354
f 1936/4805/2355 2326/4776/2355 2341/4801/2355
f 2320/4782/2356 2319/4778/2356 2334/4802/2356 2335/4806/2356
f 2313/4783/2357 2312/4780/2357 2327/4804/2357 2328/4807/2357
f 2321/4784/2358 2320/4782/2358 2335/4806/2358 2336/4808/2358
f 2314/4785/2359 2313/4783/2359 2328/4807/2359 2329/4792/2359
f 2322/4786/2360 2321/4784/2360 2336/4808/2360 2337/4794/2360
f 2334/4802/2361 2333/4800/2361 2348/4809/2361 2349/4810/2361
f 2327/4804/2362 1929/4811/2362 2342/4812/2362
f 1936/4813/2363 2341/4801/2363 2356/4814/2363
f 2335/4806/2364 2334/4802/2364 2349/4810/2364 2350/4815/2364
f 2328/4807/2365 2327/4804/2365 2342/4812/2365 2343/4816/2365
f 2336/4808/2366 2335/4806/2366 2350/4815/2366 2351/4817/2366
f 2329/4792/2367 2328/4807/2367 2343/4816/2367 2344/4818/2367
f 2337/4794/2368 2336/4808/2368 2351/4817/2368 2352/4819/2368
f 2330/4793/2369 2329/4792/2369 2344/4818/2369 2345/4820/2369
f 2338/4795/2370 2337/4794/2370 2352/4819/2370 2353/4821/2370
f 2331/4796/2371 2330/4793/2371 2345/4820/2371 2346/4822/2371
f 2339/4797/2372 2338/4795/2372 2353/4821/2372 2354/4823/2372
f 2332/4798/2373 2331/4796/2373 2346/4822/2373 2347/4824/2373
f 2340/4799/2374 2339/4797/2374 2354/4823/2374 2355/4825/2374
f 2333/4800/2375 2332/4798/2375 2347/4824/2375 2348/4809/2375
f 2341/4801/2376 2340/4799/2376 2355/4825/2376 2356/4814/2376
f 2353/4821/2377 2352/4819/2377 2367/4826/2377 2368/4827/2377
f 2346/4822/2378 2345/4820/2378 2360/4828/2378 2361/4829/2378
f 2354/4823/2379 2353/4821/2379 2368/4827/2379 2369/4830/2379
f 2347/4824/2380 2346/4822/2380 2361/4829/2380 2362/4831/2380
f 2355/4825/2381 2354/4823/2381 2369/4830/2381 2370/4832/2381
f 2348/4809/2382 2347/4824/2382 2362/4831/2382 2363/4833/2382
f 2356/4814/2383 2355/4825/2383 2370/4832/2383 2371/4834/2383
f 2349/4810/2384 2348/4809/2384 2363/4833/2384 2364/4835/2384
f 2342/4812/2385 1929/4836/2385 2357/4837/2385
f 1936/4838/2386 2356/4814/2386 2371/4834/2386
f 2350/4815/2387 2349/4810/2387 2364/4835/2387 2365/4839/2387
f 2343/4816/2388 2342/4812/2388 2357/4837/2388 2358/4840/2388
f 2351/4817/2389 2350/4815/2389 2365/4839/2389 2366/4841/2389
f 2344/4818/2390 2343/4816/2390 2358/4840/2390 2359/4842/2390
f 2352/4819/2391 2351/4817/2391 2366/4841/2391 2367/4826/2391
f 2345/4820/2392 2344/4818/2392 2359/4842/2392 2360/4828/2392
f 1936/4843/2393 2371/4834/2393 2386/4844/2393
f 2365/4839/2394 2364/4835/2394 2379/4845/2394 2380/4846/2394
f 2358/4840/2395 2357/4837/2395 2372/4847/2395 2373/4848/2395
f 2366/4841/2396 2365/4839/2396 2380/4846/2396 2381/4849/2396
f 2359/4842/2397 2358/4840/2397 2373/4848/2397 2374/4850/2397
f 2367/4826/2398 2366/4841/2398 2381/4849/2398 2382/4851/2398
f 2360/4828/2399 2359/4842/2399 2374/4850/2399 2375/4852/2399
f 2368/4827/2400 2367/4826/2400 2382/4851/2400 2383/4853/2400
f 2361/4829/2401 2360/4828/2401 2375/4852/2401 2376/4854/2401
f 2369/4830/2402 2368/4827/2402 2383/4853/2402 2384/4855/2402
f 2362/4831/2403 2361/4829/2403 2376/4854/2403 2377/4856/2403
f 2370/4832/2404 2369/4830/2404 2384/4855/2404 2385/4857/2404
f 2363/4833/2405 2362/4831/2405 2377/4856/2405 2378/4858/2405
f 2371/4834/2406 2370/4832/2406 2385/4857/2406 2386/4844/2406
f 2364/4835/2407 2363/4833/2407 2378/4858/2407 2379/4845/2407
f 2357/4837/2408 1929/4859/2408 2372/4847/2408
f 2384/4855/2409 2383/4853/2409 2398/4860/2409 2399/4861/2409
f 2377/4856/2410 2376/4854/2410 2391/4862/2410 2392/4863/2410
f 2385/4857/2411 2384/4855/2411 2399/4861/2411 2400/4864/2411
f 2378/4858/2412 2377/4856/2412 2392/4863/2412 2393/4865/2412
f 2386/4844/2413 2385/4857/2413 2400/4864/2413 2401/4866/2413
f 2379/4845/2414 2378/4858/2414 2393/4865/2414 2394/4867/2414
f 2372/4847/2415 1929/4868/2415 2387/4869/2415
f 1936/4870/2416 2386/4844/2416 2401/4866/2416
f 2380/4846/2417 2379/4845/2417 2394/4867/2417 2395/4871/2417
f 2373/4848/2418 2372/4847/2418 2387/4869/2418 2388/4872/2418
f 2381/4849/2419 2380/4846/2419 2395/4871/2419 2396/4873/2419
f 2374/4850/2420 2373/4848/2420 2388/4872/2420 2389/4874/2420
f 2382/4851/2421 2381/4849/2421 2396/4873/2421 2397/4875/2421
f 2375/4852/2422 2374/4850/2422 2389/4874/2422 2390/4876/2422
f 2383/4853/2423 2382/4851/2423 2397/4875/2423 2398/4860/2423
f 2376/4854/2424 2375/4852/2424 2390/4876/2424 2391/4862/2424
f 2388/4872/2425 2387/4869/2425 2402/4325/2425 2403/4324/2425
f 2396/4873/2426 2395/4871/2426 1934/4320/2426 2406/4328/2426
f 2389/4874/2427 2388/4872/2427 2403/4324/2427 1930/4330/2427
f 2397/4875/2428 2396/4873/2428 2406/4328/2428 1935/4332/2428
f 2390/4876/2429 2389/4874/2429 1930/4330/2429 2404/4334/2429
f 2398/4860/2430 2397/4875/2430 1935/4332/2430 2407/4336/2430
f 2391/4862/2431 2390/4876/2431 2404/4334/2431 1931/4338/2431
f 2399/4861/2432 2398/4860/2432 2407/4336/2432 2408/4340/2432
f 2392/4863/2433 2391/4862/2433 1931/4338/2433 2405/4342/2433
f 2400/4864/2434 2399/4861/2434 2408/4340/2434 2409/4344/2434
f 2393/4865/2435 2392/4863/2435 2405/4342/2435 1932/4346/2435
f 2401/4866/2436 2400/4864/2436 2409/4344/2436 2410/4348/2436
f 2394/4867/2437 2393/4865/2437 1932/4346/2437 1933/4321/2437
f 2387/4869/2438 1929/4877/2438 2402/4325/2438
f 1936/4878/2439 2401/4866/2439 2410/4348/2439
f 2395/4871/2440 2394/4867/2440 1933/4321/2440 1934/4320/2440
